system:index,actual_yield_baseline,county,elevation_mean,et_mean,evi,gdd_total,latitude,longitude,ndvi_mean,precip_total,soil_texture,year,yield_value,.geo
5,7.504786491394043,Nakuru,1917.0,19.204347610473636,0.2602654695510864,1270.390380859375,-0.1287569775018359,35.82291711137917,0.4050580859184265,910.8822631835938,4.0,2024,7.504786491394043,"{""type"":""Point"",""coordinates"":[35.82291711137917,-0.1287569775018359]}"
7,3.4185266494750977,Nakuru,2341.0,23.62173843383789,0.3326723873615265,801.3780517578125,-0.5504510487109336,36.0401472436887,0.5416562557220459,956.3734130859376,4.0,2024,3.4185266494750977,"{""type"":""Point"",""coordinates"":[36.0401472436887,-0.5504510487109336]}"
8,6.532328128814697,Nakuru,2361.0,22.700000762939453,0.3717431128025055,924.5313110351562,-0.284120618205588,35.811632499643174,0.6167652010917664,1008.7403564453124,4.0,2024,6.532328128814697,"{""type"":""Point"",""coordinates"":[35.811632499643174,-0.28412061820558804]}"
9,4.664446830749512,Nakuru,2345.0,20.93913078308105,0.2178706377744674,1088.5662841796875,-0.0526048851936425,36.20184425545979,0.3790066242218017,1058.868408203125,1.0,2024,4.664446830749512,"{""type"":""Point"",""coordinates"":[36.20184425545979,-0.05260488519364256]}"
16,4.642046928405762,Nakuru,2086.0,22.46086883544922,0.4071643650531769,931.31884765625,-0.6992414697968761,36.466250419074406,0.6074249744415283,1014.9779052734376,4.0,2024,4.642046928405762,"{""type"":""Point"",""coordinates"":[36.466250419074406,-0.6992414697968761]}"
20,6.291368007659912,Nakuru,1755.0,18.06521797180176,0.2419807165861129,1772.631103515625,-0.1307717608796267,35.97122789708278,0.374522715806961,848.7538452148438,4.0,2024,6.291368007659912,"{""type"":""Point"",""coordinates"":[35.97122789708278,-0.13077176087962677]}"
26,5.168389320373535,Nakuru,2739.0,21.330434799194336,0.3065654635429382,694.8674926757812,-0.3778346845995615,35.68554052684891,0.3949311673641205,1036.11962890625,4.0,2024,5.168389320373535,"{""type"":""Point"",""coordinates"":[35.68554052684891,-0.37783468459956154]}"
27,3.999188899993897,Nakuru,1906.0,21.669565200805664,0.3714462518692016,1310.0338134765625,-0.6684089767506587,36.38248959280405,0.5327134728431702,681.583740234375,1.0,2024,3.999188899993897,"{""type"":""Point"",""coordinates"":[36.38248959280405,-0.6684089767506587]}"
29,5.991808891296387,Nakuru,1869.0,19.80869483947754,0.2837269604206085,1489.7117919921875,-0.329956034000833,36.035979714092505,0.4809576570987701,767.5543212890625,4.0,2024,5.991808891296387,"{""type"":""Point"",""coordinates"":[36.035979714092505,-0.329956034000833]}"
32,5.3371686935424805,Nakuru,2049.0,21.169565200805664,0.3120957911014557,945.5843505859376,-0.7529901000037489,36.45896840952967,0.491711676120758,895.4133911132812,4.0,2024,5.3371686935424805,"{""type"":""Point"",""coordinates"":[36.45896840952967,-0.7529901000037489]}"
39,3.903269290924072,Nakuru,2272.0,21.643478393554688,0.2994040846824646,945.5843505859376,-0.8275800641884214,36.50293624901321,0.4859257042407989,1194.972900390625,4.0,2024,3.903269290924072,"{""type"":""Point"",""coordinates"":[36.50293624901321,-0.8275800641884214]}"
43,3.0782735347747803,Nakuru,2384.0,23.17391395568848,0.3220875561237335,1078.94775390625,-0.5716109314603575,36.05965795802736,0.5288878679275513,874.90576171875,4.0,2024,3.0782735347747803,"{""type"":""Point"",""coordinates"":[36.05965795802736,-0.5716109314603575]}"
46,4.44025468826294,Nakuru,2551.0,23.447826385498047,0.4120989441871643,891.9224243164062,-0.5583946961466221,35.67773702903244,0.6184722781181335,957.4605102539062,4.0,2024,4.44025468826294,"{""type"":""Point"",""coordinates"":[35.67773702903244,-0.5583946961466221]}"
50,6.124892711639404,Nakuru,2604.0,20.1130428314209,0.3221376836299896,923.3309936523438,-0.2056906049264076,35.68164513954415,0.4485427141189575,1002.68896484375,4.0,2024,6.124892711639404,"{""type"":""Point"",""coordinates"":[35.68164513954415,-0.2056906049264076]}"
56,6.612863063812256,Nakuru,2639.0,22.19130516052246,0.3806912899017334,893.533935546875,-0.3331494975572404,35.57950424574964,0.4668290615081787,1015.4908447265624,4.0,2024,6.612863063812256,"{""type"":""Point"",""coordinates"":[35.57950424574964,-0.33314949755724044]}"
59,3.8265557289123535,Nakuru,2117.0,22.18695640563965,0.315964788198471,1109.161865234375,-0.8867552623964206,36.50494259268819,0.4784581959247589,1136.390625,4.0,2024,3.8265557289123535,"{""type"":""Point"",""coordinates"":[36.50494259268819,-0.8867552623964206]}"
66,6.23032283782959,Nakuru,2051.0,20.65652084350586,0.3704915642738342,1489.7117919921875,-0.3490563654744363,35.989642247177464,0.5756760835647583,949.3353881835938,1.0,2024,6.23032283782959,"{""type"":""Point"",""coordinates"":[35.989642247177464,-0.3490563654744363]}"
71,2.6560373306274414,Nakuru,2553.0,22.330434799194336,0.4346132278442383,945.5843505859376,-0.8433085425235406,36.54614122406477,0.6316478252410889,1194.972900390625,4.0,2024,2.6560373306274414,"{""type"":""Point"",""coordinates"":[36.54614122406477,-0.8433085425235406]}"
73,5.290987968444824,Nakuru,2702.0,21.026086807250977,-1.4209285974502563,758.80322265625,-0.3155826991197381,35.691998811733306,0.5339371562004089,1003.6137084960938,4.0,2024,5.290987968444824,"{""type"":""Point"",""coordinates"":[35.691998811733306,-0.3155826991197381]}"
84,3.526294469833374,Nakuru,2323.0,21.67391395568848,0.3298026621341705,1171.51220703125,-0.5775964724190703,36.44524830997653,0.5239306092262268,852.4989624023438,4.0,2024,3.526294469833374,"{""type"":""Point"",""coordinates"":[36.44524830997653,-0.5775964724190703]}"
92,6.615550994873047,Nakuru,2465.0,19.65217399597168,0.2538517415523529,758.80322265625,-0.26553281873258,35.74544557736297,0.428057312965393,1132.0721435546875,4.0,2024,6.615550994873047,"{""type"":""Point"",""coordinates"":[35.74544557736297,-0.26553281873258]}"
98,3.466489553451538,Nakuru,1705.0,20.765216827392575,0.3285678029060364,1385.095458984375,-1.019978454056024,36.50578876387744,0.4756340980529785,929.6365356445312,4.0,2024,3.466489553451538,"{""type"":""Point"",""coordinates"":[36.50578876387744,-1.019978454056024]}"
102,4.153814792633057,Nakuru,1822.0,20.36956596374512,0.2568511366844177,1484.5091552734375,-0.4994550116140681,36.09311762810642,0.3949497044086456,764.689208984375,1.0,2024,4.153814792633057,"{""type"":""Point"",""coordinates"":[36.09311762810642,-0.4994550116140681]}"
105,3.110032558441162,Nakuru,2409.0,23.082609176635746,0.3522306680679321,1078.94775390625,-0.5684579621649001,36.05495676840422,0.5492541193962097,874.90576171875,4.0,2024,3.110032558441162,"{""type"":""Point"",""coordinates"":[36.05495676840422,-0.5684579621649001]}"
134,5.305910110473633,Nakuru,2710.0,20.53913116455078,0.2949813902378082,893.533935546875,-0.3035172559035299,35.64734748595329,0.4068934023380279,952.67431640625,4.0,2024,5.305910110473633,"{""type"":""Point"",""coordinates"":[35.64734748595329,-0.3035172559035299]}"
140,6.685995101928711,Nakuru,2480.0,20.600000381469727,0.317035049200058,923.3309936523438,-0.1953931197599036,35.70546802917674,0.5189014673233032,1134.2620849609375,4.0,2024,6.685995101928711,"{""type"":""Point"",""coordinates"":[35.70546802917674,-0.1953931197599036]}"
141,6.468039512634277,Nakuru,2149.0,20.482608795166016,0.3058665096759796,1489.7117919921875,-0.347213514317048,35.95833984342021,0.5209919810295105,949.3353881835938,4.0,2024,6.468039512634277,"{""type"":""Point"",""coordinates"":[35.95833984342021,-0.34721351431704806]}"
149,4.160636425018311,Nakuru,1908.0,20.626087188720703,0.2784284055233001,1310.0338134765625,-0.6616941291775982,36.39526788803844,0.3817129731178283,681.583740234375,1.0,2024,4.160636425018311,"{""type"":""Point"",""coordinates"":[36.39526788803844,-0.6616941291775982]}"
150,6.112140655517578,Nakuru,1978.0,20.1130428314209,0.2968115210533142,1308.805908203125,-0.5137403125872896,36.33743553547039,0.452818214893341,595.9387817382812,4.0,2024,6.112140655517578,"{""type"":""Point"",""coordinates"":[36.33743553547039,-0.5137403125872896]}"
155,6.038269519805908,Nakuru,2561.0,23.5217399597168,0.4208731949329376,792.1693115234375,-0.4516858500430052,35.65481978700748,0.5170016288757324,1002.8358764648438,4.0,2024,6.038269519805908,"{""type"":""Point"",""coordinates"":[35.654819787007476,-0.45168585004300527]}"
157,6.271758556365967,Nakuru,1738.0,17.10869598388672,0.2703033089637756,1772.631103515625,-0.1219628286429175,35.97529408623915,0.3928636014461517,848.7538452148438,1.0,2024,6.271758556365967,"{""type"":""Point"",""coordinates"":[35.97529408623915,-0.12196282864291755]}"
172,3.3975462913513184,Nakuru,2561.0,22.91304397583008,0.3428824245929718,801.3780517578125,-0.5733117656536582,36.012075219400934,0.5727602243423462,956.3734130859376,4.0,2024,3.3975462913513184,"{""type"":""Point"",""coordinates"":[36.012075219400934,-0.5733117656536582]}"
179,4.702842712402344,Nakuru,1865.0,21.93913078308105,0.2612375319004059,1521.494384765625,-0.5332168803625235,36.18716319176874,0.434043675661087,658.0870361328125,4.0,2024,4.702842712402344,"{""type"":""Point"",""coordinates"":[36.18716319176874,-0.5332168803625235]}"
183,4.834128379821777,Nakuru,2439.0,22.46086883544922,0.2854833602905273,922.11181640625,-0.3665292014305843,35.87907550755975,0.4826460778713226,1100.89599609375,4.0,2024,4.834128379821777,"{""type"":""Point"",""coordinates"":[35.87907550755975,-0.3665292014305843]}"
184,7.878373146057129,Nakuru,2531.0,23.40434837341309,0.3916259407997131,831.6529541015625,-0.4420066392799431,35.57596232969435,0.4868970811367035,892.9230346679688,4.0,2024,7.878373146057129,"{""type"":""Point"",""coordinates"":[35.57596232969435,-0.4420066392799431]}"
189,5.681861877441406,Nakuru,1658.0,17.30434799194336,0.3102291822433471,1523.544189453125,-0.0868397993446472,36.05792536481397,0.4769092798233032,789.4463500976562,1.0,2024,5.681861877441406,"{""type"":""Point"",""coordinates"":[36.05792536481397,-0.08683979934464722]}"
191,3.0718448162078857,Nakuru,2240.0,23.204347610473636,0.3852573931217193,1132.2017822265625,-0.8387873711914859,36.18661425359913,0.5770117044448853,1001.2666015625,4.0,2024,3.0718448162078857,"{""type"":""Point"",""coordinates"":[36.18661425359913,-0.8387873711914859]}"
194,3.972187042236328,Nakuru,2802.0,21.208696365356445,0.2707978785037994,600.9398193359375,-0.6836381918333061,35.9712890761446,0.4637989997863769,1057.2928466796875,4.0,2024,3.972187042236328,"{""type"":""Point"",""coordinates"":[35.9712890761446,-0.6836381918333061]}"
204,5.457324504852295,Nakuru,2708.0,20.299999237060547,0.3024941086769104,893.533935546875,-0.3081178540561541,35.62315495567657,0.398379236459732,952.67431640625,4.0,2024,5.457324504852295,"{""type"":""Point"",""coordinates"":[35.62315495567657,-0.30811785405615416]}"
205,4.378269195556641,Nakuru,2366.0,24.547826766967773,0.3254361748695373,1301.215087890625,-0.4297216664223904,35.95419134495182,0.5038037896156311,965.82958984375,4.0,2024,4.378269195556641,"{""type"":""Point"",""coordinates"":[35.95419134495182,-0.4297216664223904]}"
212,4.787868976593018,Nakuru,1897.0,21.095651626586918,0.3839851319789886,1310.0338134765625,-0.7031525845522134,36.42324036050644,0.5090704560279846,806.1681518554688,4.0,2024,4.787868976593018,"{""type"":""Point"",""coordinates"":[36.42324036050644,-0.7031525845522134]}"
213,6.048038005828857,Nakuru,1844.0,19.76956558227539,0.3000018298625946,1523.544189453125,-0.1364695708997238,36.10926382868679,0.4802169799804687,929.5658569335938,1.0,2024,6.048038005828857,"{""type"":""Point"",""coordinates"":[36.109263828686785,-0.1364695708997238]}"
217,4.964666843414307,Nakuru,1583.0,15.908695220947266,0.1710469722747802,1915.0673828125,-0.0048671638656555,36.03013567652269,0.2959834933280945,755.9357299804688,4.0,2024,4.964666843414307,"{""type"":""Point"",""coordinates"":[36.03013567652269,-0.004867163865655556]}"
225,6.29095983505249,Nakuru,2624.0,20.143478393554688,0.1920972615480423,976.3455810546876,-0.1421276629948748,35.69529806242878,0.3401824831962585,1111.6175537109375,4.0,2024,6.29095983505249,"{""type"":""Point"",""coordinates"":[35.69529806242878,-0.14212766299487484]}"
227,5.093363761901856,Nakuru,2255.0,21.495651245117188,0.3441519439220428,1293.6524658203125,-0.4243968082430507,36.34800208444804,0.5348114371299744,741.7913208007812,4.0,2024,5.093363761901856,"{""type"":""Point"",""coordinates"":[36.34800208444804,-0.42439680824305076]}"
228,6.959469795227051,Nakuru,1810.0,19.19565200805664,0.3180796802043915,1611.68310546875,-0.1445434265152655,35.91784576759725,0.5183888673782349,822.0833129882812,1.0,2024,6.959469795227051,"{""type"":""Point"",""coordinates"":[35.91784576759725,-0.14454342651526556]}"
229,5.803287506103516,Nakuru,2321.0,29.291303634643555,0.3721275925636291,1194.8536376953125,-0.3181805766583483,35.863910372940616,0.5781372785568237,979.8775024414062,4.0,2024,5.803287506103516,"{""type"":""Point"",""coordinates"":[35.863910372940616,-0.31818057665834837]}"
231,5.179851531982422,Nakuru,2296.0,21.84347915649414,0.3406862318515777,922.11181640625,-0.3969090692329678,35.94173030945064,0.5427272915840149,1046.51220703125,4.0,2024,5.179851531982422,"{""type"":""Point"",""coordinates"":[35.94173030945064,-0.39690906923296787]}"
232,4.994470596313477,Nakuru,2492.0,22.15217399597168,0.2630831599235534,924.5313110351562,-0.3240135522947043,35.815804244111575,0.4133362174034118,1082.4827880859375,4.0,2024,4.994470596313477,"{""type"":""Point"",""coordinates"":[35.815804244111575,-0.32401355229470435]}"
243,5.606729984283447,Nakuru,2051.0,20.978260040283203,0.3778509497642517,1301.215087890625,-0.3732382667618853,35.998303975754794,0.5546348690986633,936.8294677734376,4.0,2024,5.606729984283447,"{""type"":""Point"",""coordinates"":[35.998303975754794,-0.3732382667618853]}"
245,5.734455585479736,Nakuru,2126.0,23.252174377441406,0.3335241675376892,925.9317626953124,-0.1926725296652099,36.17221630219423,0.49228435754776,1067.3253173828125,1.0,2024,5.734455585479736,"{""type"":""Point"",""coordinates"":[36.17221630219423,-0.19267252966520992]}"
247,7.238665580749512,Nakuru,1908.0,19.91304397583008,0.325440764427185,1427.7750244140625,-0.1996136223390442,35.894298389400085,0.5269696712493896,873.606201171875,1.0,2024,7.238665580749512,"{""type"":""Point"",""coordinates"":[35.894298389400085,-0.1996136223390442]}"
253,5.098555088043213,Nakuru,2057.0,23.6130428314209,0.3480242490768432,1301.215087890625,-0.392480652301757,36.005387099348624,0.5556982159614563,798.239501953125,1.0,2024,5.098555088043213,"{""type"":""Point"",""coordinates"":[36.005387099348624,-0.39248065230175705]}"
259,3.520265579223633,Nakuru,2848.0,21.50434875488281,0.3566392660140991,801.3780517578125,-0.6202404960354134,35.98673080102608,0.5553081631660461,1133.7716064453125,4.0,2024,3.520265579223633,"{""type"":""Point"",""coordinates"":[35.98673080102608,-0.6202404960354134]}"
260,3.031178474426269,Nakuru,1888.0,22.18695640563965,0.3609153032302856,1385.095458984375,-0.9728230329357512,36.46646554732517,0.5481110215187073,805.7021484375,4.0,2024,3.031178474426269,"{""type"":""Point"",""coordinates"":[36.466465547325164,-0.9728230329357512]}"
271,3.366501569747925,Nakuru,2558.0,22.100000381469727,0.4643839001655578,922.11181640625,-0.410262214038681,35.87370191968121,0.6670769453048706,1174.0662841796875,4.0,2024,3.366501569747925,"{""type"":""Point"",""coordinates"":[35.87370191968121,-0.410262214038681]}"
277,5.047685623168945,Nakuru,1759.0,22.30434799194336,0.3887338042259216,1523.544189453125,-0.0590130693482501,36.1378285866174,0.5837821364402771,875.034912109375,4.0,2024,5.047685623168945,"{""type"":""Point"",""coordinates"":[36.1378285866174,-0.05901306934825017]}"
281,3.353376626968384,Nakuru,2297.0,21.830434799194336,0.4344141483306885,945.5843505859376,-0.7543199279759429,36.51344698356975,0.6204530000686646,1115.2738037109375,4.0,2024,3.353376626968384,"{""type"":""Point"",""coordinates"":[36.51344698356975,-0.7543199279759429]}"
283,4.968587875366211,Nakuru,2087.0,21.126087188720703,0.2199498265981674,931.31884765625,-0.7477334873697549,36.472404214172855,0.2881258428096771,1042.134521484375,4.0,2024,4.968587875366211,"{""type"":""Point"",""coordinates"":[36.472404214172855,-0.7477334873697549]}"
287,6.238156318664551,Nakuru,2170.0,22.008695602416992,0.3761880993843078,1301.215087890625,-0.3594127883961251,35.95868824868868,0.5807055830955505,936.8294677734376,4.0,2024,6.238156318664551,"{""type"":""Point"",""coordinates"":[35.95868824868868,-0.3594127883961251]}"
288,4.868278980255127,Nakuru,1922.0,23.04347801208496,0.3419800996780395,1143.9588623046875,-0.3204082698420828,36.20577542760585,0.5205742716789246,914.1121215820312,1.0,2024,4.868278980255127,"{""type"":""Point"",""coordinates"":[36.20577542760585,-0.3204082698420828]}"
293,4.050856113433838,Nakuru,2475.0,21.39130401611328,0.3050563335418701,922.11181640625,-0.4150649295326056,35.91384862095508,0.5131093263626099,1089.995361328125,4.0,2024,4.050856113433838,"{""type"":""Point"",""coordinates"":[35.91384862095508,-0.41506492953260565]}"
297,4.531503677368164,Nakuru,2587.0,21.147825241088867,0.3214007019996643,924.5313110351562,-0.3328217063917616,35.80794587781863,0.5468583106994629,1082.4827880859375,4.0,2024,4.531503677368164,"{""type"":""Point"",""coordinates"":[35.80794587781863,-0.3328217063917616]}"
303,4.69863224029541,Nakuru,2703.0,21.291303634643555,0.2099766880273819,792.1693115234375,-0.4579406115519283,35.71612922585548,0.3552404046058655,1076.4185791015625,4.0,2024,4.69863224029541,"{""type"":""Point"",""coordinates"":[35.71612922585548,-0.4579406115519283]}"
308,5.049445152282715,Nakuru,2763.0,20.03913116455078,0.2968485951423645,694.8674926757812,-0.3675972394421179,35.69245406627768,0.4097301363945007,1036.11962890625,4.0,2024,5.049445152282715,"{""type"":""Point"",""coordinates"":[35.69245406627768,-0.3675972394421179]}"
310,4.418402671813965,Nakuru,2031.0,21.547826766967773,0.3167784512042999,1078.94775390625,-0.5842951922106966,36.13310462736185,0.5012528896331787,768.9725952148438,4.0,2024,4.418402671813965,"{""type"":""Point"",""coordinates"":[36.13310462736185,-0.5842951922106966]}"
320,3.608656883239746,Nakuru,1976.0,23.299999237060547,0.4441943764686584,1132.2017822265625,-0.8221494699469657,36.22650836048854,0.6288905143737793,886.7838134765625,4.0,2024,3.608656883239746,"{""type"":""Point"",""coordinates"":[36.22650836048854,-0.8221494699469657]}"
336,2.351426839828491,Nakuru,2530.0,22.68695640563965,0.4145197570323944,945.5843505859376,-0.8215999395616886,36.54953181165487,0.5914861559867859,1194.972900390625,4.0,2024,2.351426839828491,"{""type"":""Point"",""coordinates"":[36.549531811654866,-0.8215999395616886]}"
347,4.0581560134887695,Nakuru,2397.0,21.72608757019043,0.3300952315330505,1301.215087890625,-0.4444552764206605,35.952895503848744,0.562753438949585,965.82958984375,4.0,2024,4.0581560134887695,"{""type"":""Point"",""coordinates"":[35.952895503848744,-0.44445527642066057]}"
350,4.478953361511231,Nakuru,1866.0,22.630434036254883,0.2955329120159149,1521.494384765625,-0.5320052772817182,36.1569275996943,0.4188096523284912,658.0870361328125,4.0,2024,4.478953361511231,"{""type"":""Point"",""coordinates"":[36.1569275996943,-0.5320052772817182]}"
354,6.8428473472595215,Nakuru,2133.0,23.330434799194336,0.4649606943130493,1194.8536376953125,-0.2913100697300198,35.93069887103216,0.7901756167411804,952.6629638671876,4.0,2024,6.8428473472595215,"{""type"":""Point"",""coordinates"":[35.930698871032156,-0.2913100697300198]}"
355,4.939694404602051,Nakuru,2129.0,21.76956558227539,0.3188284933567047,1301.215087890625,-0.4071786812089325,35.99186020475905,0.5367433428764343,965.82958984375,4.0,2024,4.939694404602051,"{""type"":""Point"",""coordinates"":[35.99186020475905,-0.4071786812089325]}"
367,5.23827075958252,Nakuru,1698.0,17.582609176635742,0.3076609671115875,1523.544189453125,-0.0668832646400235,36.10341767249725,0.5207177996635437,875.034912109375,1.0,2024,5.23827075958252,"{""type"":""Point"",""coordinates"":[36.103417672497244,-0.06688326464002355]}"
368,3.544365882873535,Nakuru,2626.0,22.734783172607425,0.353257268667221,792.1693115234375,-0.5233469810782332,35.74345666244834,0.4977712631225586,1020.6693115234376,4.0,2024,3.544365882873535,"{""type"":""Point"",""coordinates"":[35.74345666244834,-0.5233469810782332]}"
369,4.395277500152588,Nakuru,1879.0,21.22608757019043,0.311975359916687,1385.095458984375,-0.959285296228558,36.51890468386927,0.515125572681427,824.224853515625,6.0,2024,4.395277500152588,"{""type"":""Point"",""coordinates"":[36.518904683869266,-0.959285296228558]}"
371,5.19509744644165,Nakuru,2607.0,22.63478279113769,0.2995963096618652,924.5313110351562,-0.3159041051577897,35.75140715481559,0.4861803948879242,1103.1356201171875,4.0,2024,5.19509744644165,"{""type"":""Point"",""coordinates"":[35.75140715481559,-0.31590410515778977]}"
373,4.129417419433594,Nakuru,2500.0,22.160869598388672,0.2425811290740966,922.11181640625,-0.4152654988758227,35.91770184758475,0.4587973654270172,1089.995361328125,4.0,2024,4.129417419433594,"{""type"":""Point"",""coordinates"":[35.91770184758475,-0.41526549887582276]}"
374,5.193080425262451,Nakuru,2240.0,21.708696365356445,0.356193482875824,1380.60546875,-0.6104617587752418,36.19071657936541,0.5437897443771362,972.7747802734376,4.0,2024,5.193080425262451,"{""type"":""Point"",""coordinates"":[36.19071657936541,-0.6104617587752418]}"
375,5.193649291992188,Nakuru,2692.0,22.473913192749023,0.2428470402956009,758.80322265625,-0.2599132272710399,35.65301166936939,0.3965665102005005,1020.0197143554688,4.0,2024,5.193649291992188,"{""type"":""Point"",""coordinates"":[35.65301166936939,-0.2599132272710399]}"
376,5.138097763061523,Nakuru,1517.0,15.59565258026123,0.5188115835189819,1772.97216796875,0.0476803086905679,36.13970801959848,0.69123774766922,795.9901733398438,4.0,2024,5.138097763061523,"{""type"":""Point"",""coordinates"":[36.13970801959848,0.04768030869056791]}"
378,5.097952842712402,Nakuru,1719.0,19.978260040283203,0.3923317492008209,1620.4278564453125,0.1317998376905498,36.23710355325683,0.5503852963447571,763.6254272460938,1.0,2024,5.097952842712402,"{""type"":""Point"",""coordinates"":[36.23710355325683,0.13179983769054987]}"
381,6.869124412536621,Nakuru,2137.0,22.07826042175293,0.4590568244457245,1194.8536376953125,-0.2979558827158266,35.93953462735862,0.7258880138397217,952.6629638671876,4.0,2024,6.869124412536621,"{""type"":""Point"",""coordinates"":[35.93953462735862,-0.2979558827158266]}"
388,3.918391704559326,Nakuru,1931.0,24.204347610473636,0.4207563996315002,1132.2017822265625,-0.7529364208254022,36.21962337896253,0.5949761271476746,760.7749633789062,1.0,2024,3.918391704559326,"{""type"":""Point"",""coordinates"":[36.219623378962524,-0.7529364208254022]}"
394,2.2940359115600586,Nakuru,2523.0,22.060869216918945,0.4343279600143432,931.31884765625,-0.6995006357980293,36.53251479859007,0.5809942483901978,1155.636474609375,4.0,2024,2.2940359115600586,"{""type"":""Point"",""coordinates"":[36.53251479859007,-0.6995006357980293]}"
419,5.837228298187256,Nakuru,1945.0,20.747825622558597,0.3538559079170227,1328.98974609375,-0.5524736923359174,36.29823284240344,0.516781747341156,641.4832763671875,4.0,2024,5.837228298187256,"{""type"":""Point"",""coordinates"":[36.29823284240344,-0.5524736923359174]}"
427,6.195183753967285,Nakuru,2692.0,20.43913078308105,0.2126542925834655,976.3455810546876,-0.1348143781239889,35.698577273691875,0.2920193672180176,1111.6175537109375,4.0,2024,6.195183753967285,"{""type"":""Point"",""coordinates"":[35.698577273691875,-0.13481437812398897]}"
429,6.661653995513916,Nakuru,2162.0,22.200000762939453,0.3241749107837677,1194.8536376953125,-0.2845225713652168,35.88968479759454,0.5210880041122437,920.227783203125,4.0,2024,6.661653995513916,"{""type"":""Point"",""coordinates"":[35.88968479759454,-0.28452257136521686]}"
433,2.636579990386963,Nakuru,2661.0,23.860870361328125,0.4703266024589538,898.3021850585938,-0.8540126924834431,36.5514448529945,0.6349971294403076,1510.875244140625,4.0,2024,2.636579990386963,"{""type"":""Point"",""coordinates"":[36.5514448529945,-0.8540126924834431]}"
435,4.028194427490234,Nakuru,2242.0,26.18260955810547,0.3373356759548187,1130.5069580078125,-0.7228136172952488,36.15850102560616,0.5386406779289246,925.4761352539062,4.0,2024,4.028194427490234,"{""type"":""Point"",""coordinates"":[36.15850102560616,-0.7228136172952488]}"
436,3.915060520172119,Nakuru,2412.0,22.052173614501957,0.3611540198326111,1090.254150390625,-0.5401353305454272,36.00583183535053,0.581498384475708,871.1588745117188,4.0,2024,3.915060520172119,"{""type"":""Point"",""coordinates"":[36.00583183535053,-0.5401353305454272]}"
441,3.9782485961914062,Nakuru,1933.0,22.417390823364254,0.4576529562473297,1130.5069580078125,-0.737455447163337,36.23713671998532,0.6398412585258484,665.40869140625,4.0,2024,3.9782485961914062,"{""type"":""Point"",""coordinates"":[36.23713671998532,-0.737455447163337]}"
443,5.187084674835205,Nakuru,2399.0,22.55652236938477,0.3646642863750458,922.11181640625,-0.3545633414546068,35.87883675246032,0.5858342051506042,1100.89599609375,4.0,2024,5.187084674835205,"{""type"":""Point"",""coordinates"":[35.878836752460316,-0.35456334145460683]}"
453,3.011505603790283,Nakuru,2557.0,23.104347229003903,0.3542172610759735,801.3780517578125,-0.5765170131285122,36.03294322256852,0.5508798956871033,956.3734130859376,4.0,2024,3.011505603790283,"{""type"":""Point"",""coordinates"":[36.03294322256852,-0.5765170131285122]}"
457,4.879142761230469,Nakuru,1899.0,23.33478355407715,0.3600985705852508,1380.60546875,-0.5530712025485612,36.18854805559729,0.5063344836235046,720.8082275390625,1.0,2024,4.879142761230469,"{""type"":""Point"",""coordinates"":[36.18854805559729,-0.5530712025485612]}"
459,3.2721593379974365,Nakuru,2628.0,20.986955642700195,0.2654927670955658,801.3780517578125,-0.5944248167059386,36.003943391936346,0.4286796152591705,956.3734130859376,4.0,2024,3.2721593379974365,"{""type"":""Point"",""coordinates"":[36.003943391936346,-0.5944248167059386]}"
464,7.53380012512207,Nakuru,1920.0,19.204347610473636,0.3047561645507812,1270.390380859375,-0.1315152147720637,35.82001208465243,0.457790732383728,910.8822631835938,4.0,2024,7.53380012512207,"{""type"":""Point"",""coordinates"":[35.82001208465243,-0.13151521477206377]}"
465,6.586746692657471,Nakuru,2635.0,19.88260841369629,0.3152305483818054,923.3309936523438,-0.1579337710562082,35.712955224779456,0.4734120368957519,1134.2620849609375,4.0,2024,6.586746692657471,"{""type"":""Point"",""coordinates"":[35.712955224779456,-0.15793377105620826]}"
484,2.98603630065918,Nakuru,1629.0,20.38260841369629,0.2764415740966797,1600.392333984375,-1.0609330305789657,36.50845549385207,0.359428733587265,895.8312377929688,4.0,2024,2.98603630065918,"{""type"":""Point"",""coordinates"":[36.50845549385207,-1.0609330305789657]}"
485,4.46754264831543,Nakuru,2174.0,21.77391242980957,0.3784768581390381,945.5843505859376,-0.8171745802512481,36.48623451760025,0.5582578182220459,946.1964111328124,4.0,2024,4.46754264831543,"{""type"":""Point"",""coordinates"":[36.48623451760025,-0.8171745802512481]}"
490,6.748921871185303,Nakuru,1859.0,19.947826385498047,0.30035400390625,1427.7750244140625,-0.1700502944794713,35.93347922677618,0.4961545169353485,885.2904052734375,1.0,2024,6.748921871185303,"{""type"":""Point"",""coordinates"":[35.93347922677618,-0.1700502944794713]}"
493,3.606544494628906,Nakuru,2267.0,21.860870361328125,0.3099231123924255,931.31884765625,-0.7385921830388382,36.50485635423957,0.4757809638977051,1146.4976806640625,1.0,2024,3.606544494628906,"{""type"":""Point"",""coordinates"":[36.50485635423957,-0.7385921830388382]}"
494,4.688364505767822,Nakuru,1874.0,22.0,0.3110224604606628,1118.90576171875,-0.9565011421459282,36.57355811056904,0.497968852519989,1223.5460205078125,4.0,2024,4.688364505767822,"{""type"":""Point"",""coordinates"":[36.57355811056904,-0.9565011421459282]}"
495,7.4059624671936035,Nakuru,2321.0,24.895652770996094,0.3761642873287201,1129.3472900390625,-0.236246379434985,35.77351768413466,0.6121300458908081,1037.336181640625,4.0,2024,7.4059624671936035,"{""type"":""Point"",""coordinates"":[35.77351768413466,-0.23624637943498503]}"
513,6.555616855621338,Nakuru,1629.0,18.21739196777344,0.3373160660266876,1611.68310546875,-0.059981951632093,35.941087057614304,0.5346126556396484,805.4788818359375,1.0,2024,6.555616855621338,"{""type"":""Point"",""coordinates"":[35.941087057614304,-0.05998195163209303]}"
519,5.790096282958984,Nakuru,2661.0,20.69565200805664,0.2238175123929977,758.80322265625,-0.2627591023564892,35.68996834825601,0.3970309495925903,1020.0197143554688,4.0,2024,5.790096282958984,"{""type"":""Point"",""coordinates"":[35.68996834825601,-0.26275910235648925]}"
530,5.160624980926514,Nakuru,1933.0,22.73043441772461,0.2930222451686859,1330.85302734375,-0.8479898676786802,36.37602583469124,0.4949081242084503,1203.3858642578125,4.0,2024,5.160624980926514,"{""type"":""Point"",""coordinates"":[36.37602583469124,-0.8479898676786802]}"
539,3.5982978343963623,Nakuru,2533.0,23.2391300201416,0.3252404928207397,801.3780517578125,-0.5736345152257836,36.00278596483663,0.4973368048667907,956.3734130859376,4.0,2024,3.5982978343963623,"{""type"":""Point"",""coordinates"":[36.00278596483663,-0.5736345152257836]}"
544,6.930713176727295,Nakuru,2527.0,22.839130401611328,0.4246201813220978,831.6529541015625,-0.4330318744707485,35.61460994864107,0.5421996712684631,923.7847290039062,4.0,2024,6.930713176727295,"{""type"":""Point"",""coordinates"":[35.61460994864107,-0.43303187447074853]}"
545,4.262131690979004,Nakuru,1993.0,22.72608757019043,0.3013272285461426,1130.5069580078125,-0.7246475007964188,36.21119547337389,0.4620422124862671,665.40869140625,4.0,2024,4.262131690979004,"{""type"":""Point"",""coordinates"":[36.21119547337389,-0.7246475007964188]}"
546,3.883599042892456,Nakuru,2240.0,23.247825622558597,0.4300543069839477,931.31884765625,-0.7203424289945413,36.49580050662997,0.5681653022766113,1042.134521484375,4.0,2024,3.883599042892456,"{""type"":""Point"",""coordinates"":[36.49580050662997,-0.7203424289945413]}"
547,5.590753555297852,Nakuru,1864.0,22.756521224975582,0.368686318397522,1308.805908203125,-0.5232019897298072,36.26336173207793,0.5400134325027466,534.5155639648438,1.0,2024,5.590753555297852,"{""type"":""Point"",""coordinates"":[36.26336173207793,-0.5232019897298072]}"
559,5.717570781707764,Nakuru,2003.0,20.943477630615234,0.3513528406620025,1301.215087890625,-0.3600881632448672,36.010711207522746,0.5808210372924805,798.239501953125,1.0,2024,5.717570781707764,"{""type"":""Point"",""coordinates"":[36.010711207522746,-0.3600881632448672]}"
571,4.833836078643799,Nakuru,1863.0,21.213043212890625,0.3315668404102325,1118.90576171875,-0.9648872372422624,36.55895532086761,0.4057566523551941,1223.5460205078125,4.0,2024,4.833836078643799,"{""type"":""Point"",""coordinates"":[36.55895532086761,-0.9648872372422623]}"
575,5.227041721343994,Nakuru,2386.0,22.013044357299805,0.2369196116924286,922.11181640625,-0.3685929271460618,35.897255113877485,0.438369482755661,1100.89599609375,4.0,2024,5.227041721343994,"{""type"":""Point"",""coordinates"":[35.897255113877485,-0.36859292714606184]}"
577,4.954046726226807,Nakuru,2459.0,21.6130428314209,0.2222756892442703,1194.8536376953125,-0.3392807978793789,35.84997001863062,0.3852227330207824,979.8775024414062,4.0,2024,4.954046726226807,"{""type"":""Point"",""coordinates"":[35.84997001863062,-0.3392807978793789]}"
589,4.878105163574219,Nakuru,1607.0,17.491304397583008,0.2959513068199157,1772.97216796875,-0.0276471411286017,36.09944248702898,0.473829984664917,836.5701293945312,1.0,2024,4.878105163574219,"{""type"":""Point"",""coordinates"":[36.09944248702898,-0.02764714112860175]}"
597,5.041092872619629,Nakuru,2088.0,21.68260955810547,0.2751837074756622,1301.215087890625,-0.3988858099589635,35.99899330594262,0.4733640551567077,936.8294677734376,4.0,2024,5.041092872619629,"{""type"":""Point"",""coordinates"":[35.99899330594262,-0.39888580995896356]}"
602,4.25708532333374,Nakuru,2217.0,22.26956558227539,0.4332404136657715,945.5843505859376,-0.8191305368732551,36.49231099054725,0.5589991807937622,946.1964111328124,4.0,2024,4.25708532333374,"{""type"":""Point"",""coordinates"":[36.49231099054725,-0.8191305368732551]}"
608,4.28914737701416,Nakuru,2151.0,24.356521606445312,0.3576903939247131,1301.215087890625,-0.4426630056717396,35.99763117003424,0.5496350526809692,965.82958984375,1.0,2024,4.28914737701416,"{""type"":""Point"",""coordinates"":[35.99763117003424,-0.4426630056717396]}"
609,4.58788013458252,Nakuru,2730.0,21.17391395568848,0.2625202536582947,600.9398193359375,-0.7035038421770025,35.954712416150905,0.4097564816474914,1053.601806640625,4.0,2024,4.58788013458252,"{""type"":""Point"",""coordinates"":[35.954712416150905,-0.7035038421770025]}"
642,6.496506690979004,Nakuru,1804.0,18.95652198791504,0.309955894947052,1611.68310546875,-0.0664897397949648,35.865103119912405,0.441629022359848,870.9083251953125,4.0,2024,6.496506690979004,"{""type"":""Point"",""coordinates"":[35.865103119912405,-0.0664897397949648]}"
648,4.539629936218262,Nakuru,1917.0,20.604347229003903,0.3681819140911102,1171.51220703125,-0.6124101032955503,36.37346289777839,0.4977632462978363,635.6214599609375,4.0,2024,4.539629936218262,"{""type"":""Point"",""coordinates"":[36.37346289777839,-0.6124101032955503]}"
650,3.575834989547729,Nakuru,1987.0,23.408695220947266,0.40798220038414,1132.2017822265625,-0.7825635904023708,36.2041235712304,0.5377868413925171,760.7749633789062,4.0,2024,3.575834989547729,"{""type"":""Point"",""coordinates"":[36.2041235712304,-0.7825635904023708]}"
661,4.682121753692627,Nakuru,1998.0,24.06521797180176,0.3298044502735138,1293.6524658203125,-0.3868001575113645,36.256504726321424,0.5180399417877197,832.1256103515625,4.0,2024,4.682121753692627,"{""type"":""Point"",""coordinates"":[36.256504726321424,-0.38680015751136454]}"
665,5.47553014755249,Nakuru,1694.0,17.326086044311523,0.2570814192295074,1523.544189453125,-0.0777933738914391,36.08393116249242,0.4143374860286712,789.4463500976562,1.0,2024,5.47553014755249,"{""type"":""Point"",""coordinates"":[36.08393116249242,-0.07779337389143912]}"
671,4.088756084442139,Nakuru,2215.0,21.90434837341309,0.354137659072876,945.5843505859376,-0.8169621090648999,36.49835111853953,0.5730663537979126,946.1964111328124,4.0,2024,4.088756084442139,"{""type"":""Point"",""coordinates"":[36.49835111853953,-0.8169621090648999]}"
686,3.3833229541778564,Nakuru,2600.0,21.30869483947754,0.2289495766162872,801.3780517578125,-0.5855013135485101,36.00468470496282,0.3817965984344482,956.3734130859376,4.0,2024,3.3833229541778564,"{""type"":""Point"",""coordinates"":[36.00468470496282,-0.5855013135485101]}"
687,5.11739444732666,Nakuru,2668.0,24.09130477905273,0.2722214162349701,893.533935546875,-0.276244089252541,35.63657158716077,0.442264199256897,1074.5843505859375,4.0,2024,5.11739444732666,"{""type"":""Point"",""coordinates"":[35.63657158716077,-0.276244089252541]}"
690,5.270813941955566,Nakuru,2701.0,26.643478393554688,0.4893081188201904,893.533935546875,-0.2917647531846895,35.62426386485496,0.6119123101234436,1074.5843505859375,4.0,2024,5.270813941955566,"{""type"":""Point"",""coordinates"":[35.62426386485496,-0.2917647531846895]}"
691,6.48065996170044,Nakuru,2700.0,20.33478355407715,0.3249705731868744,976.3455810546876,-0.1499724447405853,35.7132661752948,0.5320224165916443,1246.947265625,4.0,2024,6.48065996170044,"{""type"":""Point"",""coordinates"":[35.7132661752948,-0.14997244474058535]}"
694,6.892847537994385,Nakuru,2476.0,23.365217208862305,0.3269615471363067,923.3309936523438,-0.1918712259126743,35.71729736400919,0.4822846055030823,1134.2620849609375,4.0,2024,6.892847537994385,"{""type"":""Point"",""coordinates"":[35.71729736400919,-0.19187122591267436]}"
699,5.514186859130859,Nakuru,1925.0,22.234783172607425,0.3195683062076568,1330.85302734375,-0.8229012591593189,36.38978683600477,0.4973065257072449,1203.3858642578125,4.0,2024,5.514186859130859,"{""type"":""Point"",""coordinates"":[36.38978683600477,-0.8229012591593189]}"
700,4.676795482635498,Nakuru,2319.0,26.18260955810547,0.3921002149581909,1078.94775390625,-0.6358328576165808,36.13943589566431,0.6309731006622314,905.869384765625,1.0,2024,4.676795482635498,"{""type"":""Point"",""coordinates"":[36.13943589566431,-0.6358328576165808]}"
702,6.910548210144043,Nakuru,2116.0,21.2391300201416,0.3531266450881958,1489.7117919921875,-0.2753374679212277,35.96409526072945,0.6104664206504822,955.322509765625,4.0,2024,6.910548210144043,"{""type"":""Point"",""coordinates"":[35.96409526072945,-0.2753374679212277]}"
705,5.990475654602051,Nakuru,1832.0,19.63478279113769,0.2654182910919189,1489.7117919921875,-0.3281834957969025,36.03996668603757,0.4508963525295257,767.5543212890625,4.0,2024,5.990475654602051,"{""type"":""Point"",""coordinates"":[36.03996668603757,-0.32818349579690254]}"
708,5.994061470031738,Nakuru,2019.0,21.87826156616211,0.3515830039978027,1359.44580078125,-0.1641324740980392,36.1388524481562,0.52689528465271,1036.1998291015625,1.0,2024,5.994061470031738,"{""type"":""Point"",""coordinates"":[36.1388524481562,-0.16413247409803924]}"
712,6.027851581573486,Nakuru,1646.0,17.821739196777344,0.3430626392364502,1772.631103515625,-0.0714888231223086,36.00876203378845,0.4862297177314758,769.388671875,1.0,2024,6.027851581573486,"{""type"":""Point"",""coordinates"":[36.00876203378845,-0.0714888231223086]}"
716,4.424430847167969,Nakuru,2646.0,23.18260955810547,0.4299586415290832,792.1693115234375,-0.4968351081657109,35.69152807625845,0.6062797904014587,1002.8358764648438,4.0,2024,4.424430847167969,"{""type"":""Point"",""coordinates"":[35.69152807625845,-0.49683510816571097]}"
720,4.174019813537598,Nakuru,1823.0,21.278261184692383,0.2833009958267212,1484.5091552734375,-0.4958640440368996,36.09262898623266,0.4132001996040344,764.689208984375,4.0,2024,4.174019813537598,"{""type"":""Point"",""coordinates"":[36.09262898623266,-0.4958640440368996]}"
721,5.560927391052246,Nakuru,1776.0,20.21739196777344,0.3852892518043518,1366.1861572265625,-0.3402091397370406,36.05264485878332,0.5459959506988525,793.00048828125,4.0,2024,5.560927391052246,"{""type"":""Point"",""coordinates"":[36.05264485878332,-0.34020913973704064]}"
731,6.341836929321289,Nakuru,2069.0,21.839130401611328,0.3191967606544494,1489.7117919921875,-0.3447726336730525,35.98706523030703,0.5421407222747803,949.3353881835938,1.0,2024,6.341836929321289,"{""type"":""Point"",""coordinates"":[35.98706523030703,-0.3447726336730525]}"
732,5.849523067474365,Nakuru,1723.0,17.943477630615234,0.267009437084198,1772.631103515625,-0.1227604187345595,36.04704026529046,0.4592265486717224,856.3206787109375,4.0,2024,5.849523067474365,"{""type"":""Point"",""coordinates"":[36.04704026529046,-0.12276041873455956]}"
736,7.651596546173096,Nakuru,2414.0,22.908695220947266,0.3565207123756408,967.7295532226562,-0.4709652302858791,35.552910089254794,0.4902999103069305,886.2293701171875,4.0,2024,7.651596546173096,"{""type"":""Point"",""coordinates"":[35.552910089254794,-0.4709652302858791]}"
739,5.0509352684021,Nakuru,2651.0,23.643478393554688,0.3857680559158325,758.80322265625,-0.3209803719710745,35.74265241620124,0.5555981397628784,1122.4949951171875,4.0,2024,5.0509352684021,"{""type"":""Point"",""coordinates"":[35.74265241620124,-0.32098037197107454]}"
742,3.856938362121582,Nakuru,2263.0,21.61739158630371,0.2532162070274353,945.5843505859376,-0.8238864083224684,36.50478566908408,0.4256399869918823,1194.972900390625,4.0,2024,3.856938362121582,"{""type"":""Point"",""coordinates"":[36.50478566908408,-0.8238864083224684]}"
757,7.664806365966797,Nakuru,1951.0,20.082609176635746,0.3344040513038635,1129.3472900390625,-0.2128619699429991,35.83130976258243,0.5341024398803711,932.405517578125,4.0,2024,7.664806365966797,"{""type"":""Point"",""coordinates"":[35.83130976258243,-0.21286196994299914]}"
765,3.6993696689605713,Nakuru,1829.0,19.826086044311523,0.2975135147571563,1465.3985595703125,-0.4062140721627074,36.15428047256981,0.4434738755226135,714.4415893554688,4.0,2024,3.6993696689605713,"{""type"":""Point"",""coordinates"":[36.15428047256981,-0.40621407216270744]}"
770,4.423310279846191,Nakuru,2120.0,23.417390823364254,0.5810959339141846,1401.8802490234375,-0.0296647806530974,36.229842006979446,0.7581944465637207,1012.428955078125,1.0,2024,4.423310279846191,"{""type"":""Point"",""coordinates"":[36.229842006979446,-0.029664780653097425]}"
786,4.153768539428711,Nakuru,2106.0,23.31739044189453,0.4327177703380584,1370.2122802734375,-0.8963647493582416,36.42009826009465,0.5558272004127502,921.3287963867188,4.0,2024,4.153768539428711,"{""type"":""Point"",""coordinates"":[36.42009826009465,-0.8963647493582416]}"
789,3.954446792602539,Nakuru,2026.0,21.069564819335938,0.3341329097747803,1090.254150390625,-0.4869401272467173,36.03640496175689,0.5734949707984924,840.0512084960938,4.0,2024,3.954446792602539,"{""type"":""Point"",""coordinates"":[36.03640496175689,-0.4869401272467173]}"
790,4.603684425354004,Nakuru,1906.0,22.013044357299805,0.3958258926868438,898.3021850585938,-0.9455523924479142,36.56178301986037,0.5353648066520691,1496.311767578125,4.0,2024,4.603684425354004,"{""type"":""Point"",""coordinates"":[36.561783019860364,-0.9455523924479142]}"
793,7.016062736511231,Nakuru,1835.0,19.339130401611328,0.324740469455719,1427.7750244140625,-0.1590731389950185,35.91384727537788,0.5096200108528137,885.2904052734375,1.0,2024,7.016062736511231,"{""type"":""Point"",""coordinates"":[35.91384727537788,-0.15907313899501851]}"
797,6.26730489730835,Nakuru,2524.0,21.46956443786621,0.3496122062206268,923.3309936523438,-0.1551531426198303,35.66363132951904,0.5422862768173218,1025.3524169921875,4.0,2024,6.26730489730835,"{""type"":""Point"",""coordinates"":[35.66363132951904,-0.1551531426198303]}"
808,5.702751159667969,Nakuru,1889.0,22.36956596374512,0.3853755593299866,1620.4278564453125,0.0616333360890651,36.18523789370562,0.5459221005439758,843.6861572265625,1.0,2024,5.702751159667969,"{""type"":""Point"",""coordinates"":[36.18523789370562,0.06163333608906519]}"
810,3.9831557273864746,Nakuru,2253.0,22.11739158630371,0.4013217091560364,931.31884765625,-0.7481358552783761,36.49804725174128,0.6136646270751953,1042.134521484375,4.0,2024,3.9831557273864746,"{""type"":""Point"",""coordinates"":[36.49804725174128,-0.7481358552783761]}"
811,5.503001689910889,Nakuru,2116.0,20.42608642578125,0.3971697688102722,1401.8802490234375,-0.0161579349136083,36.18682078360754,0.5602466464042664,938.6957397460938,4.0,2024,5.503001689910889,"{""type"":""Point"",""coordinates"":[36.18682078360754,-0.016157934913608347]}"
823,4.613152027130127,Nakuru,1867.0,22.252174377441406,0.2773793935775757,1521.494384765625,-0.5313001445974519,36.17765438099563,0.4423798322677612,658.0870361328125,4.0,2024,4.613152027130127,"{""type"":""Point"",""coordinates"":[36.17765438099563,-0.5313001445974519]}"
826,8.063026428222656,Nakuru,2470.0,25.221738815307617,0.4003049731254577,932.83642578125,-0.358786738791348,35.505659848323454,0.5631921291351318,961.3237915039062,4.0,2024,8.063026428222656,"{""type"":""Point"",""coordinates"":[35.505659848323454,-0.358786738791348]}"
827,6.594783782958984,Nakuru,1650.0,17.991304397583008,0.3583095967769623,1772.631103515625,-0.0783019729147144,35.952555853235594,0.5318202972412109,797.8411254882812,1.0,2024,6.594783782958984,"{""type"":""Point"",""coordinates"":[35.952555853235594,-0.07830197291471445]}"
830,6.5143208503723145,Nakuru,2458.0,23.352174758911133,0.4526434242725372,924.5313110351562,-0.2785889863669586,35.76866300184218,0.6040465831756592,1059.924072265625,4.0,2024,6.5143208503723145,"{""type"":""Point"",""coordinates"":[35.76866300184218,-0.27858898636695867]}"
850,4.189435958862305,Nakuru,1918.0,21.81304359436035,0.3694876730442047,1465.3985595703125,-0.3614696883917041,36.22599587637184,0.5429311394691467,805.5402221679688,1.0,2024,4.189435958862305,"{""type"":""Point"",""coordinates"":[36.22599587637184,-0.3614696883917041]}"
857,7.049111843109131,Nakuru,1977.0,20.160869598388672,0.2196002006530761,1427.7750244140625,-0.2447307544304302,35.88928011378311,0.4221208691596985,882.827392578125,4.0,2024,7.049111843109131,"{""type"":""Point"",""coordinates"":[35.88928011378311,-0.24473075443043027]}"
858,4.622267246246338,Nakuru,2106.0,21.143478393554688,0.3001575171947479,945.5843505859376,-0.8373798189478584,36.47323524256839,0.4249287545681,946.1964111328124,7.0,2024,4.622267246246338,"{""type"":""Point"",""coordinates"":[36.473235242568386,-0.8373798189478584]}"
860,6.989497661590576,Nakuru,2551.0,22.526086807250977,0.3279046416282654,831.6529541015625,-0.379726816964231,35.59251636819194,0.4449688494205475,967.619384765625,4.0,2024,6.989497661590576,"{""type"":""Point"",""coordinates"":[35.59251636819194,-0.379726816964231]}"
871,5.560024261474609,Nakuru,1988.0,21.643478393554688,0.292898565530777,1330.85302734375,-0.8135282262664895,36.43979539851662,0.4426195919513702,958.63525390625,6.0,2024,5.560024261474609,"{""type"":""Point"",""coordinates"":[36.43979539851662,-0.8135282262664895]}"
872,4.741811752319336,Nakuru,1816.0,21.03913116455078,0.4023756384849548,1385.095458984375,-0.9823376976230388,36.54759259602704,0.5431408286094666,824.224853515625,6.0,2024,4.741811752319336,"{""type"":""Point"",""coordinates"":[36.54759259602704,-0.9823376976230387]}"
888,5.583653926849365,Nakuru,1981.0,21.491304397583008,0.3545616567134857,1330.85302734375,-0.7870978616211227,36.45000706297914,0.5959461331367493,1032.5670166015625,4.0,2024,5.583653926849365,"{""type"":""Point"",""coordinates"":[36.45000706297914,-0.7870978616211227]}"
898,4.2078938484191895,Nakuru,1908.0,24.204347610473636,0.3848141729831695,1465.3985595703125,-0.3552908941874452,36.21902532846792,0.6048740744590759,805.5402221679688,1.0,2024,4.2078938484191895,"{""type"":""Point"",""coordinates"":[36.219025328467914,-0.3552908941874452]}"
909,4.018223285675049,Nakuru,2535.0,22.473913192749023,0.263041079044342,922.11181640625,-0.3810913601028073,35.86491051330511,0.4592331349849701,1100.89599609375,4.0,2024,4.018223285675049,"{""type"":""Point"",""coordinates"":[35.86491051330511,-0.3810913601028073]}"
916,4.123349666595459,Nakuru,1885.0,24.778261184692383,0.0472552105784416,1310.0338134765625,-0.7146722707675696,36.38132911099376,-0.0059940004721283,913.4369506835938,4.0,2024,4.123349666595459,"{""type"":""Point"",""coordinates"":[36.381329110993754,-0.7146722707675696]}"
923,4.1981964111328125,Nakuru,2523.0,23.143478393554688,0.2716480195522308,1090.254150390625,-0.5380316729686924,35.98690281876544,0.4505174160003662,1075.335693359375,4.0,2024,4.1981964111328125,"{""type"":""Point"",""coordinates"":[35.98690281876544,-0.5380316729686924]}"
927,7.771256446838379,Nakuru,2432.0,24.0,0.4365994036197662,1038.7845458984375,-0.3416299482088289,35.48302411521153,0.5559252500534058,1113.7188720703125,4.0,2024,7.771256446838379,"{""type"":""Point"",""coordinates"":[35.48302411521153,-0.3416299482088289]}"
930,6.694369316101074,Nakuru,2167.0,19.943477630615234,0.2772418260574341,1194.8536376953125,-0.2897202817681785,35.905191431332426,0.4672829806804657,952.6629638671876,4.0,2024,6.694369316101074,"{""type"":""Point"",""coordinates"":[35.905191431332426,-0.28972028176817854]}"
941,6.741523265838623,Nakuru,2514.0,20.752174377441406,0.297789454460144,923.3309936523438,-0.1854215132021728,35.70958829098927,0.4903083443641662,1134.2620849609375,4.0,2024,6.741523265838623,"{""type"":""Point"",""coordinates"":[35.70958829098927,-0.18542151320217282]}"
945,7.296942710876465,Nakuru,2585.0,21.991304397583008,0.4410389363765716,831.6529541015625,-0.3750396263786964,35.5795797398684,0.5769988298416138,967.619384765625,4.0,2024,7.296942710876465,"{""type"":""Point"",""coordinates"":[35.5795797398684,-0.3750396263786964]}"
948,6.76999044418335,Nakuru,1882.0,20.36956596374512,0.3406337797641754,1366.1861572265625,-0.2611722850445397,36.11406042331521,0.5171895027160645,791.0906982421875,4.0,2024,6.76999044418335,"{""type"":""Point"",""coordinates"":[36.11406042331521,-0.26117228504453976]}"
949,5.764195442199707,Nakuru,2166.0,22.356521606445312,0.3644064366817474,1301.215087890625,-0.3796667878795887,35.96937636856232,0.6131229400634766,936.8294677734376,4.0,2024,5.764195442199707,"{""type"":""Point"",""coordinates"":[35.96937636856232,-0.3796667878795887]}"
950,6.490650653839111,Nakuru,2094.0,21.943477630615234,0.3044694364070892,1489.7117919921875,-0.3392042257318425,35.98070843547888,0.4980817139148712,949.3353881835938,1.0,2024,6.490650653839111,"{""type"":""Point"",""coordinates"":[35.98070843547888,-0.3392042257318425]}"
955,4.1743903160095215,Nakuru,2016.0,21.81739044189453,0.3506954908370971,1477.1676025390625,-0.703525591446895,36.25079909870217,0.5277748703956604,733.573974609375,4.0,2024,4.1743903160095215,"{""type"":""Point"",""coordinates"":[36.25079909870217,-0.703525591446895]}"
956,3.929420709609986,Nakuru,1915.0,21.491304397583008,0.3319193124771118,1484.5091552734375,-0.5119416020636602,36.072835052561445,0.5199446678161621,751.40087890625,4.0,2024,3.929420709609986,"{""type"":""Point"",""coordinates"":[36.072835052561445,-0.5119416020636602]}"
958,5.318542003631592,Nakuru,2699.0,20.795652389526367,0.3524777591228485,893.533935546875,-0.3051136312105368,35.64438571941979,0.5097754597663879,952.67431640625,4.0,2024,5.318542003631592,"{""type"":""Point"",""coordinates"":[35.64438571941979,-0.30511363121053686]}"
965,6.297623634338379,Nakuru,2011.0,21.947826385498047,0.3721532523632049,1359.44580078125,-0.1900004165219119,36.1401489335749,0.5534541606903076,1036.1998291015625,1.0,2024,6.297623634338379,"{""type"":""Point"",""coordinates"":[36.1401489335749,-0.19000041652191196]}"
977,4.514800548553467,Nakuru,2582.0,22.947826385498047,0.336899846792221,924.5313110351562,-0.3307327109313517,35.792283985529146,0.4979434013366699,1103.1356201171875,4.0,2024,4.514800548553467,"{""type"":""Point"",""coordinates"":[35.792283985529146,-0.33073271093135176]}"
978,5.038768768310547,Nakuru,2364.0,22.31739044189453,0.34256711602211,922.11181640625,-0.3866560894852212,35.91457592776686,0.5559964179992676,1046.51220703125,4.0,2024,5.038768768310547,"{""type"":""Point"",""coordinates"":[35.91457592776686,-0.3866560894852212]}"
983,6.800315380096436,Nakuru,2509.0,20.84782600402832,0.3126725554466247,923.3309936523438,-0.1991175925557055,35.71209705534221,0.5354008078575134,1134.2620849609375,4.0,2024,6.800315380096436,"{""type"":""Point"",""coordinates"":[35.71209705534221,-0.19911759255570555]}"
984,3.666358232498169,Nakuru,2307.0,22.178260803222656,0.4098069965839386,945.5843505859376,-0.8436231632708577,36.51006104154902,0.5712460875511169,1194.972900390625,4.0,2024,3.666358232498169,"{""type"":""Point"",""coordinates"":[36.51006104154902,-0.8436231632708577]}"
986,5.49174690246582,Nakuru,2033.0,21.169565200805664,0.4428170323371887,1328.98974609375,-0.588096529595851,36.28628212767263,0.6361390948295593,641.4832763671875,4.0,2024,5.49174690246582,"{""type"":""Point"",""coordinates"":[36.28628212767263,-0.588096529595851]}"
987,4.051234245300293,Nakuru,1851.0,21.05652236938477,0.3082131743431091,1484.5091552734375,-0.5138228969587048,36.09201369758126,0.4832254946231842,751.40087890625,4.0,2024,4.051234245300293,"{""type"":""Point"",""coordinates"":[36.09201369758126,-0.5138228969587048]}"
988,5.632937431335449,Nakuru,1954.0,21.856521606445312,0.4259882271289825,1330.85302734375,-0.7769596586116009,36.44513918786212,0.5491634607315063,1032.5670166015625,4.0,2024,5.632937431335449,"{""type"":""Point"",""coordinates"":[36.44513918786212,-0.7769596586116009]}"
991,2.985252857208252,Nakuru,2827.0,23.356521606445312,0.3110489249229431,705.083251953125,-0.4035033265245604,35.79290698786626,0.5320019125938416,1132.7265625,4.0,2024,2.985252857208252,"{""type"":""Point"",""coordinates"":[35.79290698786626,-0.40350332652456045]}"
993,5.284770011901856,Nakuru,2719.0,22.395652770996094,0.3491934239864349,758.80322265625,-0.3162120954398255,35.68890359009242,0.5088571310043335,1003.6137084960938,4.0,2024,5.284770011901856,"{""type"":""Point"",""coordinates"":[35.68890359009242,-0.31621209543982554]}"
1000,6.834674835205078,Nakuru,2009.0,20.56521797180176,0.3278920650482178,1489.7117919921875,-0.2927908881939869,35.99554030475407,0.539649248123169,955.322509765625,4.0,2024,6.834674835205078,"{""type"":""Point"",""coordinates"":[35.99554030475407,-0.2927908881939869]}"
1007,4.149043083190918,Nakuru,2153.0,21.8869571685791,0.3183223307132721,945.5843505859376,-0.7721100934767625,36.49721991543122,0.5352685451507568,895.4133911132812,4.0,2024,4.149043083190918,"{""type"":""Point"",""coordinates"":[36.497219915431224,-0.7721100934767625]}"
1028,6.22240161895752,Nakuru,2188.0,23.443477630615234,0.2787619829177856,922.11181640625,-0.3539428121020447,35.93462065175742,0.4789363145828247,1046.51220703125,4.0,2024,6.22240161895752,"{""type"":""Point"",""coordinates"":[35.93462065175742,-0.3539428121020447]}"
1032,6.241286277770996,Nakuru,2009.0,22.643478393554688,0.3236488401889801,1609.933837890625,-0.2187600935331524,36.0061000129186,0.5368648767471313,871.6436767578125,4.0,2024,6.241286277770996,"{""type"":""Point"",""coordinates"":[36.0061000129186,-0.2187600935331524]}"
1038,5.604329109191895,Nakuru,1523.0,17.291303634643555,0.4469383955001831,1620.4278564453125,0.054914688283091,36.170195152233056,0.6317763924598694,843.6861572265625,1.0,2024,5.604329109191895,"{""type"":""Point"",""coordinates"":[36.170195152233056,0.054914688283091095]}"
1042,3.688166379928589,Nakuru,1968.0,24.38260841369629,0.3579850792884826,1484.5091552734375,-0.5453935480742331,36.08356786500155,0.5241266489028931,751.40087890625,1.0,2024,3.688166379928589,"{""type"":""Point"",""coordinates"":[36.08356786500155,-0.5453935480742331]}"
1058,5.043328285217285,Nakuru,1737.0,18.88260841369629,0.2621608674526214,1258.922119140625,0.1396287303711712,36.25431580805368,0.4083428084850311,825.3482055664062,4.0,2024,5.043328285217285,"{""type"":""Point"",""coordinates"":[36.25431580805368,0.1396287303711712]}"
1061,6.281753063201904,Nakuru,2650.0,21.59130477905273,0.2905586361885071,923.3309936523438,-0.2234035622606149,35.69417485635795,0.3882153928279876,1002.68896484375,4.0,2024,6.281753063201904,"{""type"":""Point"",""coordinates"":[35.69417485635795,-0.22340356226061495]}"
1062,3.849825382232666,Nakuru,2144.0,21.93913078308105,0.3767891228199005,1109.161865234375,-0.8823971109869969,36.49986115174243,0.5476279854774475,1032.9967041015625,4.0,2024,3.849825382232666,"{""type"":""Point"",""coordinates"":[36.49986115174243,-0.8823971109869969]}"
1067,4.34821081161499,Nakuru,2348.0,20.826086044311523,0.2658675611019134,1088.5662841796875,-0.087437472602605,36.18291072961396,0.4066669344902038,980.36962890625,1.0,2024,4.34821081161499,"{""type"":""Point"",""coordinates"":[36.18291072961396,-0.08743747260260508]}"
1068,4.730000972747803,Nakuru,1614.0,15.882608413696287,0.1820493042469024,1915.0673828125,0.0057323231345416,36.037429681034624,0.2644908130168915,810.364990234375,1.0,2024,4.730000972747803,"{""type"":""Point"",""coordinates"":[36.037429681034624,0.005732323134541633]}"
1072,5.790204048156738,Nakuru,1703.0,16.80434799194336,0.2147605121135711,1523.544189453125,-0.1050243244276169,36.06532084969983,0.3845685124397278,902.1099243164062,1.0,2024,5.790204048156738,"{""type"":""Point"",""coordinates"":[36.06532084969983,-0.10502432442761696]}"
1077,3.986362934112549,Nakuru,2550.0,21.5217399597168,0.3226027488708496,822.3162231445312,-0.4963521569797502,35.94962257861282,0.4896373152732849,1193.9844970703125,4.0,2024,3.986362934112549,"{""type"":""Point"",""coordinates"":[35.94962257861282,-0.49635215697975027]}"
1085,2.948723793029785,Nakuru,2641.0,21.22608757019043,0.2463306635618209,801.3780517578125,-0.5944458056845932,36.01634397020467,0.4441693425178528,956.3734130859376,4.0,2024,2.948723793029785,"{""type"":""Point"",""coordinates"":[36.01634397020467,-0.5944458056845932]}"
1086,4.4420013427734375,Nakuru,1886.0,23.31739044189453,0.1109035313129425,1310.0338134765625,-0.721039854075573,36.39287849205744,0.0643736347556114,913.4369506835938,4.0,2024,4.4420013427734375,"{""type"":""Point"",""coordinates"":[36.39287849205744,-0.721039854075573]}"
1090,6.594672679901123,Nakuru,1991.0,20.752174377441406,0.3204712867736816,1489.7117919921875,-0.3159506744113416,36.00476205443984,0.5257126092910767,767.5543212890625,4.0,2024,6.594672679901123,"{""type"":""Point"",""coordinates"":[36.00476205443984,-0.31595067441134167]}"
1092,6.729825019836426,Nakuru,1870.0,18.7391300201416,-0.3511062562465668,1366.1861572265625,-0.2691779439189681,36.11838069851775,0.269582450389862,791.0906982421875,4.0,2024,6.729825019836426,"{""type"":""Point"",""coordinates"":[36.11838069851775,-0.2691779439189681]}"
1093,5.948378562927246,Nakuru,1981.0,20.865217208862305,0.3655568659305572,1308.805908203125,-0.5391445372453503,36.332425335877446,0.509272575378418,595.9387817382812,4.0,2024,5.948378562927246,"{""type"":""Point"",""coordinates"":[36.332425335877446,-0.5391445372453503]}"
1096,3.864924669265747,Nakuru,2205.0,21.38260841369629,0.3924074172973633,957.3016967773438,-0.6503626609778455,36.474843933351146,0.554839015007019,1018.88525390625,4.0,2024,3.864924669265747,"{""type"":""Point"",""coordinates"":[36.474843933351146,-0.6503626609778455]}"
1108,4.253541946411133,Nakuru,1956.0,21.7391300201416,0.3447460532188415,1078.94775390625,-0.5635415874953181,36.12711584202976,0.5222043395042419,768.9725952148438,4.0,2024,4.253541946411133,"{""type"":""Point"",""coordinates"":[36.12711584202976,-0.5635415874953181]}"
1112,7.453824996948242,Nakuru,2586.0,21.76956558227539,0.4198155999183655,831.6529541015625,-0.3619685962153913,35.56636548954516,0.5431594848632812,967.619384765625,4.0,2024,7.453824996948242,"{""type"":""Point"",""coordinates"":[35.566365489545156,-0.36196859621539135]}"
1113,3.8697006702423096,Nakuru,2849.0,21.59130477905273,0.2653881013393402,600.9398193359375,-0.6697057549485181,35.97360692966314,0.4456677436828613,1057.2928466796875,4.0,2024,3.8697006702423096,"{""type"":""Point"",""coordinates"":[35.97360692966314,-0.6697057549485181]}"
1114,5.109042167663574,Nakuru,2675.0,19.74347877502441,0.3351131677627563,758.80322265625,-0.3209658134566861,35.73096442209885,0.4604933559894562,1122.4949951171875,4.0,2024,5.109042167663574,"{""type"":""Point"",""coordinates"":[35.73096442209885,-0.3209658134566861]}"
1116,6.60741138458252,Nakuru,1834.0,19.299999237060547,0.3184732496738434,1427.7750244140625,-0.1579724201676841,35.94318705447388,0.4835308790206909,885.2904052734375,1.0,2024,6.60741138458252,"{""type"":""Point"",""coordinates"":[35.94318705447388,-0.15797242016768412]}"
1117,3.715650796890259,Nakuru,2287.0,22.31304359436035,0.358646810054779,945.5843505859376,-0.7550442386727676,36.50559476787527,0.4991471767425537,1115.2738037109375,4.0,2024,3.715650796890259,"{""type"":""Point"",""coordinates"":[36.50559476787527,-0.7550442386727676]}"
1120,4.364048957824707,Nakuru,2554.0,22.68695640563965,0.2948538362979889,1090.254150390625,-0.5303779275017357,35.97070854970232,0.4739073514938354,1075.335693359375,4.0,2024,4.364048957824707,"{""type"":""Point"",""coordinates"":[35.97070854970232,-0.5303779275017357]}"
1128,3.840887546539306,Nakuru,2189.0,22.69130516052246,0.3427076041698456,1131.45849609375,-0.9106397964109696,36.217975724269365,0.4655540883541107,1086.8748779296875,4.0,2024,3.840887546539306,"{""type"":""Point"",""coordinates"":[36.217975724269365,-0.9106397964109697]}"
1137,5.278262138366699,Nakuru,2402.0,24.017391204833984,0.3444789946079254,922.11181640625,-0.3612460574092267,35.89051756387398,0.5427185297012329,1100.89599609375,4.0,2024,5.278262138366699,"{""type"":""Point"",""coordinates"":[35.89051756387398,-0.3612460574092267]}"
1145,6.108975887298584,Nakuru,2209.0,20.60869598388672,0.2128912508487701,1301.215087890625,-0.3647930813115825,35.95003013319234,0.4250551164150238,936.8294677734376,4.0,2024,6.108975887298584,"{""type"":""Point"",""coordinates"":[35.95003013319234,-0.3647930813115825]}"
1151,7.318740367889404,Nakuru,2491.0,23.45652198791504,0.4556323289871216,1038.7845458984375,-0.3027552005046841,35.49405293217993,0.4619092941284179,1113.7188720703125,1.0,2024,7.318740367889404,"{""type"":""Point"",""coordinates"":[35.49405293217993,-0.30275520050468413]}"
1152,4.388084888458252,Nakuru,1842.0,20.33478355407715,0.3430966734886169,1484.5091552734375,-0.5219104975129462,36.14642321029617,0.4977638125419616,675.6139526367188,4.0,2024,4.388084888458252,"{""type"":""Point"",""coordinates"":[36.14642321029617,-0.5219104975129462]}"
1166,6.394397735595703,Nakuru,2736.0,22.947826385498047,0.3130511045455932,976.3455810546876,-0.1414841396318686,35.71777656086439,0.4770252108573913,1246.947265625,4.0,2024,6.394397735595703,"{""type"":""Point"",""coordinates"":[35.71777656086439,-0.1414841396318686]}"
1168,7.181322574615479,Nakuru,2130.0,22.626087188720703,0.3603697121143341,924.5313110351562,-0.2543396290477739,35.8347515682828,0.5634729266166687,1008.7403564453124,4.0,2024,7.181322574615479,"{""type"":""Point"",""coordinates"":[35.8347515682828,-0.2543396290477739]}"
1171,5.592543601989746,Nakuru,1988.0,21.26956558227539,0.2679471969604492,1330.85302734375,-0.8005527928203056,36.445477632477086,0.3111602663993835,958.63525390625,6.0,2024,5.592543601989746,"{""type"":""Point"",""coordinates"":[36.445477632477086,-0.8005527928203056]}"
1182,5.860486507415772,Nakuru,2566.0,22.30869483947754,0.4279880225658417,694.8674926757812,-0.4450987060973937,35.66145815898884,0.6569873690605164,977.9506225585938,4.0,2024,5.860486507415772,"{""type"":""Point"",""coordinates"":[35.66145815898884,-0.4450987060973937]}"
1192,6.520900249481201,Nakuru,1874.0,18.339130401611328,0.4146099388599396,1366.1861572265625,-0.2853981432953115,36.12868128467404,0.5038790702819824,791.0906982421875,4.0,2024,6.520900249481201,"{""type"":""Point"",""coordinates"":[36.12868128467404,-0.2853981432953115]}"
1195,3.8760628700256343,Nakuru,2294.0,23.36956596374512,0.423748105764389,1131.45849609375,-0.9061572494581568,36.205948051390266,0.6392441987991333,1086.8748779296875,4.0,2024,3.8760628700256343,"{""type"":""Point"",""coordinates"":[36.205948051390266,-0.9061572494581568]}"
1198,7.544405937194824,Nakuru,1848.0,19.452173233032227,0.429715633392334,1611.68310546875,-0.1442208860138884,35.86565728286352,0.6424027681350708,850.9305419921875,1.0,2024,7.544405937194824,"{""type"":""Point"",""coordinates"":[35.865657282863516,-0.14422088601388847]}"
1200,4.0749030113220215,Nakuru,1836.0,21.252174377441406,0.3064413070678711,1484.5091552734375,-0.502554082360125,36.08497293885286,0.4779878258705139,751.40087890625,4.0,2024,4.0749030113220215,"{""type"":""Point"",""coordinates"":[36.08497293885286,-0.502554082360125]}"
1209,5.377790451049805,Nakuru,2018.0,21.23043441772461,0.3369127511978149,945.5843505859376,-0.8036347580293035,36.45632937451234,0.4703655540943146,946.1964111328124,6.0,2024,5.377790451049805,"{""type"":""Point"",""coordinates"":[36.45632937451234,-0.8036347580293035]}"
1212,3.940556049346924,Nakuru,2133.0,22.169565200805664,0.2941106855869293,1109.161865234375,-0.8827644286895859,36.48716451598425,0.4612732529640198,1032.9967041015625,4.0,2024,3.940556049346924,"{""type"":""Point"",""coordinates"":[36.48716451598425,-0.8827644286895859]}"
1214,5.412116050720215,Nakuru,2394.0,21.721738815307617,0.308617353439331,922.11181640625,-0.3584302521214357,35.89390997096283,0.5291993021965027,1100.89599609375,4.0,2024,5.412116050720215,"{""type"":""Point"",""coordinates"":[35.89390997096283,-0.3584302521214357]}"
1215,2.8314247131347656,Nakuru,2470.0,22.55652236938477,0.4320547878742218,931.31884765625,-0.6645141219963395,36.51219990452989,0.5676136612892151,1155.636474609375,4.0,2024,2.8314247131347656,"{""type"":""Point"",""coordinates"":[36.51219990452989,-0.6645141219963395]}"
1226,4.863720417022705,Nakuru,1570.0,16.017391204833984,0.2436972558498382,1915.0673828125,0.0033554741401269,36.01885582074457,0.3701212108135223,810.364990234375,1.0,2024,4.863720417022705,"{""type"":""Point"",""coordinates"":[36.01885582074457,0.0033554741401269697]}"
1228,5.450160980224609,Nakuru,2382.0,22.62173843383789,0.3422064483165741,922.11181640625,-0.3511195371765091,35.88602871664697,0.6039310097694397,1100.89599609375,4.0,2024,5.450160980224609,"{""type"":""Point"",""coordinates"":[35.88602871664697,-0.3511195371765091]}"
1234,3.975794315338135,Nakuru,2371.0,22.26956558227539,0.3233592212200165,1090.254150390625,-0.472720767817781,35.96532004597253,0.448107361793518,1038.897705078125,4.0,2024,3.975794315338135,"{""type"":""Point"",""coordinates"":[35.96532004597253,-0.472720767817781]}"
1235,6.904941082000732,Nakuru,2118.0,22.23043441772461,0.2180664241313934,1194.8536376953125,-0.2791167538993603,35.94030819409783,0.3926936388015747,952.6629638671876,1.0,2024,6.904941082000732,"{""type"":""Point"",""coordinates"":[35.94030819409783,-0.27911675389936036]}"
1237,2.5765788555145264,Nakuru,2336.0,24.234783172607425,0.381304383277893,931.31884765625,-0.7447741597338381,36.53066688105724,0.6539972424507141,1146.4976806640625,4.0,2024,2.5765788555145264,"{""type"":""Point"",""coordinates"":[36.53066688105724,-0.7447741597338381]}"
1241,3.661179780960083,Nakuru,2544.0,22.704347610473636,0.3644648492336273,922.11181640625,-0.405784755363795,35.882099068069124,0.5465821027755737,1174.0662841796875,4.0,2024,3.661179780960083,"{""type"":""Point"",""coordinates"":[35.882099068069124,-0.40578475536379505]}"
1246,6.248717784881592,Nakuru,2061.0,20.90434837341309,0.3184622228145599,1489.7117919921875,-0.3445092132882513,35.99545922792215,0.5158050656318665,949.3353881835938,1.0,2024,6.248717784881592,"{""type"":""Point"",""coordinates"":[35.99545922792215,-0.3445092132882513]}"
1271,5.253576755523682,Nakuru,2163.0,21.595651626586918,0.3371562361717224,1380.60546875,-0.6022725785612192,36.20664591948392,0.5149902105331421,1139.589599609375,4.0,2024,5.253576755523682,"{""type"":""Point"",""coordinates"":[36.20664591948392,-0.6022725785612192]}"
1274,5.151973724365234,Nakuru,2351.0,22.73043441772461,0.2875328361988067,922.11181640625,-0.3808163322706991,35.909426688715726,0.539726972579956,1046.51220703125,4.0,2024,5.151973724365234,"{""type"":""Point"",""coordinates"":[35.909426688715726,-0.3808163322706991]}"
1281,5.345138549804688,Nakuru,2057.0,21.339130401611328,0.3184219300746918,1301.215087890625,-0.3840447142477596,36.000454375732524,0.5225008726119995,798.239501953125,4.0,2024,5.345138549804688,"{""type"":""Point"",""coordinates"":[36.000454375732524,-0.3840447142477596]}"
1287,3.726450920104981,Nakuru,2036.0,26.33478355407715,0.4182434678077698,1132.2017822265625,-0.7592685552830487,36.195210149550334,0.595034122467041,976.1364135742188,4.0,2024,3.726450920104981,"{""type"":""Point"",""coordinates"":[36.195210149550334,-0.7592685552830487]}"
1288,6.186522483825684,Nakuru,2254.0,23.7608699798584,0.3482953608036041,1194.8536376953125,-0.316798589202996,35.88843378174957,0.5340888500213623,979.8775024414062,4.0,2024,6.186522483825684,"{""type"":""Point"",""coordinates"":[35.88843378174957,-0.31679858920299603]}"
1303,5.03643798828125,Nakuru,1690.0,16.708696365356445,0.250613659620285,1772.97216796875,-0.0205366599996962,36.13623586643606,0.4476616680622101,806.2922973632812,1.0,2024,5.03643798828125,"{""type"":""Point"",""coordinates"":[36.13623586643606,-0.02053665999969626]}"
1309,6.670053005218506,Nakuru,1876.0,20.104347229003903,0.3891813158988952,1489.7117919921875,-0.2827575284295209,36.03300615114392,0.5817046761512756,796.8777465820312,1.0,2024,6.670053005218506,"{""type"":""Point"",""coordinates"":[36.033006151143915,-0.28275752842952095]}"
1320,4.914341926574707,Nakuru,1905.0,22.16521644592285,0.3321960866451263,1380.60546875,-0.5577075377150881,36.18816701873136,0.5073922276496887,720.8082275390625,4.0,2024,4.914341926574707,"{""type"":""Point"",""coordinates"":[36.18816701873136,-0.5577075377150881]}"
1325,4.695224285125732,Nakuru,2143.0,21.80869483947754,0.2967310845851898,945.5843505859376,-0.7985815570958826,36.48305071683977,0.493403285741806,895.4133911132812,6.0,2024,4.695224285125732,"{""type"":""Point"",""coordinates"":[36.48305071683977,-0.7985815570958826]}"
1340,5.627200126647949,Nakuru,2341.0,23.17391395568848,0.3347958922386169,1194.8536376953125,-0.3402639015347244,35.88241244961585,0.5501134395599365,979.8775024414062,4.0,2024,5.627200126647949,"{""type"":""Point"",""coordinates"":[35.88241244961585,-0.34026390153472447]}"
1341,6.164349555969238,Nakuru,2237.0,23.63478279113769,0.3653873205184936,1194.8536376953125,-0.3113122451979542,35.879289822866575,0.5612384676933289,979.8775024414062,4.0,2024,6.164349555969238,"{""type"":""Point"",""coordinates"":[35.879289822866575,-0.3113122451979542]}"
1344,6.247807502746582,Nakuru,2037.0,25.34782600402832,0.390037477016449,1609.933837890625,-0.2221498133444712,36.0145128984543,0.6027359962463379,871.6436767578125,4.0,2024,6.247807502746582,"{""type"":""Point"",""coordinates"":[36.0145128984543,-0.22214981334447126]}"
1354,4.050745964050293,Nakuru,2300.0,24.63478279113769,0.2715601027011871,1090.254150390625,-0.4658453537311981,35.974839277094546,0.4356204569339752,1038.897705078125,4.0,2024,4.050745964050293,"{""type"":""Point"",""coordinates"":[35.974839277094546,-0.4658453537311981]}"
1358,6.040424346923828,Nakuru,2331.0,23.669565200805664,0.3814216554164886,1022.1509399414062,-0.1271606727375928,35.620129172255574,0.449471116065979,1044.670654296875,1.0,2024,6.040424346923828,"{""type"":""Point"",""coordinates"":[35.620129172255574,-0.12716067273759288]}"
1367,5.608987331390381,Nakuru,2698.0,19.495651245117188,0.31300750374794,694.8674926757812,-0.3809432466275047,35.65408329079711,0.4946835935115814,1036.11962890625,4.0,2024,5.608987331390381,"{""type"":""Point"",""coordinates"":[35.65408329079711,-0.3809432466275047]}"
1368,5.335633754730225,Nakuru,1994.0,22.278261184692383,0.3543765544891357,1401.8802490234375,0.0244875709165824,36.22494352221489,0.545910656452179,1000.578369140625,1.0,2024,5.335633754730225,"{""type"":""Point"",""coordinates"":[36.22494352221489,0.024487570916582428]}"
1372,4.116716384887695,Nakuru,1833.0,20.43913078308105,0.303562730550766,1484.5091552734375,-0.4985999703129548,36.087997624574605,0.4555009305477142,764.689208984375,4.0,2024,4.116716384887695,"{""type"":""Point"",""coordinates"":[36.087997624574605,-0.49859997031295483]}"
1374,5.2468461990356445,Nakuru,2462.0,24.660869598388672,0.3805868625640869,1380.60546875,-0.6205798591068427,36.22661955270598,0.5571871399879456,1139.589599609375,4.0,2024,5.2468461990356445,"{""type"":""Point"",""coordinates"":[36.22661955270598,-0.6205798591068427]}"
1378,3.773322582244873,Nakuru,2133.0,22.11739158630371,0.3757033348083496,1109.161865234375,-0.8882826217369492,36.51413069751977,0.5428170561790466,1136.390625,4.0,2024,3.773322582244873,"{""type"":""Point"",""coordinates"":[36.51413069751977,-0.8882826217369492]}"
1379,6.990687370300293,Nakuru,2611.0,20.208696365356445,0.281990498304367,893.533935546875,-0.3278366892222042,35.556297540375006,0.3396039605140686,1015.4908447265624,4.0,2024,6.990687370300293,"{""type"":""Point"",""coordinates"":[35.556297540375006,-0.3278366892222042]}"
1382,4.866943836212158,Nakuru,2088.0,21.80869483947754,0.3743882179260254,931.31884765625,-0.741777959398201,36.47407003144527,0.4821774065494537,1042.134521484375,4.0,2024,4.866943836212158,"{""type"":""Point"",""coordinates"":[36.474070031445265,-0.741777959398201]}"
1385,5.7583184242248535,Nakuru,2178.0,21.96086883544922,0.4281984269618988,1293.6524658203125,-0.4407200834610942,36.32689551367493,0.6315680146217346,741.7913208007812,4.0,2024,5.7583184242248535,"{""type"":""Point"",""coordinates"":[36.32689551367493,-0.4407200834610942]}"
1389,4.188372611999512,Nakuru,1950.0,25.669565200805664,0.3935532867908478,1171.51220703125,-0.6277433284977497,36.43176707771847,0.5958981513977051,724.528564453125,1.0,2024,4.188372611999512,"{""type"":""Point"",""coordinates"":[36.43176707771847,-0.6277433284977497]}"
1394,3.689864873886109,Nakuru,2655.0,23.986955642700195,0.3543236553668976,705.083251953125,-0.3734037826227661,35.842444990913364,0.5993533134460449,1137.972900390625,4.0,2024,3.689864873886109,"{""type"":""Point"",""coordinates"":[35.842444990913364,-0.3734037826227661]}"
1395,4.079901695251465,Nakuru,1993.0,22.60869598388672,0.3164815604686737,1484.5091552734375,-0.4650778900350558,36.05735100565651,0.5012767910957336,764.689208984375,1.0,2024,4.079901695251465,"{""type"":""Point"",""coordinates"":[36.05735100565651,-0.4650778900350558]}"
1397,7.767839431762695,Nakuru,1919.0,23.08695602416992,0.1185601353645324,1129.3472900390625,-0.1942690466753704,35.83075336869972,0.4963302910327911,930.6578369140624,4.0,2024,7.767839431762695,"{""type"":""Point"",""coordinates"":[35.83075336869972,-0.1942690466753704]}"
1402,4.986328125,Nakuru,2768.0,21.104347229003903,0.4019917249679565,769.656982421875,-0.6644942059829602,35.93139708802388,0.5703376531600952,996.2274780273438,4.0,2024,4.986328125,"{""type"":""Point"",""coordinates"":[35.93139708802388,-0.6644942059829602]}"
1403,7.502846717834473,Nakuru,1962.0,20.28260803222656,0.3311811685562134,1129.3472900390625,-0.2249485509058604,35.84435567569071,0.5081813931465149,932.405517578125,4.0,2024,7.502846717834473,"{""type"":""Point"",""coordinates"":[35.84435567569071,-0.22494855090586044]}"
1410,3.661491870880127,Nakuru,2067.0,25.856521606445312,0.2810131013393402,1132.2017822265625,-0.7582074898632932,36.18892742998822,0.4368261694908142,976.1364135742188,4.0,2024,3.661491870880127,"{""type"":""Point"",""coordinates"":[36.18892742998822,-0.7582074898632932]}"
1415,5.744935035705566,Nakuru,2648.0,20.83478355407715,0.3370123207569122,893.533935546875,-0.3096932023315223,35.60151711147866,0.4501081705093384,952.67431640625,4.0,2024,5.744935035705566,"{""type"":""Point"",""coordinates"":[35.60151711147866,-0.3096932023315223]}"
1419,5.524669647216797,Nakuru,2387.0,22.31739044189453,0.3063663840293884,922.11181640625,-0.3546504860797843,35.89356994769732,0.539299726486206,1100.89599609375,4.0,2024,5.524669647216797,"{""type"":""Point"",""coordinates"":[35.89356994769732,-0.35465048607978433]}"
1421,5.55375862121582,Nakuru,2506.0,24.37826156616211,0.4049029350280761,891.9224243164062,-0.6071859532876849,35.67078139343406,0.5905197262763977,995.0520629882812,4.0,2024,5.55375862121582,"{""type"":""Point"",""coordinates"":[35.67078139343406,-0.6071859532876849]}"
1422,4.649142742156982,Nakuru,2408.0,21.700000762939453,0.3154479265213012,922.11181640625,-0.389831582572907,35.90111808054682,0.5444446802139282,1046.51220703125,4.0,2024,4.649142742156982,"{""type"":""Point"",""coordinates"":[35.90111808054682,-0.38983158257290706]}"
1423,6.360546112060547,Nakuru,2579.0,21.61739158630371,0.3232669234275818,923.3309936523438,-0.2067000292545373,35.69228772238869,0.4944945871829986,1002.68896484375,4.0,2024,6.360546112060547,"{""type"":""Point"",""coordinates"":[35.69228772238869,-0.20670002925453737]}"
1433,5.473803520202637,Nakuru,1554.0,18.17391395568848,0.3514787256717682,1620.4278564453125,0.0806042490358316,36.17876418990061,0.5436238646507263,843.6861572265625,1.0,2024,5.473803520202637,"{""type"":""Point"",""coordinates"":[36.17876418990061,0.08060424903583166]}"
1434,5.900445938110352,Nakuru,2646.0,21.339130401611328,0.3453217446804046,923.3309936523438,-0.2319732868006587,35.68144049570625,0.5295801758766174,1002.68896484375,4.0,2024,5.900445938110352,"{""type"":""Point"",""coordinates"":[35.68144049570625,-0.23197328680065876]}"
1447,5.51452112197876,Nakuru,1708.0,19.24347877502441,0.3176264464855194,1523.544189453125,-0.0839993581116049,36.09174557807564,0.4900522232055664,789.4463500976562,1.0,2024,5.51452112197876,"{""type"":""Point"",""coordinates"":[36.09174557807564,-0.08399935811160499]}"
1460,4.394832611083984,Nakuru,2027.0,20.50434875488281,0.2755382061004638,1301.215087890625,-0.41716031943013,36.0297732082676,0.4549857676029205,828.8031005859375,1.0,2024,4.394832611083984,"{""type"":""Point"",""coordinates"":[36.0297732082676,-0.41716031943013]}"
1464,3.414158582687378,Nakuru,2739.0,20.84347915649414,0.3799221813678741,705.083251953125,-0.3640066849494731,35.773968039617785,0.5525106191635132,1214.5709228515625,4.0,2024,3.414158582687378,"{""type"":""Point"",""coordinates"":[35.773968039617785,-0.36400668494947314]}"
1473,5.744478225708008,Nakuru,1953.0,21.447826385498047,0.4214009642601013,1163.2713623046875,-0.5430358273625812,36.352305421549374,0.5932289361953735,691.9712524414062,4.0,2024,5.744478225708008,"{""type"":""Point"",""coordinates"":[36.352305421549374,-0.5430358273625812]}"
1477,7.066652297973633,Nakuru,2089.0,20.57391357421875,0.3140615224838257,1194.8536376953125,-0.2575209253694537,35.85188731560985,0.4646803140640259,920.227783203125,4.0,2024,7.066652297973633,"{""type"":""Point"",""coordinates"":[35.85188731560985,-0.25752092536945376]}"
1481,4.619173526763916,Nakuru,2117.0,21.57826042175293,0.3373503088951111,945.5843505859376,-0.7628232113636205,36.48454171279656,0.5418980121612549,895.4133911132812,4.0,2024,4.619173526763916,"{""type"":""Point"",""coordinates"":[36.484541712796556,-0.7628232113636205]}"
1486,4.525937080383301,Nakuru,2023.0,21.669565200805664,0.3191880583763122,1078.94775390625,-0.5873600584747538,36.1391701109907,0.484996885061264,768.9725952148438,4.0,2024,4.525937080383301,"{""type"":""Point"",""coordinates"":[36.1391701109907,-0.5873600584747538]}"
1487,4.593191146850586,Nakuru,2073.0,21.930435180664062,0.3755268454551697,931.31884765625,-0.6809578443207476,36.45774743240244,0.5668237209320068,1014.9779052734376,4.0,2024,4.593191146850586,"{""type"":""Point"",""coordinates"":[36.45774743240244,-0.6809578443207476]}"
1493,3.6733338832855225,Nakuru,1962.0,23.752174377441406,0.403068870306015,1132.2017822265625,-0.7786958279864727,36.21075701060466,0.5553286075592041,760.7749633789062,4.0,2024,3.6733338832855225,"{""type"":""Point"",""coordinates"":[36.21075701060466,-0.7786958279864727]}"
1496,4.119479179382324,Nakuru,2679.0,24.395652770996094,0.3611161112785339,792.1693115234375,-0.4897495590786691,35.74864280936811,0.5503849387168884,1076.4185791015625,4.0,2024,4.119479179382324,"{""type"":""Point"",""coordinates"":[35.74864280936811,-0.4897495590786691]}"
1507,4.2173357009887695,Nakuru,1849.0,20.700000762939453,0.2846775352954864,1484.5091552734375,-0.5185625173588775,36.11699973403382,0.4284983873367309,675.6139526367188,1.0,2024,4.2173357009887695,"{""type"":""Point"",""coordinates"":[36.11699973403382,-0.5185625173588775]}"
1510,5.604245185852051,Nakuru,1960.0,21.856521606445312,0.3135686814785003,1330.85302734375,-0.7766793397824981,36.44758557838289,0.4232648611068725,1032.5670166015625,4.0,2024,5.604245185852051,"{""type"":""Point"",""coordinates"":[36.44758557838289,-0.7766793397824981]}"
1511,5.15571403503418,Nakuru,1785.0,20.46521759033203,0.3146862387657165,1523.544189453125,-0.0719056143277227,36.13023290092524,0.4505157470703125,875.034912109375,4.0,2024,5.15571403503418,"{""type"":""Point"",""coordinates"":[36.130232900925236,-0.0719056143277227]}"
1515,7.685513496398926,Nakuru,2186.0,21.995651245117188,0.3730674982070923,1129.3472900390625,-0.2006640672480335,35.7814728167108,0.5152642130851746,1037.336181640625,1.0,2024,7.685513496398926,"{""type"":""Point"",""coordinates"":[35.7814728167108,-0.2006640672480335]}"
1518,4.783411502838135,Nakuru,1718.0,16.365217208862305,0.2527796328067779,1772.97216796875,-0.0087356546730956,36.075249259072,0.3863025605678558,836.5701293945312,4.0,2024,4.783411502838135,"{""type"":""Point"",""coordinates"":[36.075249259072,-0.008735654673095668]}"
1523,6.635563850402832,Nakuru,1848.0,23.58695602416992,0.3645452857017517,1489.7117919921875,-0.2927929248193286,36.03136981652106,0.5014132857322693,796.8777465820312,4.0,2024,6.635563850402832,"{""type"":""Point"",""coordinates"":[36.03136981652106,-0.29279292481932867]}"
1525,6.9055681228637695,Nakuru,2040.0,21.71739196777344,0.3287913501262665,1194.8536376953125,-0.2606790956162214,35.89234817534878,0.5176664590835571,920.227783203125,1.0,2024,6.9055681228637695,"{""type"":""Point"",""coordinates"":[35.89234817534878,-0.26067909561622143]}"
1528,6.773612976074219,Nakuru,1890.0,20.6130428314209,0.3095780313014984,1366.1861572265625,-0.260030994292761,36.12989257309855,0.4970078766345978,791.0906982421875,4.0,2024,6.773612976074219,"{""type"":""Point"",""coordinates"":[36.129892573098545,-0.260030994292761]}"
1535,4.632316589355469,Nakuru,2228.0,23.395652770996094,0.3183634579181671,1088.5662841796875,-0.1393465477416981,36.17363767914279,0.4910846948623657,1048.4423828125,1.0,2024,4.632316589355469,"{""type"":""Point"",""coordinates"":[36.17363767914279,-0.1393465477416981]}"
1536,6.268294334411621,Nakuru,1752.0,17.643478393554688,0.2276337891817093,1772.631103515625,-0.1314352669077834,35.97284277556033,0.3566182255744934,848.7538452148438,4.0,2024,6.268294334411621,"{""type"":""Point"",""coordinates"":[35.97284277556033,-0.1314352669077834]}"
1550,6.201009273529053,Nakuru,2011.0,20.604347229003903,0.2969698905944824,1489.7117919921875,-0.3365508200052591,36.010024076391794,0.5076096653938293,767.5543212890625,4.0,2024,6.201009273529053,"{""type"":""Point"",""coordinates"":[36.010024076391794,-0.3365508200052591]}"
1564,4.186882495880127,Nakuru,2170.0,23.821739196777344,0.2570953071117401,1090.254150390625,-0.4516650860842398,35.99903790380708,0.4312865138053894,1038.897705078125,4.0,2024,4.186882495880127,"{""type"":""Point"",""coordinates"":[35.99903790380708,-0.45166508608423983]}"
1565,7.214124202728271,Nakuru,1851.0,19.5217399597168,0.3259686827659607,1427.7750244140625,-0.1618385303585691,35.900061553262844,0.5464059114456177,873.606201171875,1.0,2024,7.214124202728271,"{""type"":""Point"",""coordinates"":[35.900061553262844,-0.16183853035856913]}"
1568,5.096832275390625,Nakuru,1770.0,19.443477630615234,0.3244157135486603,1523.544189453125,-0.0660944307906313,36.13255386823863,0.5109769105911255,875.034912109375,4.0,2024,5.096832275390625,"{""type"":""Point"",""coordinates"":[36.13255386823863,-0.06609443079063133]}"
1569,4.152491569519043,Nakuru,2548.0,22.365217208862305,0.4106936752796173,792.1693115234375,-0.5361021103926817,35.68294217593501,0.5607831478118896,959.3286743164062,4.0,2024,4.152491569519043,"{""type"":""Point"",""coordinates"":[35.68294217593501,-0.5361021103926817]}"
1573,5.674477577209473,Nakuru,2224.0,22.21739196777344,0.3502246141433716,1293.6524658203125,-0.4270561667707502,36.30154804143712,0.5372252464294434,741.7913208007812,1.0,2024,5.674477577209473,"{""type"":""Point"",""coordinates"":[36.301548041437115,-0.42705616677075026]}"
1576,5.354562759399414,Nakuru,2733.0,21.46086883544922,0.4628081023693084,694.8674926757812,-0.3999947100551228,35.68004961939718,0.5989874601364136,977.9506225585938,4.0,2024,5.354562759399414,"{""type"":""Point"",""coordinates"":[35.68004961939718,-0.3999947100551228]}"
1577,4.135767459869385,Nakuru,1949.0,21.856521606445312,0.323550283908844,1078.94775390625,-0.5589368148333448,36.11978916592164,0.4819270670413971,768.9725952148438,4.0,2024,4.135767459869385,"{""type"":""Point"",""coordinates"":[36.11978916592164,-0.5589368148333448]}"
1588,4.03387975692749,Nakuru,1533.0,18.669565200805664,0.4193229079246521,1915.0673828125,0.0455916768716325,35.95514231917438,0.6212592124938965,785.2053833007812,1.0,2024,4.03387975692749,"{""type"":""Point"",""coordinates"":[35.95514231917438,0.045591676871632535]}"
1593,2.863924503326416,Nakuru,2492.0,22.856521606445312,0.5216236114501953,931.31884765625,-0.695947221054641,36.515628895586445,0.6691368222236633,1155.636474609375,4.0,2024,2.863924503326416,"{""type"":""Point"",""coordinates"":[36.515628895586445,-0.695947221054641]}"
1599,4.781167030334473,Nakuru,2448.0,22.66521644592285,0.3355592787265777,922.11181640625,-0.3800948609352442,35.8936356073776,0.588533341884613,1100.89599609375,4.0,2024,4.781167030334473,"{""type"":""Point"",""coordinates"":[35.8936356073776,-0.3800948609352442]}"
1600,3.800598382949829,Nakuru,1963.0,22.27391242980957,0.2596151530742645,1132.2017822265625,-0.7605179345900414,36.20421704618708,0.3733789920806885,760.7749633789062,4.0,2024,3.800598382949829,"{""type"":""Point"",""coordinates"":[36.204217046187075,-0.7605179345900414]}"
1603,5.3873491287231445,Nakuru,2687.0,19.765216827392575,0.2971858978271484,694.8674926757812,-0.4275486832460117,35.684158383427906,0.4665842354297638,977.9506225585938,4.0,2024,5.3873491287231445,"{""type"":""Point"",""coordinates"":[35.684158383427906,-0.4275486832460117]}"
1604,7.008437633514404,Nakuru,2122.0,20.799999237060547,0.3552204370498657,924.5313110351562,-0.2618623516706575,35.84844119364157,0.52670818567276,1008.7403564453124,4.0,2024,7.008437633514404,"{""type"":""Point"",""coordinates"":[35.84844119364157,-0.2618623516706575]}"
1613,4.371716976165772,Nakuru,2479.0,22.96956443786621,0.252227246761322,976.3455810546876,-0.0587530611591293,35.65452291708999,0.4253108501434326,1155.217529296875,4.0,2024,4.371716976165772,"{""type"":""Point"",""coordinates"":[35.65452291708999,-0.058753061159129365]}"
1615,4.43697452545166,Nakuru,1899.0,22.53043556213379,0.378764271736145,1171.51220703125,-0.6241860418058056,36.3637488587168,0.4838815331459045,635.6214599609375,4.0,2024,4.43697452545166,"{""type"":""Point"",""coordinates"":[36.363748858716804,-0.6241860418058056]}"
1617,5.40196704864502,Nakuru,2303.0,21.508695602416992,0.4016216993331909,922.11181640625,-0.3846521755715668,35.931043605443904,0.6397064924240112,1046.51220703125,4.0,2024,5.40196704864502,"{""type"":""Point"",""coordinates"":[35.931043605443904,-0.3846521755715668]}"
1620,3.623873710632324,Nakuru,1923.0,22.68260955810547,0.6589049696922302,1477.1676025390625,-0.7072863520458896,36.307955080963296,0.7648269534111023,970.3798828125,1.0,2024,3.623873710632324,"{""type"":""Point"",""coordinates"":[36.307955080963296,-0.7072863520458896]}"
1629,4.770412445068359,Nakuru,1918.0,21.947826385498047,0.3439798653125763,1380.60546875,-0.555079537417361,36.17458029929534,0.5227929353713989,720.8082275390625,4.0,2024,4.770412445068359,"{""type"":""Point"",""coordinates"":[36.17458029929534,-0.555079537417361]}"
1635,7.679379463195801,Nakuru,2535.0,23.06521797180176,0.4189014136791229,831.6529541015625,-0.4400113089116371,35.58601133538738,0.5701940059661865,892.9230346679688,4.0,2024,7.679379463195801,"{""type"":""Point"",""coordinates"":[35.58601133538738,-0.44001130891163714]}"
1644,4.127633571624756,Nakuru,2018.0,23.704347610473636,0.3004369437694549,1599.727294921875,-0.4428837231603385,36.05824257121613,0.4870853722095489,814.7531127929688,1.0,2024,4.127633571624756,"{""type"":""Point"",""coordinates"":[36.058242571216134,-0.4428837231603385]}"
1647,4.957231998443604,Nakuru,1617.0,16.904348373413086,0.2859163582324981,1772.97216796875,-0.0180749620032169,36.12820344654709,0.4404454231262207,806.2922973632812,1.0,2024,4.957231998443604,"{""type"":""Point"",""coordinates"":[36.12820344654709,-0.01807496200321699]}"
1648,3.0436851978302,Nakuru,2730.0,22.495651245117188,0.3911817073822021,705.083251953125,-0.3819354065800706,35.8172642662854,0.551978349685669,1137.972900390625,4.0,2024,3.0436851978302,"{""type"":""Point"",""coordinates"":[35.8172642662854,-0.38193540658007064]}"
1652,5.687375545501709,Nakuru,1986.0,21.77391242980957,0.3105148375034332,1143.9588623046875,-0.2839668063064583,36.1970350580195,0.4690811932086944,896.1743774414062,4.0,2024,5.687375545501709,"{""type"":""Point"",""coordinates"":[36.1970350580195,-0.2839668063064583]}"
1663,5.774578094482422,Nakuru,1993.0,20.860870361328125,0.3095172345638275,1620.4278564453125,0.0538685918268209,36.19852354899948,0.479182630777359,843.6861572265625,1.0,2024,5.774578094482422,"{""type"":""Point"",""coordinates"":[36.198523548999475,0.05386859182682098]}"
1664,5.429255962371826,Nakuru,2029.0,21.626087188720703,0.3460282683372497,1163.2713623046875,-0.5238347655935759,36.3787905299785,0.516385555267334,691.9712524414062,4.0,2024,5.429255962371826,"{""type"":""Point"",""coordinates"":[36.3787905299785,-0.5238347655935759]}"
1668,4.163426876068115,Nakuru,1934.0,22.204347610473636,0.243166372179985,1109.161865234375,-0.9450204711973558,36.50758781591106,0.3625895082950592,1141.9552001953125,4.0,2024,4.163426876068115,"{""type"":""Point"",""coordinates"":[36.50758781591106,-0.9450204711973558]}"
1677,3.520462274551392,Nakuru,2017.0,23.008695602416992,0.388389378786087,1132.2017822265625,-0.8114166525373431,36.209709335134136,0.5724300742149353,886.7838134765625,4.0,2024,3.520462274551392,"{""type"":""Point"",""coordinates"":[36.209709335134136,-0.8114166525373431]}"
1682,5.996458530426025,Nakuru,2653.0,20.321739196777344,0.2742528319358825,923.3309936523438,-0.2289468492263492,35.684490808825096,0.4440367519855499,1002.68896484375,4.0,2024,5.996458530426025,"{""type"":""Point"",""coordinates"":[35.684490808825096,-0.2289468492263492]}"
1687,5.86861515045166,Nakuru,2635.0,20.865217208862305,0.3736440539360046,694.8674926757812,-0.4223543480952652,35.6573338447906,0.5390947461128235,977.9506225585938,4.0,2024,5.86861515045166,"{""type"":""Point"",""coordinates"":[35.6573338447906,-0.42235434809526523]}"
1689,6.938750267028809,Nakuru,2032.0,20.78695678710937,0.2583170533180237,1194.8536376953125,-0.2545532043342086,35.90199578109901,0.4117960929870605,952.6629638671876,4.0,2024,6.938750267028809,"{""type"":""Point"",""coordinates"":[35.90199578109901,-0.2545532043342086]}"
1690,5.994328498840332,Nakuru,2333.0,22.491304397583008,0.2565551996231079,1194.8536376953125,-0.3441449848582705,35.9058353804822,0.4356791377067566,982.5396118164062,4.0,2024,5.994328498840332,"{""type"":""Point"",""coordinates"":[35.9058353804822,-0.34414498485827055]}"
1697,8.064838409423828,Nakuru,2503.0,24.6130428314209,0.5178317427635193,932.83642578125,-0.4407693464475254,35.538069669354215,0.5994649529457092,920.1461791992188,4.0,2024,8.064838409423828,"{""type"":""Point"",""coordinates"":[35.538069669354215,-0.44076934644752547]}"
1700,4.348817825317383,Nakuru,1859.0,21.50434875488281,0.2808164656162262,1484.5091552734375,-0.5277059790180755,36.13854394158184,0.4241012930870056,675.6139526367188,4.0,2024,4.348817825317383,"{""type"":""Point"",""coordinates"":[36.13854394158184,-0.5277059790180755]}"
1714,4.041374206542969,Nakuru,2582.0,21.360870361328125,0.310301125049591,801.3780517578125,-0.5733657629191042,35.98522995685302,0.4801665246486664,1120.51123046875,4.0,2024,4.041374206542969,"{""type"":""Point"",""coordinates"":[35.98522995685302,-0.5733657629191042]}"
1716,6.158241748809815,Nakuru,2012.0,20.43913078308105,0.3710669279098511,1308.805908203125,-0.4874248249437008,36.33234114464997,0.5499680042266846,663.8724365234375,4.0,2024,6.158241748809815,"{""type"":""Point"",""coordinates"":[36.33234114464997,-0.4874248249437008]}"
1719,5.8874125480651855,Nakuru,1996.0,21.947826385498047,0.2070142477750778,1609.933837890625,-0.1682915177235753,36.03513953912172,0.4037621319293976,873.7376708984375,4.0,2024,5.8874125480651855,"{""type"":""Point"",""coordinates"":[36.035139539121715,-0.1682915177235753]}"
1721,6.957352638244629,Nakuru,2383.0,22.160869598388672,0.3565446138381958,924.5313110351562,-0.2644041330674448,35.77886087757054,0.5616526007652283,1059.924072265625,4.0,2024,6.957352638244629,"{""type"":""Point"",""coordinates"":[35.77886087757054,-0.26440413306744487]}"
1730,3.587641477584839,Nakuru,1565.0,18.130434036254883,0.3213734328746795,1829.679931640625,0.0849366651236946,35.940196311028345,0.5186946392059326,849.2327270507812,1.0,2024,3.587641477584839,"{""type"":""Point"",""coordinates"":[35.940196311028345,0.08493666512369465]}"
1737,6.760550022125244,Nakuru,1900.0,19.047826766967773,0.3019999265670776,1366.1861572265625,-0.2597094281955919,36.13571044858337,0.4363009929656982,791.0906982421875,1.0,2024,6.760550022125244,"{""type"":""Point"",""coordinates"":[36.13571044858337,-0.25970942819559195]}"
1738,5.247138977050781,Nakuru,2748.0,22.747825622558597,0.2851487398147583,758.80322265625,-0.3325841786851027,35.67583850726242,0.3963806927204132,1003.6137084960938,4.0,2024,5.247138977050781,"{""type"":""Point"",""coordinates"":[35.67583850726242,-0.33258417868510276]}"
1739,6.568324089050293,Nakuru,2615.0,21.81739044189453,0.2772885262966156,893.533935546875,-0.3164724215384089,35.56490242518549,0.405285507440567,1015.4908447265624,4.0,2024,6.568324089050293,"{""type"":""Point"",""coordinates"":[35.56490242518549,-0.3164724215384089]}"
1746,7.337060451507568,Nakuru,1911.0,18.952173233032227,0.2759977579116821,1270.390380859375,-0.1176435701506764,35.82978172976783,0.4595856666564941,910.8822631835938,1.0,2024,7.337060451507568,"{""type"":""Point"",""coordinates"":[35.82978172976783,-0.1176435701506764]}"
1748,6.959056854248047,Nakuru,2016.0,21.639129638671875,0.355774462223053,1194.8536376953125,-0.256977156654583,35.88187442772686,0.5811922550201416,920.227783203125,4.0,2024,6.959056854248047,"{""type"":""Point"",""coordinates"":[35.88187442772686,-0.25697715665458304]}"
1753,5.235726833343506,Nakuru,2739.0,23.0217399597168,0.3335741460323334,758.80322265625,-0.27857263247894,35.653110245713286,0.4330456554889679,1020.0197143554688,4.0,2024,5.235726833343506,"{""type"":""Point"",""coordinates"":[35.653110245713286,-0.27857263247894004]}"
1754,4.751324653625488,Nakuru,1823.0,19.36956596374512,0.3976813852787018,1258.922119140625,0.0998150640960669,36.257012933123846,0.5712018013000488,825.3482055664062,4.0,2024,4.751324653625488,"{""type"":""Point"",""coordinates"":[36.257012933123846,0.09981506409606695]}"
1764,6.229786396026611,Nakuru,2124.0,20.55652236938477,0.3883811831474304,1301.215087890625,-0.356345311290787,35.976565453759726,0.5807592272758484,936.8294677734376,1.0,2024,6.229786396026611,"{""type"":""Point"",""coordinates"":[35.976565453759726,-0.35634531129078706]}"
1773,5.521429061889648,Nakuru,2675.0,19.92173957824707,0.3362190723419189,758.80322265625,-0.2706348834643078,35.676732323603794,0.5623239874839783,1020.0197143554688,4.0,2024,5.521429061889648,"{""type"":""Point"",""coordinates"":[35.676732323603794,-0.27063488346430786]}"
1779,5.245977401733398,Nakuru,1893.0,21.84782600402832,0.2593285143375397,1310.0338134765625,-0.7338910499439818,36.42912011991167,0.3632408082485199,806.1681518554688,4.0,2024,5.245977401733398,"{""type"":""Point"",""coordinates"":[36.429120119911666,-0.7338910499439818]}"
1784,4.67435884475708,Nakuru,2454.0,22.42608642578125,0.3821661174297333,1293.6524658203125,-0.3867500067298182,36.32285660718715,0.5491522550582886,846.8605346679688,1.0,2024,4.67435884475708,"{""type"":""Point"",""coordinates"":[36.32285660718715,-0.3867500067298182]}"
1790,4.149054050445557,Nakuru,2243.0,26.08695602416992,0.3746547102928161,1130.5069580078125,-0.7183521152541125,36.16048537154431,0.5980921983718872,925.4761352539062,4.0,2024,4.149054050445557,"{""type"":""Point"",""coordinates"":[36.16048537154431,-0.7183521152541125]}"
1791,4.601220607757568,Nakuru,1906.0,21.326086044311523,0.3803209960460663,1310.0338134765625,-0.6893850820479664,36.4196519179452,0.525739848613739,770.7598266601562,4.0,2024,4.601220607757568,"{""type"":""Point"",""coordinates"":[36.419651917945195,-0.6893850820479664]}"
1792,3.197713851928711,Nakuru,2420.0,23.30869483947754,0.3960680067539215,1131.45849609375,-0.8716744837787059,36.18117323437754,0.6398196816444397,1031.06005859375,4.0,2024,3.197713851928711,"{""type"":""Point"",""coordinates"":[36.18117323437754,-0.8716744837787059]}"
1793,4.240754127502441,Nakuru,2209.0,21.6130428314209,0.3195567429065704,945.5843505859376,-0.8258310112013412,36.491854273688645,0.4499680399894714,946.1964111328124,4.0,2024,4.240754127502441,"{""type"":""Point"",""coordinates"":[36.491854273688645,-0.8258310112013412]}"
1799,3.1134276390075684,Nakuru,2187.0,22.604347229003903,0.350917786359787,1132.2017822265625,-0.8280517693975123,36.18912924921282,0.5607638359069824,1001.2666015625,4.0,2024,3.1134276390075684,"{""type"":""Point"",""coordinates"":[36.18912924921282,-0.8280517693975123]}"
1803,5.8548970222473145,Nakuru,1851.0,18.908695220947266,0.2917040288448334,1772.631103515625,-0.1400685148790371,36.03855239392673,0.4546946287155151,856.3206787109375,4.0,2024,5.8548970222473145,"{""type"":""Point"",""coordinates"":[36.03855239392673,-0.14006851487903715]}"
1806,5.963319778442383,Nakuru,2647.0,20.22608757019043,0.3499899804592132,758.80322265625,-0.2628817408363485,35.699759856569294,0.5172345042228699,1020.0197143554688,4.0,2024,5.963319778442383,"{""type"":""Point"",""coordinates"":[35.699759856569294,-0.2628817408363485]}"
1813,6.1788434982299805,Nakuru,2605.0,21.19130516052246,0.2619068920612335,923.3309936523438,-0.2326520951198717,35.69361793438753,0.4242578744888305,1002.68896484375,4.0,2024,6.1788434982299805,"{""type"":""Point"",""coordinates"":[35.69361793438753,-0.23265209511987173]}"
1816,5.450505256652832,Nakuru,2381.0,23.082609176635746,0.4052800238132477,1194.8536376953125,-0.3360162001438136,35.87015089711916,0.5917459726333618,979.8775024414062,4.0,2024,5.450505256652832,"{""type"":""Point"",""coordinates"":[35.87015089711916,-0.33601620014381367]}"
1818,5.692594528198242,Nakuru,2239.0,20.130434036254883,0.3433108627796173,922.11181640625,-0.3800532740498879,35.94465414223149,0.5500142574310303,1046.51220703125,4.0,2024,5.692594528198242,"{""type"":""Point"",""coordinates"":[35.94465414223149,-0.3800532740498879]}"
1831,4.589821815490723,Nakuru,1930.0,21.721738815307617,0.3740164637565613,1109.161865234375,-0.9421222080604869,36.54737143492101,0.5688612461090088,1141.9552001953125,4.0,2024,4.589821815490723,"{""type"":""Point"",""coordinates"":[36.54737143492101,-0.9421222080604869]}"
1836,4.300517082214356,Nakuru,1857.0,21.713043212890625,0.2806649208068847,1484.5091552734375,-0.5260893348138915,36.131358946704125,0.4317513704299927,675.6139526367188,4.0,2024,4.300517082214356,"{""type"":""Point"",""coordinates"":[36.131358946704125,-0.5260893348138915]}"
1838,5.673840045928955,Nakuru,2036.0,18.68260955810547,0.3828370571136474,1401.8802490234375,0.0302691989094614,36.211349023170456,0.560623288154602,1000.578369140625,1.0,2024,5.673840045928955,"{""type"":""Point"",""coordinates"":[36.211349023170456,0.030269198909461417]}"
1841,5.333320617675781,Nakuru,1717.0,17.339130401611328,0.3320615589618683,1691.5689697265625,0.1926051949770365,36.23045435048572,0.5121892094612122,790.5244750976562,1.0,2024,5.333320617675781,"{""type"":""Point"",""coordinates"":[36.230454350485715,0.19260519497703657]}"
1845,4.561843395233154,Nakuru,2602.0,23.31739044189453,0.3169794380664825,792.1693115234375,-0.5185944153863999,35.678299119304086,0.4996721744537353,959.3286743164062,4.0,2024,4.561843395233154,"{""type"":""Point"",""coordinates"":[35.678299119304086,-0.5185944153863999]}"
1854,4.279470920562744,Nakuru,1913.0,20.982608795166016,0.4447525441646576,1171.51220703125,-0.6254050810642291,36.40532930678465,0.5427050590515137,724.528564453125,4.0,2024,4.279470920562744,"{""type"":""Point"",""coordinates"":[36.40532930678465,-0.6254050810642291]}"
1855,4.281429290771484,Nakuru,1903.0,20.65217399597168,0.3122128844261169,1171.51220703125,-0.6286707654238723,36.39957626650249,0.46335569024086,635.6214599609375,4.0,2024,4.281429290771484,"{""type"":""Point"",""coordinates"":[36.39957626650249,-0.6286707654238723]}"
1863,4.824429035186768,Nakuru,2461.0,21.791303634643555,0.337363064289093,922.11181640625,-0.3775571852523781,35.89176297679774,0.5700321793556213,1100.89599609375,4.0,2024,4.824429035186768,"{""type"":""Point"",""coordinates"":[35.89176297679774,-0.37755718525237814]}"
1873,6.165597438812256,Nakuru,2064.0,21.734783172607425,0.3192786872386932,1301.215087890625,-0.3537788063369978,35.98820785482663,0.5162621736526489,936.8294677734376,4.0,2024,6.165597438812256,"{""type"":""Point"",""coordinates"":[35.98820785482663,-0.3537788063369978]}"
1874,6.8846964836120605,Nakuru,2513.0,23.67391395568848,0.4275200068950653,967.7295532226562,-0.4703794718083611,35.62430323332716,0.6142409443855286,951.021484375,4.0,2024,6.8846964836120605,"{""type"":""Point"",""coordinates"":[35.62430323332716,-0.47037947180836115]}"
1878,6.105258941650391,Nakuru,2183.0,22.643478393554688,0.3304231166839599,1301.215087890625,-0.3661098034657123,35.95607412238146,0.5704835057258606,936.8294677734376,4.0,2024,6.105258941650391,"{""type"":""Point"",""coordinates"":[35.95607412238146,-0.3661098034657123]}"
1887,4.424808502197266,Nakuru,2035.0,21.547826766967773,0.4621844589710235,1078.94775390625,-0.5862669865839911,36.13375390390936,0.5900944471359253,768.9725952148438,4.0,2024,4.424808502197266,"{""type"":""Point"",""coordinates"":[36.13375390390936,-0.5862669865839911]}"
1888,5.235942840576172,Nakuru,2783.0,21.082609176635746,0.4205539226531982,741.565185546875,-0.6393213072370629,35.89623196384266,0.5028365850448608,889.3338623046875,4.0,2024,5.235942840576172,"{""type"":""Point"",""coordinates"":[35.89623196384266,-0.6393213072370629]}"
1893,5.869744300842285,Nakuru,1961.0,21.052173614501957,0.3580666184425354,1163.2713623046875,-0.5315810183594163,36.35208816658842,0.5083187222480774,691.9712524414062,4.0,2024,5.869744300842285,"{""type"":""Point"",""coordinates"":[36.35208816658842,-0.5315810183594163]}"
1895,4.157046794891357,Nakuru,1931.0,21.43913078308105,0.3378306031227112,1078.94775390625,-0.5502440963424476,36.12095764708414,0.506232738494873,768.9725952148438,4.0,2024,4.157046794891357,"{""type"":""Point"",""coordinates"":[36.12095764708414,-0.5502440963424476]}"
1896,5.976903438568115,Nakuru,1711.0,17.917390823364258,0.3141593635082245,1772.631103515625,-0.1013070966345902,36.013847868869505,0.5032311081886292,856.3206787109375,1.0,2024,5.976903438568115,"{""type"":""Point"",""coordinates"":[36.013847868869505,-0.10130709663459024]}"
1898,5.311877250671387,Nakuru,2279.0,23.11739158630371,0.3129869401454925,1293.6524658203125,-0.4121303531250119,36.31979711834706,0.5213322043418884,741.7913208007812,4.0,2024,5.311877250671387,"{""type"":""Point"",""coordinates"":[36.31979711834706,-0.4121303531250119]}"
1900,4.2644758224487305,Nakuru,1929.0,21.19130516052246,0.3242442011833191,1078.94775390625,-0.5508586533415754,36.12871401703181,0.5343768000602722,768.9725952148438,4.0,2024,4.2644758224487305,"{""type"":""Point"",""coordinates"":[36.12871401703181,-0.5508586533415754]}"
1906,3.904789686203003,Nakuru,1949.0,22.63478279113769,0.3229543566703796,1132.2017822265625,-0.7543467830806144,36.22219605388756,0.4880880415439605,760.7749633789062,4.0,2024,3.904789686203003,"{""type"":""Point"",""coordinates"":[36.22219605388756,-0.7543467830806144]}"
1909,2.58944034576416,Nakuru,2446.0,22.10869598388672,0.3545143008232116,945.5843505859376,-0.7879165223457907,36.537037534747576,0.5085858106613159,1115.2738037109375,4.0,2024,2.58944034576416,"{""type"":""Point"",""coordinates"":[36.537037534747576,-0.7879165223457907]}"
1913,7.767703533172607,Nakuru,1887.0,19.03913116455078,0.303411602973938,1129.3472900390625,-0.1660877392779741,35.84180571319558,0.4515052437782287,930.6578369140624,4.0,2024,7.767703533172607,"{""type"":""Point"",""coordinates"":[35.84180571319558,-0.16608773927797413]}"
1919,5.344093322753906,Nakuru,2712.0,21.74347877502441,0.2694853246212005,893.533935546875,-0.2937855183786127,35.61687640542511,0.3541117310523987,1074.5843505859375,4.0,2024,5.344093322753906,"{""type"":""Point"",""coordinates"":[35.61687640542511,-0.2937855183786127]}"
1925,4.221481800079346,Nakuru,1913.0,21.017391204833984,0.4179334938526153,1310.0338134765625,-0.6527840268176206,36.40144176073311,0.5341295599937439,770.7598266601562,4.0,2024,4.221481800079346,"{""type"":""Point"",""coordinates"":[36.40144176073311,-0.6527840268176206]}"
1932,4.741137504577637,Nakuru,1801.0,20.81304359436035,0.3312140703201294,1118.90576171875,-0.9940051567520568,36.56650757114445,0.4763573706150055,1223.5460205078125,4.0,2024,4.741137504577637,"{""type"":""Point"",""coordinates"":[36.56650757114445,-0.9940051567520568]}"
1933,3.301945209503174,Nakuru,2555.0,21.339130401611328,0.3702408373355865,922.11181640625,-0.4232755661317121,35.890669090971635,0.6387777328491211,1174.0662841796875,4.0,2024,3.301945209503174,"{""type"":""Point"",""coordinates"":[35.890669090971635,-0.4232755661317121]}"
1937,6.530012607574463,Nakuru,2598.0,20.46086883544922,0.3026556968688965,831.6529541015625,-0.3537450436024016,35.59580668396408,0.3936530649662018,967.619384765625,4.0,2024,6.530012607574463,"{""type"":""Point"",""coordinates"":[35.59580668396408,-0.3537450436024016]}"
1946,4.366522789001465,Nakuru,2549.0,21.22608757019043,0.3878777027130127,1090.254150390625,-0.5458993560626789,35.974908647604465,0.6016988754272461,1075.335693359375,4.0,2024,4.366522789001465,"{""type"":""Point"",""coordinates"":[35.974908647604465,-0.5458993560626789]}"
1949,5.241337299346924,Nakuru,2779.0,21.852174758911133,0.3416483700275421,758.80322265625,-0.3413016680699426,35.675004508598704,0.481050580739975,1003.6137084960938,4.0,2024,5.241337299346924,"{""type"":""Point"",""coordinates"":[35.675004508598704,-0.3413016680699426]}"
1955,4.410880565643311,Nakuru,2279.0,20.7391300201416,0.2383785992860794,1088.5662841796875,-0.053326405710596,36.21187396532064,0.4020434319972992,1058.868408203125,1.0,2024,4.410880565643311,"{""type"":""Point"",""coordinates"":[36.21187396532064,-0.05332640571059603]}"
1956,4.166678428649902,Nakuru,2652.0,21.86956596374512,0.4512051343917846,792.1693115234375,-0.4918065765915882,35.707772303744854,0.5964987874031067,1076.4185791015625,4.0,2024,4.166678428649902,"{""type"":""Point"",""coordinates"":[35.707772303744854,-0.4918065765915882]}"
1959,3.241394519805908,Nakuru,2580.0,22.03913116455078,0.3179503083229065,792.1693115234375,-0.531230254291768,35.72164381607394,0.5448178052902222,1020.6693115234376,4.0,2024,3.241394519805908,"{""type"":""Point"",""coordinates"":[35.72164381607394,-0.531230254291768]}"
1961,6.224732398986816,Nakuru,2653.0,20.88260841369629,0.3248683512210846,893.533935546875,-0.3149020541781823,35.58011726576703,0.4333397150039673,1015.4908447265624,4.0,2024,6.224732398986816,"{""type"":""Point"",""coordinates"":[35.58011726576703,-0.31490205417818234]}"
1967,6.747424602508545,Nakuru,1958.0,19.169565200805664,0.2500493228435516,1359.44580078125,-0.236891100179981,36.11309282141041,0.4229196310043335,946.5303344726562,4.0,2024,6.747424602508545,"{""type"":""Point"",""coordinates"":[36.11309282141041,-0.236891100179981]}"
1974,4.226806163787842,Nakuru,1989.0,21.708696365356445,0.2967880368232727,1109.161865234375,-0.9346705607443891,36.51421369179517,0.4892341792583465,1141.9552001953125,4.0,2024,4.226806163787842,"{""type"":""Point"",""coordinates"":[36.51421369179517,-0.9346705607443893]}"
1976,3.613481998443604,Nakuru,1980.0,23.860870361328125,0.4819435179233551,1132.2017822265625,-0.7784037329301542,36.20414520904957,0.6341136693954468,760.7749633789062,4.0,2024,3.613481998443604,"{""type"":""Point"",""coordinates"":[36.204145209049564,-0.7784037329301542]}"
1980,5.239830017089844,Nakuru,1900.0,22.08695602416992,0.3557002544403076,1620.4278564453125,0.0665535004830159,36.23106749413088,0.616395890712738,890.79541015625,1.0,2024,5.239830017089844,"{""type"":""Point"",""coordinates"":[36.231067494130876,0.0665535004830159]}"
1981,4.096893787384033,Nakuru,1884.0,20.31739044189453,0.3770148754119873,1465.3985595703125,-0.3620979956629341,36.16311242878992,0.5157672762870789,804.6633911132812,4.0,2024,4.096893787384033,"{""type"":""Point"",""coordinates"":[36.16311242878992,-0.36209799566293416]}"
1983,5.8433146476745605,Nakuru,2688.0,22.36956596374512,0.3616345822811126,893.533935546875,-0.3021894878467431,35.58609842398887,0.429625928401947,1015.4908447265624,4.0,2024,5.8433146476745605,"{""type"":""Point"",""coordinates"":[35.58609842398887,-0.30218948784674315]}"
1987,3.31595230102539,Nakuru,2095.0,23.130434036254883,0.3618649542331695,1132.2017822265625,-0.8092018252905248,36.19712265084684,0.5400597453117371,1001.2666015625,4.0,2024,3.31595230102539,"{""type"":""Point"",""coordinates"":[36.19712265084684,-0.8092018252905248]}"
1988,3.6358084678649902,Nakuru,1992.0,22.30869483947754,0.4209553301334381,1132.2017822265625,-0.797291060056156,36.22326405108754,0.5756502747535706,760.7749633789062,4.0,2024,3.6358084678649902,"{""type"":""Point"",""coordinates"":[36.22326405108754,-0.797291060056156]}"
1992,6.959259033203125,Nakuru,2589.0,22.83478355407715,0.3591116368770599,831.6529541015625,-0.4009100002051509,35.60233090313152,0.4578593671321869,923.7847290039062,4.0,2024,6.959259033203125,"{""type"":""Point"",""coordinates"":[35.60233090313152,-0.40091000020515094]}"
2002,4.2952880859375,Nakuru,2270.0,27.19565200805664,0.5559110045433044,727.6731567382812,-0.6982237895126778,36.142924903070885,0.661662757396698,1053.457763671875,4.0,2024,4.2952880859375,"{""type"":""Point"",""coordinates"":[36.142924903070885,-0.6982237895126778]}"
2010,3.186741828918457,Nakuru,2762.0,22.126087188720703,0.2180406600236892,705.083251953125,-0.3965885739563431,35.8443624331922,0.3214369416236877,1137.972900390625,7.0,2024,3.186741828918457,"{""type"":""Point"",""coordinates"":[35.8443624331922,-0.39658857395634317]}"
2011,3.745837688446045,Nakuru,2143.0,22.100000381469727,0.4013036787509918,1109.161865234375,-0.8897633242270014,36.52020801982119,0.5657848119735718,1136.390625,4.0,2024,3.745837688446045,"{""type"":""Point"",""coordinates"":[36.52020801982119,-0.8897633242270014]}"
2014,4.04754114151001,Nakuru,1877.0,23.473913192749023,0.2845236361026764,1484.5091552734375,-0.4922720246663768,36.07044849463777,0.4524064362049103,764.689208984375,1.0,2024,4.04754114151001,"{""type"":""Point"",""coordinates"":[36.07044849463777,-0.4922720246663768]}"
2025,5.293168544769287,Nakuru,2724.0,20.22608757019043,0.3023085594177246,758.80322265625,-0.297570650568094,35.655264419938845,0.4041712582111358,1020.0197143554688,4.0,2024,5.293168544769287,"{""type"":""Point"",""coordinates"":[35.655264419938845,-0.29757065056809406]}"
2027,4.270489692687988,Nakuru,2041.0,20.91304397583008,0.3138365149497986,1301.215087890625,-0.4295589532592119,36.02938665068781,0.4987296760082245,828.8031005859375,1.0,2024,4.270489692687988,"{""type"":""Point"",""coordinates"":[36.02938665068781,-0.42955895325921195]}"
2030,6.873881816864014,Nakuru,2122.0,21.747825622558597,0.3146232664585113,1489.7117919921875,-0.3092896224501901,35.96898219013276,0.5427020788192749,949.3353881835938,4.0,2024,6.873881816864014,"{""type"":""Point"",""coordinates"":[35.968982190132756,-0.3092896224501901]}"
2040,6.890425682067871,Nakuru,2113.0,21.126087188720703,0.3667533099651336,1489.7117919921875,-0.2705289563430154,35.96542230141712,0.5680041909217834,955.322509765625,4.0,2024,6.890425682067871,"{""type"":""Point"",""coordinates"":[35.96542230141712,-0.2705289563430154]}"
2041,4.570851802825928,Nakuru,2466.0,25.7608699798584,0.3674383461475372,727.6731567382812,-0.6796643623772717,36.14484416634261,0.585691511631012,1053.457763671875,4.0,2024,4.570851802825928,"{""type"":""Point"",""coordinates"":[36.14484416634261,-0.6796643623772717]}"
2046,6.046169281005859,Nakuru,2468.0,22.24347877502441,0.3045620322227478,924.5313110351562,-0.2962090089090188,35.78837326299215,0.5387176871299744,1059.924072265625,4.0,2024,6.046169281005859,"{""type"":""Point"",""coordinates"":[35.78837326299215,-0.2962090089090188]}"
2066,6.629116535186768,Nakuru,1640.0,17.826086044311523,0.2721546292304992,1611.68310546875,-0.0669323198490777,35.93813003351215,0.4654254913330078,805.4788818359375,1.0,2024,6.629116535186768,"{""type"":""Point"",""coordinates"":[35.93813003351215,-0.06693231984907773]}"
2075,5.334885597229004,Nakuru,1718.0,17.547826766967773,0.3274481892585754,1691.5689697265625,0.1830763287816625,36.23609090627331,0.5408799648284912,790.5244750976562,1.0,2024,5.334885597229004,"{""type"":""Point"",""coordinates"":[36.23609090627331,0.18307632878166258]}"
2077,3.7564661502838135,Nakuru,1988.0,21.80869483947754,0.3656513094902038,1477.1676025390625,-0.684767419751666,36.32321576744381,0.5414388179779053,602.62158203125,1.0,2024,3.7564661502838135,"{""type"":""Point"",""coordinates"":[36.32321576744381,-0.684767419751666]}"
2084,6.122014999389648,Nakuru,1748.0,17.660869598388672,0.2502823173999786,1772.631103515625,-0.1275562302679616,35.988175044043444,0.3757551610469818,848.7538452148438,1.0,2024,6.122014999389648,"{""type"":""Point"",""coordinates"":[35.988175044043444,-0.12755623026796162]}"
2086,5.969378471374512,Nakuru,1938.0,20.700000762939453,0.4157167971134186,1609.933837890625,-0.1774184580791021,36.005193801866,0.6304431557655334,873.7376708984375,1.0,2024,5.969378471374512,"{""type"":""Point"",""coordinates"":[36.005193801866,-0.17741845807910211]}"
2088,4.1711249351501465,Nakuru,1906.0,23.365217208862305,0.281095415353775,1171.51220703125,-0.641422612104994,36.38016036725716,0.4486248195171356,635.6214599609375,1.0,2024,4.1711249351501465,"{""type"":""Point"",""coordinates"":[36.380160367257155,-0.641422612104994]}"
2090,7.126409530639648,Nakuru,2272.0,23.365217208862305,0.3694420754909515,924.5313110351562,-0.2612383461202082,35.80912888172412,0.6378960013389587,1008.7403564453124,4.0,2024,7.126409530639648,"{""type"":""Point"",""coordinates"":[35.80912888172412,-0.26123834612020824]}"
2091,5.287168025970459,Nakuru,2742.0,20.265216827392575,0.3814424872398376,758.80322265625,-0.3227838540580784,35.669951546335646,0.5224000811576843,1003.6137084960938,4.0,2024,5.287168025970459,"{""type"":""Point"",""coordinates"":[35.669951546335646,-0.3227838540580784]}"
2097,5.220893859863281,Nakuru,1666.0,16.92173957824707,0.2031839787960052,1523.544189453125,-0.0559276306561025,36.08404722025925,0.3487219214439392,789.4463500976562,1.0,2024,5.220893859863281,"{""type"":""Point"",""coordinates"":[36.08404722025925,-0.055927630656102505]}"
2107,7.104213714599609,Nakuru,2606.0,21.6130428314209,0.357932835817337,831.6529541015625,-0.4256616467132442,35.605831395117114,0.5250147581100464,923.7847290039062,4.0,2024,7.104213714599609,"{""type"":""Point"",""coordinates"":[35.605831395117114,-0.42566164671324425]}"
2110,4.698002815246582,Nakuru,1872.0,22.1130428314209,0.2560112178325653,1521.494384765625,-0.5363673483083375,36.18315333412369,0.3947064578533172,658.0870361328125,4.0,2024,4.698002815246582,"{""type"":""Point"",""coordinates"":[36.18315333412369,-0.5363673483083375]}"
2112,7.194680690765381,Nakuru,1906.0,19.669565200805664,0.3077819943428039,1270.390380859375,-0.1076484499240054,35.84256562048469,0.4863136410713196,910.8822631835938,4.0,2024,7.194680690765381,"{""type"":""Point"",""coordinates"":[35.84256562048469,-0.10764844992400546]}"
2113,5.219470024108887,Nakuru,2244.0,21.582609176635746,0.2820547223091125,1380.60546875,-0.610088348869554,36.1967302290113,0.4811342060565948,972.7747802734376,4.0,2024,5.219470024108887,"{""type"":""Point"",""coordinates"":[36.1967302290113,-0.610088348869554]}"
2125,4.548973560333252,Nakuru,2545.0,21.78695678710937,0.2714509963989258,924.5313110351562,-0.3491188738748562,35.84710892579415,0.4374421238899231,1082.4827880859375,4.0,2024,4.548973560333252,"{""type"":""Point"",""coordinates"":[35.84710892579415,-0.34911887387485624]}"
2130,6.8906965255737305,Nakuru,2096.0,25.34347915649414,0.2436296343803405,1194.8536376953125,-0.2642056000113376,35.932383702465145,0.4156694412231445,952.6629638671876,1.0,2024,6.8906965255737305,"{""type"":""Point"",""coordinates"":[35.932383702465145,-0.26420560001133764]}"
2135,6.142972946166992,Nakuru,2019.0,22.291303634643555,0.362673282623291,1609.933837890625,-0.2120431961107327,36.01608423843086,0.5474399328231812,871.6436767578125,4.0,2024,6.142972946166992,"{""type"":""Point"",""coordinates"":[36.01608423843086,-0.21204319611073272]}"
2144,6.46934700012207,Nakuru,2582.0,21.03913116455078,0.3776303231716156,923.3309936523438,-0.1566622319826446,35.70159572970873,0.4848510324954986,1134.2620849609375,4.0,2024,6.46934700012207,"{""type"":""Point"",""coordinates"":[35.70159572970873,-0.1566622319826446]}"
2149,3.163404941558838,Nakuru,2767.0,21.917390823364254,0.2052086293697357,705.083251953125,-0.3952573224701828,35.84028897477392,0.4071946740150451,1137.972900390625,4.0,2024,3.163404941558838,"{""type"":""Point"",""coordinates"":[35.84028897477392,-0.39525732247018286]}"
2150,4.783292293548584,Nakuru,1870.0,21.38260841369629,0.3057518005371094,1118.90576171875,-0.9597844475875376,36.56574646273392,0.500360369682312,1223.5460205078125,4.0,2024,4.783292293548584,"{""type"":""Point"",""coordinates"":[36.56574646273392,-0.9597844475875377]}"
2153,4.600858211517334,Nakuru,2792.0,21.39130401611328,0.2174306511878967,801.3780517578125,-0.5673645583791563,35.96070871917144,0.3782408833503723,1120.51123046875,4.0,2024,4.600858211517334,"{""type"":""Point"",""coordinates"":[35.960708719171436,-0.5673645583791563]}"
2155,5.802730560302734,Nakuru,1895.0,21.55652236938477,0.3054654002189636,1401.8802490234375,0.0471143024248697,36.186993249367646,0.4762515425682068,1108.340087890625,1.0,2024,5.802730560302734,"{""type"":""Point"",""coordinates"":[36.186993249367646,0.047114302424869754]}"
2159,4.5553741455078125,Nakuru,2159.0,22.178260803222656,0.3185022473335266,945.5843505859376,-0.8128541398822793,36.48431862022412,0.454046368598938,946.1964111328124,6.0,2024,4.5553741455078125,"{""type"":""Point"",""coordinates"":[36.484318620224116,-0.8128541398822793]}"
2170,3.3143422603607178,Nakuru,2393.0,22.026086807250977,0.4207572042942047,945.5843505859376,-0.8404348350816384,36.52233496987614,0.5925278067588806,1194.972900390625,4.0,2024,3.3143422603607178,"{""type"":""Point"",""coordinates"":[36.52233496987614,-0.8404348350816384]}"
2175,4.826579570770264,Nakuru,2738.0,21.052173614501957,0.2955195009708404,769.656982421875,-0.6748991097715309,35.94089142021144,0.3751906752586365,996.2274780273438,7.0,2024,4.826579570770264,"{""type"":""Point"",""coordinates"":[35.940891420211436,-0.6748991097715309]}"
2177,6.31346607208252,Nakuru,2570.0,20.252174377441406,0.2281436175107956,923.3309936523438,-0.1523112013112678,35.67214594054017,0.4078757762908935,1025.3524169921875,4.0,2024,6.31346607208252,"{""type"":""Point"",""coordinates"":[35.67214594054017,-0.1523112013112678]}"
2179,6.277434825897217,Nakuru,2543.0,21.326086044311523,0.2638853192329407,923.3309936523438,-0.157958116121623,35.66816096016016,0.3983592689037323,1025.3524169921875,4.0,2024,6.277434825897217,"{""type"":""Point"",""coordinates"":[35.66816096016016,-0.15795811612162305]}"
2187,5.89198112487793,Nakuru,2115.0,22.96956443786621,0.3888281285762787,925.9317626953124,-0.2050215473978854,36.17515708404493,0.5920212864875793,1032.5887451171875,1.0,2024,5.89198112487793,"{""type"":""Point"",""coordinates"":[36.17515708404493,-0.20502154739788547]}"
2192,3.9853689670562735,Nakuru,1910.0,23.830434799194336,0.3786157369613647,1310.0338134765625,-0.6678799695458552,36.38059739273901,0.5811618566513062,681.583740234375,1.0,2024,3.9853689670562735,"{""type"":""Point"",""coordinates"":[36.38059739273901,-0.6678799695458552]}"
2197,5.871824264526367,Nakuru,2644.0,22.46956443786621,0.3588504791259765,694.8674926757812,-0.4137834911557309,35.65331609625879,0.4797987639904022,977.9506225585938,4.0,2024,5.871824264526367,"{""type"":""Point"",""coordinates"":[35.65331609625879,-0.4137834911557309]}"
2201,3.9862890243530273,Nakuru,1532.0,19.43478202819824,0.3872880935668945,1915.0673828125,0.0477597817039509,35.9520438318167,0.5786308646202087,785.2053833007812,1.0,2024,3.9862890243530273,"{""type"":""Point"",""coordinates"":[35.9520438318167,0.0477597817039509]}"
2207,7.355961799621582,Nakuru,1851.0,19.547826766967773,0.3211923241615295,1611.68310546875,-0.1191935365711127,35.86429141372408,0.5219569802284241,850.9305419921875,1.0,2024,7.355961799621582,"{""type"":""Point"",""coordinates"":[35.86429141372408,-0.1191935365711127]}"
2216,5.873971939086914,Nakuru,2186.0,22.39130401611328,0.3705951571464538,1301.215087890625,-0.375711348725742,35.95812666352043,0.5449812412261963,936.8294677734376,4.0,2024,5.873971939086914,"{""type"":""Point"",""coordinates"":[35.95812666352043,-0.375711348725742]}"
2217,6.85213565826416,Nakuru,1718.0,18.59130477905273,0.2913077473640442,1611.68310546875,-0.1043423901996745,35.925034566781086,0.4819113612174988,822.0833129882812,1.0,2024,6.85213565826416,"{""type"":""Point"",""coordinates"":[35.925034566781086,-0.10434239019967452]}"
2218,5.33832311630249,Nakuru,1698.0,17.68695640563965,0.3424996733665466,1523.544189453125,-0.0727147315525431,36.09757273760727,0.4813297390937805,789.4463500976562,1.0,2024,5.33832311630249,"{""type"":""Point"",""coordinates"":[36.09757273760727,-0.0727147315525431]}"
2234,4.986503601074219,Nakuru,1584.0,15.908695220947266,0.2848874926567077,1915.0673828125,-0.006599435357485,36.03190959331835,0.4378253519535064,755.9357299804688,4.0,2024,4.986503601074219,"{""type"":""Point"",""coordinates"":[36.03190959331835,-0.006599435357485087]}"
2241,6.83649492263794,Nakuru,2473.0,23.082609176635746,0.497827798128128,967.7295532226562,-0.5089237511292278,35.62492132224076,0.7027058005332947,935.2456665039062,4.0,2024,6.83649492263794,"{""type"":""Point"",""coordinates"":[35.62492132224076,-0.5089237511292278]}"
2244,3.482749938964844,Nakuru,2581.0,23.07391357421875,0.3439298272132873,801.3780517578125,-0.5716546354150128,36.00910384443173,0.5455358028411865,956.3734130859376,4.0,2024,3.482749938964844,"{""type"":""Point"",""coordinates"":[36.00910384443173,-0.5716546354150128]}"
2250,4.75188684463501,Nakuru,2025.0,20.68695640563965,0.3074793219566345,1301.215087890625,-0.3992457880319549,36.020886818826405,0.4954815804958343,798.239501953125,1.0,2024,4.75188684463501,"{""type"":""Point"",""coordinates"":[36.020886818826405,-0.39924578803195493]}"
2255,4.2701263427734375,Nakuru,2078.0,21.83478355407715,0.4987935125827789,1477.1676025390625,-0.6925187817222148,36.25560572454442,0.6858426928520203,786.5383911132812,4.0,2024,4.2701263427734375,"{""type"":""Point"",""coordinates"":[36.255605724544424,-0.6925187817222148]}"
2261,5.201125144958496,Nakuru,1988.0,20.7391300201416,0.3444276452064514,1301.215087890625,-0.3733518926046653,36.023766553147624,0.5164744853973389,798.239501953125,1.0,2024,5.201125144958496,"{""type"":""Point"",""coordinates"":[36.023766553147624,-0.37335189260466534]}"
2274,4.086785793304443,Nakuru,2212.0,22.76956558227539,0.5055277347564697,957.3016967773438,-0.6460131022872198,36.46216062483914,0.6464706659317017,1018.88525390625,4.0,2024,4.086785793304443,"{""type"":""Point"",""coordinates"":[36.46216062483914,-0.6460131022872198]}"
2275,3.0263962745666504,Nakuru,2376.0,23.24347877502441,0.358961820602417,1078.94775390625,-0.5729324237840464,36.05430953984671,0.5838443040847778,874.90576171875,4.0,2024,3.0263962745666504,"{""type"":""Point"",""coordinates"":[36.05430953984671,-0.5729324237840464]}"
2276,6.2393951416015625,Nakuru,2024.0,23.81739044189453,0.3182222843170166,1609.933837890625,-0.2201473240896499,36.010918590633565,0.4816991984844208,871.6436767578125,1.0,2024,6.2393951416015625,"{""type"":""Point"",""coordinates"":[36.010918590633565,-0.22014732408964996]}"
2304,5.1362175941467285,Nakuru,2157.0,22.46086883544922,0.3432680964469909,925.9317626953124,-0.1626033161932904,36.170675916547175,0.4946478605270386,1067.3253173828125,1.0,2024,5.1362175941467285,"{""type"":""Point"",""coordinates"":[36.170675916547175,-0.1626033161932904]}"
2306,6.243393421173096,Nakuru,2532.0,21.56521797180176,0.3346680700778961,923.3309936523438,-0.1613572995233396,35.66619585856491,0.5582578778266907,1025.3524169921875,4.0,2024,6.243393421173096,"{""type"":""Point"",""coordinates"":[35.66619585856491,-0.16135729952333966]}"
2309,2.5081145763397217,Nakuru,2474.0,21.995651245117188,0.3789478540420532,931.31884765625,-0.6636981375099353,36.5226505553523,0.5263645052909851,1155.636474609375,4.0,2024,2.5081145763397217,"{""type"":""Point"",""coordinates"":[36.5226505553523,-0.6636981375099353]}"
2312,6.235333442687988,Nakuru,2194.0,24.6130428314209,0.3863564133644104,922.11181640625,-0.3518501998321852,35.93102248132139,0.5587630867958069,1046.51220703125,4.0,2024,6.235333442687988,"{""type"":""Point"",""coordinates"":[35.93102248132139,-0.3518501998321852]}"
2313,3.850277900695801,Nakuru,2569.0,21.74347877502441,0.3511028587818146,822.3162231445312,-0.4887660625333643,35.94512538871973,0.5159820318222046,1193.9844970703125,4.0,2024,3.850277900695801,"{""type"":""Point"",""coordinates"":[35.94512538871973,-0.48876606253336435]}"
2314,2.7840092182159424,Nakuru,2580.0,23.734783172607425,0.4433958828449249,1109.161865234375,-0.8540366311516127,36.54575018486744,0.6561722159385681,1136.390625,4.0,2024,2.7840092182159424,"{""type"":""Point"",""coordinates"":[36.54575018486744,-0.8540366311516127]}"
2316,4.777078151702881,Nakuru,2599.0,20.795652389526367,0.3228489756584167,924.5313110351562,-0.3259202483382627,35.766861188150514,0.487126886844635,1103.1356201171875,4.0,2024,4.777078151702881,"{""type"":""Point"",""coordinates"":[35.766861188150514,-0.3259202483382627]}"
2323,5.835531234741211,Nakuru,1970.0,20.96086883544922,0.3296579420566559,1163.2713623046875,-0.5247693178879107,36.3583893745363,0.4488634467124939,691.9712524414062,4.0,2024,5.835531234741211,"{""type"":""Point"",""coordinates"":[36.3583893745363,-0.5247693178879107]}"
2327,5.455124378204346,Nakuru,2721.0,20.28695678710937,0.3760551810264587,758.80322265625,-0.2890275893866647,35.68114629345596,0.5015127658843994,1020.0197143554688,4.0,2024,5.455124378204346,"{""type"":""Point"",""coordinates"":[35.68114629345596,-0.2890275893866647]}"
2332,6.638098239898682,Nakuru,2006.0,20.65652084350586,0.3197324872016907,1489.7117919921875,-0.3145094492648713,36.00147784819798,0.534185528755188,767.5543212890625,4.0,2024,6.638098239898682,"{""type"":""Point"",""coordinates"":[36.00147784819798,-0.3145094492648713]}"
2337,6.068947792053223,Nakuru,2039.0,18.082609176635746,0.232014000415802,1359.44580078125,-0.1758360560502208,36.14310997771423,0.3077737689018249,1036.1998291015625,4.0,2024,6.068947792053223,"{""type"":""Point"",""coordinates"":[36.143109977714225,-0.17583605605022087]}"
2341,4.932978630065918,Nakuru,2388.0,23.660869598388672,0.2441029101610183,922.11181640625,-0.3875650968242611,35.910312726926016,0.470631331205368,1046.51220703125,4.0,2024,4.932978630065918,"{""type"":""Point"",""coordinates"":[35.910312726926016,-0.3875650968242611]}"
2348,3.458505153656006,Nakuru,2019.0,23.40434837341309,0.3939530253410339,1132.2017822265625,-0.7974332039701091,36.202144242106144,0.5344892144203186,760.7749633789062,4.0,2024,3.458505153656006,"{""type"":""Point"",""coordinates"":[36.202144242106144,-0.7974332039701091]}"
2353,6.303093433380127,Nakuru,2063.0,20.90434837341309,0.3895660936832428,1489.7117919921875,-0.342838965879973,35.99320140851128,0.5868464112281799,949.3353881835938,1.0,2024,6.303093433380127,"{""type"":""Point"",""coordinates"":[35.99320140851128,-0.342838965879973]}"
2359,4.814417362213135,Nakuru,2737.0,22.18695640563965,0.3071556687355041,769.656982421875,-0.7012001949946097,35.94402440193599,0.4939794540405273,1053.901611328125,4.0,2024,4.814417362213135,"{""type"":""Point"",""coordinates"":[35.94402440193599,-0.7012001949946097]}"
2361,5.899768829345703,Nakuru,1980.0,20.013044357299805,0.2122211307287216,1609.933837890625,-0.1751781034765181,36.02964753125156,0.4103206992149353,873.7376708984375,1.0,2024,5.899768829345703,"{""type"":""Point"",""coordinates"":[36.02964753125156,-0.1751781034765181]}"
2365,5.784283638000488,Nakuru,2166.0,23.365217208862305,0.3587433099746704,925.9317626953124,-0.2122603894052316,36.18460232962596,0.5477159023284912,1032.5887451171875,1.0,2024,5.784283638000488,"{""type"":""Point"",""coordinates"":[36.18460232962596,-0.21226038940523165]}"
2369,5.416694641113281,Nakuru,2694.0,22.169565200805664,0.2819221615791321,893.533935546875,-0.3105681373783486,35.63084691967909,0.3866245150566101,952.67431640625,4.0,2024,5.416694641113281,"{""type"":""Point"",""coordinates"":[35.63084691967909,-0.31056813737834865]}"
2380,4.2336106300354,Nakuru,1931.0,20.5217399597168,0.3014476597309112,1465.3985595703125,-0.3538595382257148,36.22287302772644,0.4740959703922272,805.5402221679688,1.0,2024,4.2336106300354,"{""type"":""Point"",""coordinates"":[36.22287302772644,-0.35385953822571486]}"
2386,4.276258945465088,Nakuru,1907.0,20.982608795166016,0.4085249900817871,1171.51220703125,-0.6272271374036604,36.4054588654499,0.5373268723487854,724.528564453125,4.0,2024,4.276258945465088,"{""type"":""Point"",""coordinates"":[36.4054588654499,-0.6272271374036604]}"
2388,4.320795059204102,Nakuru,2179.0,22.18260955810547,0.3936968445777893,945.5843505859376,-0.8128967278348465,36.4914321639468,0.5748026371002197,946.1964111328124,4.0,2024,4.320795059204102,"{""type"":""Point"",""coordinates"":[36.491432163946804,-0.8128967278348465]}"
2389,2.7335939407348637,Nakuru,2499.0,22.299999237060547,0.3557371199131012,945.5843505859376,-0.8261836831119879,36.538355809007285,0.5062586069107056,1194.972900390625,4.0,2024,2.7335939407348637,"{""type"":""Point"",""coordinates"":[36.538355809007285,-0.8261836831119879]}"
2391,3.115761041641236,Nakuru,2491.0,21.482608795166016,0.2444466054439544,801.3780517578125,-0.5768923659600496,36.02354529588794,0.454311192035675,956.3734130859376,4.0,2024,3.115761041641236,"{""type"":""Point"",""coordinates"":[36.02354529588794,-0.5768923659600496]}"
2400,7.344421863555908,Nakuru,2593.0,22.365217208862305,0.3789211511611938,893.533935546875,-0.3461061175035292,35.55941690251529,0.4542939960956573,1015.4908447265624,4.0,2024,7.344421863555908,"{""type"":""Point"",""coordinates"":[35.55941690251529,-0.3461061175035292]}"
2404,2.9137871265411377,Nakuru,2840.0,24.18695640563965,0.3649513721466064,705.083251953125,-0.4100208928278013,35.80892039793591,0.6078764200210571,1180.1082763671875,4.0,2024,2.9137871265411377,"{""type"":""Point"",""coordinates"":[35.80892039793591,-0.4100208928278013]}"
2405,6.160689353942871,Nakuru,2651.0,20.430435180664062,0.3389156460762024,923.3309936523438,-0.2170548396082254,35.686858954510825,0.4468029141426086,1002.68896484375,4.0,2024,6.160689353942871,"{""type"":""Point"",""coordinates"":[35.686858954510825,-0.21705483960822547]}"
2415,5.766063690185547,Nakuru,2651.0,23.81304359436035,0.4155321717262268,893.533935546875,-0.2891729842131307,35.56994558897678,0.4503023624420166,1159.1673583984375,4.0,2024,5.766063690185547,"{""type"":""Point"",""coordinates"":[35.56994558897678,-0.28917298421313076]}"
2416,6.660928726196289,Nakuru,2635.0,21.669565200805664,0.2516044974327087,831.6529541015625,-0.3526150042487226,35.5903810878042,0.3517839312553406,967.619384765625,4.0,2024,6.660928726196289,"{""type"":""Point"",""coordinates"":[35.5903810878042,-0.35261500424872266]}"
2417,7.739305019378662,Nakuru,2175.0,23.93478202819824,0.3596960604190826,1129.3472900390625,-0.1962567290968223,35.78918754882489,0.5733721256256104,1115.7030029296875,4.0,2024,7.739305019378662,"{""type"":""Point"",""coordinates"":[35.78918754882489,-0.19625672909682235]}"
2423,3.5999605655670166,Nakuru,2639.0,22.517391204833984,0.2918832302093506,922.11181640625,-0.3874257585297564,35.854826898307564,0.5138685703277588,1100.89599609375,4.0,2024,3.5999605655670166,"{""type"":""Point"",""coordinates"":[35.854826898307564,-0.3874257585297564]}"
2424,4.06785774230957,Nakuru,2503.0,19.83478355407715,0.3581492900848388,1090.254150390625,-0.499133596592921,35.955340437225644,0.5169312953948975,1038.897705078125,4.0,2024,4.06785774230957,"{""type"":""Point"",""coordinates"":[35.955340437225644,-0.499133596592921]}"
2427,5.81554651260376,Nakuru,1970.0,20.96086883544922,0.3026195168495178,1163.2713623046875,-0.5260794019705416,36.35909550463243,0.4135311543941498,691.9712524414062,4.0,2024,5.81554651260376,"{""type"":""Point"",""coordinates"":[36.35909550463243,-0.5260794019705416]}"
2432,4.778510570526123,Nakuru,1803.0,18.491304397583008,0.3257769346237182,1258.922119140625,0.1057854532761495,36.257254271856006,0.4883582293987274,825.3482055664062,4.0,2024,4.778510570526123,"{""type"":""Point"",""coordinates"":[36.257254271856006,0.10578545327614951]}"
2443,6.138442993164063,Nakuru,2637.0,21.56521797180176,0.2657228112220764,923.3309936523438,-0.2114200154427242,35.68440793146926,0.4353611767292022,1002.68896484375,4.0,2024,6.138442993164063,"{""type"":""Point"",""coordinates"":[35.68440793146926,-0.21142001544272426]}"
2447,3.023277521133423,Nakuru,2282.0,21.40434837341309,0.2619793713092804,931.31884765625,-0.7397998303552863,36.51880357404951,0.4029529094696045,1146.4976806640625,4.0,2024,3.023277521133423,"{""type"":""Point"",""coordinates"":[36.51880357404951,-0.7397998303552863]}"
2449,6.898637294769287,Nakuru,2106.0,23.5,0.303175151348114,1194.8536376953125,-0.2697769722372028,35.939670261357435,0.4981392621994018,952.6629638671876,1.0,2024,6.898637294769287,"{""type"":""Point"",""coordinates"":[35.939670261357435,-0.2697769722372028]}"
2450,3.8127920627594,Nakuru,2283.0,21.752174377441406,0.339312881231308,945.5843505859376,-0.8304414759978731,36.5050936602742,0.5401533842086792,1194.972900390625,4.0,2024,3.8127920627594,"{""type"":""Point"",""coordinates"":[36.5050936602742,-0.8304414759978731]}"
2453,5.284770011901856,Nakuru,2719.0,22.395652770996094,0.3491934239864349,758.80322265625,-0.3170639366463144,35.68908128333922,0.5088571310043335,1003.6137084960938,4.0,2024,5.284770011901856,"{""type"":""Point"",""coordinates"":[35.68908128333922,-0.3170639366463144]}"
2455,4.675259590148926,Nakuru,2543.0,20.708696365356445,0.3227280974388122,924.5313110351562,-0.3299524840108526,35.810538746769545,0.4871298968791961,1082.4827880859375,4.0,2024,4.675259590148926,"{""type"":""Point"",""coordinates"":[35.810538746769545,-0.3299524840108526]}"
2463,3.762663841247559,Nakuru,2053.0,21.208696365356445,0.3396216928958893,1484.5091552734375,-0.5232320562548209,36.061462838488616,0.5606467723846436,751.40087890625,4.0,2024,3.762663841247559,"{""type"":""Point"",""coordinates"":[36.061462838488616,-0.5232320562548209]}"
2469,5.228343486785889,Nakuru,1782.0,18.095651626586918,0.2762389779090881,1620.4278564453125,0.1174291548030957,36.21729857967784,0.4532751142978668,763.6254272460938,1.0,2024,5.228343486785889,"{""type"":""Point"",""coordinates"":[36.21729857967784,0.11742915480309576]}"
2472,4.100489139556885,Nakuru,1963.0,22.986955642700195,0.3726241886615753,1130.5069580078125,-0.72192515352683,36.239057277429424,0.5705991387367249,665.40869140625,1.0,2024,4.100489139556885,"{""type"":""Point"",""coordinates"":[36.239057277429424,-0.72192515352683]}"
2477,5.356109619140625,Nakuru,2653.0,22.799999237060547,0.3102298080921173,694.8674926757812,-0.4369455847160083,35.68636268354956,0.4503039717674255,977.9506225585938,4.0,2024,5.356109619140625,"{""type"":""Point"",""coordinates"":[35.68636268354956,-0.4369455847160083]}"
2479,3.51497220993042,Nakuru,2459.0,22.83478355407715,0.3707894682884216,957.3016967773438,-0.6265348318188457,36.47610572912939,0.5345419645309448,1018.88525390625,4.0,2024,3.51497220993042,"{""type"":""Point"",""coordinates"":[36.47610572912939,-0.6265348318188457]}"
2482,3.6903789043426514,Nakuru,2214.0,22.082609176635746,0.2993506193161011,945.5843505859376,-0.7815646951601128,36.50879353724503,0.4679950773715973,1115.2738037109375,4.0,2024,3.6903789043426514,"{""type"":""Point"",""coordinates"":[36.508793537245026,-0.7815646951601128]}"
2486,6.570439338684082,Nakuru,2685.0,20.2391300201416,0.2968516051769256,923.3309936523438,-0.1544353316544911,35.71601080532309,0.4575003087520599,1134.2620849609375,4.0,2024,6.570439338684082,"{""type"":""Point"",""coordinates"":[35.71601080532309,-0.1544353316544911]}"
2489,3.1579785346984863,Nakuru,2421.0,24.256521224975582,0.4089759290218353,1088.5662841796875,-0.0920178962708035,36.21999035018666,0.7170947194099426,1058.868408203125,4.0,2024,3.1579785346984863,"{""type"":""Point"",""coordinates"":[36.21999035018666,-0.09201789627080359]}"
2490,5.961766719818115,Nakuru,2083.0,21.756521224975582,0.3162954449653625,925.9317626953124,-0.1902040882465277,36.16011424894635,0.4650959372520447,1067.3253173828125,1.0,2024,5.961766719818115,"{""type"":""Point"",""coordinates"":[36.16011424894635,-0.19020408824652776]}"
2494,4.831714153289795,Nakuru,2346.0,21.03913116455078,0.3218211531639099,922.11181640625,-0.4035396934609966,35.933808104901715,0.5262635350227356,1089.995361328125,4.0,2024,4.831714153289795,"{""type"":""Point"",""coordinates"":[35.933808104901715,-0.4035396934609966]}"
2501,5.665883541107178,Nakuru,1668.0,15.947826385498049,0.2163469344377517,1523.544189453125,-0.0893678657702684,36.067983220977005,0.3286847174167633,789.4463500976562,1.0,2024,5.665883541107178,"{""type"":""Point"",""coordinates"":[36.067983220977005,-0.08936786577026846]}"
2505,3.821983575820923,Nakuru,1929.0,22.365217208862305,0.4191386103630066,1132.2017822265625,-0.7606745837561613,36.23144471381461,0.5759827494621277,760.7749633789062,4.0,2024,3.821983575820923,"{""type"":""Point"",""coordinates"":[36.23144471381461,-0.7606745837561613]}"
2507,2.887667179107666,Nakuru,2497.0,22.34347915649414,0.4269088506698608,945.5843505859376,-0.8360746394019957,36.536225225861344,0.6326589584350586,1194.972900390625,4.0,2024,2.887667179107666,"{""type"":""Point"",""coordinates"":[36.536225225861344,-0.8360746394019957]}"
2509,6.712215423583984,Nakuru,1922.0,19.3869571685791,0.3518759608268738,1366.1861572265625,-0.2550545784163578,36.14934495198601,0.5595740675926208,791.0906982421875,1.0,2024,6.712215423583984,"{""type"":""Point"",""coordinates"":[36.14934495198601,-0.2550545784163578]}"
2518,6.865241050720215,Nakuru,2110.0,19.791303634643555,0.1735083162784576,1194.8536376953125,-0.2667747676198139,35.904923045933444,0.3313624560832977,952.6629638671876,1.0,2024,6.865241050720215,"{""type"":""Point"",""coordinates"":[35.904923045933444,-0.26677476761981395]}"
2521,6.868148326873779,Nakuru,2074.0,21.65217399597168,0.343872457742691,1194.8536376953125,-0.2545952914159838,35.94003282497339,0.5237348079681396,952.6629638671876,4.0,2024,6.868148326873779,"{""type"":""Point"",""coordinates"":[35.94003282497339,-0.25459529141598386]}"
2533,3.466448307037353,Nakuru,2296.0,22.28260803222656,0.4073018729686737,945.5843505859376,-0.7529875138202994,36.51090677307248,0.5632469058036804,1115.2738037109375,4.0,2024,3.466448307037353,"{""type"":""Point"",""coordinates"":[36.51090677307248,-0.7529875138202994]}"
2534,6.895318031311035,Nakuru,2126.0,20.15217399597168,0.3128178119659424,1194.8536376953125,-0.2851261448760538,35.93828292775806,0.5062729120254517,952.6629638671876,4.0,2024,6.895318031311035,"{""type"":""Point"",""coordinates"":[35.93828292775806,-0.28512614487605387]}"
2537,5.160769462585449,Nakuru,2763.0,21.360870361328125,0.2329155057668686,769.656982421875,-0.652243654712405,35.91387028306985,0.3403508365154266,996.2274780273438,4.0,2024,5.160769462585449,"{""type"":""Point"",""coordinates"":[35.91387028306985,-0.652243654712405]}"
2541,5.492616176605225,Nakuru,2726.0,22.04347801208496,0.2623902857303619,694.8674926757812,-0.3772235275570962,35.65959475681994,0.3706883192062378,1036.11962890625,4.0,2024,5.492616176605225,"{""type"":""Point"",""coordinates"":[35.65959475681994,-0.3772235275570962]}"
2546,4.864296913146973,Nakuru,1931.0,21.77391242980957,0.3619650304317474,1380.60546875,-0.5627367342891855,36.17814896189356,0.5307395458221436,720.8082275390625,4.0,2024,4.864296913146973,"{""type"":""Point"",""coordinates"":[36.17814896189356,-0.5627367342891855]}"
2557,4.008638858795166,Nakuru,1896.0,24.639129638671875,0.5874062776565552,1310.0338134765625,-0.6802883045637594,36.3844670165256,0.7104169726371765,681.583740234375,4.0,2024,4.008638858795166,"{""type"":""Point"",""coordinates"":[36.3844670165256,-0.6802883045637594]}"
2564,6.503366947174072,Nakuru,2403.0,22.991304397583008,0.3795714974403381,924.5313110351562,-0.2829370870121504,35.783664474436634,0.5695441961288452,1059.924072265625,4.0,2024,6.503366947174072,"{""type"":""Point"",""coordinates"":[35.783664474436634,-0.2829370870121504]}"
2568,5.201418876647949,Nakuru,1692.0,20.104347229003903,0.4061734676361084,1691.5689697265625,0.154246737547053,36.23384891124207,0.5527629852294922,790.5244750976562,4.0,2024,5.201418876647949,"{""type"":""Point"",""coordinates"":[36.23384891124207,0.15424673754705306]}"
2570,6.150653839111328,Nakuru,1984.0,21.208696365356445,0.3117516934871673,1609.933837890625,-0.2005478964388146,35.994426693643206,0.472405344247818,934.5567016601562,4.0,2024,6.150653839111328,"{""type"":""Point"",""coordinates"":[35.994426693643206,-0.20054789643881463]}"
2572,4.537964344024658,Nakuru,2264.0,24.0217399597168,0.3943348228931427,1154.89013671875,-0.4067360400998839,36.35169024441984,0.5870285034179688,811.5460815429688,4.0,2024,4.537964344024658,"{""type"":""Point"",""coordinates"":[36.351690244419835,-0.40673604009988396]}"
2574,8.15137767791748,Nakuru,2532.0,22.052173614501957,0.3005691170692444,932.83642578125,-0.3832268060771552,35.54692552081115,0.4070077538490295,961.3237915039062,4.0,2024,8.15137767791748,"{""type"":""Point"",""coordinates"":[35.54692552081115,-0.3832268060771552]}"
2583,4.100477695465088,Nakuru,1964.0,23.18260955810547,0.3380966782569885,1130.5069580078125,-0.7356727299586264,36.22039821124334,0.5058766603469849,665.40869140625,4.0,2024,4.100477695465088,"{""type"":""Point"",""coordinates"":[36.22039821124334,-0.7356727299586264]}"
2586,3.923633337020874,Nakuru,1870.0,19.96086883544922,0.3303715288639068,1465.3985595703125,-0.3721749876949623,36.15505318676877,0.4908051788806915,804.6633911132812,4.0,2024,3.923633337020874,"{""type"":""Point"",""coordinates"":[36.15505318676877,-0.3721749876949623]}"
2593,6.865844249725342,Nakuru,2139.0,22.07826042175293,0.502512514591217,1194.8536376953125,-0.2986680944992394,35.93921643006538,0.7872487902641296,952.6629638671876,4.0,2024,6.865844249725342,"{""type"":""Point"",""coordinates"":[35.93921643006538,-0.2986680944992394]}"
2595,3.589991569519043,Nakuru,2423.0,23.360870361328125,0.2480563968420028,727.6731567382812,-0.6712577012736715,36.10703733082224,0.4672725796699524,1053.457763671875,4.0,2024,3.589991569519043,"{""type"":""Point"",""coordinates"":[36.107037330822244,-0.6712577012736715]}"
2599,7.438280582427978,Nakuru,2109.0,20.34782600402832,0.3034699559211731,1129.3472900390625,-0.2405364832911944,35.82138959736477,0.4719735383987427,932.405517578125,4.0,2024,7.438280582427978,"{""type"":""Point"",""coordinates"":[35.82138959736477,-0.2405364832911944]}"
2600,6.253011703491211,Nakuru,1736.0,16.704347610473633,0.2829571366310119,1772.631103515625,-0.1189086612719772,35.97825563947141,0.4131319224834442,848.7538452148438,1.0,2024,6.253011703491211,"{""type"":""Point"",""coordinates"":[35.97825563947141,-0.11890866127197725]}"
2604,5.952866077423096,Nakuru,1773.0,17.69565200805664,0.2251196205615997,1523.544189453125,-0.1240394428772545,36.07819366215226,0.3912806212902069,902.1099243164062,1.0,2024,5.952866077423096,"{""type"":""Point"",""coordinates"":[36.07819366215226,-0.12403944287725459]}"
2621,3.9808509349823,Nakuru,2504.0,21.600000381469727,0.3416048586368561,801.3780517578125,-0.5573425752053601,35.994444221363665,0.5548524856567383,1120.51123046875,4.0,2024,3.9808509349823,"{""type"":""Point"",""coordinates"":[35.994444221363665,-0.5573425752053601]}"
2625,5.003419876098633,Nakuru,2329.0,21.68695640563965,0.393130749464035,1293.6524658203125,-0.3946433083774313,36.31584301162312,0.5739671587944031,846.8605346679688,1.0,2024,5.003419876098633,"{""type"":""Point"",""coordinates"":[36.315843011623116,-0.39464330837743133]}"
2628,5.377408981323242,Nakuru,2678.0,20.704347610473636,0.4141948223114013,694.8674926757812,-0.4134964704269315,35.68233703351926,0.5391099452972412,977.9506225585938,4.0,2024,5.377408981323242,"{""type"":""Point"",""coordinates"":[35.68233703351926,-0.4134964704269315]}"
2630,4.185554027557373,Nakuru,2085.0,20.89130401611328,0.2948697209358215,1301.215087890625,-0.4484560080248432,36.009448536891014,0.4721285998821258,828.8031005859375,4.0,2024,4.185554027557373,"{""type"":""Point"",""coordinates"":[36.009448536891014,-0.44845600802484326]}"
2632,4.669189929962158,Nakuru,1903.0,19.39130401611328,0.2912490963935852,1143.9588623046875,-0.3423351139341651,36.16121416856204,0.4415031671524048,805.9258422851562,4.0,2024,4.669189929962158,"{""type"":""Point"",""coordinates"":[36.16121416856204,-0.3423351139341651]}"
2635,3.639626979827881,Nakuru,2025.0,23.26956558227539,0.3353109955787658,1132.2017822265625,-0.7671484958201752,36.1958209577505,0.4950228929519653,976.1364135742188,4.0,2024,3.639626979827881,"{""type"":""Point"",""coordinates"":[36.1958209577505,-0.7671484958201752]}"
2641,6.627838611602783,Nakuru,1850.0,23.0217399597168,0.4129941761493683,1489.7117919921875,-0.291498471670305,36.033289231917706,0.606165885925293,796.8777465820312,1.0,2024,6.627838611602783,"{""type"":""Point"",""coordinates"":[36.033289231917706,-0.291498471670305]}"
2643,5.764975547790527,Nakuru,2010.0,21.082609176635746,0.3581320941448211,1163.2713623046875,-0.5072744887144269,36.36681533547389,0.5445147752761841,691.9712524414062,4.0,2024,5.764975547790527,"{""type"":""Point"",""coordinates"":[36.36681533547389,-0.5072744887144269]}"
2645,6.493136405944824,Nakuru,2067.0,20.89130401611328,0.274465799331665,1489.7117919921875,-0.3364820714320397,35.98543285168718,0.5196466445922852,949.3353881835938,1.0,2024,6.493136405944824,"{""type"":""Point"",""coordinates"":[35.98543285168718,-0.3364820714320397]}"
2658,5.772776126861572,Nakuru,1999.0,20.852174758911133,0.3621573448181152,1620.4278564453125,0.0545910798539289,36.19807508535341,0.5392923355102539,843.6861572265625,1.0,2024,5.772776126861572,"{""type"":""Point"",""coordinates"":[36.19807508535341,0.05459107985392897]}"
2667,2.5809988975524902,Nakuru,2502.0,22.126087188720703,0.3555704057216644,945.5843505859376,-0.8252017687237679,36.54289522378846,0.5235733389854431,1194.972900390625,4.0,2024,2.5809988975524902,"{""type"":""Point"",""coordinates"":[36.54289522378846,-0.8252017687237679]}"
2670,7.213618278503418,Nakuru,1902.0,19.669565200805664,0.2742408514022827,1270.390380859375,-0.1078311441981185,35.84338304756412,0.4444110691547394,910.8822631835938,4.0,2024,7.213618278503418,"{""type"":""Point"",""coordinates"":[35.84338304756412,-0.10783114419811857]}"
2684,4.799892425537109,Nakuru,2011.0,22.77391242980957,0.4074008762836456,1258.922119140625,0.0747161053462648,36.25008827422497,0.5723454356193542,919.7053833007812,1.0,2024,4.799892425537109,"{""type"":""Point"",""coordinates"":[36.25008827422497,0.07471610534626483]}"
2686,6.032963275909424,Nakuru,2470.0,22.5217399597168,0.3157766759395599,924.5313110351562,-0.2947370926356141,35.77756965309147,0.4935986399650574,1059.924072265625,4.0,2024,6.032963275909424,"{""type"":""Point"",""coordinates"":[35.77756965309147,-0.2947370926356141]}"
2687,6.8207197189331055,Nakuru,1803.0,18.80434799194336,0.3116152286529541,1611.68310546875,-0.0809898443964624,35.87267063230445,0.4662356376647949,870.9083251953125,4.0,2024,6.8207197189331055,"{""type"":""Point"",""coordinates"":[35.87267063230445,-0.08098984439646248]}"
2696,6.109753608703613,Nakuru,2616.0,22.09130477905273,0.408172607421875,831.6529541015625,-0.3726274055141504,35.621264842573254,0.5040162205696106,958.3047485351562,4.0,2024,6.109753608703613,"{""type"":""Point"",""coordinates"":[35.621264842573254,-0.37262740551415047]}"
2701,4.863093376159668,Nakuru,2746.0,22.856521606445312,0.3728894293308258,769.656982421875,-0.7077186925855466,35.94243821649888,0.5660093426704407,1053.901611328125,4.0,2024,4.863093376159668,"{""type"":""Point"",""coordinates"":[35.94243821649888,-0.7077186925855466]}"
2702,5.700406074523926,Nakuru,2716.0,21.61739158630371,0.4285140335559845,893.533935546875,-0.2982431239608863,35.59049939507332,0.4900510907173157,1159.1673583984375,4.0,2024,5.700406074523926,"{""type"":""Point"",""coordinates"":[35.590499395073316,-0.29824312396088637]}"
2705,2.892461061477661,Nakuru,2485.0,24.899999618530277,0.3565609753131866,1078.94775390625,-0.5800813797437576,36.05373281949955,0.5915002226829529,874.90576171875,4.0,2024,2.892461061477661,"{""type"":""Point"",""coordinates"":[36.05373281949955,-0.5800813797437576]}"
2708,5.215301513671875,Nakuru,2734.0,19.78695678710937,0.2566413879394531,893.533935546875,-0.285898295797557,35.643139926922544,0.3378799557685852,1074.5843505859375,4.0,2024,5.215301513671875,"{""type"":""Point"",""coordinates"":[35.643139926922544,-0.28589829579755704]}"
2710,3.917805194854736,Nakuru,1755.0,21.07826042175293,0.2653382420539856,1385.095458984375,-1.0055345125210065,36.51729043549091,0.3735738694667816,929.6365356445312,4.0,2024,3.917805194854736,"{""type"":""Point"",""coordinates"":[36.51729043549091,-1.0055345125210065]}"
2713,4.758349895477295,Nakuru,2535.0,19.708696365356445,0.28827765583992,924.5313110351562,-0.3442477700172608,35.849401388139675,0.4549375772476196,1082.4827880859375,4.0,2024,4.758349895477295,"{""type"":""Point"",""coordinates"":[35.849401388139675,-0.34424777001726087]}"
2724,6.577594757080078,Nakuru,2634.0,20.952173233032227,0.3534957766532898,893.533935546875,-0.3149248155987109,35.56206152791224,0.4424262046813965,1015.4908447265624,4.0,2024,6.577594757080078,"{""type"":""Point"",""coordinates"":[35.56206152791224,-0.31492481559871094]}"
2738,5.656034469604492,Nakuru,2202.0,20.643478393554688,0.3400700688362121,1401.8802490234375,0.0071799698407882,36.20302910563919,0.5341252684593201,1000.578369140625,4.0,2024,5.656034469604492,"{""type"":""Point"",""coordinates"":[36.20302910563919,0.007179969840788231]}"
2749,5.909125804901123,Nakuru,2645.0,28.24347877502441,0.361917644739151,1038.7845458984375,-0.2800462129720942,35.546075686442286,0.6154754161834717,1098.9886474609375,4.0,2024,5.909125804901123,"{""type"":""Point"",""coordinates"":[35.546075686442286,-0.28004621297209426]}"
2750,5.9374613761901855,Nakuru,2673.0,20.1130428314209,0.1305664181709289,758.80322265625,-0.2519420657637609,35.69163419731861,0.4640801548957824,1020.0197143554688,4.0,2024,5.9374613761901855,"{""type"":""Point"",""coordinates"":[35.69163419731861,-0.25194206576376094]}"
2773,5.77740478515625,Nakuru,2321.0,23.139129638671875,0.3010135889053345,922.11181640625,-0.3606684429055949,35.91339601786166,0.5077213644981384,1046.51220703125,4.0,2024,5.77740478515625,"{""type"":""Point"",""coordinates"":[35.91339601786166,-0.3606684429055949]}"
2777,3.6551764011383057,Nakuru,2185.0,22.60869598388672,0.2931703627109527,1484.5091552734375,-0.5314821216750815,36.054684841331245,0.4978338181972503,751.40087890625,4.0,2024,3.6551764011383057,"{""type"":""Point"",""coordinates"":[36.054684841331245,-0.5314821216750815]}"
2778,5.370609760284424,Nakuru,2060.0,21.430435180664062,0.2785295248031616,945.5843505859376,-0.7589196544272054,36.45876260789103,0.3551806807518005,895.4133911132812,4.0,2024,5.370609760284424,"{""type"":""Point"",""coordinates"":[36.458762607891025,-0.7589196544272054]}"
2780,5.575056552886963,Nakuru,1853.0,20.278261184692383,0.3139241635799408,1489.7117919921875,-0.3464307624946515,36.03893634461393,0.4834262132644653,767.5543212890625,4.0,2024,5.575056552886963,"{""type"":""Point"",""coordinates"":[36.03893634461393,-0.3464307624946515]}"
2783,4.907396793365479,Nakuru,2511.0,22.660869598388672,0.2637313306331634,924.5313110351562,-0.3260412406842026,35.81429688001793,0.4526063203811645,1082.4827880859375,4.0,2024,4.907396793365479,"{""type"":""Point"",""coordinates"":[35.81429688001793,-0.3260412406842026]}"
2801,3.534628868103028,Nakuru,2463.0,23.647825241088867,0.3855745792388916,801.3780517578125,-0.5584025204934225,36.017366097497394,0.6192326545715332,956.3734130859376,4.0,2024,3.534628868103028,"{""type"":""Point"",""coordinates"":[36.017366097497394,-0.5584025204934225]}"
2807,6.981293678283691,Nakuru,2494.0,24.86956596374512,0.4232701659202575,967.7295532226562,-0.4976989564089216,35.61994254637802,0.5835117101669312,951.021484375,4.0,2024,6.981293678283691,"{""type"":""Point"",""coordinates"":[35.61994254637802,-0.49769895640892164]}"
2812,4.375012874603272,Nakuru,1845.0,20.33478355407715,0.342989057302475,1484.5091552734375,-0.5215783243941802,36.14401509615557,0.4981150925159454,675.6139526367188,4.0,2024,4.375012874603272,"{""type"":""Point"",""coordinates"":[36.14401509615557,-0.5215783243941802]}"
2817,5.713247776031494,Nakuru,1998.0,20.67391395568848,0.1937196105718612,1301.215087890625,-0.3576726794638961,36.013021469181744,0.3331464231014251,798.239501953125,1.0,2024,5.713247776031494,"{""type"":""Point"",""coordinates"":[36.013021469181744,-0.3576726794638961]}"
2818,3.846981525421143,Nakuru,2555.0,21.2608699798584,0.2097664326429367,801.3780517578125,-0.5705962789507949,35.99418039191302,0.3310122787952423,1120.51123046875,4.0,2024,3.846981525421143,"{""type"":""Point"",""coordinates"":[35.99418039191302,-0.5705962789507949]}"
2830,6.177186012268066,Nakuru,1975.0,20.252174377441406,0.2921093702316284,1609.933837890625,-0.1964760531581268,35.98720545898799,0.5232353210449219,918.7094116210938,1.0,2024,6.177186012268066,"{""type"":""Point"",""coordinates"":[35.98720545898799,-0.19647605315812686]}"
2837,6.325445652008057,Nakuru,1882.0,19.42608642578125,0.4138731360435486,1366.1861572265625,-0.2934050968161017,36.13854418582454,0.5658663511276245,791.0906982421875,1.0,2024,6.325445652008057,"{""type"":""Point"",""coordinates"":[36.13854418582454,-0.2934050968161017]}"
2845,5.638163566589356,Nakuru,2122.0,22.399999618530277,0.3679823279380798,925.9317626953124,-0.1811245635015053,36.1668235068193,0.5373201370239258,1067.3253173828125,1.0,2024,5.638163566589356,"{""type"":""Point"",""coordinates"":[36.1668235068193,-0.18112456350150533]}"
2848,4.84748649597168,Nakuru,2434.0,23.0,0.350010335445404,922.11181640625,-0.3622911534798509,35.8748293706045,0.5587538480758667,1100.89599609375,4.0,2024,4.84748649597168,"{""type"":""Point"",""coordinates"":[35.8748293706045,-0.3622911534798509]}"
2854,2.777441501617432,Nakuru,2517.0,22.452173233032227,0.3325512707233429,945.5843505859376,-0.8355223515133358,36.53954794586232,0.5251415371894836,1194.972900390625,4.0,2024,2.777441501617432,"{""type"":""Point"",""coordinates"":[36.53954794586232,-0.8355223515133358]}"
2871,7.850201606750488,Nakuru,2608.0,25.799999237060547,0.4200581312179565,1038.7845458984375,-0.3462297697202445,35.5291549521032,0.4976110756397247,1000.2233276367188,4.0,2024,7.850201606750488,"{""type"":""Point"",""coordinates"":[35.5291549521032,-0.34622976972024455]}"
2873,5.009603023529053,Nakuru,2298.0,24.31739044189453,0.3450381457805633,925.9317626953124,-0.1826340088482668,36.18828587188413,0.4982565343379974,1067.3253173828125,1.0,2024,5.009603023529053,"{""type"":""Point"",""coordinates"":[36.18828587188413,-0.18263400884826686]}"
2874,4.234471797943115,Nakuru,1861.0,21.595651626586918,0.3611705899238586,1484.5091552734375,-0.5276341158345211,36.123404084357205,0.5170618891716003,675.6139526367188,4.0,2024,4.234471797943115,"{""type"":""Point"",""coordinates"":[36.123404084357205,-0.5276341158345211]}"
2875,4.732090950012207,Nakuru,1891.0,20.799999237060547,0.5273788571357727,1310.0338134765625,-0.7096878053564932,36.414738867275496,0.7199918031692505,806.1681518554688,4.0,2024,4.732090950012207,"{""type"":""Point"",""coordinates"":[36.414738867275496,-0.7096878053564932]}"
2880,7.678436279296875,Nakuru,1868.0,19.100000381469727,0.3081129491329193,1427.7750244140625,-0.1545942112164432,35.85320715660437,0.4526731073856354,873.606201171875,1.0,2024,7.678436279296875,"{""type"":""Point"",""coordinates"":[35.85320715660437,-0.1545942112164432]}"
2883,5.945265293121338,Nakuru,1572.0,16.552173614501953,0.237270101904869,1915.0673828125,-0.0324991980960119,35.97890764649613,0.4012936949729919,796.3817138671875,1.0,2024,5.945265293121338,"{""type"":""Point"",""coordinates"":[35.97890764649613,-0.032499198096011976]}"
2886,4.740531921386719,Nakuru,1977.0,23.15652084350586,0.3847425878047943,1380.60546875,-0.57845875077388,36.15696839695426,0.5607427954673767,720.8082275390625,4.0,2024,4.740531921386719,"{""type"":""Point"",""coordinates"":[36.15696839695426,-0.57845875077388]}"
2906,6.01692008972168,Nakuru,2601.0,23.73043441772461,0.2477177083492279,694.8674926757812,-0.4360370704276522,35.65386655974718,0.3588036596775055,977.9506225585938,4.0,2024,6.01692008972168,"{""type"":""Point"",""coordinates"":[35.65386655974718,-0.4360370704276522]}"
2912,5.333723545074463,Nakuru,2728.0,21.943477630615234,0.354374349117279,694.8674926757812,-0.3607906648689269,35.66690218109112,0.4571166336536407,1036.11962890625,4.0,2024,5.333723545074463,"{""type"":""Point"",""coordinates"":[35.66690218109112,-0.3607906648689269]}"
2915,5.496835231781006,Nakuru,1897.0,23.06521797180176,0.4003482460975647,1330.85302734375,-0.7527708737409144,36.43195501606285,0.5387715697288513,1032.5670166015625,4.0,2024,5.496835231781006,"{""type"":""Point"",""coordinates"":[36.43195501606285,-0.7527708737409144]}"
2917,4.229417324066162,Nakuru,2469.0,21.582609176635746,0.4509567320346832,922.11181640625,-0.3876044420712298,35.88117739351544,0.6911417245864868,1100.89599609375,4.0,2024,4.229417324066162,"{""type"":""Point"",""coordinates"":[35.881177393515436,-0.38760444207122985]}"
2923,6.763041496276856,Nakuru,1927.0,20.860870361328125,0.3578726947307586,1489.7117919921875,-0.2871473377296776,36.01135796555453,0.6376861929893494,796.8777465820312,4.0,2024,6.763041496276856,"{""type"":""Point"",""coordinates"":[36.01135796555453,-0.2871473377296776]}"
2931,6.860292434692383,Nakuru,2126.0,21.704347610473636,0.3263909518718719,1489.7117919921875,-0.312566966980854,35.96686697443422,0.5423813462257385,949.3353881835938,1.0,2024,6.860292434692383,"{""type"":""Point"",""coordinates"":[35.96686697443422,-0.31256696698085407]}"
2943,4.0803327560424805,Nakuru,1842.0,21.291303634643555,0.2910582423210144,1484.5091552734375,-0.5144063356482601,36.096850979308925,0.4340503811836242,751.40087890625,1.0,2024,4.0803327560424805,"{""type"":""Point"",""coordinates"":[36.096850979308925,-0.5144063356482601]}"
2947,3.8805761337280273,Nakuru,1690.0,21.373912811279297,0.4097018837928772,1385.095458984375,-1.0342285805875342,36.54408495589825,0.5549123287200928,929.6365356445312,6.0,2024,3.8805761337280273,"{""type"":""Point"",""coordinates"":[36.54408495589825,-1.0342285805875342]}"
2948,6.041619300842285,Nakuru,1679.0,17.0,0.2946122586727142,1772.631103515625,-0.0896584778706717,36.00887231751694,0.4324146807193756,769.388671875,1.0,2024,6.041619300842285,"{""type"":""Point"",""coordinates"":[36.00887231751694,-0.08965847787067177]}"
2951,4.185427665710449,Nakuru,1966.0,25.57826042175293,0.4034120142459869,1171.51220703125,-0.6224369880810063,36.42624469701983,0.6132095456123352,724.528564453125,1.0,2024,4.185427665710449,"{""type"":""Point"",""coordinates"":[36.426244697019825,-0.6224369880810063]}"
2958,3.995816946029663,Nakuru,2395.0,21.18695640563965,0.3154585659503937,1090.254150390625,-0.4562842772612498,35.96002003434774,0.4666598737239837,1038.897705078125,4.0,2024,3.995816946029663,"{""type"":""Point"",""coordinates"":[35.96002003434774,-0.45628427726124987]}"
2959,5.274044990539551,Nakuru,1665.0,16.208696365356445,0.2453037649393081,1523.544189453125,-0.0597284328542918,36.0822871896691,0.416598379611969,789.4463500976562,1.0,2024,5.274044990539551,"{""type"":""Point"",""coordinates"":[36.0822871896691,-0.059728432854291816]}"
2960,5.165290832519531,Nakuru,1912.0,22.069564819335938,0.1896137148141861,1330.85302734375,-0.8387976604712017,36.3718628488348,0.2354647815227508,1203.3858642578125,1.0,2024,5.165290832519531,"{""type"":""Point"",""coordinates"":[36.371862848834795,-0.8387976604712017]}"
2972,5.903666496276856,Nakuru,1918.0,19.017391204833984,0.2695274949073791,1143.9588623046875,-0.3019551595394888,36.16599971482152,0.3971161544322967,805.9258422851562,4.0,2024,5.903666496276856,"{""type"":""Point"",""coordinates"":[36.165999714821524,-0.3019551595394888]}"
2976,7.360299110412598,Nakuru,2149.0,20.513044357299805,0.3694866001605987,1129.3472900390625,-0.2469723828169622,35.81940057623829,0.5199555158615112,932.405517578125,4.0,2024,7.360299110412598,"{""type"":""Point"",""coordinates"":[35.81940057623829,-0.24697238281696227]}"
2981,3.021331310272217,Nakuru,2599.0,22.973913192749023,0.3970771431922912,1109.161865234375,-0.8731081553033868,36.547957549532775,0.5871196389198303,1136.390625,4.0,2024,3.021331310272217,"{""type"":""Point"",""coordinates"":[36.547957549532775,-0.8731081553033868]}"
2989,6.129195213317871,Nakuru,1939.0,19.778261184692383,0.3302493989467621,1609.933837890625,-0.1819397415373187,35.985029490180565,0.4810332357883453,918.7094116210938,4.0,2024,6.129195213317871,"{""type"":""Point"",""coordinates"":[35.985029490180565,-0.1819397415373187]}"
2990,5.93972635269165,Nakuru,2098.0,20.417390823364254,0.3054666519165039,1301.215087890625,-0.367917260352142,35.98168419883003,0.5079465508460999,936.8294677734376,1.0,2024,5.93972635269165,"{""type"":""Point"",""coordinates"":[35.98168419883003,-0.367917260352142]}"
2996,4.487205505371094,Nakuru,2532.0,21.839130401611328,0.3414669930934906,924.5313110351562,-0.3491117538005596,35.84445907326735,0.5389631986618042,1082.4827880859375,4.0,2024,4.487205505371094,"{""type"":""Point"",""coordinates"":[35.84445907326735,-0.34911175380055964]}"
2999,5.657451629638672,Nakuru,1768.0,19.69130516052246,0.290549486875534,1366.1861572265625,-0.3358168749846117,36.05453306206109,0.4261992871761322,793.00048828125,4.0,2024,5.657451629638672,"{""type"":""Point"",""coordinates"":[36.05453306206109,-0.33581687498461177]}"
3000,6.648578643798828,Nakuru,1872.0,18.100000381469727,0.1961313933134079,1366.1861572265625,-0.2777575605392176,36.103089043883166,0.2894422113895416,791.0906982421875,4.0,2024,6.648578643798828,"{""type"":""Point"",""coordinates"":[36.103089043883166,-0.27775756053921763]}"
3006,3.6316659450531006,Nakuru,1985.0,22.30869483947754,0.405218094587326,1132.2017822265625,-0.795951544657865,36.2207191595161,0.5778695940971375,760.7749633789062,4.0,2024,3.6316659450531006,"{""type"":""Point"",""coordinates"":[36.2207191595161,-0.795951544657865]}"
3010,4.541419506072998,Nakuru,2021.0,22.18695640563965,0.3149393796920776,1078.94775390625,-0.5872665342281946,36.139977345062704,0.4763799011707306,768.9725952148438,4.0,2024,4.541419506072998,"{""type"":""Point"",""coordinates"":[36.139977345062704,-0.5872665342281946]}"
3027,3.2532124519348145,Nakuru,2462.0,22.713043212890625,0.3532189428806305,1109.161865234375,-0.8588684683476516,36.52948242033476,0.5334295630455017,1136.390625,4.0,2024,3.2532124519348145,"{""type"":""Point"",""coordinates"":[36.52948242033476,-0.8588684683476516]}"
3028,3.679378271102905,Nakuru,2190.0,24.047826766967773,0.2834376096725464,1090.254150390625,-0.5282155379519026,36.048616773224246,0.5095353126525879,871.1588745117188,4.0,2024,3.679378271102905,"{""type"":""Point"",""coordinates"":[36.048616773224246,-0.5282155379519026]}"
3034,5.197038650512695,Nakuru,2288.0,23.169565200805664,0.4369231164455414,922.11181640625,-0.3954676287671375,35.94130135976947,0.6064164638519287,1046.51220703125,4.0,2024,5.197038650512695,"{""type"":""Point"",""coordinates"":[35.94130135976947,-0.39546762876713754]}"
3042,2.838870048522949,Nakuru,2533.0,22.54347801208496,0.3698697090148926,801.3780517578125,-0.5852256049464789,36.03297102530357,0.5606446862220764,956.3734130859376,4.0,2024,2.838870048522949,"{""type"":""Point"",""coordinates"":[36.032971025303574,-0.5852256049464789]}"
3044,7.430171012878418,Nakuru,1923.0,19.59130477905273,0.2859188914299011,1427.7750244140625,-0.216273047650407,35.86598597878285,0.4915913939476013,882.827392578125,1.0,2024,7.430171012878418,"{""type"":""Point"",""coordinates"":[35.86598597878285,-0.21627304765040703]}"
3067,2.1043686866760254,Nakuru,2501.0,22.408695220947266,0.3594216406345367,931.31884765625,-0.6835609101202775,36.5376619154847,0.4915223121643066,1155.636474609375,4.0,2024,2.1043686866760254,"{""type"":""Point"",""coordinates"":[36.5376619154847,-0.6835609101202775]}"
3069,6.270691871643066,Nakuru,2070.0,20.647825241088867,0.3429272174835205,1489.7117919921875,-0.3486046660415092,35.98587506502239,0.5582516193389893,949.3353881835938,4.0,2024,6.270691871643066,"{""type"":""Point"",""coordinates"":[35.98587506502239,-0.3486046660415092]}"
3071,6.716631889343262,Nakuru,1919.0,19.3869571685791,0.3505071699619293,1366.1861572265625,-0.2552094379720778,36.14909294373686,0.5445196628570557,791.0906982421875,1.0,2024,6.716631889343262,"{""type"":""Point"",""coordinates"":[36.14909294373686,-0.25520943797207785]}"
3074,5.77740478515625,Nakuru,2321.0,23.139129638671875,0.3010135889053345,922.11181640625,-0.3602802947014299,35.91337690547001,0.5077213644981384,1046.51220703125,4.0,2024,5.77740478515625,"{""type"":""Point"",""coordinates"":[35.91337690547001,-0.3602802947014299]}"
3075,3.982109785079956,Nakuru,2216.0,21.700000762939453,0.3320266902446747,945.5843505859376,-0.8114705263732755,36.50159987064053,0.522965133190155,1194.972900390625,4.0,2024,3.982109785079956,"{""type"":""Point"",""coordinates"":[36.50159987064053,-0.8114705263732755]}"
3080,4.912642478942871,Nakuru,1627.0,16.495651245117188,0.2714806795120239,1772.97216796875,-0.019189012698144,36.122711947793725,0.4564083814620971,806.2922973632812,1.0,2024,4.912642478942871,"{""type"":""Point"",""coordinates"":[36.122711947793725,-0.019189012698144013]}"
3084,4.667351722717285,Nakuru,2096.0,21.130434036254883,0.3420546650886535,945.5843505859376,-0.8306394219526926,36.47461217004429,0.4802070260047912,946.1964111328124,4.0,2024,4.667351722717285,"{""type"":""Point"",""coordinates"":[36.47461217004429,-0.8306394219526926]}"
3088,4.621596813201904,Nakuru,1544.0,16.869565963745117,0.2256176322698593,1915.0673828125,0.0195389773467398,35.978258166961275,0.3965433537960052,785.2053833007812,4.0,2024,4.621596813201904,"{""type"":""Point"",""coordinates"":[35.978258166961275,0.019538977346739858]}"
3089,2.097584724426269,Nakuru,1610.0,22.2391300201416,0.2502369880676269,1545.2855224609375,-1.0411912566223904,36.351626010753066,0.3572932779788971,750.4850463867188,4.0,2024,2.097584724426269,"{""type"":""Point"",""coordinates"":[36.351626010753066,-1.0411912566223904]}"
3091,3.021423578262329,Nakuru,2285.0,25.22608757019043,0.3585595488548279,931.31884765625,-0.7049062072644231,36.51295797588349,0.5839959383010864,1146.4976806640625,4.0,2024,3.021423578262329,"{""type"":""Point"",""coordinates"":[36.51295797588349,-0.7049062072644231]}"
3094,5.8333353996276855,Nakuru,2670.0,21.41304397583008,0.2590852081775665,831.6529541015625,-0.3568898938284339,35.62758763779156,0.3943155705928802,958.3047485351562,4.0,2024,5.8333353996276855,"{""type"":""Point"",""coordinates"":[35.62758763779156,-0.3568898938284339]}"
3100,6.680171966552734,Nakuru,2605.0,20.143478393554688,0.2204028517007827,893.533935546875,-0.3231780362507126,35.56677831109826,0.2689749300479889,1015.4908447265624,4.0,2024,6.680171966552734,"{""type"":""Point"",""coordinates"":[35.56677831109826,-0.3231780362507126]}"
3108,3.0031628608703613,Nakuru,1668.0,19.708696365356445,0.2631480991840362,1305.9857177734375,-1.0928322524745588,36.552300794520846,0.3652638792991638,1291.1505126953125,6.0,2024,3.0031628608703613,"{""type"":""Point"",""coordinates"":[36.552300794520846,-1.0928322524745588]}"
3110,7.740650177001953,Nakuru,1905.0,18.595651626586918,0.2630483508110046,1129.3472900390625,-0.1502744069919124,35.824236111762254,0.4046635925769806,930.6578369140624,4.0,2024,7.740650177001953,"{""type"":""Point"",""coordinates"":[35.824236111762254,-0.15027440699191244]}"
3121,4.028838634490967,Nakuru,2493.0,22.96956443786621,0.3429677784442901,1058.6063232421875,-0.3411269461372739,36.26162709066645,0.4958094358444214,908.1383056640624,4.0,2024,4.028838634490967,"{""type"":""Point"",""coordinates"":[36.261627090666444,-0.34112694613727396]}"
3126,6.0313873291015625,Nakuru,2561.0,20.447826385498047,0.2461976855993271,923.3309936523438,-0.1934383278765508,35.67255569566759,0.4510589838027954,1025.3524169921875,4.0,2024,6.0313873291015625,"{""type"":""Point"",""coordinates"":[35.67255569566759,-0.19343832787655088]}"
3130,6.331787109375,Nakuru,1738.0,16.899999618530273,0.2379206866025924,1772.631103515625,-0.1192526504218745,35.97080978829904,0.3350071012973785,848.7538452148438,1.0,2024,6.331787109375,"{""type"":""Point"",""coordinates"":[35.970809788299036,-0.11925265042187455]}"
3136,5.149476051330566,Nakuru,1824.0,19.53913116455078,0.3903540074825287,1620.4278564453125,0.0904880889694069,36.23311976464466,0.5884419679641724,890.79541015625,1.0,2024,5.149476051330566,"{""type"":""Point"",""coordinates"":[36.23311976464466,0.0904880889694069]}"
3141,8.007206916809082,Nakuru,2608.0,23.80434799194336,0.329420268535614,932.83642578125,-0.353529520585861,35.52344472114729,0.4490736722946167,961.3237915039062,4.0,2024,8.007206916809082,"{""type"":""Point"",""coordinates"":[35.52344472114729,-0.35352952058586107]}"
3151,6.8553314208984375,Nakuru,2012.0,20.208696365356445,0.3530443608760834,1427.7750244140625,-0.2299022380369431,35.93055162881123,0.5579248666763306,908.493408203125,4.0,2024,6.8553314208984375,"{""type"":""Point"",""coordinates"":[35.93055162881123,-0.22990223803694315]}"
3152,2.666912317276001,Nakuru,2734.0,21.55652236938477,0.2918514907360077,801.3780517578125,-0.6217837312949642,36.01155582295465,0.4499196112155914,981.0376586914062,4.0,2024,2.666912317276001,"{""type"":""Point"",""coordinates"":[36.01155582295465,-0.6217837312949642]}"
3153,3.458671808242798,Nakuru,2551.0,22.91304397583008,0.3310375809669494,801.3780517578125,-0.5706572071836177,36.01144313148575,0.5525946021080017,956.3734130859376,4.0,2024,3.458671808242798,"{""type"":""Point"",""coordinates"":[36.01144313148575,-0.5706572071836177]}"
3158,7.708683967590332,Nakuru,1874.0,19.12173843383789,0.2729029655456543,1129.3472900390625,-0.1501033655601186,35.84303973679451,0.4201231002807617,930.6578369140624,4.0,2024,7.708683967590332,"{""type"":""Point"",""coordinates"":[35.84303973679451,-0.15010336556011863]}"
3166,3.996749401092529,Nakuru,1858.0,21.2608699798584,0.2644174695014953,1484.5091552734375,-0.5118889859467198,36.08277438597551,0.4405857026576996,751.40087890625,4.0,2024,3.996749401092529,"{""type"":""Point"",""coordinates"":[36.08277438597551,-0.5118889859467198]}"
3171,3.7787601947784415,Nakuru,1931.0,22.126087188720703,0.4764034450054168,1132.2017822265625,-0.7675511444641123,36.22927180033194,0.6135139465332031,760.7749633789062,4.0,2024,3.7787601947784415,"{""type"":""Point"",""coordinates"":[36.229271800331944,-0.7675511444641123]}"
3178,4.898004531860352,Nakuru,2365.0,22.8869571685791,0.3344817161560058,922.11181640625,-0.3928384262142532,35.91758553578932,0.5525126457214355,1046.51220703125,4.0,2024,4.898004531860352,"{""type"":""Point"",""coordinates"":[35.91758553578932,-0.39283842621425324]}"
3181,4.674693584442139,Nakuru,1842.0,21.33478355407715,0.3523072302341461,1385.095458984375,-0.9698864041024132,36.53586060836464,0.513472855091095,824.224853515625,6.0,2024,4.674693584442139,"{""type"":""Point"",""coordinates"":[36.53586060836464,-0.9698864041024131]}"
3187,6.831912517547607,Nakuru,2093.0,21.765216827392575,0.2446861416101455,1194.8536376953125,-0.269710220060796,35.8987670312476,0.3990618884563446,920.227783203125,4.0,2024,6.831912517547607,"{""type"":""Point"",""coordinates"":[35.8987670312476,-0.26971022006079604]}"
3188,4.127490520477295,Nakuru,1907.0,22.821739196777344,0.2269220650196075,1310.0338134765625,-0.6644059155812053,36.392614001880766,0.3405390977859497,681.583740234375,1.0,2024,4.127490520477295,"{""type"":""Point"",""coordinates"":[36.392614001880766,-0.6644059155812053]}"
3194,4.817534446716309,Nakuru,2751.0,22.41304397583008,0.3793524205684662,769.656982421875,-0.708277131611625,35.94464248903813,0.5651866793632507,1053.901611328125,4.0,2024,4.817534446716309,"{""type"":""Point"",""coordinates"":[35.94464248903813,-0.708277131611625]}"
3199,6.881886005401611,Nakuru,2119.0,19.791303634643555,0.2580224871635437,1194.8536376953125,-0.2634658665711789,35.905706821855986,0.4547031223773956,952.6629638671876,4.0,2024,6.881886005401611,"{""type"":""Point"",""coordinates"":[35.905706821855986,-0.26346586657117893]}"
3202,6.309562683105469,Nakuru,2421.0,20.92608642578125,0.3275270164012909,924.5313110351562,-0.2906833828878079,35.805431204940845,0.5367538928985596,1008.7403564453124,4.0,2024,6.309562683105469,"{""type"":""Point"",""coordinates"":[35.805431204940845,-0.2906833828878079]}"
3205,3.866856098175049,Nakuru,2242.0,21.917390823364254,0.3004052639007568,1109.161865234375,-0.8589133341012921,36.500290442660045,0.463944137096405,1032.9967041015625,4.0,2024,3.866856098175049,"{""type"":""Point"",""coordinates"":[36.500290442660045,-0.8589133341012921]}"
3215,4.021364212036133,Nakuru,2461.0,21.491304397583008,0.2858332693576813,922.11181640625,-0.4076436589772879,35.900431377259025,0.4911049604415893,1089.995361328125,4.0,2024,4.021364212036133,"{""type"":""Point"",""coordinates"":[35.900431377259025,-0.4076436589772879]}"
3216,5.036200523376465,Nakuru,1990.0,21.46086883544922,0.2772050201892853,1380.60546875,-0.5821972203082127,36.18304777750824,0.4564234614372253,720.8082275390625,4.0,2024,5.036200523376465,"{""type"":""Point"",""coordinates"":[36.183047777508236,-0.5821972203082127]}"
3222,4.871893882751465,Nakuru,1868.0,22.213043212890625,0.2585158944129944,1521.494384765625,-0.5398418710293675,36.2001258480813,0.471658319234848,658.0870361328125,4.0,2024,4.871893882751465,"{""type"":""Point"",""coordinates"":[36.2001258480813,-0.5398418710293675]}"
3223,6.85785722732544,Nakuru,2101.0,21.486955642700195,0.2756701409816742,1489.7117919921875,-0.2607073790606261,35.95748333423692,0.5066738724708557,955.322509765625,1.0,2024,6.85785722732544,"{""type"":""Point"",""coordinates"":[35.95748333423692,-0.26070737906062613]}"
3233,5.717888832092285,Nakuru,2264.0,21.408695220947266,0.3649671077728271,922.11181640625,-0.3724708825239394,35.9273337756079,0.5996138453483582,1046.51220703125,4.0,2024,5.717888832092285,"{""type"":""Point"",""coordinates"":[35.9273337756079,-0.37247088252393945]}"
3249,4.6743364334106445,Nakuru,2379.0,24.330434799194336,0.3625853657722473,922.11181640625,-0.4122378569081729,35.94014781386932,0.538353681564331,1089.995361328125,4.0,2024,4.6743364334106445,"{""type"":""Point"",""coordinates"":[35.94014781386932,-0.4122378569081729]}"
3253,3.471975803375244,Nakuru,2323.0,22.430435180664062,0.4138617813587188,1109.161865234375,-0.8595685659118636,36.5196653394174,0.6401695609092712,1136.390625,4.0,2024,3.471975803375244,"{""type"":""Point"",""coordinates"":[36.5196653394174,-0.8595685659118636]}"
3254,5.122711658477783,Nakuru,2661.0,20.87826156616211,0.3189614117145538,758.80322265625,-0.3205896751351836,35.733109115348064,0.4402934610843658,1122.4949951171875,4.0,2024,5.122711658477783,"{""type"":""Point"",""coordinates"":[35.733109115348064,-0.3205896751351836]}"
3259,4.7863450050354,Nakuru,2001.0,22.373912811279297,0.3185175061225891,1401.8802490234375,0.0145118557588258,36.23939062892208,0.5283490419387817,1000.578369140625,1.0,2024,4.7863450050354,"{""type"":""Point"",""coordinates"":[36.239390628922074,0.014511855758825892]}"
3262,6.122847080230713,Nakuru,1949.0,20.352174758911133,0.33998903632164,1489.7117919921875,-0.3322942031134955,36.023149244828495,0.5228058695793152,767.5543212890625,4.0,2024,6.122847080230713,"{""type"":""Point"",""coordinates"":[36.023149244828495,-0.33229420311349556]}"
3263,7.243658065795898,Nakuru,1846.0,19.13478279113769,0.3270631730556488,1427.7750244140625,-0.1551859962819135,35.89682894153796,0.5322937965393066,873.606201171875,1.0,2024,7.243658065795898,"{""type"":""Point"",""coordinates"":[35.89682894153796,-0.15518599628191357]}"
3266,8.180161476135254,Nakuru,2469.0,22.72608757019043,0.3409127295017242,932.83642578125,-0.4289526679678571,35.53480475338333,0.4902728497982025,920.1461791992188,4.0,2024,8.180161476135254,"{""type"":""Point"",""coordinates"":[35.53480475338333,-0.42895266796785714]}"
3267,5.332893371582031,Nakuru,2728.0,20.495651245117188,0.2847904860973358,758.80322265625,-0.2765744291466426,35.663743022944026,0.393902450799942,1020.0197143554688,4.0,2024,5.332893371582031,"{""type"":""Point"",""coordinates"":[35.663743022944026,-0.2765744291466426]}"
3273,4.651213645935059,Nakuru,1861.0,21.752174377441406,0.2676686942577362,1521.494384765625,-0.5309010611799989,36.18390305895823,0.4122597873210907,658.0870361328125,4.0,2024,4.651213645935059,"{""type"":""Point"",""coordinates"":[36.18390305895823,-0.5309010611799989]}"
3274,5.44706916809082,Nakuru,2153.0,22.2608699798584,0.3909144997596741,925.9317626953124,-0.1832141643765307,36.17455106823793,0.5520277619361877,1067.3253173828125,1.0,2024,5.44706916809082,"{""type"":""Point"",""coordinates"":[36.17455106823793,-0.18321416437653074]}"
3275,5.828380107879639,Nakuru,1971.0,20.93913078308105,0.3761005401611328,1163.2713623046875,-0.5197990630610201,36.36091221771215,0.5249921679496765,691.9712524414062,4.0,2024,5.828380107879639,"{""type"":""Point"",""coordinates"":[36.36091221771215,-0.5197990630610201]}"
3290,4.843790531158447,Nakuru,1807.0,18.552173614501957,0.3429648578166961,1258.922119140625,0.1089938748429689,36.25363004605821,0.507986843585968,825.3482055664062,1.0,2024,4.843790531158447,"{""type"":""Point"",""coordinates"":[36.25363004605821,0.10899387484296899]}"
3291,2.294427394866944,Nakuru,2606.0,22.408695220947266,0.4108771681785583,719.7100219726562,-0.8368612181300378,36.55601518682949,0.6024375557899475,1475.797119140625,4.0,2024,2.294427394866944,"{""type"":""Point"",""coordinates"":[36.55601518682949,-0.8368612181300378]}"
3293,4.922516822814941,Nakuru,2070.0,21.41304397583008,0.3412092924118042,931.31884765625,-0.7323799190038112,36.46951907483989,0.5076723098754883,1042.134521484375,4.0,2024,4.922516822814941,"{""type"":""Point"",""coordinates"":[36.46951907483989,-0.7323799190038112]}"
3295,4.336856842041016,Nakuru,1908.0,20.986955642700195,0.3371482789516449,1484.5091552734375,-0.5421257950466469,36.13599596992268,0.5139042735099792,675.6139526367188,4.0,2024,4.336856842041016,"{""type"":""Point"",""coordinates"":[36.135995969922675,-0.5421257950466469]}"
3296,5.119311332702637,Nakuru,2312.0,22.92608642578125,0.4277042150497436,1293.6524658203125,-0.39971613834145,36.31511218433334,0.5928400158882141,846.8605346679688,1.0,2024,5.119311332702637,"{""type"":""Point"",""coordinates"":[36.31511218433334,-0.39971613834145]}"
3298,5.2925519943237305,Nakuru,1663.0,19.57391357421875,0.4157788157463074,1401.8802490234375,-0.0104349610149551,36.15332867483692,0.5815050601959229,938.6957397460938,1.0,2024,5.2925519943237305,"{""type"":""Point"",""coordinates"":[36.15332867483692,-0.010434961014955137]}"
3306,4.902718544006348,Nakuru,1764.0,17.869565963745117,0.3736714422702789,1258.922119140625,0.122133048720051,36.25510614817296,0.557578444480896,825.3482055664062,4.0,2024,4.902718544006348,"{""type"":""Point"",""coordinates"":[36.25510614817296,0.12213304872005101]}"
3312,6.846897125244141,Nakuru,2144.0,21.678260803222656,0.3473982810974121,1194.8536376953125,-0.3029760016726955,35.93944878130783,0.5484932065010071,982.5396118164062,1.0,2024,6.846897125244141,"{""type"":""Point"",""coordinates"":[35.93944878130783,-0.3029760016726955]}"
3336,6.192052364349365,Nakuru,2595.0,22.221738815307617,0.2978509068489074,831.6529541015625,-0.4353093956596572,35.645640015485306,0.4502742886543274,923.7847290039062,4.0,2024,6.192052364349365,"{""type"":""Point"",""coordinates"":[35.645640015485306,-0.4353093956596572]}"
3340,7.060517311096191,Nakuru,1965.0,19.513044357299805,0.3231446444988251,1427.7750244140625,-0.238252526685272,35.89492296294943,0.4837086200714111,882.827392578125,1.0,2024,7.060517311096191,"{""type"":""Point"",""coordinates"":[35.89492296294943,-0.23825252668527203]}"
3357,4.7592644691467285,Nakuru,1890.0,21.582609176635746,0.4110150635242462,1385.095458984375,-0.9562433794824972,36.547488220211726,0.5651736855506897,824.224853515625,6.0,2024,4.7592644691467285,"{""type"":""Point"",""coordinates"":[36.547488220211726,-0.9562433794824973]}"
3361,7.155039310455322,Nakuru,2307.0,23.84782600402832,0.3767073452472687,924.5313110351562,-0.2591570794752649,35.79818409766985,0.6103112697601318,1059.924072265625,4.0,2024,7.155039310455322,"{""type"":""Point"",""coordinates"":[35.79818409766985,-0.25915707947526495]}"
3362,4.744724273681641,Nakuru,2212.0,19.46086883544922,0.3431645035743713,1088.5662841796875,-0.0802602514878891,36.16747014000814,0.4879480004310608,980.36962890625,1.0,2024,4.744724273681641,"{""type"":""Point"",""coordinates"":[36.16747014000814,-0.08026025148788919]}"
3367,4.068585395812988,Nakuru,2536.0,19.208696365356445,0.3542055189609527,925.9317626953124,-0.2141301772217229,36.2274971444928,0.5750588178634644,1144.279541015625,4.0,2024,4.068585395812988,"{""type"":""Point"",""coordinates"":[36.2274971444928,-0.21413017722172292]}"
3374,6.385858535766602,Nakuru,1750.0,17.76956558227539,0.2426761239767074,1772.631103515625,-0.1181372229685792,35.96633003698403,0.378571093082428,848.7538452148438,4.0,2024,6.385858535766602,"{""type"":""Point"",""coordinates"":[35.96633003698403,-0.11813722296857926]}"
3380,5.110142230987549,Nakuru,1967.0,22.78695678710937,0.2324661910533905,1370.2122802734375,-0.85659134091593,36.381171221178526,0.4132573902606964,908.3840942382812,4.0,2024,5.110142230987549,"{""type"":""Point"",""coordinates"":[36.381171221178526,-0.85659134091593]}"
3382,3.77232027053833,Nakuru,1974.0,22.27391242980957,0.2383848577737808,1132.2017822265625,-0.7618838022023313,36.203716426051415,0.3616020381450653,760.7749633789062,4.0,2024,3.77232027053833,"{""type"":""Point"",""coordinates"":[36.203716426051415,-0.7618838022023313]}"
3384,7.127278327941895,Nakuru,1933.0,20.30434799194336,0.3123934268951416,1427.7750244140625,-0.2077998903638204,35.902202677882066,0.4972330629825592,908.493408203125,1.0,2024,7.127278327941895,"{""type"":""Point"",""coordinates"":[35.902202677882066,-0.20779989036382046]}"
3387,4.140384197235107,Nakuru,2069.0,22.46956443786621,0.2727921307086944,1130.5069580078125,-0.7335973680299978,36.19865926506984,0.3678859174251556,925.4761352539062,4.0,2024,4.140384197235107,"{""type"":""Point"",""coordinates"":[36.198659265069836,-0.7335973680299978]}"
3395,6.011900424957275,Nakuru,1842.0,19.76956558227539,0.3480284810066223,1523.544189453125,-0.1329753291453761,36.11091627770474,0.5079927444458008,929.5658569335938,1.0,2024,6.011900424957275,"{""type"":""Point"",""coordinates"":[36.11091627770474,-0.1329753291453761]}"
3404,5.56257963180542,Nakuru,1990.0,21.19130516052246,0.3156123757362366,1330.85302734375,-0.7972234459787767,36.44841270187724,0.4363246262073517,1032.5670166015625,4.0,2024,5.56257963180542,"{""type"":""Point"",""coordinates"":[36.44841270187724,-0.7972234459787767]}"
3406,6.440483093261719,Nakuru,1883.0,18.71739196777344,0.3141653537750244,1609.933837890625,-0.1710632717955767,35.95529073936326,0.5046998262405396,918.7094116210938,1.0,2024,6.440483093261719,"{""type"":""Point"",""coordinates"":[35.95529073936326,-0.17106327179557676]}"
3411,3.583228349685669,Nakuru,2287.0,22.23043441772461,0.3610684871673584,1109.161865234375,-0.8728429982828912,36.51884886647689,0.536340594291687,1136.390625,4.0,2024,3.583228349685669,"{""type"":""Point"",""coordinates"":[36.51884886647689,-0.8728429982828912]}"
3416,4.06679630279541,Nakuru,2365.0,22.982608795166016,0.3635009229183197,1090.254150390625,-0.5144864388627173,35.99836339916602,0.5679025650024414,1075.335693359375,4.0,2024,4.06679630279541,"{""type"":""Point"",""coordinates"":[35.99836339916602,-0.5144864388627173]}"
3422,5.398116588592529,Nakuru,2278.0,29.59130477905273,0.3348918855190277,925.9317626953124,-0.2409347792751131,36.20747004872332,0.5278078317642212,1144.279541015625,4.0,2024,5.398116588592529,"{""type"":""Point"",""coordinates"":[36.207470048723316,-0.24093477927511314]}"
3433,6.2192063331604,Nakuru,1871.0,21.299999237060547,0.3321230411529541,1359.44580078125,-0.1576042353219201,36.09597137624169,0.5131422281265259,910.4461669921876,1.0,2024,6.2192063331604,"{""type"":""Point"",""coordinates"":[36.09597137624169,-0.1576042353219201]}"
3442,3.813174962997437,Nakuru,1946.0,23.095651626586918,0.2552075982093811,1132.2017822265625,-0.7634308875701941,36.21178247999888,0.395379364490509,760.7749633789062,4.0,2024,3.813174962997437,"{""type"":""Point"",""coordinates"":[36.21178247999888,-0.7634308875701941]}"
3449,5.0449299812316895,Nakuru,1941.0,21.77391242980957,0.3680085837841034,1380.60546875,-0.5728025053157515,36.19100599439091,0.547286868095398,720.8082275390625,4.0,2024,5.0449299812316895,"{""type"":""Point"",""coordinates"":[36.19100599439091,-0.5728025053157515]}"
3455,5.302379608154297,Nakuru,2732.0,20.330434799194336,0.3390472829341888,758.80322265625,-0.30356791887048,35.654595836005186,0.4818369448184967,1003.6137084960938,4.0,2024,5.302379608154297,"{""type"":""Point"",""coordinates"":[35.654595836005186,-0.30356791887048]}"
3456,4.368911266326904,Nakuru,1893.0,24.55652236938477,0.6030418872833252,1171.51220703125,-0.6265598691527194,36.36918769549237,0.7377148270606995,635.6214599609375,1.0,2024,4.368911266326904,"{""type"":""Point"",""coordinates"":[36.36918769549237,-0.6265598691527194]}"
3459,6.759378433227539,Nakuru,2056.0,21.03043556213379,0.301399827003479,1489.7117919921875,-0.3136632005225972,35.987317305170635,0.5146295428276062,949.3353881835938,1.0,2024,6.759378433227539,"{""type"":""Point"",""coordinates"":[35.987317305170635,-0.3136632005225972]}"
3461,4.144508361816406,Nakuru,2104.0,21.952173233032227,0.277383416891098,1130.5069580078125,-0.7286649735050488,36.1845284697578,0.4747169017791748,925.4761352539062,4.0,2024,4.144508361816406,"{""type"":""Point"",""coordinates"":[36.1845284697578,-0.7286649735050488]}"
3471,3.647858619689941,Nakuru,1560.0,17.930435180664062,0.322506308555603,1829.679931640625,0.0749488961549559,35.94361363689911,0.5220631957054138,849.2327270507812,1.0,2024,3.647858619689941,"{""type"":""Point"",""coordinates"":[35.94361363689911,0.07494889615495597]}"
3472,5.310062885284424,Nakuru,2570.0,23.234783172607425,0.4153787493705749,923.3309936523438,-0.2407322794404753,35.658488456747754,0.5367929339408875,1002.68896484375,4.0,2024,5.310062885284424,"{""type"":""Point"",""coordinates"":[35.658488456747754,-0.24073227944047537]}"
3475,4.217137336730957,Nakuru,2497.0,19.839130401611328,0.2577366828918457,922.11181640625,-0.3784560429614054,35.86955373845893,0.4744360446929931,1100.89599609375,4.0,2024,4.217137336730957,"{""type"":""Point"",""coordinates"":[35.86955373845893,-0.37845604296140545]}"
3476,6.75365161895752,Nakuru,2516.0,20.752174377441406,0.3784816563129425,923.3309936523438,-0.1849543171839359,35.7107261221294,0.5614405274391174,1134.2620849609375,4.0,2024,6.75365161895752,"{""type"":""Point"",""coordinates"":[35.7107261221294,-0.18495431718393596]}"
3484,6.339543342590332,Nakuru,2552.0,21.5217399597168,0.389013260602951,831.6529541015625,-0.425790275790248,35.63603328277666,0.5679118037223816,923.7847290039062,4.0,2024,6.339543342590332,"{""type"":""Point"",""coordinates"":[35.63603328277666,-0.42579027579024803]}"
3485,3.83756685256958,Nakuru,2545.0,22.795652389526367,0.2819191515445709,922.11181640625,-0.3932441900215019,35.87232250663075,0.458590418100357,1100.89599609375,4.0,2024,3.83756685256958,"{""type"":""Point"",""coordinates"":[35.87232250663075,-0.3932441900215019]}"
3487,4.014657020568848,Nakuru,2061.0,23.39130401611328,0.4041377305984497,1130.5069580078125,-0.741667039021062,36.19781251581264,0.5702962279319763,925.4761352539062,4.0,2024,4.014657020568848,"{""type"":""Point"",""coordinates"":[36.197812515812636,-0.741667039021062]}"
3493,4.023059844970703,Nakuru,2336.0,21.513044357299805,0.3573518991470337,1090.254150390625,-0.4668697515764026,35.97070015668982,0.5372316837310791,1038.897705078125,4.0,2024,4.023059844970703,"{""type"":""Point"",""coordinates"":[35.97070015668982,-0.4668697515764026]}"
3502,4.849925518035889,Nakuru,2464.0,23.38260841369629,0.4194816052913666,924.5313110351562,-0.3322703686223495,35.83087095122994,0.6262393593788147,1082.4827880859375,4.0,2024,4.849925518035889,"{""type"":""Point"",""coordinates"":[35.83087095122994,-0.3322703686223495]}"
3508,5.3313188552856445,Nakuru,1783.0,21.160869598388672,0.3847031593322754,1523.544189453125,-0.0843996678807907,36.121434500860495,0.5655457377433777,875.034912109375,1.0,2024,5.3313188552856445,"{""type"":""Point"",""coordinates"":[36.121434500860495,-0.0843996678807907]}"
3511,6.703239440917969,Nakuru,2026.0,21.452173233032227,0.3270010948181152,1359.44580078125,-0.2323312504290924,36.10680795839011,0.5026741623878479,946.5303344726562,4.0,2024,6.703239440917969,"{""type"":""Point"",""coordinates"":[36.10680795839011,-0.2323312504290924]}"
3518,5.287537574768066,Nakuru,2743.0,21.46086883544922,0.4069914519786834,694.8674926757812,-0.4014372863427037,35.68447631750483,0.511375367641449,977.9506225585938,4.0,2024,5.287537574768066,"{""type"":""Point"",""coordinates"":[35.68447631750483,-0.40143728634270376]}"
3520,3.75659704208374,Nakuru,2140.0,22.18260955810547,0.3317645788192749,1109.161865234375,-0.8861350934064879,36.514336340986766,0.5196308493614197,1136.390625,4.0,2024,3.75659704208374,"{""type"":""Point"",""coordinates"":[36.514336340986766,-0.8861350934064879]}"
3534,5.620497703552246,Nakuru,2348.0,22.799999237060547,0.3174999058246612,1194.8536376953125,-0.3357594731305385,35.87765193684835,0.5201115608215332,979.8775024414062,4.0,2024,5.620497703552246,"{""type"":""Point"",""coordinates"":[35.87765193684835,-0.33575947313053855]}"
3535,7.001372337341309,Nakuru,2642.0,20.95652198791504,0.3777985274791717,893.533935546875,-0.3458869568704157,35.57358164363877,0.4945966005325317,1015.4908447265624,4.0,2024,7.001372337341309,"{""type"":""Point"",""coordinates"":[35.57358164363877,-0.3458869568704157]}"
3538,6.910614013671875,Nakuru,2108.0,21.582609176635746,0.2026415318250656,1489.7117919921875,-0.2727594524939359,35.95258666054848,0.3746943175792694,955.322509765625,1.0,2024,6.910614013671875,"{""type"":""Point"",""coordinates"":[35.95258666054848,-0.2727594524939359]}"
3541,4.616837024688721,Nakuru,1904.0,21.68260955810547,0.335951566696167,1521.494384765625,-0.545911811668532,36.16508851088096,0.5238959193229675,658.0870361328125,4.0,2024,4.616837024688721,"{""type"":""Point"",""coordinates"":[36.16508851088096,-0.545911811668532]}"
3544,7.190155029296875,Nakuru,1811.0,18.93913078308105,0.3061733245849609,1611.68310546875,-0.1225766730850636,35.89396319183543,0.4781346023082733,850.9305419921875,4.0,2024,7.190155029296875,"{""type"":""Point"",""coordinates"":[35.89396319183543,-0.12257667308506365]}"
3552,7.730679035186768,Nakuru,1908.0,21.026086807250977,0.302965372800827,1129.3472900390625,-0.1983717282010848,35.8358580825732,0.5030294060707092,930.6578369140624,1.0,2024,7.730679035186768,"{""type"":""Point"",""coordinates"":[35.835858082573196,-0.19837172820108487]}"
3553,4.509664535522461,Nakuru,1888.0,22.365217208862305,0.2888265550136566,1310.0338134765625,-0.7147447785864559,36.39985982067321,0.406899482011795,806.1681518554688,4.0,2024,4.509664535522461,"{""type"":""Point"",""coordinates"":[36.39985982067321,-0.7147447785864559]}"
3562,7.512328624725342,Nakuru,2588.0,21.026086807250977,0.4486564397811889,831.6529541015625,-0.3649709935889303,35.56611431549912,0.4988821744918823,967.619384765625,4.0,2024,7.512328624725342,"{""type"":""Point"",""coordinates"":[35.56611431549912,-0.3649709935889303]}"
3564,5.187376022338867,Nakuru,2233.0,21.34782600402832,0.2619673907756805,1380.60546875,-0.6067735486658422,36.19055916714345,0.4430438280105591,972.7747802734376,4.0,2024,5.187376022338867,"{""type"":""Point"",""coordinates"":[36.19055916714345,-0.6067735486658422]}"
3569,3.546729564666748,Nakuru,2537.0,21.795652389526367,0.3353633284568786,822.3162231445312,-0.4610619130136364,35.934873297736885,0.5113328099250793,1193.9844970703125,4.0,2024,3.546729564666748,"{""type"":""Point"",""coordinates"":[35.934873297736885,-0.46106191301363647]}"
3571,7.319045066833496,Nakuru,1926.0,20.81739044189453,0.4827161431312561,1427.7750244140625,-0.2158718803169446,35.87905562333545,0.7223062515258789,882.827392578125,1.0,2024,7.319045066833496,"{""type"":""Point"",""coordinates"":[35.87905562333545,-0.21587188031694468]}"
3577,6.418137550354004,Nakuru,2520.0,19.38260841369629,0.4129755198955536,758.80322265625,-0.2633477287800922,35.72790799590736,0.5673271417617798,1132.0721435546875,4.0,2024,6.418137550354004,"{""type"":""Point"",""coordinates"":[35.72790799590736,-0.2633477287800922]}"
3579,5.746691703796387,Nakuru,1885.0,21.62173843383789,0.3282407820224762,1620.4278564453125,0.0582012312716331,36.18909708590488,0.5092083215713501,843.6861572265625,1.0,2024,5.746691703796387,"{""type"":""Point"",""coordinates"":[36.18909708590488,0.058201231271633146]}"
3594,6.1330108642578125,Nakuru,1642.0,17.491304397583008,0.2718208730220794,1772.631103515625,-0.0751662322929484,35.99962890810748,0.4377220273017883,797.8411254882812,1.0,2024,6.1330108642578125,"{""type"":""Point"",""coordinates"":[35.99962890810748,-0.07516623229294848]}"
3605,4.549859046936035,Nakuru,2785.0,21.31304359436035,0.3767919838428497,600.9398193359375,-0.6930843045908984,35.95487833146315,0.5013441443443298,1057.2928466796875,4.0,2024,4.549859046936035,"{""type"":""Point"",""coordinates"":[35.95487833146315,-0.6930843045908984]}"
3610,5.476334095001221,Nakuru,1819.0,19.19130516052246,0.3070158064365387,1620.4278564453125,0.0907208579728314,36.20031938628576,0.4885552525520324,890.79541015625,4.0,2024,5.476334095001221,"{""type"":""Point"",""coordinates"":[36.20031938628576,0.0907208579728314]}"
3612,5.09128475189209,Nakuru,1732.0,18.178260803222656,0.3219775557518005,1523.544189453125,-0.0612304176371847,36.12541847277125,0.4821922481060028,875.034912109375,1.0,2024,5.09128475189209,"{""type"":""Point"",""coordinates"":[36.12541847277125,-0.06123041763718473]}"
3613,5.571922302246094,Nakuru,2604.0,22.38260841369629,0.3311734199523926,694.8674926757812,-0.4480267592326629,35.674213132654124,0.4450260400772095,977.9506225585938,4.0,2024,5.571922302246094,"{""type"":""Point"",""coordinates"":[35.674213132654124,-0.44802675923266294]}"
3623,5.825744152069092,Nakuru,2680.0,21.278261184692383,0.2680128514766693,831.6529541015625,-0.371307066981531,35.63522749597632,0.3924548029899597,958.3047485351562,4.0,2024,5.825744152069092,"{""type"":""Point"",""coordinates"":[35.63522749597632,-0.37130706698153104]}"
3625,5.335649967193604,Nakuru,2715.0,20.495651245117188,0.260769635438919,758.80322265625,-0.3259092708711059,35.65702839114939,0.3546046912670135,1003.6137084960938,4.0,2024,5.335649967193604,"{""type"":""Point"",""coordinates"":[35.65702839114939,-0.3259092708711059]}"
3630,4.1320414543151855,Nakuru,2817.0,22.917390823364254,0.3657504618167877,694.8674926757812,-0.3759777070435248,35.73479242083856,0.5612016320228577,1214.0223388671875,4.0,2024,4.1320414543151855,"{""type"":""Point"",""coordinates"":[35.73479242083856,-0.3759777070435248]}"
3631,6.734802722930908,Nakuru,2382.0,25.87826156616211,0.3875429928302765,924.5313110351562,-0.275197879014193,35.78771146463312,0.6093112826347351,1059.924072265625,4.0,2024,6.734802722930908,"{""type"":""Point"",""coordinates"":[35.78771146463312,-0.275197879014193]}"
3632,6.420803546905518,Nakuru,1999.0,23.008695602416992,0.3108963966369629,1359.44580078125,-0.1984749037911663,36.13742905400546,0.4633730351924896,1036.1998291015625,1.0,2024,6.420803546905518,"{""type"":""Point"",""coordinates"":[36.13742905400546,-0.1984749037911663]}"
3635,3.661785125732422,Nakuru,1886.0,23.65217399597168,0.007993004284799,1477.1676025390625,-0.6960898348072595,36.3497836346899,-0.1846276819705963,602.62158203125,4.0,2024,3.661785125732422,"{""type"":""Point"",""coordinates"":[36.3497836346899,-0.6960898348072595]}"
3646,5.443542003631592,Nakuru,1917.0,19.147825241088867,0.3550271689891815,1143.9588623046875,-0.3159807183311355,36.17261193489934,0.5020546317100525,805.9258422851562,4.0,2024,5.443542003631592,"{""type"":""Point"",""coordinates"":[36.17261193489934,-0.31598071833113556]}"
3651,3.7238657474517822,Nakuru,2459.0,20.047826766967773,0.3749103248119354,822.3162231445312,-0.4634655598754558,35.94457377288456,0.6408944725990295,1193.9844970703125,4.0,2024,3.7238657474517822,"{""type"":""Point"",""coordinates"":[35.94457377288456,-0.4634655598754558]}"
3655,4.24913215637207,Nakuru,1898.0,23.569564819335938,0.3931966125965118,1310.0338134765625,-0.6898780701009082,36.39864566836319,0.5726615190505981,681.583740234375,4.0,2024,4.24913215637207,"{""type"":""Point"",""coordinates"":[36.39864566836319,-0.6898780701009082]}"
3666,6.828761577606201,Nakuru,1882.0,19.321739196777344,0.3090494275093078,1427.7750244140625,-0.1790300007899503,35.92810674674302,0.5031769275665283,885.2904052734375,4.0,2024,6.828761577606201,"{""type"":""Point"",""coordinates"":[35.92810674674302,-0.1790300007899503]}"
3668,2.154249668121338,Nakuru,1810.0,22.62173843383789,0.2897156774997711,1545.2855224609375,-0.9809908910707617,36.388219547985386,0.4557530581951141,784.7171630859375,4.0,2024,2.154249668121338,"{""type"":""Point"",""coordinates"":[36.388219547985386,-0.9809908910707615]}"
3681,4.010122299194336,Nakuru,2083.0,21.6130428314209,0.3487474918365478,1078.94775390625,-0.5932207647935008,36.11419769656701,0.5691229104995728,768.9725952148438,4.0,2024,4.010122299194336,"{""type"":""Point"",""coordinates"":[36.114197696567004,-0.5932207647935008]}"
3688,5.280515670776367,Nakuru,1661.0,19.57391357421875,0.3997072875499725,1401.8802490234375,-0.0106004864257851,36.15187151888802,0.5697476267814636,938.6957397460938,1.0,2024,5.280515670776367,"{""type"":""Point"",""coordinates"":[36.15187151888802,-0.010600486425785104]}"
3695,5.580495834350586,Nakuru,1945.0,20.92608642578125,0.3447315692901611,1301.215087890625,-0.3513353315523846,36.030479923592864,0.5352431535720825,798.239501953125,1.0,2024,5.580495834350586,"{""type"":""Point"",""coordinates"":[36.030479923592864,-0.35133533155238467]}"
3697,6.080904960632324,Nakuru,2402.0,23.57826042175293,0.3447941541671753,1194.8536376953125,-0.3345108033287977,35.900841601582194,0.5422346591949463,982.5396118164062,4.0,2024,6.080904960632324,"{""type"":""Point"",""coordinates"":[35.900841601582194,-0.33451080332879773]}"
3705,4.723262786865234,Nakuru,2128.0,21.81739044189453,0.3870685994625091,945.5843505859376,-0.775795971122585,36.48274433654991,0.554924488067627,895.4133911132812,4.0,2024,4.723262786865234,"{""type"":""Point"",""coordinates"":[36.48274433654991,-0.775795971122585]}"
3716,4.832298278808594,Nakuru,2083.0,21.417390823364254,0.3134619295597076,931.31884765625,-0.7206067901700505,36.46842672438972,0.4552009105682373,1042.134521484375,4.0,2024,4.832298278808594,"{""type"":""Point"",""coordinates"":[36.468426724389715,-0.7206067901700505]}"
3718,3.996109962463379,Nakuru,2661.0,22.07391357421875,0.312962919473648,822.3162231445312,-0.5012615872787922,35.94201987639676,0.450276643037796,1163.6287841796875,4.0,2024,3.996109962463379,"{""type"":""Point"",""coordinates"":[35.94201987639676,-0.5012615872787922]}"
3722,7.659979820251465,Nakuru,2074.0,20.799999237060547,0.2970854938030243,1129.3472900390625,-0.2184371777877636,35.79430171203466,0.4975722730159759,1037.336181640625,1.0,2024,7.659979820251465,"{""type"":""Point"",""coordinates"":[35.79430171203466,-0.21843717778776361]}"
3730,4.885699272155762,Nakuru,2049.0,22.31739044189453,0.3832996785640716,1380.60546875,-0.5878062539463377,36.16380585298296,0.5749947428703308,720.8082275390625,4.0,2024,4.885699272155762,"{""type"":""Point"",""coordinates"":[36.16380585298296,-0.5878062539463377]}"
3733,4.1566972732543945,Nakuru,2459.0,22.6130428314209,0.3003660440444946,922.11181640625,-0.4006630086042755,35.89692619637947,0.5029449462890625,1174.0662841796875,4.0,2024,4.1566972732543945,"{""type"":""Point"",""coordinates"":[35.89692619637947,-0.4006630086042755]}"
3738,2.7471566200256348,Nakuru,2552.0,22.50434875488281,0.360129565000534,945.5843505859376,-0.8463043847056292,36.544317150846254,0.5513151288032532,1194.972900390625,4.0,2024,2.7471566200256348,"{""type"":""Point"",""coordinates"":[36.544317150846254,-0.8463043847056292]}"
3739,3.626357078552246,Nakuru,2262.0,21.982608795166016,0.3407519161701202,931.31884765625,-0.7362578487637778,36.50427450750959,0.5204344987869263,1146.4976806640625,4.0,2024,3.626357078552246,"{""type"":""Point"",""coordinates"":[36.50427450750959,-0.7362578487637778]}"
3752,4.500483512878418,Nakuru,1949.0,24.208696365356445,0.3276921510696411,1109.161865234375,-0.9369093296500844,36.54482207414527,0.4947308003902435,1141.9552001953125,4.0,2024,4.500483512878418,"{""type"":""Point"",""coordinates"":[36.544822074145266,-0.9369093296500844]}"
3756,5.416845798492432,Nakuru,2723.0,21.81304359436035,0.3512556850910187,758.80322265625,-0.2970279611788933,35.68402861134382,0.4982593059539795,1020.0197143554688,4.0,2024,5.416845798492432,"{""type"":""Point"",""coordinates"":[35.68402861134382,-0.2970279611788933]}"
3759,5.996721267700195,Nakuru,1951.0,20.96521759033203,0.2652969062328338,1609.933837890625,-0.1923243798887071,36.01388423970891,0.3967300951480865,873.7376708984375,1.0,2024,5.996721267700195,"{""type"":""Point"",""coordinates"":[36.01388423970891,-0.19232437988870718]}"
3761,6.031639575958252,Nakuru,2017.0,24.295652389526367,0.3659250438213348,1308.805908203125,-0.4832000577934707,36.347297280780005,0.560642659664154,663.8724365234375,4.0,2024,6.031639575958252,"{""type"":""Point"",""coordinates"":[36.347297280780005,-0.4832000577934707]}"
3796,6.9541521072387695,Nakuru,2017.0,21.660869598388672,0.2828959226608276,1427.7750244140625,-0.2488254191629606,35.90784409090294,0.4270384311676025,908.493408203125,4.0,2024,6.9541521072387695,"{""type"":""Point"",""coordinates"":[35.90784409090294,-0.24882541916296064]}"
3822,3.697568893432617,Nakuru,1892.0,23.78695678710937,0.2735346257686615,1310.0338134765625,-0.6948621040847406,36.35618379951255,0.2530350685119629,681.583740234375,4.0,2024,3.697568893432617,"{""type"":""Point"",""coordinates"":[36.35618379951255,-0.6948621040847406]}"
3826,6.68951416015625,Nakuru,1685.0,17.360870361328125,0.3221214413642883,1611.68310546875,-0.0955058735521939,35.94324996970305,0.3449309766292572,805.4788818359375,1.0,2024,6.68951416015625,"{""type"":""Point"",""coordinates"":[35.94324996970305,-0.09550587355219395]}"
3828,2.73401951789856,Nakuru,2465.0,22.213043212890625,0.3526178002357483,931.31884765625,-0.6567062424773434,36.51442051876517,0.5481193661689758,1155.636474609375,4.0,2024,2.73401951789856,"{""type"":""Point"",""coordinates"":[36.51442051876517,-0.6567062424773434]}"
3831,5.362910747528076,Nakuru,2714.0,21.77391242980957,0.2590964734554291,758.80322265625,-0.2974448019589212,35.67491277795614,0.3974347710609436,1020.0197143554688,4.0,2024,5.362910747528076,"{""type"":""Point"",""coordinates"":[35.67491277795614,-0.29744480195892126]}"
3840,6.936981201171875,Nakuru,2038.0,20.78695678710937,0.2848115861415863,1194.8536376953125,-0.2549702090017422,35.9021479000634,0.4287334978580475,952.6629638671876,4.0,2024,6.936981201171875,"{""type"":""Point"",""coordinates"":[35.9021479000634,-0.2549702090017422]}"
3855,5.837266445159912,Nakuru,1971.0,21.21739196777344,0.3709193468093872,1401.8802490234375,0.031985684919578,36.18788353806727,0.5368073582649231,1108.340087890625,1.0,2024,5.837266445159912,"{""type"":""Point"",""coordinates"":[36.18788353806727,0.031985684919578074]}"
3856,4.661900520324707,Nakuru,1874.0,22.91304397583008,0.2817590534687042,1521.494384765625,-0.5345826694891016,36.18034861929735,0.4171549379825592,658.0870361328125,1.0,2024,4.661900520324707,"{""type"":""Point"",""coordinates"":[36.18034861929735,-0.5345826694891016]}"
3861,7.181575298309326,Nakuru,1957.0,20.42173957824707,0.3228114545345306,1427.7750244140625,-0.231875329043106,35.882977532903006,0.526567816734314,882.827392578125,4.0,2024,7.181575298309326,"{""type"":""Point"",""coordinates"":[35.882977532903006,-0.231875329043106]}"
3865,5.202646732330322,Nakuru,2395.0,22.18695640563965,0.3284778892993927,1194.8536376953125,-0.3482167649154812,35.87289024640767,0.5087805390357971,979.8775024414062,4.0,2024,5.202646732330322,"{""type"":""Point"",""coordinates"":[35.87289024640767,-0.3482167649154812]}"
3870,4.598880290985107,Nakuru,1776.0,20.013044357299805,0.2170743346214294,1118.90576171875,-1.0066388447303576,36.56895285651958,0.2763276994228363,1214.209228515625,4.0,2024,4.598880290985107,"{""type"":""Point"",""coordinates"":[36.56895285651958,-1.0066388447303576]}"
3871,7.212008953094482,Nakuru,1848.0,19.5217399597168,0.2756439745426178,1427.7750244140625,-0.1587383807364536,35.90023911984653,0.4627122282981872,873.606201171875,4.0,2024,7.212008953094482,"{""type"":""Point"",""coordinates"":[35.90023911984653,-0.15873838073645363]}"
3877,7.2281975746154785,Nakuru,1832.0,19.352174758911133,0.2972115278244018,1611.68310546875,-0.1405992288067103,35.89632776592586,0.4783019125461578,850.9305419921875,1.0,2024,7.2281975746154785,"{""type"":""Point"",""coordinates"":[35.89632776592586,-0.14059922880671039]}"
3878,4.267474174499512,Nakuru,1830.0,20.34347915649414,0.2737842202186584,1521.494384765625,-0.4814294381232099,36.15390422740085,0.4007041752338409,592.8876342773438,4.0,2024,4.267474174499512,"{""type"":""Point"",""coordinates"":[36.15390422740085,-0.48142943812320993]}"
3884,4.649322509765625,Nakuru,1827.0,18.83478355407715,0.3578429818153381,1258.922119140625,0.109482324199406,36.2710941453724,0.5588158965110779,825.3482055664062,4.0,2024,4.649322509765625,"{""type"":""Point"",""coordinates"":[36.271094145372395,0.10948232419940605]}"
3885,5.5680084228515625,Nakuru,1699.0,17.23043441772461,0.3007520139217376,1523.544189453125,-0.0851732248577739,36.08213199852017,0.5076298713684082,789.4463500976562,1.0,2024,5.5680084228515625,"{""type"":""Point"",""coordinates"":[36.08213199852017,-0.08517322485777393]}"
3888,3.84941840171814,Nakuru,2110.0,22.482608795166016,0.2649862766265869,1109.161865234375,-0.8918131247408623,36.50509742670405,0.4497010409832001,1136.390625,4.0,2024,3.84941840171814,"{""type"":""Point"",""coordinates"":[36.50509742670405,-0.8918131247408623]}"
3895,5.903239727020264,Nakuru,1980.0,22.443477630615234,0.3999746441841125,1143.9588623046875,-0.2802019858959931,36.19101141156333,0.583772599697113,896.1743774414062,4.0,2024,5.903239727020264,"{""type"":""Point"",""coordinates"":[36.19101141156333,-0.28020198589599316]}"
3903,6.979903697967529,Nakuru,2016.0,20.200000762939453,0.3198991417884826,1194.8536376953125,-0.2584867154692827,35.870636811170456,0.5324678421020508,920.227783203125,4.0,2024,6.979903697967529,"{""type"":""Point"",""coordinates"":[35.870636811170456,-0.25848671546928276]}"
3914,5.063334465026856,Nakuru,1951.0,21.77391242980957,0.3497998118400574,1380.60546875,-0.5744438001203065,36.1916020019445,0.5051332116127014,720.8082275390625,4.0,2024,5.063334465026856,"{""type"":""Point"",""coordinates"":[36.1916020019445,-0.5744438001203065]}"
3915,8.164999008178711,Nakuru,2560.0,23.234783172607425,0.3596400320529938,831.6529541015625,-0.4339566943003073,35.55204786801092,0.5011498332023621,892.9230346679688,4.0,2024,8.164999008178711,"{""type"":""Point"",""coordinates"":[35.552047868010916,-0.4339566943003073]}"
3918,5.552010536193848,Nakuru,2677.0,21.62173843383789,0.3454474508762359,694.8674926757812,-0.3948882750870552,35.66411993384888,0.4060324430465698,1036.11962890625,4.0,2024,5.552010536193848,"{""type"":""Point"",""coordinates"":[35.66411993384888,-0.3948882750870552]}"
3924,5.54183292388916,Nakuru,1964.0,20.060869216918945,0.331080287694931,1143.9588623046875,-0.2935393575930985,36.19811530201913,0.5119073987007141,896.1743774414062,1.0,2024,5.54183292388916,"{""type"":""Point"",""coordinates"":[36.19811530201913,-0.29353935759309857]}"
3941,2.5331642627716064,Nakuru,2374.0,24.600000381469727,0.3727861940860748,945.5843505859376,-0.7670759913709673,36.53537478316609,0.546332061290741,1115.2738037109375,4.0,2024,2.5331642627716064,"{""type"":""Point"",""coordinates"":[36.53537478316609,-0.7670759913709673]}"
3946,7.254824638366699,Nakuru,2580.0,23.265216827392575,0.3239719569683075,831.6529541015625,-0.3667641101746614,35.57718336967044,0.4354350864887237,967.619384765625,4.0,2024,7.254824638366699,"{""type"":""Point"",""coordinates"":[35.577183369670436,-0.36676411017466143]}"
3954,6.223876476287842,Nakuru,2538.0,20.552173614501957,0.2810245454311371,923.3309936523438,-0.1792627753624428,35.67651915826921,0.4419733881950378,1025.3524169921875,4.0,2024,6.223876476287842,"{""type"":""Point"",""coordinates"":[35.67651915826921,-0.17926277536244284]}"
3955,6.324251174926758,Nakuru,1724.0,17.295652389526367,0.2058929502964019,1772.631103515625,-0.1105772837360702,35.974245550586296,0.3089401125907898,848.7538452148438,1.0,2024,6.324251174926758,"{""type"":""Point"",""coordinates"":[35.974245550586296,-0.11057728373607022]}"
3957,5.309879302978516,Nakuru,2730.0,20.22608757019043,0.267937034368515,758.80322265625,-0.3058738904069484,35.651558765878086,0.3925993740558624,1003.6137084960938,4.0,2024,5.309879302978516,"{""type"":""Point"",""coordinates"":[35.651558765878086,-0.30587389040694846]}"
3968,6.036570072174072,Nakuru,1786.0,18.76956558227539,0.3323243260383606,1366.1861572265625,-0.3193093852306646,36.05747082146113,0.4668388962745666,793.00048828125,4.0,2024,6.036570072174072,"{""type"":""Point"",""coordinates"":[36.05747082146113,-0.3193093852306646]}"
3983,3.4023213386535645,Nakuru,2700.0,19.67391395568848,0.2265281677246093,705.083251953125,-0.3640057109230158,35.813659158375515,0.4436880648136139,1137.972900390625,4.0,2024,3.4023213386535645,"{""type"":""Point"",""coordinates"":[35.813659158375515,-0.36400571092301587]}"
3985,2.1334848403930664,Nakuru,1622.0,23.30434799194336,0.5525120496749878,1525.9180908203125,-1.0094261578066392,36.33086689995827,0.6753214597702026,764.9298095703125,4.0,2024,2.1334848403930664,"{""type"":""Point"",""coordinates"":[36.33086689995827,-1.0094261578066392]}"
3988,4.670398235321045,Nakuru,1863.0,21.93913078308105,0.337563693523407,1521.494384765625,-0.5296859446440373,36.1869155634595,0.5471929907798767,658.0870361328125,4.0,2024,4.670398235321045,"{""type"":""Point"",""coordinates"":[36.1869155634595,-0.5296859446440373]}"
3989,3.1948983669281006,Nakuru,2450.0,22.491304397583008,0.4057965576648712,957.3016967773438,-0.6368167013922856,36.49316021564699,0.575746476650238,1018.88525390625,4.0,2024,3.1948983669281006,"{""type"":""Point"",""coordinates"":[36.49316021564699,-0.6368167013922856]}"
3993,4.746675968170166,Nakuru,1616.0,16.004348754882812,0.2983644306659698,1915.0673828125,0.0039661799757923,36.041284769210826,0.4235334694385528,810.364990234375,4.0,2024,4.746675968170166,"{""type"":""Point"",""coordinates"":[36.041284769210826,0.003966179975792392]}"
3995,5.84915828704834,Nakuru,1569.0,17.256521224975586,0.3588797748088836,1915.0673828125,-0.0298457433678596,35.98430062863361,0.5218276977539062,796.3817138671875,1.0,2024,5.84915828704834,"{""type"":""Point"",""coordinates"":[35.98430062863361,-0.029845743367859678]}"
4011,6.035621166229248,Nakuru,2078.0,24.595651626586918,0.3855082094669342,925.9317626953124,-0.2064273370610733,36.17023073031197,0.5605167746543884,1032.5887451171875,1.0,2024,6.035621166229248,"{""type"":""Point"",""coordinates"":[36.170230730311964,-0.20642733706107333]}"
4015,4.281863212585449,Nakuru,2643.0,24.278261184692383,0.3397099673748016,924.5313110351562,-0.340173063065454,35.76107421826239,0.4885735511779785,1103.1356201171875,4.0,2024,4.281863212585449,"{""type"":""Point"",""coordinates"":[35.76107421826239,-0.340173063065454]}"
4016,4.135374546051025,Nakuru,2053.0,20.84347915649414,0.2734168767929077,1301.215087890625,-0.4428608530843809,36.038860540722254,0.4719384312629699,828.8031005859375,4.0,2024,4.135374546051025,"{""type"":""Point"",""coordinates"":[36.038860540722254,-0.4428608530843809]}"
4017,5.265056610107422,Nakuru,2746.0,22.0,0.3492627143859863,758.80322265625,-0.3203944849464734,35.68494128119681,0.5145925283432007,1003.6137084960938,4.0,2024,5.265056610107422,"{""type"":""Point"",""coordinates"":[35.68494128119681,-0.32039448494647343]}"
4018,4.296994209289551,Nakuru,1901.0,24.07391357421875,0.2674511969089508,1310.0338134765625,-0.6923735909252317,36.400056085946886,0.4225497841835022,770.7598266601562,4.0,2024,4.296994209289551,"{""type"":""Point"",""coordinates"":[36.400056085946886,-0.6923735909252317]}"
4022,4.214217185974121,Nakuru,2455.0,21.37826156616211,0.3157622218132019,922.11181640625,-0.4179498293903191,35.925538448913784,0.4850766360759735,1089.995361328125,4.0,2024,4.214217185974121,"{""type"":""Point"",""coordinates"":[35.925538448913784,-0.4179498293903191]}"
4033,4.103414058685303,Nakuru,2669.0,25.234783172607425,0.3908611238002777,715.516357421875,-0.4997580218637806,35.76034783222414,0.5538696050643921,1063.396484375,4.0,2024,4.103414058685303,"{""type"":""Point"",""coordinates"":[35.76034783222414,-0.4997580218637806]}"
4034,3.7232666015625,Nakuru,1526.0,19.278261184692383,0.3375535607337951,2063.1201171875,0.0663436231826102,35.9611893484137,0.4865055382251739,817.49951171875,1.0,2024,3.7232666015625,"{""type"":""Point"",""coordinates"":[35.9611893484137,0.06634362318261024]}"
4037,5.463128566741943,Nakuru,1771.0,22.595651626586918,0.3200716972351074,1366.1861572265625,-0.3420484250029247,36.05738450063241,0.4444213211536407,793.00048828125,1.0,2024,5.463128566741943,"{""type"":""Point"",""coordinates"":[36.05738450063241,-0.34204842500292476]}"
4040,7.6351141929626465,Nakuru,1902.0,21.791303634643555,0.2884842157363891,1427.7750244140625,-0.1988499873006463,35.85233050737545,0.4557078182697296,873.606201171875,1.0,2024,7.6351141929626465,"{""type"":""Point"",""coordinates"":[35.85233050737545,-0.1988499873006463]}"
4045,6.399889945983887,Nakuru,2589.0,21.952173233032227,0.3768464922904968,831.6529541015625,-0.3988066912924781,35.62102744555352,0.5272743105888367,958.3047485351562,4.0,2024,6.399889945983887,"{""type"":""Point"",""coordinates"":[35.62102744555352,-0.39880669129247814]}"
4046,4.294473648071289,Nakuru,1905.0,20.65217399597168,0.3748015761375427,1171.51220703125,-0.6254190064437232,36.39874468027398,0.4974807500839233,635.6214599609375,4.0,2024,4.294473648071289,"{""type"":""Point"",""coordinates"":[36.39874468027398,-0.6254190064437232]}"
4054,5.377940654754639,Nakuru,2730.0,20.38260841369629,0.3143313527107239,893.533935546875,-0.3141909368617819,35.64101833729582,0.4184208810329437,952.67431640625,4.0,2024,5.377940654754639,"{""type"":""Point"",""coordinates"":[35.64101833729582,-0.3141909368617819]}"
4055,4.59819221496582,Nakuru,1935.0,20.647825241088867,0.3221729397773742,1380.60546875,-0.5579541244236879,36.15527258445449,0.5061823129653931,720.8082275390625,4.0,2024,4.59819221496582,"{""type"":""Point"",""coordinates"":[36.15527258445449,-0.5579541244236879]}"
4060,3.233681917190552,Nakuru,2700.0,20.96521759033203,0.2088629156351089,705.083251953125,-0.3891337851268924,35.83907818080562,0.3471404314041137,1137.972900390625,4.0,2024,3.233681917190552,"{""type"":""Point"",""coordinates"":[35.83907818080562,-0.38913378512689245]}"
4067,2.731146812438965,Nakuru,2458.0,21.795652389526367,0.4107727408409118,957.3016967773438,-0.6427075045987957,36.51126602828198,0.5548446774482727,1156.154296875,4.0,2024,2.731146812438965,"{""type"":""Point"",""coordinates"":[36.51126602828198,-0.6427075045987957]}"
4081,2.426841259002685,Nakuru,2498.0,22.160869598388672,0.4301198720932007,931.31884765625,-0.6730959995697628,36.52606077366332,0.5592871308326721,1155.636474609375,4.0,2024,2.426841259002685,"{""type"":""Point"",""coordinates"":[36.52606077366332,-0.6730959995697628]}"
4091,6.7904052734375,Nakuru,1947.0,24.147825241088867,0.3350827097892761,1489.7117919921875,-0.290437003613087,36.00530228193107,0.5241804122924805,796.8777465820312,4.0,2024,6.7904052734375,"{""type"":""Point"",""coordinates"":[36.00530228193107,-0.290437003613087]}"
4093,6.541781902313232,Nakuru,2638.0,20.91304397583008,0.2660901844501495,893.533935546875,-0.3379269973593019,35.585956694521144,0.3197271823883056,1015.4908447265624,4.0,2024,6.541781902313232,"{""type"":""Point"",""coordinates"":[35.585956694521144,-0.3379269973593019]}"
4107,5.365549087524414,Nakuru,1951.0,22.27391242980957,0.3451906442642212,1330.85302734375,-0.842884418287762,36.38942956308148,0.4961357116699219,1203.3858642578125,4.0,2024,5.365549087524414,"{""type"":""Point"",""coordinates"":[36.38942956308148,-0.842884418287762]}"
4110,4.375911712646484,Nakuru,2436.0,23.899999618530277,0.2815548181533813,727.6731567382812,-0.677757654435987,36.13444450642928,0.4418853521347046,1053.457763671875,1.0,2024,4.375911712646484,"{""type"":""Point"",""coordinates"":[36.134444506429276,-0.677757654435987]}"
4114,6.856864929199219,Nakuru,2048.0,20.443477630615234,0.3040785491466522,1194.8536376953125,-0.2666983076269311,35.89100532437866,0.4724294245243072,920.227783203125,1.0,2024,6.856864929199219,"{""type"":""Point"",""coordinates"":[35.89100532437866,-0.2666983076269311]}"
4121,4.761617183685303,Nakuru,2424.0,22.352174758911133,0.3790607452392578,922.11181640625,-0.37321160371759,35.88333767461712,0.5465507507324219,1100.89599609375,4.0,2024,4.761617183685303,"{""type"":""Point"",""coordinates"":[35.88333767461712,-0.37321160371759005]}"
4123,3.271531820297241,Nakuru,2717.0,23.10869598388672,0.2793516218662262,705.083251953125,-0.3640259256015051,35.79352848989204,0.5106236338615417,1214.5709228515625,4.0,2024,3.271531820297241,"{""type"":""Point"",""coordinates"":[35.79352848989204,-0.36402592560150515]}"
4127,3.730289697647095,Nakuru,2270.0,21.569564819335938,0.3002738356590271,1109.161865234375,-0.8502949057094398,36.50735196666848,0.47774139046669,1136.390625,4.0,2024,3.730289697647095,"{""type"":""Point"",""coordinates"":[36.50735196666848,-0.8502949057094398]}"
4128,6.857041358947754,Nakuru,2054.0,20.443477630615234,0.3484093844890594,1194.8536376953125,-0.2660419458710642,35.8914913265173,0.5086840391159058,920.227783203125,4.0,2024,6.857041358947754,"{""type"":""Point"",""coordinates"":[35.8914913265173,-0.2660419458710642]}"
4133,3.874392747879028,Nakuru,1948.0,22.952173233032227,0.4372892081737518,1132.2017822265625,-0.7579959939618861,36.221113882180525,0.6134447455406189,760.7749633789062,4.0,2024,3.874392747879028,"{""type"":""Point"",""coordinates"":[36.221113882180525,-0.7579959939618861]}"
4135,5.30475664138794,Nakuru,2496.0,19.830434799194336,0.3834657967090606,924.5313110351562,-0.31523585944168,35.80352263724074,0.4912023544311523,1082.4827880859375,4.0,2024,5.30475664138794,"{""type"":""Point"",""coordinates"":[35.80352263724074,-0.31523585944168003]}"
4137,4.1232099533081055,Nakuru,2466.0,22.052173614501957,0.3968611359596252,922.11181640625,-0.4077678458848647,35.90550915477551,0.6222250461578369,1089.995361328125,4.0,2024,4.1232099533081055,"{""type"":""Point"",""coordinates"":[35.90550915477551,-0.4077678458848647]}"
4147,5.0670270919799805,Nakuru,2141.0,22.204347610473636,0.3938787579536438,1088.5662841796875,-0.1496927116706909,36.165950979028935,0.4846697747707367,1048.4423828125,1.0,2024,5.0670270919799805,"{""type"":""Point"",""coordinates"":[36.165950979028935,-0.14969271167069095]}"
4151,2.135033369064331,Nakuru,1588.0,21.81739044189453,0.2937809824943542,1777.065673828125,-1.071718024062888,36.40616863210373,0.4033038020133972,779.6639404296875,4.0,2024,2.135033369064331,"{""type"":""Point"",""coordinates"":[36.40616863210373,-1.071718024062888]}"
4154,6.100199699401856,Nakuru,2042.0,20.647825241088867,0.3031037151813507,1489.7117919921875,-0.3456756659208803,36.00487320664851,0.4820545017719269,767.5543212890625,1.0,2024,6.100199699401856,"{""type"":""Point"",""coordinates"":[36.00487320664851,-0.3456756659208803]}"
4170,4.933416366577148,Nakuru,1777.0,17.721738815307617,0.3023734092712402,1620.4278564453125,0.11694548200818,36.24922799645031,0.470771849155426,763.6254272460938,1.0,2024,4.933416366577148,"{""type"":""Point"",""coordinates"":[36.24922799645031,0.11694548200818]}"
4171,3.453207492828369,Nakuru,2501.0,22.30434799194336,0.30760657787323,922.11181640625,-0.4228170981906713,35.89721742605111,0.5366533994674683,1174.0662841796875,4.0,2024,3.453207492828369,"{""type"":""Point"",""coordinates"":[35.89721742605111,-0.42281709819067137]}"
4177,3.6011171340942383,Nakuru,1988.0,22.11739158630371,0.3920976519584656,1132.2017822265625,-0.8032361006235881,36.23763368138214,0.5601111650466919,886.7838134765625,4.0,2024,3.6011171340942383,"{""type"":""Point"",""coordinates"":[36.23763368138214,-0.8032361006235881]}"
4181,4.755921840667725,Nakuru,1857.0,20.96521759033203,0.3659402132034302,1118.90576171875,-0.9638798420913196,36.575678924864384,0.553503692150116,1223.5460205078125,4.0,2024,4.755921840667725,"{""type"":""Point"",""coordinates"":[36.575678924864384,-0.9638798420913197]}"
4182,4.75583028793335,Nakuru,2378.0,23.06521797180176,0.3616001009941101,1293.6524658203125,-0.3831527700021654,36.31293614609439,0.563340425491333,846.8605346679688,1.0,2024,4.75583028793335,"{""type"":""Point"",""coordinates"":[36.31293614609439,-0.3831527700021654]}"
4184,4.479747772216797,Nakuru,2177.0,24.39130401611328,0.4047792851924896,1130.5069580078125,-0.710450761301446,36.18628157547028,0.5446086525917053,925.4761352539062,4.0,2024,4.479747772216797,"{""type"":""Point"",""coordinates"":[36.186281575470275,-0.710450761301446]}"
4186,3.695611000061035,Nakuru,2488.0,22.3869571685791,0.3253234326839447,822.3162231445312,-0.45642997023108,35.941304065210296,0.5761097073554993,1193.9844970703125,4.0,2024,3.695611000061035,"{""type"":""Point"",""coordinates"":[35.941304065210296,-0.45642997023108006]}"
4189,3.692328453063965,Nakuru,2048.0,21.069564819335938,0.3474995791912079,1078.94775390625,-0.5692735837939024,36.09714478195631,0.5157971382141113,874.90576171875,1.0,2024,3.692328453063965,"{""type"":""Point"",""coordinates"":[36.09714478195631,-0.5692735837939024]}"
4192,4.933586120605469,Nakuru,1929.0,21.71739196777344,0.3593518435955047,1380.60546875,-0.565668021591593,36.18374982711757,0.5432714819908142,720.8082275390625,4.0,2024,4.933586120605469,"{""type"":""Point"",""coordinates"":[36.18374982711757,-0.565668021591593]}"
4195,5.379083156585693,Nakuru,1659.0,16.786956787109375,0.3241355717182159,1523.544189453125,-0.0623338405048338,36.07143789774869,0.4909291267395019,789.4463500976562,4.0,2024,5.379083156585693,"{""type"":""Point"",""coordinates"":[36.07143789774869,-0.06233384050483388]}"
4202,4.474629878997803,Nakuru,2818.0,22.7391300201416,0.3066109418869018,694.8674926757812,-0.4216701948513873,35.7299707983683,0.5036852359771729,1118.1749267578125,4.0,2024,4.474629878997803,"{""type"":""Point"",""coordinates"":[35.7299707983683,-0.42167019485138735]}"
4206,3.62708044052124,Nakuru,1966.0,22.2608699798584,0.3400706648826599,1132.2017822265625,-0.7879423824275753,36.240839792573176,0.5289750695228577,760.7749633789062,4.0,2024,3.62708044052124,"{""type"":""Point"",""coordinates"":[36.240839792573176,-0.7879423824275753]}"
4211,5.693936824798584,Nakuru,2658.0,21.930435180664062,0.3230794370174408,893.533935546875,-0.3237070116681561,35.61742602373429,0.4569029510021209,952.67431640625,4.0,2024,5.693936824798584,"{""type"":""Point"",""coordinates"":[35.61742602373429,-0.32370701166815613]}"
4213,2.714167594909668,Nakuru,2510.0,22.452173233032227,0.4771477878093719,945.5843505859376,-0.8314548693816795,36.54029191539533,0.6363400220870972,1194.972900390625,4.0,2024,2.714167594909668,"{""type"":""Point"",""coordinates"":[36.54029191539533,-0.8314548693816795]}"
4217,6.796660900115967,Nakuru,2105.0,20.5217399597168,0.2516408264636993,1489.7117919921875,-0.2587695144099285,35.973241098091584,0.4150148928165436,955.322509765625,4.0,2024,6.796660900115967,"{""type"":""Point"",""coordinates"":[35.973241098091584,-0.2587695144099285]}"
4218,4.515531539916992,Nakuru,2030.0,23.2391300201416,0.3250185847282409,1301.215087890625,-0.4083171080971725,36.02889194751601,0.5271943211555481,828.8031005859375,1.0,2024,4.515531539916992,"{""type"":""Point"",""coordinates"":[36.02889194751601,-0.40831710809717253]}"
4231,3.970547676086426,Nakuru,2021.0,21.547826766967773,0.3182120323181152,1078.94775390625,-0.573000108370259,36.11190371970796,0.5135312080383301,768.9725952148438,4.0,2024,3.970547676086426,"{""type"":""Point"",""coordinates"":[36.11190371970796,-0.573000108370259]}"
4249,4.492926597595215,Nakuru,1759.0,20.42608642578125,0.3038620054721832,1118.90576171875,-1.0134434229562208,36.56904854818037,0.4310654997825622,1214.209228515625,6.0,2024,4.492926597595215,"{""type"":""Point"",""coordinates"":[36.56904854818037,-1.0134434229562208]}"
4255,4.495521068572998,Nakuru,1942.0,21.265216827392575,0.2522277534008026,1109.161865234375,-0.9428739243657236,36.52995269282084,0.4429733157157898,1141.9552001953125,6.0,2024,4.495521068572998,"{""type"":""Point"",""coordinates"":[36.529952692820835,-0.9428739243657237]}"
4256,6.638489246368408,Nakuru,2128.0,21.66521644592285,0.3288653492927551,1489.7117919921875,-0.3343421644973046,35.966302641499524,0.5426869988441467,949.3353881835938,1.0,2024,6.638489246368408,"{""type"":""Point"",""coordinates"":[35.966302641499524,-0.33434216449730464]}"
4257,3.122462272644043,Nakuru,1882.0,22.60869598388672,0.3264684677124023,1385.095458984375,-0.9719154405340688,36.47062785510025,0.501015305519104,805.7021484375,4.0,2024,3.122462272644043,"{""type"":""Point"",""coordinates"":[36.47062785510025,-0.9719154405340688]}"
4264,5.226178646087647,Nakuru,1727.0,18.700000762939453,0.4092332124710083,1691.5689697265625,0.1593166099603018,36.2489455604786,0.6042219996452332,790.5244750976562,1.0,2024,5.226178646087647,"{""type"":""Point"",""coordinates"":[36.2489455604786,0.15931660996030184]}"
4266,4.936341285705566,Nakuru,1588.0,15.713043212890623,0.2409074604511261,1915.0673828125,-0.0050718161939391,36.0343792543299,0.3802987933158874,755.9357299804688,4.0,2024,4.936341285705566,"{""type"":""Point"",""coordinates"":[36.0343792543299,-0.005071816193939149]}"
4270,3.605576753616333,Nakuru,1973.0,22.2391300201416,0.3858484625816345,1132.2017822265625,-0.7945974699425142,36.21379839198018,0.5711864233016968,760.7749633789062,4.0,2024,3.605576753616333,"{""type"":""Point"",""coordinates"":[36.213798391980184,-0.7945974699425142]}"
4271,6.611183166503906,Nakuru,1954.0,22.5,0.4155614674091339,925.9317626953124,-0.2474806887743267,36.1602095578912,0.5543455481529236,1032.5887451171875,1.0,2024,6.611183166503906,"{""type"":""Point"",""coordinates"":[36.1602095578912,-0.2474806887743267]}"
4275,4.1529459953308105,Nakuru,2174.0,21.43913078308105,0.3004952669143677,1109.161865234375,-0.8519857512287907,36.4874982280727,0.4487376809120178,1032.9967041015625,4.0,2024,4.1529459953308105,"{""type"":""Point"",""coordinates"":[36.4874982280727,-0.8519857512287907]}"
4280,5.912823677062988,Nakuru,2003.0,20.047826766967773,0.1498991250991821,1609.933837890625,-0.1721943287624996,36.04127415586954,0.2628462612628937,873.7376708984375,1.0,2024,5.912823677062988,"{""type"":""Point"",""coordinates"":[36.041274155869544,-0.1721943287624996]}"
4282,3.7990689277648926,Nakuru,1527.0,19.660869598388672,0.4020368754863739,2063.1201171875,0.0596040404057197,35.96165043682213,0.5722760558128357,817.49951171875,1.0,2024,3.7990689277648926,"{""type"":""Point"",""coordinates"":[35.96165043682213,0.059604040405719774]}"
4285,4.137937545776367,Nakuru,1864.0,21.28695678710937,0.3290416896343231,1484.5091552734375,-0.5262985474448196,36.11151466690901,0.4811770915985107,675.6139526367188,4.0,2024,4.137937545776367,"{""type"":""Point"",""coordinates"":[36.11151466690901,-0.5262985474448196]}"
4292,5.019756317138672,Nakuru,1713.0,17.586956024169922,0.2711487114429474,1772.97216796875,-0.029217203652599,36.13563524974945,0.4296967387199402,806.2922973632812,1.0,2024,5.019756317138672,"{""type"":""Point"",""coordinates"":[36.13563524974945,-0.029217203652599024]}"
4296,4.255924701690674,Nakuru,1906.0,20.92173957824707,0.2519455552101135,1171.51220703125,-0.6374313520104377,36.4028766528993,0.3729288578033447,724.528564453125,4.0,2024,4.255924701690674,"{""type"":""Point"",""coordinates"":[36.4028766528993,-0.6374313520104377]}"
4304,3.564699649810791,Nakuru,1987.0,22.71739196777344,0.3713316023349762,1132.2017822265625,-0.7890467518329088,36.206862830509806,0.5441482067108154,760.7749633789062,4.0,2024,3.564699649810791,"{""type"":""Point"",""coordinates"":[36.206862830509806,-0.7890467518329088]}"
4313,5.281655311584473,Nakuru,2396.0,23.15217399597168,0.3043231964111328,1194.8536376953125,-0.3363955371928145,35.861965639261406,0.5306271314620972,979.8775024414062,4.0,2024,5.281655311584473,"{""type"":""Point"",""coordinates"":[35.861965639261406,-0.3363955371928145]}"
4328,4.761617183685303,Nakuru,2424.0,22.352174758911133,0.3790607452392578,922.11181640625,-0.3732435585688574,35.88324610821566,0.5465507507324219,1100.89599609375,4.0,2024,4.761617183685303,"{""type"":""Point"",""coordinates"":[35.88324610821566,-0.3732435585688574]}"
4329,3.0584545135498047,Nakuru,1634.0,21.204347610473636,0.2596697509288788,1600.392333984375,-1.0579396867483744,36.51167689748368,0.3769766688346863,895.8312377929688,4.0,2024,3.0584545135498047,"{""type"":""Point"",""coordinates"":[36.511676897483675,-1.0579396867483744]}"
4336,5.80003547668457,Nakuru,2292.0,23.08695602416992,0.3367262780666351,922.11181640625,-0.3645313987060712,35.91930070879634,0.5596138834953308,1046.51220703125,4.0,2024,5.80003547668457,"{""type"":""Point"",""coordinates"":[35.91930070879634,-0.36453139870607126]}"
4342,3.794610261917114,Nakuru,2218.0,21.95652198791504,0.3977394998073578,945.5843505859376,-0.7992582954996587,36.507128689205445,0.5315000414848328,1115.2738037109375,4.0,2024,3.794610261917114,"{""type"":""Point"",""coordinates"":[36.507128689205445,-0.7992582954996587]}"
4346,2.5586743354797363,Nakuru,2482.0,22.07391357421875,0.4206327497959137,931.31884765625,-0.6694421168341015,36.52105723440206,0.5922621488571167,1155.636474609375,4.0,2024,2.5586743354797363,"{""type"":""Point"",""coordinates"":[36.52105723440206,-0.6694421168341015]}"
4350,4.36099910736084,Nakuru,2767.0,24.213043212890625,0.3684020340442657,801.3780517578125,-0.5872218704258122,35.96865410779689,0.5933040976524353,1120.51123046875,4.0,2024,4.36099910736084,"{""type"":""Point"",""coordinates"":[35.96865410779689,-0.5872218704258122]}"
4358,3.354602098464966,Nakuru,2386.0,22.36956596374512,0.385568767786026,1109.161865234375,-0.8591953970711992,36.52521953837778,0.5919939875602722,1136.390625,4.0,2024,3.354602098464966,"{""type"":""Point"",""coordinates"":[36.52521953837778,-0.8591953970711992]}"
4360,5.080600261688232,Nakuru,1921.0,20.560869216918945,0.38579061627388,1171.51220703125,-0.5842236076212357,36.36089493947928,0.5707014203071594,598.866943359375,4.0,2024,5.080600261688232,"{""type"":""Point"",""coordinates"":[36.36089493947928,-0.5842236076212357]}"
4363,5.308465003967285,Nakuru,1706.0,18.430435180664062,0.3057360351085663,1691.5689697265625,0.1734112998188282,36.239373664460494,0.5085514783859253,790.5244750976562,1.0,2024,5.308465003967285,"{""type"":""Point"",""coordinates"":[36.239373664460494,0.17341129981882827]}"
4366,3.823140621185303,Nakuru,2111.0,22.017391204833984,0.3068461418151855,1130.5069580078125,-0.7427463503460453,36.17865393811688,0.4930514991283417,925.4761352539062,4.0,2024,3.823140621185303,"{""type"":""Point"",""coordinates"":[36.17865393811688,-0.7427463503460453]}"
4367,4.624154567718506,Nakuru,1796.0,20.856521606445312,0.3950983881950378,1385.095458984375,-0.9905151697247708,36.544255068939215,0.5817973613739014,824.224853515625,4.0,2024,4.624154567718506,"{""type"":""Point"",""coordinates"":[36.544255068939215,-0.9905151697247708]}"
4373,4.552427291870117,Nakuru,1926.0,21.43913078308105,0.3660901486873626,1109.161865234375,-0.9485920087940428,36.5305211897188,0.500426709651947,1141.9552001953125,6.0,2024,4.552427291870117,"{""type"":""Point"",""coordinates"":[36.5305211897188,-0.9485920087940429]}"
4376,6.747839450836182,Nakuru,1914.0,19.43478202819824,0.3577488362789154,1366.1861572265625,-0.2530477491508188,36.143908096769465,0.5366395115852356,791.0906982421875,1.0,2024,6.747839450836182,"{""type"":""Point"",""coordinates"":[36.143908096769465,-0.2530477491508188]}"
4393,4.867490768432617,Nakuru,1964.0,21.982608795166016,0.3204871416091919,1380.60546875,-0.5713436809027246,36.171657839342686,0.5011964440345764,720.8082275390625,4.0,2024,4.867490768432617,"{""type"":""Point"",""coordinates"":[36.171657839342686,-0.5713436809027246]}"
4401,5.062442302703857,Nakuru,2749.0,20.03913116455078,0.2823517918586731,694.8674926757812,-0.3685258543867533,35.69178468464816,0.4042282402515411,1036.11962890625,4.0,2024,5.062442302703857,"{""type"":""Point"",""coordinates"":[35.69178468464816,-0.36852585438675334]}"
4402,6.404721260070801,Nakuru,2038.0,23.00434875488281,0.3012048900127411,1609.933837890625,-0.2359096990324107,36.01338006673868,0.4241030514240265,871.6436767578125,4.0,2024,6.404721260070801,"{""type"":""Point"",""coordinates"":[36.01338006673868,-0.23590969903241077]}"
4406,5.546515464782715,Nakuru,1846.0,18.31739044189453,0.1742633879184723,1523.544189453125,-0.1092244949049841,36.12820988060586,0.3209148943424225,929.5658569335938,1.0,2024,5.546515464782715,"{""type"":""Point"",""coordinates"":[36.12820988060586,-0.1092244949049841]}"
4412,5.271904945373535,Nakuru,1677.0,17.62173843383789,0.2068876326084137,1523.544189453125,-0.0623269626724538,36.08730481085857,0.3903491199016571,789.4463500976562,1.0,2024,5.271904945373535,"{""type"":""Point"",""coordinates"":[36.08730481085857,-0.06232696267245385]}"
4417,4.924158096313477,Nakuru,1595.0,15.356521606445312,0.1716002821922302,1915.0673828125,-0.0059656463513753,36.03902711013077,0.2963447272777557,755.9357299804688,1.0,2024,4.924158096313477,"{""type"":""Point"",""coordinates"":[36.03902711013077,-0.005965646351375355]}"
4434,4.981550216674805,Nakuru,2815.0,22.721738815307617,0.4328937530517578,694.8674926757812,-0.360427416995931,35.69805129568616,0.5517929196357727,1036.11962890625,4.0,2024,4.981550216674805,"{""type"":""Point"",""coordinates"":[35.698051295686156,-0.36042741699593106]}"
4439,5.667242527008057,Nakuru,1944.0,22.143478393554688,0.4075425565242767,1330.85302734375,-0.8139398442057113,36.425902484264284,0.5575755834579468,958.63525390625,4.0,2024,5.667242527008057,"{""type"":""Point"",""coordinates"":[36.425902484264284,-0.8139398442057113]}"
4442,6.100411415100098,Nakuru,2601.0,21.069564819335938,0.2541456520557403,976.3455810546876,-0.1268334670216688,35.68628509356271,0.4515526294708252,1111.6175537109375,4.0,2024,6.100411415100098,"{""type"":""Point"",""coordinates"":[35.68628509356271,-0.12683346702166884]}"
4444,4.399853229522705,Nakuru,1896.0,24.55652236938477,0.3870139420032501,1171.51220703125,-0.6257018402242605,36.36478802933191,0.4882805645465851,635.6214599609375,4.0,2024,4.399853229522705,"{""type"":""Point"",""coordinates"":[36.36478802933191,-0.6257018402242605]}"
4445,5.601163864135742,Nakuru,1653.0,16.634782791137695,0.2952705025672912,1523.544189453125,-0.07565835632128,36.05808232963373,0.4534488618373871,789.4463500976562,1.0,2024,5.601163864135742,"{""type"":""Point"",""coordinates"":[36.058082329633734,-0.07565835632128008]}"
4449,3.562912702560425,Nakuru,2315.0,21.69565200805664,0.3554959297180176,945.5843505859376,-0.8285870559541635,36.51329554787151,0.5201981663703918,1194.972900390625,4.0,2024,3.562912702560425,"{""type"":""Point"",""coordinates"":[36.51329554787151,-0.8285870559541635]}"
4454,3.949271678924561,Nakuru,2378.0,22.265216827392575,0.3466395735740661,1109.161865234375,-0.9077046131946,36.53639284422654,0.5395644307136536,1141.9552001953125,4.0,2024,3.949271678924561,"{""type"":""Point"",""coordinates"":[36.53639284422654,-0.9077046131946]}"
4473,7.324627876281738,Nakuru,1892.0,19.517391204833984,0.3004767298698425,1427.7750244140625,-0.1909806240313424,35.88886135987087,0.4809485673904419,873.606201171875,1.0,2024,7.324627876281738,"{""type"":""Point"",""coordinates"":[35.88886135987087,-0.1909806240313424]}"
4489,5.574195861816406,Nakuru,2681.0,20.31739044189453,0.2209134101867675,893.533935546875,-0.3113961204550993,35.616289675748256,0.3278222978115082,952.67431640625,4.0,2024,5.574195861816406,"{""type"":""Point"",""coordinates"":[35.616289675748256,-0.31139612045509935]}"
4504,3.1180243492126465,Nakuru,2304.0,21.96956443786621,0.3176801800727844,945.5843505859376,-0.7543867316335221,36.51862937500791,0.5125266313552856,1115.2738037109375,4.0,2024,3.1180243492126465,"{""type"":""Point"",""coordinates"":[36.51862937500791,-0.7543867316335221]}"
4511,6.147956371307373,Nakuru,2037.0,21.100000381469727,0.3548753559589386,1489.7117919921875,-0.3433895752600157,36.004137460826186,0.5757433772087097,767.5543212890625,1.0,2024,6.147956371307373,"{""type"":""Point"",""coordinates"":[36.004137460826186,-0.3433895752600157]}"
4512,4.112653255462647,Nakuru,2021.0,20.647825241088867,0.3121573030948639,1484.5091552734375,-0.4517494084877316,36.057727026378885,0.5024610161781311,764.689208984375,4.0,2024,4.112653255462647,"{""type"":""Point"",""coordinates"":[36.057727026378885,-0.4517494084877316]}"
4518,6.567299842834473,Nakuru,2648.0,20.478260040283203,0.2874012589454651,893.533935546875,-0.3247346050760029,35.57330162110434,0.3975766599178314,1015.4908447265624,4.0,2024,6.567299842834473,"{""type"":""Point"",""coordinates"":[35.57330162110434,-0.3247346050760029]}"
4521,3.722438335418701,Nakuru,1976.0,22.2608699798584,0.347736120223999,1132.2017822265625,-0.7656937974767661,36.20236991711022,0.4951367080211639,760.7749633789062,4.0,2024,3.722438335418701,"{""type"":""Point"",""coordinates"":[36.20236991711022,-0.7656937974767661]}"
4524,4.632353782653809,Nakuru,2065.0,21.765216827392575,0.3063185214996338,1370.2122802734375,-0.8630990280729479,36.44927984771503,0.430815577507019,921.3287963867188,4.0,2024,4.632353782653809,"{""type"":""Point"",""coordinates"":[36.449279847715026,-0.8630990280729479]}"
4530,4.551746368408203,Nakuru,1872.0,22.31739044189453,0.2920728921890259,1521.494384765625,-0.5315079291191035,36.16857355136831,0.4158389270305633,658.0870361328125,4.0,2024,4.551746368408203,"{""type"":""Point"",""coordinates"":[36.16857355136831,-0.5315079291191035]}"
4532,5.790122032165527,Nakuru,2006.0,20.67391395568848,0.3178429305553436,1301.215087890625,-0.357472375062331,36.00930977913146,0.5296754240989685,798.239501953125,1.0,2024,5.790122032165527,"{""type"":""Point"",""coordinates"":[36.00930977913146,-0.357472375062331]}"
4544,6.101816177368164,Nakuru,1590.0,16.747825622558594,0.2242603302001953,1915.0673828125,-0.0413201971985211,35.977184586853326,0.3773345947265625,796.3817138671875,1.0,2024,6.101816177368164,"{""type"":""Point"",""coordinates"":[35.977184586853326,-0.04132019719852111]}"
4555,4.1506547927856445,Nakuru,1917.0,21.860870361328125,0.3070130944252014,1109.161865234375,-0.9490313125037908,36.50674229111137,0.4773681461811065,1141.9552001953125,4.0,2024,4.1506547927856445,"{""type"":""Point"",""coordinates"":[36.50674229111137,-0.9490313125037909]}"
4559,5.954109191894531,Nakuru,1990.0,19.365217208862305,0.3367303609848022,1143.9588623046875,-0.2742296156293204,36.19124816412531,0.4905360043048858,896.1743774414062,4.0,2024,5.954109191894531,"{""type"":""Point"",""coordinates"":[36.19124816412531,-0.27422961562932047]}"
4562,4.142712116241455,Nakuru,2632.0,21.0217399597168,0.3637492954730987,924.5313110351562,-0.339669568746215,35.79708019086684,0.4807758331298828,1103.1356201171875,4.0,2024,4.142712116241455,"{""type"":""Point"",""coordinates"":[35.79708019086684,-0.33966956874621507]}"
4567,3.605964422225952,Nakuru,1974.0,22.43478202819824,0.3876647651195526,1132.2017822265625,-0.8210694463473409,36.22297557825683,0.550007164478302,886.7838134765625,1.0,2024,3.605964422225952,"{""type"":""Point"",""coordinates"":[36.22297557825683,-0.8210694463473409]}"
4574,5.244160175323486,Nakuru,2282.0,24.93478202819824,0.4172138273715973,1293.6524658203125,-0.4149956980994022,36.328573663053696,0.6086648106575012,741.7913208007812,1.0,2024,5.244160175323486,"{""type"":""Point"",""coordinates"":[36.328573663053696,-0.4149956980994022]}"
4575,4.290893077850342,Nakuru,1903.0,20.65217399597168,0.2831159234046936,1171.51220703125,-0.6258234974530964,36.39981792404574,0.4086430668830871,724.528564453125,4.0,2024,4.290893077850342,"{""type"":""Point"",""coordinates"":[36.39981792404574,-0.6258234974530964]}"
4576,4.720797538757324,Nakuru,1869.0,22.77391242980957,0.3786868453025818,1118.90576171875,-0.9700083763857608,36.58528341792707,0.549553632736206,1223.5460205078125,4.0,2024,4.720797538757324,"{""type"":""Point"",""coordinates"":[36.58528341792707,-0.9700083763857609]}"
4577,4.854104995727539,Nakuru,2403.0,22.93478202819824,0.3658373653888702,922.11181640625,-0.383764968741943,35.901387762234165,0.5971952080726624,1046.51220703125,4.0,2024,4.854104995727539,"{""type"":""Point"",""coordinates"":[35.901387762234165,-0.383764968741943]}"
4600,3.642652988433838,Nakuru,1725.0,20.865217208862305,0.4126532673835754,1385.095458984375,-1.0145516496165548,36.51046915454367,0.5348089337348938,929.6365356445312,4.0,2024,3.642652988433838,"{""type"":""Point"",""coordinates"":[36.51046915454367,-1.0145516496165548]}"
4605,2.9988231658935547,Nakuru,1667.0,19.708696365356445,0.3194109499454498,1305.9857177734375,-1.0916139043866289,36.55039676721531,0.4822953939437866,1291.1505126953125,6.0,2024,2.9988231658935547,"{""type"":""Point"",""coordinates"":[36.55039676721531,-1.0916139043866289]}"
4608,4.747482299804688,Nakuru,2789.0,22.11739158630371,0.3241145014762878,694.8674926757812,-0.4108434951662072,35.71511809181044,0.4477675259113312,1118.1749267578125,4.0,2024,4.747482299804688,"{""type"":""Point"",""coordinates"":[35.71511809181044,-0.4108434951662072]}"
4628,5.609785079956055,Nakuru,2699.0,21.595651626586918,0.2982118725776672,831.6529541015625,-0.3612468581132999,35.643373114018935,0.4312691390514374,958.3047485351562,4.0,2024,5.609785079956055,"{""type"":""Point"",""coordinates"":[35.643373114018935,-0.3612468581132999]}"
4629,3.831894397735596,Nakuru,2847.0,21.547826766967773,0.3247889578342438,600.9398193359375,-0.6586944671509317,35.97481631438868,0.4799316227436065,1057.2928466796875,4.0,2024,3.831894397735596,"{""type"":""Point"",""coordinates"":[35.974816314388676,-0.6586944671509317]}"
4637,5.010770797729492,Nakuru,2307.0,23.22608757019043,0.397623211145401,1293.6524658203125,-0.3997629990287213,36.322825653161125,0.5611985921859741,741.7913208007812,1.0,2024,5.010770797729492,"{""type"":""Point"",""coordinates"":[36.322825653161125,-0.3997629990287213]}"
4640,3.6584665775299072,Nakuru,2732.0,23.54347801208496,0.3677445948123932,705.083251953125,-0.355330869341112,35.77310025912083,0.5301176309585571,1214.5709228515625,4.0,2024,3.6584665775299072,"{""type"":""Point"",""coordinates"":[35.77310025912083,-0.355330869341112]}"
4641,7.221308708190918,Nakuru,2230.0,21.821739196777344,0.3685582876205444,924.5313110351562,-0.2551931911646883,35.815879034847164,0.5096878409385681,1008.7403564453124,4.0,2024,7.221308708190918,"{""type"":""Point"",""coordinates"":[35.815879034847164,-0.25519319116468836]}"
4645,6.422394752502441,Nakuru,2169.0,24.704347610473636,0.3362345397472381,1194.8536376953125,-0.3455495415597455,35.93939811033207,0.5824517607688904,982.5396118164062,1.0,2024,6.422394752502441,"{""type"":""Point"",""coordinates"":[35.93939811033207,-0.3455495415597455]}"
4648,3.027348041534424,Nakuru,2596.0,21.756521224975582,0.2758282423019409,922.11181640625,-0.4286990259768712,35.883134910953544,0.4907802641391754,1174.0662841796875,4.0,2024,3.027348041534424,"{""type"":""Point"",""coordinates"":[35.883134910953544,-0.4286990259768712]}"
4651,3.664684772491455,Nakuru,2253.0,22.234783172607425,0.4232073426246643,931.31884765625,-0.7208684583594441,36.500717542283496,0.5814676880836487,1146.4976806640625,4.0,2024,3.664684772491455,"{""type"":""Point"",""coordinates"":[36.500717542283496,-0.7208684583594441]}"
4656,5.83740234375,Nakuru,1974.0,19.78695678710937,0.3716990053653717,1401.8802490234375,0.033459651208387,36.18792712330965,0.5325877070426941,1108.340087890625,1.0,2024,5.83740234375,"{""type"":""Point"",""coordinates"":[36.18792712330965,0.03345965120838709]}"
4658,4.294342041015625,Nakuru,1965.0,23.408695220947266,0.2698560655117035,1459.1763916015625,-0.854407314348925,36.34146165107493,0.4042291045188904,974.8386840820312,4.0,2024,4.294342041015625,"{""type"":""Point"",""coordinates"":[36.34146165107493,-0.854407314348925]}"
4666,5.834595680236816,Nakuru,1849.0,19.81304359436035,0.2553859055042267,1489.7117919921875,-0.3357271876754265,36.03944946806375,0.3725992143154144,767.5543212890625,4.0,2024,5.834595680236816,"{""type"":""Point"",""coordinates"":[36.03944946806375,-0.3357271876754265]}"
4682,6.4774041175842285,Nakuru,2515.0,20.56521797180176,0.3045911192893982,923.3309936523438,-0.1752568657825799,35.69349409864382,0.4505413174629211,1025.3524169921875,4.0,2024,6.4774041175842285,"{""type"":""Point"",""coordinates"":[35.69349409864382,-0.17525686578257996]}"
4696,5.703979015350342,Nakuru,2060.0,21.37826156616211,0.3145584762096405,1401.8802490234375,0.0037061279569042,36.18337390010105,0.5006200671195984,1108.340087890625,1.0,2024,5.703979015350342,"{""type"":""Point"",""coordinates"":[36.18337390010105,0.003706127956904276]}"
4698,6.485282897949219,Nakuru,2645.0,21.95652198791504,0.2796066701412201,893.533935546875,-0.3474655968960279,35.59453454552437,0.3744868338108063,1015.4908447265624,4.0,2024,6.485282897949219,"{""type"":""Point"",""coordinates"":[35.59453454552437,-0.34746559689602796]}"
4705,4.344886779785156,Nakuru,2063.0,22.978260040283203,0.3434455096721649,1401.8802490234375,-0.0170979129702948,36.23805827801395,0.5265963077545166,1012.428955078125,1.0,2024,4.344886779785156,"{""type"":""Point"",""coordinates"":[36.23805827801395,-0.017097912970294848]}"
4707,5.312167167663574,Nakuru,2741.0,20.204347610473636,0.3110930025577545,758.80322265625,-0.3136403773620048,35.65976463051224,0.4459414184093475,1003.6137084960938,4.0,2024,5.312167167663574,"{""type"":""Point"",""coordinates"":[35.65976463051224,-0.31364037736200484]}"
4708,5.1847124099731445,Nakuru,2791.0,21.495651245117188,0.1817173212766647,758.80322265625,-0.333918244143768,35.68751450481087,0.276476502418518,1003.6137084960938,4.0,2024,5.1847124099731445,"{""type"":""Point"",""coordinates"":[35.68751450481087,-0.33391824414376803]}"
4714,4.8924760818481445,Nakuru,2510.0,23.700000762939453,0.3963473737239837,924.5313110351562,-0.3288840780719761,35.82646264050764,0.5586416721343994,1082.4827880859375,4.0,2024,4.8924760818481445,"{""type"":""Point"",""coordinates"":[35.82646264050764,-0.3288840780719761]}"
4717,2.4624602794647217,Nakuru,2478.0,24.72608757019043,0.4476702809333801,945.5843505859376,-0.8011489721659445,36.54186229569785,0.6536969542503357,1194.972900390625,4.0,2024,2.4624602794647217,"{""type"":""Point"",""coordinates"":[36.54186229569785,-0.8011489721659445]}"
4725,3.998832941055298,Nakuru,2018.0,23.80869483947754,0.3616669774055481,1090.254150390625,-0.4744629040559621,36.03698684003341,0.5524083375930786,840.0512084960938,1.0,2024,3.998832941055298,"{""type"":""Point"",""coordinates"":[36.03698684003341,-0.47446290405596214]}"
4727,4.725489616394043,Nakuru,1889.0,21.58695602416992,0.3399313986301422,1385.095458984375,-0.9572142744578488,36.5409009591983,0.4726196229457855,824.224853515625,6.0,2024,4.725489616394043,"{""type"":""Point"",""coordinates"":[36.5409009591983,-0.9572142744578488]}"
4728,4.384689807891846,Nakuru,1884.0,19.77391242980957,0.2982962727546692,1599.727294921875,-0.354953199051405,36.14452258081924,0.4316666722297668,926.8441162109376,4.0,2024,4.384689807891846,"{""type"":""Point"",""coordinates"":[36.14452258081924,-0.354953199051405]}"
4740,5.7650322914123535,Nakuru,1904.0,20.07826042175293,0.3790401816368103,1308.805908203125,-0.4597562901227154,36.28686267369838,0.526025116443634,578.2003173828125,4.0,2024,5.7650322914123535,"{""type"":""Point"",""coordinates"":[36.28686267369838,-0.4597562901227154]}"
4742,4.026153564453125,Nakuru,2117.0,25.582609176635746,0.4261131286621094,1171.51220703125,-0.6201845291663379,36.44282420227076,0.6274311542510986,724.528564453125,4.0,2024,4.026153564453125,"{""type"":""Point"",""coordinates"":[36.44282420227076,-0.6201845291663379]}"
4754,7.498668670654297,Nakuru,1888.0,20.57391357421875,0.3782326579093933,1427.7750244140625,-0.1953219792169159,35.87108055553959,0.5857927203178406,873.606201171875,1.0,2024,7.498668670654297,"{""type"":""Point"",""coordinates"":[35.87108055553959,-0.19532197921691594]}"
4755,3.4167754650115967,Nakuru,2042.0,22.60869598388672,0.2879394590854645,1078.94775390625,-0.5848794771749691,36.09035838492282,0.4903276264667511,874.90576171875,1.0,2024,3.4167754650115967,"{""type"":""Point"",""coordinates"":[36.09035838492282,-0.5848794771749691]}"
4764,3.937800884246826,Nakuru,1883.0,21.09130477905273,0.3293458819389343,1484.5091552734375,-0.5192067697702328,36.08267730009522,0.524337112903595,751.40087890625,4.0,2024,3.937800884246826,"{""type"":""Point"",""coordinates"":[36.08267730009522,-0.5192067697702328]}"
4766,2.951383113861084,Nakuru,2804.0,21.069564819335938,0.3992524445056915,705.083251953125,-0.3821243833521351,35.79480434697765,0.5489237308502197,1214.5709228515625,7.0,2024,2.951383113861084,"{""type"":""Point"",""coordinates"":[35.79480434697765,-0.3821243833521351]}"
4767,3.578716516494751,Nakuru,2023.0,27.0217399597168,0.5054649114608765,1132.2017822265625,-0.7685119649457405,36.19319442017395,0.7354584336280823,976.1364135742188,4.0,2024,3.578716516494751,"{""type"":""Point"",""coordinates"":[36.19319442017395,-0.7685119649457405]}"
4768,5.930178642272949,Nakuru,2020.0,20.80434799194336,0.3275251388549804,1301.215087890625,-0.3545746676065807,36.00374563050498,0.5330999493598938,798.239501953125,1.0,2024,5.930178642272949,"{""type"":""Point"",""coordinates"":[36.00374563050498,-0.35457466760658074]}"
4769,4.021993637084961,Nakuru,2164.0,23.78260803222656,0.3378567099571228,1090.254150390625,-0.4728213339840949,36.01954808370608,0.5408299565315247,840.0512084960938,4.0,2024,4.021993637084961,"{""type"":""Point"",""coordinates"":[36.01954808370608,-0.4728213339840949]}"
4770,4.855070114135742,Nakuru,2618.0,24.600000381469727,0.4499682188034057,792.1693115234375,-0.4987792421227102,35.677987218103176,0.5342712998390198,1002.8358764648438,4.0,2024,4.855070114135742,"{""type"":""Point"",""coordinates"":[35.677987218103176,-0.49877924212271024]}"
4778,2.4026360511779785,Nakuru,2517.0,23.84782600402832,0.4306571781635284,945.5843505859376,-0.8208774051289209,36.54783127718486,0.603812575340271,1194.972900390625,4.0,2024,2.4026360511779785,"{""type"":""Point"",""coordinates"":[36.54783127718486,-0.8208774051289209]}"
4781,5.322094440460205,Nakuru,2758.0,21.41304397583008,0.3024386763572693,758.80322265625,-0.3019940101221175,35.66840105311658,0.4804147183895111,1003.6137084960938,4.0,2024,5.322094440460205,"{""type"":""Point"",""coordinates"":[35.66840105311658,-0.3019940101221175]}"
4782,4.580160617828369,Nakuru,2010.0,20.10869598388672,0.3368606567382812,1401.8802490234375,0.0057732019201238,36.24208424943285,0.5383278131484985,1000.578369140625,1.0,2024,4.580160617828369,"{""type"":""Point"",""coordinates"":[36.24208424943285,0.0057732019201238854]}"
4787,5.627618312835693,Nakuru,1558.0,16.952173233032227,0.3180627524852752,1915.0673828125,-0.0184668131020838,35.97852519022617,0.5479699373245239,796.3817138671875,1.0,2024,5.627618312835693,"{""type"":""Point"",""coordinates"":[35.97852519022617,-0.018466813102083802]}"
4789,5.245886325836182,Nakuru,2729.0,21.017391204833984,0.2414213865995407,694.8674926757812,-0.3959953660654745,35.68472063924399,0.3149986565113067,1036.11962890625,4.0,2024,5.245886325836182,"{""type"":""Point"",""coordinates"":[35.68472063924399,-0.39599536606547453]}"
4796,3.767889499664306,Nakuru,1936.0,22.473913192749023,0.456053763628006,1132.2017822265625,-0.770147578325755,36.227082416681576,0.5830678939819336,760.7749633789062,4.0,2024,3.767889499664306,"{""type"":""Point"",""coordinates"":[36.227082416681576,-0.770147578325755]}"
4798,6.561141014099121,Nakuru,2582.0,20.247825622558597,0.3505892157554626,923.3309936523438,-0.1651014778128449,35.70377205540291,0.4849270284175873,1134.2620849609375,4.0,2024,6.561141014099121,"{""type"":""Point"",""coordinates"":[35.70377205540291,-0.16510147781284495]}"
4800,3.125556707382202,Nakuru,2443.0,22.13478279113769,0.422243595123291,945.5843505859376,-0.8337350345680349,36.52770459725066,0.601366400718689,1194.972900390625,4.0,2024,3.125556707382202,"{""type"":""Point"",""coordinates"":[36.52770459725066,-0.8337350345680349]}"
4804,6.005666255950928,Nakuru,1920.0,22.899999618530277,0.3966588377952575,1143.9588623046875,-0.2985763322084742,36.16445724893209,0.5520914793014526,896.1743774414062,1.0,2024,6.005666255950928,"{""type"":""Point"",""coordinates"":[36.16445724893209,-0.2985763322084742]}"
4805,4.760862350463867,Nakuru,2007.0,22.93913078308105,0.4300832450389862,1380.60546875,-0.585508575449606,36.155261305896325,0.6187609434127808,720.8082275390625,4.0,2024,4.760862350463867,"{""type"":""Point"",""coordinates"":[36.155261305896325,-0.585508575449606]}"
4809,4.028618335723877,Nakuru,1984.0,21.147825241088867,0.3581395745277405,1090.254150390625,-0.4728341129811282,36.04940675864359,0.5404210686683655,840.0512084960938,4.0,2024,4.028618335723877,"{""type"":""Point"",""coordinates"":[36.049406758643585,-0.47283411298112826]}"
4813,6.723064422607422,Nakuru,2414.0,22.482608795166016,0.261741042137146,924.5313110351562,-0.2736892822691124,35.77710055946462,0.4017155170440674,1059.924072265625,4.0,2024,6.723064422607422,"{""type"":""Point"",""coordinates"":[35.77710055946462,-0.2736892822691124]}"
4815,4.492162704467773,Nakuru,2092.0,21.778261184692383,0.249502882361412,1130.5069580078125,-0.687477461721535,36.23901410313794,0.4056748747825622,1116.844970703125,4.0,2024,4.492162704467773,"{""type"":""Point"",""coordinates"":[36.23901410313794,-0.687477461721535]}"
4830,3.3049521446228027,Nakuru,2533.0,22.356521606445312,0.3134811222553253,922.11181640625,-0.4254075951478872,35.89345705339507,0.5601582527160645,1174.0662841796875,4.0,2024,3.3049521446228027,"{""type"":""Point"",""coordinates"":[35.89345705339507,-0.42540759514788723]}"
4835,5.515834808349609,Nakuru,1652.0,16.765216827392578,0.2485666871070861,1523.544189453125,-0.0600204189652884,36.051764859191856,0.4095284938812256,789.4463500976562,1.0,2024,5.515834808349609,"{""type"":""Point"",""coordinates"":[36.051764859191856,-0.06002041896528846]}"
4837,4.140559673309326,Nakuru,1889.0,20.104347229003903,0.2583168745040893,1465.3985595703125,-0.3576469917869544,36.18536036571452,0.4058403968811035,804.6633911132812,1.0,2024,4.140559673309326,"{""type"":""Point"",""coordinates"":[36.185360365714516,-0.3576469917869544]}"
4838,2.659628391265869,Nakuru,2565.0,22.330434799194336,0.4295182526111603,945.5843505859376,-0.8459558335912954,36.54660839894567,0.6381745934486389,1194.972900390625,4.0,2024,2.659628391265869,"{""type"":""Point"",""coordinates"":[36.54660839894567,-0.8459558335912954]}"
4848,5.089029788970947,Nakuru,2308.0,20.943477630615234,0.3614102602005005,922.11181640625,-0.4000283315185422,35.944250170519474,0.4829754829406738,1089.995361328125,4.0,2024,5.089029788970947,"{""type"":""Point"",""coordinates"":[35.944250170519474,-0.4000283315185422]}"
4866,5.373579025268555,Nakuru,2759.0,22.06521797180176,0.4170068800449371,694.8674926757812,-0.3755310128030331,35.66884527105378,0.5530986189842224,1036.11962890625,4.0,2024,5.373579025268555,"{""type"":""Point"",""coordinates"":[35.66884527105378,-0.37553101280303314]}"
4867,4.0586042404174805,Nakuru,1896.0,21.26956558227539,0.3859483003616333,1310.0338134765625,-0.6557906744945357,36.38107797086905,0.542182207107544,681.583740234375,1.0,2024,4.0586042404174805,"{""type"":""Point"",""coordinates"":[36.38107797086905,-0.6557906744945357]}"
4868,8.251763343811035,Nakuru,2473.0,22.639129638671875,0.3575684428215027,932.83642578125,-0.4190455971608465,35.53350404067387,0.4731330275535583,920.1461791992188,4.0,2024,8.251763343811035,"{""type"":""Point"",""coordinates"":[35.53350404067387,-0.41904559716084655]}"
4872,6.672351837158203,Nakuru,2610.0,21.41304397583008,0.3481995761394501,893.533935546875,-0.3334528004340724,35.5777450932036,0.4400551915168762,1015.4908447265624,4.0,2024,6.672351837158203,"{""type"":""Point"",""coordinates"":[35.577745093203596,-0.3334528004340724]}"
4873,4.051077842712402,Nakuru,2477.0,22.24347877502441,0.3025171458721161,922.11181640625,-0.4100893957431928,35.90652536091944,0.5044687986373901,1089.995361328125,4.0,2024,4.051077842712402,"{""type"":""Point"",""coordinates"":[35.90652536091944,-0.41008939574319286]}"
4879,5.941805362701416,Nakuru,1817.0,19.147825241088867,0.2647756040096283,1772.631103515625,-0.1461501295269963,36.005075817147926,0.4637285768985748,856.3206787109375,1.0,2024,5.941805362701416,"{""type"":""Point"",""coordinates"":[36.005075817147926,-0.14615012952699638]}"
4883,5.236050605773926,Nakuru,1958.0,20.7391300201416,0.3437699675559997,1380.60546875,-0.5720025219159711,36.2149953220564,0.5449652075767517,795.6459350585938,4.0,2024,5.236050605773926,"{""type"":""Point"",""coordinates"":[36.2149953220564,-0.5720025219159711]}"
4887,4.8666582107543945,Nakuru,2128.0,22.321739196777344,0.3742972910404205,1380.60546875,-0.6009177433885194,36.1564309126219,0.5873515605926514,972.7747802734376,4.0,2024,4.8666582107543945,"{""type"":""Point"",""coordinates"":[36.1564309126219,-0.6009177433885194]}"
4888,5.071899890899658,Nakuru,2200.0,21.43478202819824,0.3324805796146393,1401.8802490234375,-0.0484639556993553,36.15942913177405,0.5456903576850891,938.6957397460938,4.0,2024,5.071899890899658,"{""type"":""Point"",""coordinates"":[36.159429131774054,-0.04846395569935533]}"
4889,5.051870346069336,Nakuru,1731.0,20.060869216918945,0.3831177353858948,1258.922119140625,0.139782306885206,36.2528935355033,0.55466628074646,825.3482055664062,4.0,2024,5.051870346069336,"{""type"":""Point"",""coordinates"":[36.2528935355033,0.13978230688520604]}"
4891,4.3311285972595215,Nakuru,2820.0,21.986955642700195,0.2638382911682129,600.9398193359375,-0.6789473075688568,35.96111309662013,0.3696423470973968,1057.2928466796875,4.0,2024,4.3311285972595215,"{""type"":""Point"",""coordinates"":[35.96111309662013,-0.6789473075688568]}"
4899,6.313710689544678,Nakuru,1912.0,20.18695640563965,0.3224094212055206,1609.933837890625,-0.1768968194932078,35.96595363875654,0.4709950089454651,918.7094116210938,1.0,2024,6.313710689544678,"{""type"":""Point"",""coordinates"":[35.96595363875654,-0.1768968194932078]}"
4900,4.105201244354248,Nakuru,1944.0,22.16521644592285,0.3725173771381378,1130.5069580078125,-0.7252498635946154,36.23514173188634,0.5431744456291199,665.40869140625,4.0,2024,4.105201244354248,"{""type"":""Point"",""coordinates"":[36.23514173188634,-0.7252498635946154]}"
4901,6.389645576477051,Nakuru,1737.0,17.130434036254883,0.2231498509645462,1772.631103515625,-0.1120836364769826,35.968016744483336,0.3370589315891266,848.7538452148438,4.0,2024,6.389645576477051,"{""type"":""Point"",""coordinates"":[35.968016744483336,-0.11208363647698266]}"
4905,5.529091835021973,Nakuru,2574.0,22.41304397583008,0.4013539850711822,758.80322265625,-0.3061749238694485,35.749160281005274,0.5865462422370911,1122.4949951171875,4.0,2024,5.529091835021973,"{""type"":""Point"",""coordinates"":[35.749160281005274,-0.3061749238694485]}"
4914,5.217722892761231,Nakuru,2154.0,23.443477630615234,0.3518097698688507,1401.8802490234375,-0.0360229722963018,36.17647979960526,0.4939692318439483,938.6957397460938,1.0,2024,5.217722892761231,"{""type"":""Point"",""coordinates"":[36.17647979960526,-0.03602297229630183]}"
4919,7.578702926635742,Nakuru,2572.0,21.026086807250977,0.3515842854976654,831.6529541015625,-0.3650305562159721,35.5638049895061,0.4454206228256225,967.619384765625,4.0,2024,7.578702926635742,"{""type"":""Point"",""coordinates"":[35.5638049895061,-0.36503055621597214]}"
4921,5.371090888977051,Nakuru,1624.0,18.947826385498047,0.4023070931434631,1401.8802490234375,0.0014345135923074,36.15429451591801,0.6278970837593079,1108.340087890625,1.0,2024,5.371090888977051,"{""type"":""Point"",""coordinates"":[36.15429451591801,0.001434513592307486]}"
4928,3.745379447937012,Nakuru,1837.0,19.59130477905273,0.2818642258644104,1599.727294921875,-0.4036942466708853,36.146457011226566,0.3887125253677368,768.9830932617188,4.0,2024,3.745379447937012,"{""type"":""Point"",""coordinates"":[36.146457011226566,-0.4036942466708853]}"
4935,5.2295989990234375,Nakuru,2754.0,22.747825622558597,0.3207077980041504,758.80322265625,-0.3325406456459039,35.68009656659555,0.3918049335479736,1003.6137084960938,4.0,2024,5.2295989990234375,"{""type"":""Point"",""coordinates"":[35.68009656659555,-0.33254064564590397]}"
4936,3.9357385635375977,Nakuru,1925.0,24.204347610473636,0.4188724160194397,1132.2017822265625,-0.7513591541816805,36.21922785309406,0.5641645193099976,760.7749633789062,1.0,2024,3.9357385635375977,"{""type"":""Point"",""coordinates"":[36.21922785309406,-0.7513591541816805]}"
4939,5.096085071563721,Nakuru,1746.0,18.0217399597168,0.2871691882610321,1523.544189453125,-0.0629777034902986,36.12806794215355,0.4530643224716186,875.034912109375,1.0,2024,5.096085071563721,"{""type"":""Point"",""coordinates"":[36.12806794215355,-0.0629777034902986]}"
4940,5.591927528381348,Nakuru,2710.0,20.700000762939453,0.3469519913196563,758.80322265625,-0.2544875029710023,35.67511871215729,0.4916294813156128,1020.0197143554688,4.0,2024,5.591927528381348,"{""type"":""Point"",""coordinates"":[35.67511871215729,-0.25448750297100237]}"
4942,4.0315046310424805,Nakuru,1940.0,22.600000381469727,0.4118713140487671,1130.5069580078125,-0.737161152397147,36.22940585947657,0.5801780223846436,665.40869140625,4.0,2024,4.0315046310424805,"{""type"":""Point"",""coordinates"":[36.22940585947657,-0.737161152397147]}"
4943,7.776083946228027,Nakuru,1936.0,21.80434799194336,0.4091106355190277,1129.3472900390625,-0.1966569189718575,35.8248337312052,0.5672702789306641,930.6578369140624,1.0,2024,7.776083946228027,"{""type"":""Point"",""coordinates"":[35.824833731205196,-0.19665691897185755]}"
4946,4.193467617034912,Nakuru,2554.0,24.43913078308105,0.3762419819831848,801.3780517578125,-0.5508387790428252,35.98544649993481,0.5551068782806396,1120.51123046875,4.0,2024,4.193467617034912,"{""type"":""Point"",""coordinates"":[35.98544649993481,-0.5508387790428252]}"
4963,4.485188484191895,Nakuru,2175.0,21.7391300201416,0.3277625441551208,945.5843505859376,-0.8098821007165985,36.48769442964401,0.4319638907909393,946.1964111328124,6.0,2024,4.485188484191895,"{""type"":""Point"",""coordinates"":[36.48769442964401,-0.8098821007165985]}"
4974,5.348186492919922,Nakuru,2400.0,22.55652236938477,0.334142655134201,1194.8536376953125,-0.3278314616743847,35.851237385952224,0.5305818319320679,979.8775024414062,4.0,2024,5.348186492919922,"{""type"":""Point"",""coordinates"":[35.851237385952224,-0.32783146167438476]}"
4975,5.823614120483398,Nakuru,1898.0,20.060869216918945,0.30071622133255,1308.805908203125,-0.4875295962364879,36.28389322060144,0.4446497857570648,578.2003173828125,4.0,2024,5.823614120483398,"{""type"":""Point"",""coordinates"":[36.283893220601435,-0.4875295962364879]}"
4977,4.710114479064941,Nakuru,2771.0,20.91304397583008,0.2443117350339889,769.656982421875,-0.6664959518068194,35.94613049616873,0.3911654949188232,996.2274780273438,4.0,2024,4.710114479064941,"{""type"":""Point"",""coordinates"":[35.94613049616873,-0.6664959518068194]}"
4980,5.589328765869141,Nakuru,2695.0,20.513044357299805,0.2846634685993194,758.80322265625,-0.2839136607588187,35.69150421867,0.4280737638473511,1020.0197143554688,4.0,2024,5.589328765869141,"{""type"":""Point"",""coordinates"":[35.69150421867,-0.28391366075881874]}"
4990,3.508267641067505,Nakuru,2351.0,21.77391242980957,0.4756176471710205,945.5843505859376,-0.8474337773751524,36.516097091300765,0.63145512342453,1194.972900390625,4.0,2024,3.508267641067505,"{""type"":""Point"",""coordinates"":[36.516097091300765,-0.8474337773751524]}"
4994,6.081856727600098,Nakuru,1931.0,19.91304397583008,0.3379658460617065,1609.933837890625,-0.1768625336090033,35.98880555251374,0.5620995759963989,918.7094116210938,4.0,2024,6.081856727600098,"{""type"":""Point"",""coordinates"":[35.98880555251374,-0.1768625336090033]}"
8,2.9079885482788086,Nyandarua,2343.0,21.052173614501957,0.3487279415130615,703.086669921875,-0.3107546367171753,36.47027657120809,0.5522728562355042,976.94140625,4.0,2024,2.9079885482788086,"{""type"":""Point"",""coordinates"":[36.47027657120809,-0.3107546367171753]}"
14,1.7622761726379397,Nyandarua,2471.0,22.169565200805664,0.3812495768070221,636.4963989257812,-0.6321291427509401,36.56415327516057,0.4791841804981231,1237.2969970703125,4.0,2024,1.7622761726379397,"{""type"":""Point"",""coordinates"":[36.56415327516057,-0.6321291427509401]}"
20,3.9813175201416016,Nyandarua,2424.0,21.126087188720703,0.3107258379459381,1293.6524658203125,-0.3635545853129507,36.32497567066952,0.461200088262558,846.8605346679688,1.0,2024,3.9813175201416016,"{""type"":""Point"",""coordinates"":[36.324975670669524,-0.3635545853129507]}"
24,2.875420570373535,Nyandarua,2277.0,19.78260803222656,0.3752411305904388,1209.62353515625,0.0310224478257227,36.43537711819679,0.562456488609314,855.5177612304688,4.0,2024,2.875420570373535,"{""type"":""Point"",""coordinates"":[36.43537711819679,0.03102244782572272]}"
43,2.0184664726257324,Nyandarua,2689.0,22.860870361328125,0.4156242907047272,719.7100219726562,-0.8274146908407417,36.56162414684852,0.5803130269050598,1475.797119140625,4.0,2024,2.0184664726257324,"{""type"":""Point"",""coordinates"":[36.56162414684852,-0.8274146908407417]}"
54,2.753027439117432,Nyandarua,2381.0,21.417390823364254,0.4215472042560577,703.086669921875,-0.3254612841646553,36.48945402719711,0.6553783416748047,976.94140625,4.0,2024,2.753027439117432,"{""type"":""Point"",""coordinates"":[36.489454027197105,-0.3254612841646553]}"
70,1.7001086473464966,Nyandarua,2268.0,18.517391204833984,0.3373094797134399,1271.9952392578125,-0.0014360876631752,36.49219367874902,0.5120435357093811,744.7572631835938,4.0,2024,1.7001086473464966,"{""type"":""Point"",""coordinates"":[36.49219367874902,-0.0014360876631752753]}"
71,2.8612871170043945,Nyandarua,2002.0,16.2608699798584,0.3855696022510528,1268.8878173828125,0.045373460690648,36.57948775043068,0.5352984666824341,626.6849975585938,1.0,2024,2.8612871170043945,"{""type"":""Point"",""coordinates"":[36.57948775043068,0.04537346069064805]}"
78,1.9816495180130005,Nyandarua,2688.0,21.860870361328125,0.4360512495040893,898.3021850585938,-0.8597911272619642,36.58005513182172,0.6154067516326904,1510.875244140625,4.0,2024,1.9816495180130005,"{""type"":""Point"",""coordinates"":[36.580055131821716,-0.8597911272619642]}"
86,3.0818419456481934,Nyandarua,2340.0,20.326086044311523,0.2459481507539749,703.086669921875,-0.2692844908556709,36.45671430646962,0.3974683880805969,959.3812255859376,4.0,2024,3.0818419456481934,"{""type"":""Point"",""coordinates"":[36.45671430646962,-0.2692844908556709]}"
87,1.6295671463012695,Nyandarua,2634.0,19.54347801208496,0.3385825455188751,839.247314453125,-0.1682178759686839,36.3394158327937,0.513643205165863,1030.8326416015625,4.0,2024,1.6295671463012695,"{""type"":""Point"",""coordinates"":[36.3394158327937,-0.16821787596868393]}"
100,0.9887483716011048,Nyandarua,2637.0,23.12173843383789,0.3842298984527588,719.7100219726562,-0.8190251333664816,36.60575422993814,0.5624706745147705,1799.856201171875,4.0,2024,0.9887483716011048,"{""type"":""Point"",""coordinates"":[36.60575422993814,-0.8190251333664816]}"
101,3.0319573879241943,Nyandarua,2307.0,19.095651626586918,0.2795889675617218,1040.6885986328125,-0.2543688466159933,36.418981422962965,0.4225653409957886,931.769287109375,1.0,2024,3.0319573879241943,"{""type"":""Point"",""coordinates"":[36.418981422962965,-0.2543688466159933]}"
104,2.6285600662231445,Nyandarua,2254.0,19.26956558227539,0.3862083852291107,1209.62353515625,0.040614004570994,36.44876761831412,0.5704902410507202,855.5177612304688,1.0,2024,2.6285600662231445,"{""type"":""Point"",""coordinates"":[36.448767618314115,0.040614004570994]}"
112,1.8393139839172363,Nyandarua,2443.0,20.752174377441406,0.3941386044025421,636.4963989257812,-0.6025982334089927,36.55260856462549,0.5602059364318848,1237.2969970703125,4.0,2024,1.8393139839172363,"{""type"":""Point"",""coordinates"":[36.55260856462549,-0.6025982334089927]}"
114,2.818655490875244,Nyandarua,2241.0,21.39130401611328,0.3590974807739258,1154.89013671875,-0.3847000868272592,36.41487699052134,0.5631619691848755,907.397216796875,1.0,2024,2.818655490875244,"{""type"":""Point"",""coordinates"":[36.41487699052134,-0.38470008682725926]}"
127,2.317185401916504,Nyandarua,2429.0,22.017391204833984,0.3271316885948181,1040.6885986328125,-0.2831751112648613,36.35397237599621,0.5037505626678467,904.895263671875,1.0,2024,2.317185401916504,"{""type"":""Point"",""coordinates"":[36.353972375996214,-0.2831751112648613]}"
146,2.1937451362609863,Nyandarua,2215.0,20.80869483947754,0.3261846601963043,1271.9952392578125,0.0457035546862884,36.47179056419688,0.4856299459934234,791.9441528320312,4.0,2024,2.1937451362609863,"{""type"":""Point"",""coordinates"":[36.47179056419688,0.04570355468628848]}"
147,1.7092305421829224,Nyandarua,2263.0,19.130434036254883,0.4450329542160034,1271.9952392578125,0.0030087250362374,36.494420745160745,0.5845462679862976,791.9441528320312,4.0,2024,1.7092305421829224,"{""type"":""Point"",""coordinates"":[36.494420745160745,0.0030087250362374105]}"
149,1.797325849533081,Nyandarua,2491.0,22.321739196777344,0.4034510552883148,654.1491088867188,-0.6541834279055211,36.555379524943,0.5022497177124023,1301.0384521484375,4.0,2024,1.797325849533081,"{""type"":""Point"",""coordinates"":[36.555379524943,-0.6541834279055211]}"
153,2.8926825523376465,Nyandarua,2307.0,23.917390823364254,0.3493342101573944,1040.6885986328125,-0.3149193877396092,36.42754561608104,0.5713192820549011,919.640625,1.0,2024,2.8926825523376465,"{""type"":""Point"",""coordinates"":[36.427545616081034,-0.3149193877396092]}"
157,1.217742681503296,Nyandarua,2682.0,21.452173233032227,0.3829574286937713,839.247314453125,-0.170376665285775,36.31343264565246,0.5356094241142273,1030.8326416015625,4.0,2024,1.217742681503296,"{""type"":""Point"",""coordinates"":[36.31343264565246,-0.17037666528577503]}"
167,2.8762459754943848,Nyandarua,2360.0,19.095651626586918,0.2955305278301239,986.5427856445312,-0.2404491937341265,36.4033913102403,0.468360424041748,906.7599487304688,4.0,2024,2.8762459754943848,"{""type"":""Point"",""coordinates"":[36.4033913102403,-0.2404491937341265]}"
175,1.024336814880371,Nyandarua,2617.0,22.45652198791504,0.4333922266960144,719.7100219726562,-0.7908142997596763,36.59967590133913,0.6595006585121155,1443.79736328125,4.0,2024,1.024336814880371,"{""type"":""Point"",""coordinates"":[36.59967590133913,-0.7908142997596763]}"
178,2.476346969604492,Nyandarua,2081.0,17.38260841369629,0.3638495206832886,1268.8878173828125,0.0253667627058223,36.55873997441784,0.5297873616218567,626.6849975585938,4.0,2024,2.476346969604492,"{""type"":""Point"",""coordinates"":[36.55873997441784,0.0253667627058223]}"
188,1.4338022470474243,Nyandarua,2553.0,23.17391395568848,0.409202516078949,654.1491088867188,-0.7214667322333517,36.57896890466785,0.6385209560394287,1237.4268798828125,4.0,2024,1.4338022470474243,"{""type"":""Point"",""coordinates"":[36.57896890466785,-0.7214667322333517]}"
192,0.9236785173416138,Nyandarua,2559.0,24.31739044189453,0.4728091657161712,719.7100219726562,-0.768711978140251,36.63250241269045,0.6939830183982849,1535.402099609375,4.0,2024,0.9236785173416138,"{""type"":""Point"",""coordinates"":[36.63250241269045,-0.768711978140251]}"
201,2.314012289047241,Nyandarua,2456.0,19.0217399597168,0.2911884784698486,986.5427856445312,-0.2331669140267875,36.36728537953896,0.4811118841171264,953.46484375,4.0,2024,2.314012289047241,"{""type"":""Point"",""coordinates"":[36.36728537953896,-0.23316691402678755]}"
202,1.458261013031006,Nyandarua,2671.0,21.860870361328125,0.4755452573299408,839.247314453125,-0.1913154034599239,36.329218152882085,0.7354059219360352,1030.8326416015625,4.0,2024,1.458261013031006,"{""type"":""Point"",""coordinates"":[36.329218152882085,-0.19131540345992393]}"
212,2.5073394775390625,Nyandarua,2385.0,19.660869598388672,0.3278651833534241,986.5427856445312,-0.1932366042020624,36.39015117648575,0.4841741621494293,931.747802734375,4.0,2024,2.5073394775390625,"{""type"":""Point"",""coordinates"":[36.390151176485745,-0.19323660420206246]}"
220,0.9141509532928468,Nyandarua,2562.0,26.31304359436035,0.4275910556316376,631.21240234375,-0.7218564406326617,36.67525036232634,0.6220151782035828,1913.6236572265625,4.0,2024,0.9141509532928468,"{""type"":""Point"",""coordinates"":[36.67525036232634,-0.7218564406326617]}"
221,1.6674946546554563,Nyandarua,2494.0,22.40434837341309,0.4443553388118744,654.1491088867188,-0.6598153869197846,36.57108298927167,0.6324554681777954,1301.0384521484375,4.0,2024,1.6674946546554563,"{""type"":""Point"",""coordinates"":[36.571082989271666,-0.6598153869197846]}"
235,1.8161938190460205,Nyandarua,2199.0,17.565217971801758,0.3875380456447601,1271.9952392578125,0.0043213144043248,36.51720887714908,0.491212248802185,723.430908203125,4.0,2024,1.8161938190460205,"{""type"":""Point"",""coordinates"":[36.51720887714908,0.004321314404324886]}"
238,1.8339707851409912,Nyandarua,2332.0,17.839130401611328,0.3011779487133026,1126.5531005859375,-0.1480768259891055,36.454324725338914,0.4069520831108093,839.7518310546875,4.0,2024,1.8339707851409912,"{""type"":""Point"",""coordinates"":[36.454324725338914,-0.14807682598910554]}"
240,3.51609468460083,Nyandarua,2342.0,20.060869216918945,0.3258942365646362,1209.62353515625,0.0052542632867473,36.39418037511577,0.5154913663864136,860.7394409179688,4.0,2024,3.51609468460083,"{""type"":""Point"",""coordinates"":[36.39418037511577,0.005254263286747325]}"
244,2.1712355613708496,Nyandarua,2100.0,16.826086044311523,0.3608819544315338,1271.9952392578125,0.0357498820877998,36.54220581492305,0.4942225813865661,723.430908203125,4.0,2024,2.1712355613708496,"{""type"":""Point"",""coordinates"":[36.54220581492305,0.03574988208779986]}"
245,2.2552778720855717,Nyandarua,2709.0,22.5,0.3850089013576507,898.3021850585938,-0.8604865543955628,36.56950511654576,0.532753586769104,1510.875244140625,4.0,2024,2.2552778720855717,"{""type"":""Point"",""coordinates"":[36.56950511654576,-0.8604865543955628]}"
246,2.4188427925109863,Nyandarua,2413.0,21.947826385498047,0.4454485177993774,918.7949829101562,-0.5470164426314122,36.48408742235194,0.6912267208099365,993.0908813476562,4.0,2024,2.4188427925109863,"{""type"":""Point"",""coordinates"":[36.48408742235194,-0.5470164426314122]}"
250,1.5038658380508425,Nyandarua,2663.0,20.482608795166016,0.4631016254425049,839.247314453125,-0.2326012363639483,36.32625574397156,0.6416966915130615,1005.59912109375,4.0,2024,1.5038658380508425,"{""type"":""Point"",""coordinates"":[36.32625574397156,-0.23260123636394836]}"
252,2.3781638145446777,Nyandarua,2341.0,20.526086807250977,0.4739064872264862,1086.5555419921875,-0.0694936859683213,36.40553410740236,0.6912264823913574,803.188232421875,1.0,2024,2.3781638145446777,"{""type"":""Point"",""coordinates"":[36.40553410740236,-0.06949368596832137]}"
255,1.538872003555298,Nyandarua,2624.0,19.647825241088867,0.4020511507987976,903.48095703125,-0.1418212809789679,36.33291961254776,0.5847712159156799,1024.9276123046875,4.0,2024,1.538872003555298,"{""type"":""Point"",""coordinates"":[36.33291961254776,-0.14182128097896798]}"
256,1.110105037689209,Nyandarua,2474.0,20.708696365356445,0.4539618194103241,1126.5531005859375,-0.1214513750316126,36.51018531859199,0.6151318550109863,839.7156372070312,4.0,2024,1.110105037689209,"{""type"":""Point"",""coordinates"":[36.51018531859199,-0.12145137503161264]}"
258,2.625689744949341,Nyandarua,2358.0,23.865217208862305,0.3846370279788971,751.9829711914062,-0.42282033052605,36.469252531332,0.5865709781646729,1043.0076904296875,4.0,2024,2.625689744949341,"{""type"":""Point"",""coordinates"":[36.469252531331996,-0.42282033052605006]}"
259,2.357602596282959,Nyandarua,2343.0,19.05652236938477,0.3010657727718353,986.5427856445312,-0.163085181559031,36.41578092257327,0.4627470970153808,909.6834716796876,1.0,2024,2.357602596282959,"{""type"":""Point"",""coordinates"":[36.41578092257327,-0.16308518155903107]}"
264,2.1863512992858887,Nyandarua,2214.0,20.23043441772461,0.3532696366310119,1026.3397216796875,-0.1107522904679961,36.59262407634245,0.5555371642112732,806.2779541015625,4.0,2024,2.1863512992858887,"{""type"":""Point"",""coordinates"":[36.59262407634245,-0.11075229046799617]}"
268,3.313130140304565,Nyandarua,2450.0,20.908695220947266,0.3392618894577026,1058.6063232421875,-0.3503377605379354,36.34182274009638,0.4855718910694122,935.0844116210938,4.0,2024,3.313130140304565,"{""type"":""Point"",""coordinates"":[36.34182274009638,-0.35033776053793547]}"
285,2.259373426437378,Nyandarua,2455.0,22.06521797180176,0.4222446978092193,957.3016967773438,-0.6323201260205532,36.52730465444534,0.5496432781219482,1156.154296875,4.0,2024,2.259373426437378,"{""type"":""Point"",""coordinates"":[36.52730465444534,-0.6323201260205532]}"
302,1.5974938869476318,Nyandarua,2508.0,22.147825241088867,0.4390007257461548,654.1491088867188,-0.6662087661103633,36.58920774107087,0.6190564036369324,1301.0384521484375,4.0,2024,1.5974938869476318,"{""type"":""Point"",""coordinates"":[36.58920774107087,-0.6662087661103633]}"
309,1.80395770072937,Nyandarua,2458.0,22.60869598388672,0.4102902412414551,636.4963989257812,-0.58728857158374,36.55712751905103,0.577009916305542,1056.6494140625,4.0,2024,1.80395770072937,"{""type"":""Point"",""coordinates"":[36.55712751905103,-0.58728857158374]}"
316,1.6456658840179443,Nyandarua,2505.0,18.07826042175293,0.3018900454044342,1126.5531005859375,-0.0823641649979102,36.45240973354143,0.4866311848163605,811.5564575195312,4.0,2024,1.6456658840179443,"{""type"":""Point"",""coordinates"":[36.45240973354143,-0.08236416499791027]}"
327,2.600024700164795,Nyandarua,2380.0,18.93478202819824,0.3274948596954345,986.5427856445312,-0.2455874094372185,36.37956556766258,0.4672479927539825,953.46484375,4.0,2024,2.600024700164795,"{""type"":""Point"",""coordinates"":[36.37956556766258,-0.24558740943721857]}"
331,2.893214225769043,Nyandarua,2345.0,21.53043556213379,0.2737688422203064,986.5427856445312,-0.2393922919059149,36.40633730531009,0.4031415581703186,906.7599487304688,1.0,2024,2.893214225769043,"{""type"":""Point"",""coordinates"":[36.40633730531009,-0.23939229190591493]}"
339,1.6945183277130127,Nyandarua,2551.0,21.07826042175293,0.5181718468666077,636.4963989257812,-0.5727525405970427,36.61437854494958,0.6951470971107483,1451.731201171875,4.0,2024,1.6945183277130127,"{""type"":""Point"",""coordinates"":[36.61437854494958,-0.5727525405970427]}"
347,1.2164263725280762,Nyandarua,2719.0,21.55652236938477,0.3832058608531952,903.48095703125,-0.1194565917230137,36.27813532160174,0.5749849677085876,1035.8345947265625,4.0,2024,1.2164263725280762,"{""type"":""Point"",""coordinates"":[36.27813532160174,-0.11945659172301379]}"
348,2.9773285388946533,Nyandarua,2335.0,19.93913078308105,0.2024236023426056,1040.6885986328125,-0.3057668426331368,36.438476902975694,0.3556269109249115,919.640625,1.0,2024,2.9773285388946533,"{""type"":""Point"",""coordinates"":[36.438476902975694,-0.3057668426331368]}"
351,1.8034709692001345,Nyandarua,2685.0,22.31304359436035,0.3883049786090851,719.7100219726562,-0.8343920877523731,36.57136944763222,0.5538060665130615,1475.797119140625,4.0,2024,1.8034709692001345,"{""type"":""Point"",""coordinates"":[36.57136944763222,-0.8343920877523731]}"
357,1.9750330448150637,Nyandarua,2682.0,23.53043556213379,0.3226019144058227,839.247314453125,-0.2348165214069029,36.27642935393745,0.5194100141525269,1074.4090576171875,4.0,2024,1.9750330448150637,"{""type"":""Point"",""coordinates"":[36.27642935393745,-0.23481652140690298]}"
364,1.6390502452850342,Nyandarua,2634.0,20.513044357299805,0.3260095119476318,839.247314453125,-0.2073796046053798,36.33857537367084,0.4855068922042846,1005.59912109375,4.0,2024,1.6390502452850342,"{""type"":""Point"",""coordinates"":[36.338575373670835,-0.20737960460537985]}"
366,1.272804856300354,Nyandarua,2545.0,22.952173233032227,0.4128555059432983,654.1491088867188,-0.7233258329658544,36.61700676425914,0.455460637807846,1353.095703125,4.0,2024,1.272804856300354,"{""type"":""Point"",""coordinates"":[36.61700676425914,-0.7233258329658544]}"
371,2.7670998573303223,Nyandarua,2366.0,24.234783172607425,0.3334092795848846,703.086669921875,-0.3251106528951136,36.48636334286591,0.5017195343971252,976.94140625,4.0,2024,2.7670998573303223,"{""type"":""Point"",""coordinates"":[36.48636334286591,-0.3251106528951136]}"
391,1.853036642074585,Nyandarua,2646.0,22.5,0.4684109389781952,719.7100219726562,-0.7888359280656254,36.55954829823033,0.6421059966087341,1443.79736328125,4.0,2024,1.853036642074585,"{""type"":""Point"",""coordinates"":[36.55954829823033,-0.7888359280656254]}"
398,1.8393139839172363,Nyandarua,2443.0,20.752174377441406,0.3941386044025421,636.4963989257812,-0.6022596313631703,36.55306490861367,0.5602059364318848,1237.2969970703125,4.0,2024,1.8393139839172363,"{""type"":""Point"",""coordinates"":[36.55306490861367,-0.6022596313631703]}"
406,1.4923343658447266,Nyandarua,2505.0,19.160869598388672,0.3998923599720001,1126.5531005859375,-0.0883337610306181,36.46229308527281,0.547505795955658,811.5564575195312,4.0,2024,1.4923343658447266,"{""type"":""Point"",""coordinates"":[36.46229308527281,-0.08833376103061813]}"
416,2.0392863750457764,Nyandarua,2223.0,20.23043441772461,0.2399509996175766,1271.9952392578125,-0.0373056031849464,36.53653994673085,0.3480564951896667,687.9920654296875,4.0,2024,2.0392863750457764,"{""type"":""Point"",""coordinates"":[36.53653994673085,-0.03730560318494644]}"
417,1.0842710733413696,Nyandarua,2659.0,22.395652770996094,0.3591965138912201,903.48095703125,-0.1336260092065924,36.295004330010265,0.5682735443115234,1035.8345947265625,4.0,2024,1.0842710733413696,"{""type"":""Point"",""coordinates"":[36.295004330010265,-0.13362600920659243]}"
427,2.9730772972106934,Nyandarua,2313.0,23.486955642700195,0.3493711352348327,1040.6885986328125,-0.3029071701625914,36.424079142809774,0.5166428685188293,919.640625,1.0,2024,2.9730772972106934,"{""type"":""Point"",""coordinates"":[36.424079142809774,-0.30290717016259144]}"
430,2.96378231048584,Nyandarua,2230.0,21.569564819335938,0.3704593181610107,1154.89013671875,-0.3860512334292003,36.40267848966428,0.5712040066719055,907.397216796875,1.0,2024,2.96378231048584,"{""type"":""Point"",""coordinates"":[36.40267848966428,-0.3860512334292003]}"
431,1.3808796405792236,Nyandarua,2592.0,22.630434036254883,0.3458306193351745,719.7100219726562,-0.7673573418115055,36.57675016474151,0.4965601861476898,1443.79736328125,4.0,2024,1.3808796405792236,"{""type"":""Point"",""coordinates"":[36.57675016474151,-0.7673573418115055]}"
432,1.7604243755340576,Nyandarua,2585.0,21.90434837341309,0.3123321533203125,839.247314453125,-0.1896776006640304,36.34504565676031,0.4984816014766693,1030.8326416015625,4.0,2024,1.7604243755340576,"{""type"":""Point"",""coordinates"":[36.34504565676031,-0.18967760066403042]}"
440,0.8547607064247131,Nyandarua,2625.0,24.356521606445312,0.4961031973361969,719.7100219726562,-0.8071341394904329,36.61713994139258,0.6954485177993774,1799.856201171875,4.0,2024,0.8547607064247131,"{""type"":""Point"",""coordinates"":[36.61713994139258,-0.8071341394904329]}"
441,3.744960784912109,Nyandarua,2134.0,20.60869598388672,0.3696759045124054,1405.6363525390625,0.1074383299884767,36.45115618798213,0.556631326675415,749.438232421875,1.0,2024,3.744960784912109,"{""type"":""Point"",""coordinates"":[36.45115618798213,0.10743832998847673]}"
459,3.428983211517334,Nyandarua,2377.0,18.53478240966797,0.2905691266059875,1209.62353515625,-0.0027082108288595,36.35742736459761,0.4833227694034576,821.6705322265625,4.0,2024,3.428983211517334,"{""type"":""Point"",""coordinates"":[36.35742736459761,-0.002708210828859548]}"
462,1.446494460105896,Nyandarua,2724.0,19.899999618530277,0.3306187689304352,839.247314453125,-0.2156304907413385,36.32525852094044,0.5370756387710571,1005.59912109375,4.0,2024,1.446494460105896,"{""type"":""Point"",""coordinates"":[36.32525852094044,-0.21563049074133855]}"
469,2.816645860671997,Nyandarua,2324.0,18.69130516052246,0.2797152996063232,986.5427856445312,-0.2186434747329926,36.41588209088992,0.4667044878005981,906.7599487304688,1.0,2024,2.816645860671997,"{""type"":""Point"",""coordinates"":[36.41588209088992,-0.21864347473299264]}"
479,2.2135214805603027,Nyandarua,2145.0,17.095651626586914,0.3262364268302917,1405.6363525390625,0.0648384201579127,36.50848001780222,0.4959194660186767,688.7552490234375,4.0,2024,2.2135214805603027,"{""type"":""Point"",""coordinates"":[36.50848001780222,0.06483842015791279]}"
481,1.4017438888549805,Nyandarua,2552.0,23.07826042175293,0.4254924952983856,654.1491088867188,-0.7234981514832587,36.58294201206255,0.6448606848716736,1237.4268798828125,4.0,2024,1.4017438888549805,"{""type"":""Point"",""coordinates"":[36.582942012062546,-0.7234981514832587]}"
487,1.7701386213302612,Nyandarua,2324.0,18.28260803222656,0.2804365754127502,1271.9952392578125,-0.0120083499964874,36.47209600226362,0.4520086646080017,744.7572631835938,4.0,2024,1.7701386213302612,"{""type"":""Point"",""coordinates"":[36.47209600226362,-0.012008349996487463]}"
488,1.8027399778366089,Nyandarua,2614.0,22.495651245117188,0.4379106163978576,719.7100219726562,-0.7778107327014663,36.559155714783984,0.6044962406158447,1443.79736328125,4.0,2024,1.8027399778366089,"{""type"":""Point"",""coordinates"":[36.559155714783984,-0.7778107327014663]}"
492,1.4008612632751465,Nyandarua,2591.0,20.278261184692383,0.2400523722171783,839.247314453125,-0.2388747504843874,36.30925973083027,0.4205309152603149,1005.59912109375,4.0,2024,1.4008612632751465,"{""type"":""Point"",""coordinates"":[36.30925973083027,-0.23887475048438744]}"
496,1.491546392440796,Nyandarua,2586.0,22.443477630615234,0.4580188393592834,719.7100219726562,-0.7603476765134171,36.57047109949311,0.6989973187446594,1443.79736328125,4.0,2024,1.491546392440796,"{""type"":""Point"",""coordinates"":[36.570471099493105,-0.7603476765134171]}"
503,2.337761878967285,Nyandarua,2523.0,22.256521224975582,0.4460072815418243,931.31884765625,-0.703718780881272,36.53131529682281,0.6107761859893799,1146.4976806640625,4.0,2024,2.337761878967285,"{""type"":""Point"",""coordinates"":[36.53131529682281,-0.703718780881272]}"
508,0.9615851640701294,Nyandarua,2554.0,21.430435180664062,0.4624440968036651,719.7100219726562,-0.7613142216116706,36.63352973888041,0.6691995859146118,1535.402099609375,4.0,2024,0.9615851640701294,"{""type"":""Point"",""coordinates"":[36.63352973888041,-0.7613142216116706]}"
512,1.874753713607788,Nyandarua,2285.0,20.13478279113769,0.2827818095684051,1271.9952392578125,0.0073462054335609,36.47036775083704,0.4805253148078918,791.9441528320312,4.0,2024,1.874753713607788,"{""type"":""Point"",""coordinates"":[36.47036775083704,0.007346205433560945]}"
517,2.7860629558563232,Nyandarua,2307.0,20.547826766967773,0.3666334152221679,1040.6885986328125,-0.3114640052327692,36.39058853320833,0.5708518028259277,883.1970825195312,1.0,2024,2.7860629558563232,"{""type"":""Point"",""coordinates"":[36.39058853320833,-0.3114640052327692]}"
525,3.1118974685668945,Nyandarua,2400.0,21.978260040283203,0.3722586929798126,918.7949829101562,-0.5462425027814478,36.45246251579928,0.5783000588417053,993.0908813476562,1.0,2024,3.1118974685668945,"{""type"":""Point"",""coordinates"":[36.45246251579928,-0.5462425027814478]}"
534,1.5567800998687744,Nyandarua,2583.0,22.2391300201416,0.4212145209312439,719.7100219726562,-0.7565443445461998,36.56693675041505,0.5999016761779785,1443.79736328125,4.0,2024,1.5567800998687744,"{""type"":""Point"",""coordinates"":[36.56693675041505,-0.7565443445461998]}"
551,2.783849000930786,Nyandarua,2335.0,20.86956596374512,0.3467059135437011,703.086669921875,-0.3264048383857507,36.476565965258345,0.5508874654769897,976.94140625,4.0,2024,2.783849000930786,"{""type"":""Point"",""coordinates"":[36.476565965258345,-0.32640483838575074]}"
554,1.497267484664917,Nyandarua,2639.0,19.373912811279297,0.313837468624115,881.013916015625,-0.1579873836309446,36.50688963386092,0.5109421014785767,938.4208374023438,4.0,2024,1.497267484664917,"{""type"":""Point"",""coordinates"":[36.506889633860915,-0.15798738363094467]}"
563,2.499943733215332,Nyandarua,2384.0,21.026086807250977,0.1983621567487716,1209.62353515625,-0.0109063894390813,36.43060899713342,0.340352863073349,799.9849243164062,4.0,2024,2.499943733215332,"{""type"":""Point"",""coordinates"":[36.43060899713342,-0.010906389439081355]}"
566,2.4198505878448486,Nyandarua,2339.0,18.88260841369629,0.2712222933769226,986.5427856445312,-0.1738431306053167,36.42164380434198,0.366535872220993,909.6834716796876,4.0,2024,2.4198505878448486,"{""type"":""Point"",""coordinates"":[36.42164380434198,-0.17384313060531675]}"
578,3.300572395324707,Nyandarua,2444.0,21.352174758911133,0.395310491323471,957.3016967773438,-0.6056854729578357,36.47263886238036,0.560615599155426,1018.88525390625,4.0,2024,3.300572395324707,"{""type"":""Point"",""coordinates"":[36.47263886238036,-0.6056854729578357]}"
592,2.600923776626587,Nyandarua,2289.0,21.04347801208496,0.282842606306076,1154.89013671875,-0.3626756910933421,36.43518928454098,0.490531176328659,907.397216796875,1.0,2024,2.600923776626587,"{""type"":""Point"",""coordinates"":[36.43518928454098,-0.36267569109334213]}"
595,3.613332748413086,Nyandarua,2200.0,21.38260841369629,0.3356859087944031,1154.89013671875,-0.4184951948481151,36.40333116822678,0.5213956832885742,916.82666015625,1.0,2024,3.613332748413086,"{""type"":""Point"",""coordinates"":[36.40333116822678,-0.4184951948481151]}"
601,2.862247943878174,Nyandarua,2344.0,21.908695220947266,0.2518893182277679,986.5427856445312,-0.2225638058560481,36.444644806903376,0.3867903649806976,906.7599487304688,4.0,2024,2.862247943878174,"{""type"":""Point"",""coordinates"":[36.444644806903376,-0.22256380585604818]}"
607,2.5026679039001465,Nyandarua,2525.0,22.43478202819824,0.3777013421058655,751.9829711914062,-0.3694745946823909,36.51793570880176,0.6214368343353271,1072.8966064453125,4.0,2024,2.5026679039001465,"{""type"":""Point"",""coordinates"":[36.51793570880176,-0.36947459468239097]}"
641,2.955217838287353,Nyandarua,2259.0,21.56521797180176,0.3104892671108246,1154.89013671875,-0.3781273877918197,36.39375392317131,0.5220271348953247,854.5677490234375,1.0,2024,2.955217838287353,"{""type"":""Point"",""coordinates"":[36.39375392317131,-0.3781273877918197]}"
647,2.836490631103516,Nyandarua,2339.0,19.169565200805664,0.3184696137905121,986.5427856445312,-0.2203234029738377,36.44800907010486,0.4898840188980102,906.7599487304688,4.0,2024,2.836490631103516,"{""type"":""Point"",""coordinates"":[36.44800907010486,-0.2203234029738377]}"
653,2.90733003616333,Nyandarua,2120.0,17.77391242980957,0.3554944097995758,1405.6363525390625,0.0933609896217842,36.481556046903854,0.5200604796409607,776.780517578125,4.0,2024,2.90733003616333,"{""type"":""Point"",""coordinates"":[36.481556046903854,0.09336098962178424]}"
655,2.407250165939331,Nyandarua,2375.0,19.978260040283203,0.3046015501022339,986.5427856445312,-0.1723814391433378,36.38933142464687,0.4476284682750702,931.747802734375,4.0,2024,2.407250165939331,"{""type"":""Point"",""coordinates"":[36.38933142464687,-0.1723814391433378]}"
663,2.0931179523468018,Nyandarua,2598.0,20.395652770996094,0.3008060157299042,1058.6063232421875,-0.2901019378649745,36.332621883629805,0.4590197801589966,843.2105102539062,4.0,2024,2.0931179523468018,"{""type"":""Point"",""coordinates"":[36.332621883629805,-0.2901019378649745]}"
666,2.608581781387329,Nyandarua,2358.0,24.33478355407715,0.4156695902347564,751.9829711914062,-0.431309033585865,36.47442004427345,0.6318507194519043,1043.0076904296875,4.0,2024,2.608581781387329,"{""type"":""Point"",""coordinates"":[36.47442004427345,-0.43130903358586503]}"
668,2.1252477169036865,Nyandarua,2328.0,17.339130401611328,0.3106343746185303,881.013916015625,-0.1715056662193144,36.45683518826055,0.4541718959808349,889.2483520507812,4.0,2024,2.1252477169036865,"{""type"":""Point"",""coordinates"":[36.45683518826055,-0.17150566621931448]}"
672,2.1295294761657715,Nyandarua,2553.0,25.452173233032227,0.3836501240730285,945.5843505859376,-0.7564309757146216,36.54508966973956,0.524118185043335,1115.2738037109375,4.0,2024,2.1295294761657715,"{""type"":""Point"",""coordinates"":[36.54508966973956,-0.7564309757146216]}"
678,2.0962729454040527,Nyandarua,2490.0,22.765216827392575,0.4784860610961914,931.31884765625,-0.6736093274621496,36.53788211388575,0.6699630618095398,1155.636474609375,4.0,2024,2.0962729454040527,"{""type"":""Point"",""coordinates"":[36.53788211388575,-0.6736093274621496]}"
682,2.0329837799072266,Nyandarua,2564.0,25.052173614501957,0.3457903563976288,518.3616943359375,-0.5049910451895484,36.611064999863245,0.5789358019828796,1490.9234619140625,4.0,2024,2.0329837799072266,"{""type"":""Point"",""coordinates"":[36.611064999863245,-0.5049910451895484]}"
695,3.2495388984680176,Nyandarua,2369.0,23.17391395568848,0.367691159248352,1163.2713623046875,-0.5496428549871418,36.44800263055851,0.5511019229888916,863.3080444335938,1.0,2024,3.2495388984680176,"{""type"":""Point"",""coordinates"":[36.44800263055851,-0.5496428549871418]}"
711,2.1693010330200195,Nyandarua,2328.0,19.447826385498047,0.2831930518150329,1086.5555419921875,-0.1058969994929528,36.41218620558426,0.4859823584556579,804.5447387695312,1.0,2024,2.1693010330200195,"{""type"":""Point"",""coordinates"":[36.41218620558426,-0.10589699949295285]}"
720,1.2657091617584229,Nyandarua,2562.0,20.447826385498047,0.368813008069992,1126.5531005859375,-0.1449133055857855,36.52378776520603,0.5838271379470825,839.7156372070312,4.0,2024,1.2657091617584229,"{""type"":""Point"",""coordinates"":[36.52378776520603,-0.14491330558578558]}"
731,3.261610984802246,Nyandarua,2418.0,22.082609176635746,0.3645505607128143,1094.8021240234375,0.0174577704503118,36.3068642014098,0.5673799514770508,912.5535888671876,4.0,2024,3.261610984802246,"{""type"":""Point"",""coordinates"":[36.306864201409795,0.017457770450311855]}"
733,3.5357370376586914,Nyandarua,2439.0,21.995651245117188,0.4236618876457214,957.3016967773438,-0.6106929281159988,36.46454367387163,0.5823644995689392,1018.88525390625,4.0,2024,3.5357370376586914,"{""type"":""Point"",""coordinates"":[36.46454367387163,-0.6106929281159988]}"
746,1.892719864845276,Nyandarua,2654.0,22.59130477905273,0.3281765878200531,719.7100219726562,-0.8067535532314357,36.561338043278376,0.4631707370281219,1475.797119140625,4.0,2024,1.892719864845276,"{""type"":""Point"",""coordinates"":[36.561338043278376,-0.8067535532314357]}"
758,3.2093300819396973,Nyandarua,2401.0,21.330434799194336,0.3482645153999328,957.3016967773438,-0.5638316474657864,36.453127460425065,0.5606419444084167,1003.9808349609376,4.0,2024,3.2093300819396973,"{""type"":""Point"",""coordinates"":[36.453127460425065,-0.5638316474657864]}"
771,2.3492252826690674,Nyandarua,2310.0,18.952173233032227,0.3873703181743622,1026.3397216796875,-0.1235988292263486,36.61476748237966,0.5666690468788147,672.5469360351562,4.0,2024,2.3492252826690674,"{""type"":""Point"",""coordinates"":[36.61476748237966,-0.1235988292263486]}"
776,1.7376314401626587,Nyandarua,2238.0,16.72608757019043,0.5704169273376465,1271.9952392578125,0.0126973063661961,36.49733206092511,0.4311361610889435,791.9441528320312,4.0,2024,1.7376314401626587,"{""type"":""Point"",""coordinates"":[36.49733206092511,0.01269730636619613]}"
781,2.8568456172943115,Nyandarua,2372.0,19.095651626586918,0.2499900907278061,986.5427856445312,-0.2413289677498829,36.40104619520729,0.4128348529338836,906.7599487304688,1.0,2024,2.8568456172943115,"{""type"":""Point"",""coordinates"":[36.40104619520729,-0.24132896774988294]}"
786,1.6939330101013184,Nyandarua,2684.0,20.139129638671875,0.3293325006961822,881.013916015625,-0.1739489280638244,36.52788536907191,0.5174034237861633,938.4208374023438,4.0,2024,1.6939330101013184,"{""type"":""Point"",""coordinates"":[36.52788536907191,-0.17394892806382445]}"
791,1.81926429271698,Nyandarua,2241.0,20.56521797180176,0.3794412910938263,1026.3397216796875,-0.1232497626401337,36.5837994137865,0.6057993769645691,806.2779541015625,1.0,2024,1.81926429271698,"{""type"":""Point"",""coordinates"":[36.5837994137865,-0.12324976264013378]}"
792,2.0227246284484863,Nyandarua,2593.0,20.265216827392575,0.2865075170993805,1058.6063232421875,-0.2835295292176452,36.3349594970882,0.4327610433101654,843.2105102539062,4.0,2024,2.0227246284484863,"{""type"":""Point"",""coordinates"":[36.3349594970882,-0.28352952921764524]}"
793,4.515296936035156,Nyandarua,2385.0,21.330434799194336,0.4288078546524048,1293.6524658203125,-0.3758779951308629,36.31590709361761,0.6100037097930908,846.8605346679688,1.0,2024,4.515296936035156,"{""type"":""Point"",""coordinates"":[36.31590709361761,-0.3758779951308629]}"
799,2.2970993518829346,Nyandarua,2462.0,22.11739158630371,0.3525522351264953,957.3016967773438,-0.6440844035769752,36.52786568424083,0.4703118503093719,1156.154296875,4.0,2024,2.2970993518829346,"{""type"":""Point"",""coordinates"":[36.52786568424083,-0.6440844035769752]}"
813,1.9766218662261963,Nyandarua,2535.0,21.952173233032227,0.3845585584640503,931.31884765625,-0.7267693117440077,36.54534298414673,0.5068950653076172,1146.4976806640625,4.0,2024,1.9766218662261963,"{""type"":""Point"",""coordinates"":[36.54534298414673,-0.7267693117440077]}"
815,1.4549570083618164,Nyandarua,2637.0,23.047826766967773,0.4034351110458374,719.7100219726562,-0.7996768143982322,36.575879176466565,0.5739010572433472,1443.79736328125,4.0,2024,1.4549570083618164,"{""type"":""Point"",""coordinates"":[36.575879176466565,-0.7996768143982322]}"
817,2.6721785068511963,Nyandarua,2337.0,19.600000381469727,0.4582356214523315,986.5427856445312,-0.2004143823211473,36.41491935136937,0.6378282904624939,906.7599487304688,4.0,2024,2.6721785068511963,"{""type"":""Point"",""coordinates"":[36.41491935136937,-0.20041438232114733]}"
823,1.1161761283874512,Nyandarua,2573.0,23.39130401611328,0.4273119270801544,719.7100219726562,-0.7531279039476819,36.60466552064561,0.60811448097229,1535.402099609375,4.0,2024,1.1161761283874512,"{""type"":""Point"",""coordinates"":[36.60466552064561,-0.7531279039476819]}"
824,1.548609495162964,Nyandarua,2574.0,21.295652389526367,0.3840462267398834,1058.6063232421875,-0.2570450806021965,36.30367832620984,0.5947790145874023,843.2105102539062,4.0,2024,1.548609495162964,"{""type"":""Point"",""coordinates"":[36.30367832620984,-0.2570450806021965]}"
833,2.500555992126465,Nyandarua,2418.0,19.58695602416992,0.324923425912857,986.5427856445312,-0.2149120090846122,36.380960762065975,0.5196746587753296,953.46484375,4.0,2024,2.500555992126465,"{""type"":""Point"",""coordinates"":[36.380960762065975,-0.21491200908461222]}"
837,2.811490535736084,Nyandarua,2368.0,23.495651245117188,0.32626673579216,703.086669921875,-0.2569626237935032,36.503446271819726,0.513373851776123,1077.343994140625,4.0,2024,2.811490535736084,"{""type"":""Point"",""coordinates"":[36.503446271819726,-0.25696262379350326]}"
840,2.153883934020996,Nyandarua,2668.0,22.46521759033203,0.3920857012271881,719.7100219726562,-0.8217962611501096,36.555936163810046,0.5872041583061218,1475.797119140625,4.0,2024,2.153883934020996,"{""type"":""Point"",""coordinates"":[36.555936163810046,-0.8217962611501096]}"
856,2.390511989593506,Nyandarua,2359.0,18.72608757019043,0.2935656905174255,986.5427856445312,-0.1616991447328982,36.39581800882203,0.442280650138855,931.747802734375,1.0,2024,2.390511989593506,"{""type"":""Point"",""coordinates"":[36.39581800882203,-0.16169914473289826]}"
862,2.114962577819824,Nyandarua,2713.0,23.204347610473636,0.4623400568962097,898.3021850585938,-0.851905577279947,36.56890674097831,0.6894320249557495,1510.875244140625,4.0,2024,2.114962577819824,"{""type"":""Point"",""coordinates"":[36.568906740978306,-0.851905577279947]}"
866,2.2841122150421143,Nyandarua,2390.0,22.352174758911133,0.3758624196052551,1086.5555419921875,-0.0857398704170478,36.36334767812912,0.5640103816986084,847.884521484375,4.0,2024,2.2841122150421143,"{""type"":""Point"",""coordinates"":[36.363347678129124,-0.08573987041704789]}"
876,1.8333138227462769,Nyandarua,2684.0,21.86956596374512,0.3906604349613189,898.3021850585938,-0.8605844979107792,36.58618040547884,0.6042107939720154,1510.875244140625,4.0,2024,1.8333138227462769,"{""type"":""Point"",""coordinates"":[36.58618040547884,-0.8605844979107792]}"
877,2.145026206970215,Nyandarua,2585.0,22.34347915649414,0.382072389125824,1058.6063232421875,-0.2943861712224803,36.33012450359064,0.5689930319786072,843.2105102539062,4.0,2024,2.145026206970215,"{""type"":""Point"",""coordinates"":[36.33012450359064,-0.2943861712224803]}"
883,2.955437660217285,Nyandarua,2338.0,20.36956596374512,0.2740437388420105,703.086669921875,-0.3080749793628362,36.45781408555298,0.4434036910533905,976.94140625,4.0,2024,2.955437660217285,"{""type"":""Point"",""coordinates"":[36.45781408555298,-0.30807497936283623]}"
890,2.3872807025909424,Nyandarua,2487.0,21.60869598388672,0.3933128416538238,1058.6063232421875,-0.291979797293716,36.284901740702416,0.5498189926147461,950.6990356445312,4.0,2024,2.3872807025909424,"{""type"":""Point"",""coordinates"":[36.284901740702416,-0.291979797293716]}"
893,1.691513180732727,Nyandarua,2664.0,19.700000762939453,0.2539642751216888,881.013916015625,-0.1718807649389093,36.51859022612484,0.4009077250957489,938.4208374023438,4.0,2024,1.691513180732727,"{""type"":""Point"",""coordinates"":[36.518590226124836,-0.17188076493890936]}"
903,3.1875693798065186,Nyandarua,2417.0,23.643478393554688,0.3743157386779785,957.3016967773438,-0.5583703266326998,36.45254020823893,0.5819483399391174,1003.9808349609376,4.0,2024,3.1875693798065186,"{""type"":""Point"",""coordinates"":[36.45254020823893,-0.5583703266326998]}"
904,1.7103919982910156,Nyandarua,2515.0,22.256521224975582,0.3838854432106018,654.1491088867188,-0.6932714595367996,36.557685502131655,0.5309478044509888,1301.0384521484375,4.0,2024,1.7103919982910156,"{""type"":""Point"",""coordinates"":[36.557685502131655,-0.6932714595367996]}"
915,1.7001800537109375,Nyandarua,2516.0,21.943477630615234,0.437291532754898,636.4963989257812,-0.6283011519330819,36.5855291599556,0.5973074436187744,1237.2969970703125,4.0,2024,1.7001800537109375,"{""type"":""Point"",""coordinates"":[36.5855291599556,-0.6283011519330819]}"
916,2.5347256660461426,Nyandarua,2347.0,18.87826156616211,0.2127033621072769,986.5427856445312,-0.1853790745924696,36.40387264028423,0.3113467991352081,909.6834716796876,4.0,2024,2.5347256660461426,"{""type"":""Point"",""coordinates"":[36.40387264028423,-0.1853790745924696]}"
917,3.389482021331787,Nyandarua,2322.0,23.213043212890625,0.3796122372150421,1163.2713623046875,-0.4817191450683091,36.441885387879935,0.5523252487182617,920.8710327148438,1.0,2024,3.389482021331787,"{""type"":""Point"",""coordinates"":[36.441885387879935,-0.48171914506830915]}"
932,2.616074562072754,Nyandarua,2353.0,18.96521759033203,0.2568048536777496,1040.6885986328125,-0.2897519646780236,36.37159168725568,0.4156897962093353,904.895263671875,4.0,2024,2.616074562072754,"{""type"":""Point"",""coordinates"":[36.37159168725568,-0.2897519646780236]}"
936,1.734189510345459,Nyandarua,2254.0,17.213043212890625,0.3420227169990539,1271.9952392578125,0.007263945226784,36.48791193831473,0.4837541282176971,791.9441528320312,4.0,2024,1.734189510345459,"{""type"":""Point"",""coordinates"":[36.48791193831473,0.007263945226784043]}"
939,1.9896745681762693,Nyandarua,2182.0,16.96956443786621,0.2963601052761078,1271.9952392578125,0.0464735004064767,36.49347002172103,0.4517483413219452,791.9441528320312,4.0,2024,1.9896745681762693,"{""type"":""Point"",""coordinates"":[36.49347002172103,0.046473500406476714]}"
948,2.663024425506592,Nyandarua,2725.0,22.74347877502441,0.4329431056976318,898.3021850585938,-0.8659648802528427,36.557050058112914,0.5897229909896851,1510.875244140625,4.0,2024,2.663024425506592,"{""type"":""Point"",""coordinates"":[36.557050058112914,-0.8659648802528427]}"
960,1.6416035890579224,Nyandarua,2510.0,21.17391395568848,0.286182165145874,1126.5531005859375,-0.0745819771448876,36.45502449736899,0.4915843904018402,811.5564575195312,4.0,2024,1.6416035890579224,"{""type"":""Point"",""coordinates"":[36.45502449736899,-0.07458197714488764]}"
963,2.819451093673706,Nyandarua,2425.0,21.491304397583008,0.3526021838188171,957.3016967773438,-0.5838253297516999,36.481255123943626,0.4971992075443268,1003.9808349609376,4.0,2024,2.819451093673706,"{""type"":""Point"",""coordinates"":[36.481255123943626,-0.5838253297516999]}"
966,1.1601203680038452,Nyandarua,2686.0,21.28260803222656,0.3398983180522918,839.247314453125,-0.1665504782249616,36.30671152842024,0.5323635339736938,1030.8326416015625,4.0,2024,1.1601203680038452,"{""type"":""Point"",""coordinates"":[36.306711528420244,-0.16655047822496166]}"
970,1.9843298196792605,Nyandarua,2485.0,22.791303634643555,0.2857965230941772,1086.5555419921875,-0.120668374579529,36.35387943186402,0.442611962556839,873.3862915039062,4.0,2024,1.9843298196792605,"{""type"":""Point"",""coordinates"":[36.35387943186402,-0.12066837457952902]}"
973,2.218963146209717,Nyandarua,2423.0,21.92173957824707,0.4230608642101288,957.3016967773438,-0.599128582961451,36.52031917528798,0.5274772047996521,1042.88134765625,4.0,2024,2.218963146209717,"{""type"":""Point"",""coordinates"":[36.52031917528798,-0.599128582961451]}"
981,2.904174566268921,Nyandarua,2344.0,19.356521606445312,0.2733898460865021,986.5427856445312,-0.2277001989328018,36.42282107314212,0.4278352856636047,906.7599487304688,4.0,2024,2.904174566268921,"{""type"":""Point"",""coordinates"":[36.42282107314212,-0.22770019893280183]}"
987,0.9513702988624572,Nyandarua,2522.0,24.839130401611328,0.4149691462516784,793.5072631835938,-0.7628189945484717,36.65175855241171,0.6256780624389648,2075.899169921875,4.0,2024,0.9513702988624572,"{""type"":""Point"",""coordinates"":[36.65175855241171,-0.7628189945484717]}"
995,1.25246000289917,Nyandarua,2662.0,20.526086807250977,0.2897768318653106,903.48095703125,-0.1047573646239018,36.28812841555614,0.5217902064323425,1035.8345947265625,4.0,2024,1.25246000289917,"{""type"":""Point"",""coordinates"":[36.28812841555614,-0.10475736462390181]}"
1000,2.3591866493225098,Nyandarua,2381.0,18.830434799194336,0.3297247588634491,986.5427856445312,-0.1641136560599893,36.386201027095744,0.4681140780448913,931.747802734375,4.0,2024,2.3591866493225098,"{""type"":""Point"",""coordinates"":[36.386201027095744,-0.16411365605998932]}"
1004,2.6901695728302,Nyandarua,2342.0,21.169565200805664,0.263847678899765,986.5427856445312,-0.2049485061878146,36.44166873076377,0.4240653216838836,906.7599487304688,4.0,2024,2.6901695728302,"{""type"":""Point"",""coordinates"":[36.44166873076377,-0.20494850618781466]}"
1006,2.416619777679444,Nyandarua,2073.0,16.930435180664062,0.350318044424057,1458.595947265625,0.0537879053986668,36.55291321349499,0.4898461699485779,585.9078979492188,4.0,2024,2.416619777679444,"{""type"":""Point"",""coordinates"":[36.55291321349499,0.05378790539866682]}"
1011,1.7445824146270752,Nyandarua,2614.0,23.600000381469727,0.3690939545631408,1058.6063232421875,-0.2750883733722414,36.31210579401077,0.5396003127098083,843.2105102539062,4.0,2024,1.7445824146270752,"{""type"":""Point"",""coordinates"":[36.31210579401077,-0.2750883733722414]}"
1014,1.581315279006958,Nyandarua,2616.0,19.643478393554688,0.3428035378456116,903.48095703125,-0.137481002276142,36.33447438195601,0.5290190577507019,1024.9276123046875,4.0,2024,1.581315279006958,"{""type"":""Point"",""coordinates"":[36.33447438195601,-0.13748100227614204]}"
1025,2.114109754562378,Nyandarua,2247.0,21.8869571685791,0.4014231264591217,1126.5531005859375,-0.0562462205776645,36.54881792354214,0.576102614402771,790.762451171875,4.0,2024,2.114109754562378,"{""type"":""Point"",""coordinates"":[36.54881792354214,-0.05624622057766453]}"
1036,1.6486639976501465,Nyandarua,2512.0,22.17391395568848,0.5189639329910278,654.1491088867188,-0.6798081768997732,36.56573802781782,0.6349276304244995,1301.0384521484375,4.0,2024,1.6486639976501465,"{""type"":""Point"",""coordinates"":[36.56573802781782,-0.6798081768997732]}"
1037,1.9843322038650515,Nyandarua,2445.0,21.89130401611328,0.4035583138465881,957.3016967773438,-0.629496686073101,36.5423972864567,0.5681414604187012,1156.154296875,4.0,2024,1.9843322038650515,"{""type"":""Point"",""coordinates"":[36.5423972864567,-0.629496686073101]}"
1046,2.9701497554779053,Nyandarua,2357.0,21.860870361328125,0.2911050021648407,703.086669921875,-0.2871858059177402,36.48018844917294,0.4943969249725342,959.3812255859376,4.0,2024,2.9701497554779053,"{""type"":""Point"",""coordinates"":[36.48018844917294,-0.28718580591774023]}"
1050,1.3129065036773682,Nyandarua,2639.0,20.417390823364254,0.3561091423034668,903.48095703125,-0.1429101013150812,36.32042044653214,0.5871121883392334,1024.9276123046875,4.0,2024,1.3129065036773682,"{""type"":""Point"",""coordinates"":[36.32042044653214,-0.14291010131508122]}"
1055,3.279761791229248,Nyandarua,2460.0,20.908695220947266,0.3652125298976898,1058.6063232421875,-0.3458589731565638,36.33863558983735,0.5037544965744019,935.0844116210938,4.0,2024,3.279761791229248,"{""type"":""Point"",""coordinates"":[36.33863558983735,-0.34585897315656383]}"
1069,1.6123825311660769,Nyandarua,2508.0,18.24347877502441,0.3468464612960815,1126.5531005859375,-0.0812664265228759,36.45525153070238,0.5164328217506409,811.5564575195312,4.0,2024,1.6123825311660769,"{""type"":""Point"",""coordinates"":[36.45525153070238,-0.0812664265228759]}"
1072,1.5380988121032717,Nyandarua,2671.0,20.756521224975582,0.2858357429504394,839.247314453125,-0.2055040716847426,36.33322434111343,0.4307610392570495,1005.59912109375,4.0,2024,1.5380988121032717,"{""type"":""Point"",""coordinates"":[36.33322434111343,-0.2055040716847426]}"
1082,2.914159059524536,Nyandarua,2434.0,21.752174377441406,0.4567444622516632,957.3016967773438,-0.6154537193890919,36.49551609961085,0.6254059672355652,1018.88525390625,4.0,2024,2.914159059524536,"{""type"":""Point"",""coordinates"":[36.49551609961085,-0.6154537193890919]}"
1092,2.3623480796813965,Nyandarua,2453.0,22.5217399597168,0.4736546277999878,957.3016967773438,-0.6322436113882708,36.52305236134546,0.6258300542831421,1156.154296875,4.0,2024,2.3623480796813965,"{""type"":""Point"",""coordinates"":[36.523052361345464,-0.6322436113882708]}"
1103,2.049699306488037,Nyandarua,2625.0,22.56521797180176,0.4660108983516693,719.7100219726562,-0.806449121860006,36.55520285083922,0.7048577070236206,1475.797119140625,4.0,2024,2.049699306488037,"{""type"":""Point"",""coordinates"":[36.55520285083922,-0.806449121860006]}"
1124,3.432051181793213,Nyandarua,2436.0,21.7608699798584,0.3963562548160553,957.3016967773438,-0.6032501391845442,36.464830783193165,0.5769758224487305,1018.88525390625,4.0,2024,3.432051181793213,"{""type"":""Point"",""coordinates"":[36.464830783193165,-0.6032501391845442]}"
1133,2.7279815673828125,Nyandarua,2294.0,20.513044357299805,0.339030921459198,1040.6885986328125,-0.3363450135002372,36.39381471418504,0.5307940244674683,883.1970825195312,1.0,2024,2.7279815673828125,"{""type"":""Point"",""coordinates"":[36.393814714185034,-0.3363450135002372]}"
1152,0.993492066860199,Nyandarua,2578.0,23.473913192749023,0.3946973085403442,719.7100219726562,-0.7648364214994864,36.615003599406776,0.5592612624168396,1535.402099609375,4.0,2024,0.993492066860199,"{""type"":""Point"",""coordinates"":[36.615003599406776,-0.7648364214994864]}"
1165,2.849730491638184,Nyandarua,2427.0,21.40434837341309,0.3577946424484253,957.3016967773438,-0.5961697819148535,36.487705281542205,0.4598746001720428,1003.9808349609376,4.0,2024,2.849730491638184,"{""type"":""Point"",""coordinates"":[36.487705281542205,-0.5961697819148535]}"
1172,2.148620128631592,Nyandarua,2453.0,22.55652236938477,0.3383320868015289,986.5427856445312,-0.2033936002856716,36.36362946471288,0.5334078669548035,953.46484375,4.0,2024,2.148620128631592,"{""type"":""Point"",""coordinates"":[36.36362946471288,-0.2033936002856716]}"
1182,2.599538326263428,Nyandarua,2338.0,24.55652236938477,0.3761927485466003,751.9829711914062,-0.3956651840457679,36.45594270546192,0.5850911140441895,995.1351318359376,4.0,2024,2.599538326263428,"{""type"":""Point"",""coordinates"":[36.45594270546192,-0.3956651840457679]}"
1183,2.423555374145508,Nyandarua,2517.0,22.595651626586918,0.4531801342964172,931.31884765625,-0.7170381361808393,36.529996570890745,0.6221058368682861,1146.4976806640625,4.0,2024,2.423555374145508,"{""type"":""Point"",""coordinates"":[36.529996570890745,-0.7170381361808393]}"
1186,2.031130790710449,Nyandarua,2333.0,17.19565200805664,0.298616349697113,1086.5555419921875,-0.1280963725479265,36.4259600475435,0.4902434051036834,804.5447387695312,4.0,2024,2.031130790710449,"{""type"":""Point"",""coordinates"":[36.4259600475435,-0.12809637254792652]}"
1188,2.4239161014556885,Nyandarua,2520.0,22.60869598388672,0.3546936810016632,931.31884765625,-0.7103359865499145,36.52982711371577,0.5375680327415466,1146.4976806640625,4.0,2024,2.4239161014556885,"{""type"":""Point"",""coordinates"":[36.52982711371577,-0.7103359865499145]}"
1191,1.0557221174240112,Nyandarua,2607.0,22.34782600402832,0.4144306778907776,719.7100219726562,-0.7761319011872028,36.59923508991337,0.5843750238418579,1443.79736328125,4.0,2024,1.0557221174240112,"{""type"":""Point"",""coordinates"":[36.59923508991337,-0.7761319011872028]}"
1192,2.6442880630493164,Nyandarua,2293.0,18.67391395568848,0.3165484666824341,1209.62353515625,0.0290675995094069,36.4423546123871,0.5213690400123596,855.5177612304688,1.0,2024,2.6442880630493164,"{""type"":""Point"",""coordinates"":[36.4423546123871,0.029067599509406905]}"
1204,1.786741018295288,Nyandarua,2678.0,20.43478202819824,0.2989746630191803,881.013916015625,-0.1744969679638534,36.508491123493215,0.4927242994308471,938.4208374023438,4.0,2024,1.786741018295288,"{""type"":""Point"",""coordinates"":[36.508491123493215,-0.17449696796385342]}"
1209,1.3234145641326904,Nyandarua,2567.0,21.09130477905273,0.3374000489711761,1026.3397216796875,-0.1409288558097574,36.55047250693175,0.5562080144882202,806.2779541015625,4.0,2024,1.3234145641326904,"{""type"":""Point"",""coordinates"":[36.55047250693175,-0.14092885580975742]}"
1219,2.76572847366333,Nyandarua,2302.0,20.93478202819824,0.3975311517715454,1040.6885986328125,-0.3442591904359551,36.38462193284674,0.5823132991790771,883.1970825195312,4.0,2024,2.76572847366333,"{""type"":""Point"",""coordinates"":[36.38462193284674,-0.3442591904359551]}"
1223,2.9630165100097656,Nyandarua,2341.0,21.81304359436035,0.3716012239456177,986.5427856445312,-0.2358509021173744,36.449537970701854,0.4548904299736023,906.7599487304688,1.0,2024,2.9630165100097656,"{""type"":""Point"",""coordinates"":[36.449537970701854,-0.2358509021173744]}"
1235,2.291889190673828,Nyandarua,2401.0,19.2391300201416,0.2835107147693634,1086.5555419921875,-0.1460274432456513,36.38030526190298,0.4548043310642242,873.3862915039062,4.0,2024,2.291889190673828,"{""type"":""Point"",""coordinates"":[36.38030526190298,-0.14602744324565134]}"
1239,2.614531993865967,Nyandarua,2409.0,19.28695678710937,0.3216806650161743,986.5427856445312,-0.2322759394128945,36.38380904850673,0.495550662279129,953.46484375,4.0,2024,2.614531993865967,"{""type"":""Point"",""coordinates"":[36.38380904850673,-0.23227593941289457]}"
1253,1.4572113752365112,Nyandarua,2555.0,22.08695602416992,0.417284607887268,654.1491088867188,-0.6981132457467939,36.59940256428724,0.5996705293655396,1301.0384521484375,4.0,2024,1.4572113752365112,"{""type"":""Point"",""coordinates"":[36.59940256428724,-0.6981132457467939]}"
1255,2.926265239715576,Nyandarua,2685.0,22.839130401611328,0.3660940527915954,898.3021850585938,-0.8880333985915544,36.56935777139991,0.5457308292388916,1510.875244140625,4.0,2024,2.926265239715576,"{""type"":""Point"",""coordinates"":[36.56935777139991,-0.8880333985915544]}"
1264,0.8825857043266296,Nyandarua,2635.0,22.678260803222656,0.4123025834560394,719.7100219726562,-0.8053620572235862,36.61321891855396,0.6349150538444519,1799.856201171875,4.0,2024,0.8825857043266296,"{""type"":""Point"",""coordinates"":[36.61321891855396,-0.8053620572235862]}"
1268,2.6473817825317383,Nyandarua,2336.0,22.582609176635746,0.3675931394100189,1040.6885986328125,-0.2973262694044375,36.37257632143218,0.6058588027954102,904.895263671875,4.0,2024,2.6473817825317383,"{""type"":""Point"",""coordinates"":[36.372576321432184,-0.2973262694044375]}"
1282,2.705657720565796,Nyandarua,2437.0,21.647825241088867,0.4574116468429565,957.3016967773438,-0.6071941708132929,36.500119081806055,0.6286759376525879,1018.88525390625,4.0,2024,2.705657720565796,"{""type"":""Point"",""coordinates"":[36.500119081806055,-0.6071941708132929]}"
1285,2.249683141708374,Nyandarua,2410.0,22.5,0.2786697447299957,986.5427856445312,-0.1840350574962531,36.37181583784176,0.4361819326877594,931.747802734375,4.0,2024,2.249683141708374,"{""type"":""Point"",""coordinates"":[36.37181583784176,-0.1840350574962531]}"
1293,1.797032356262207,Nyandarua,2560.0,23.069564819335938,0.3453507125377655,839.247314453125,-0.1903202064949588,36.34706102908007,0.5929130911827087,1030.8326416015625,4.0,2024,1.797032356262207,"{""type"":""Point"",""coordinates"":[36.34706102908007,-0.19032020649495882]}"
1332,1.1742510795593262,Nyandarua,2523.0,21.36956596374512,0.4425356090068817,654.1491088867188,-0.7178310629273427,36.64264617131136,0.6000019311904907,1353.095703125,4.0,2024,1.1742510795593262,"{""type"":""Point"",""coordinates"":[36.64264617131136,-0.7178310629273427]}"
1342,3.030942440032959,Nyandarua,2435.0,21.59130477905273,0.4203076958656311,957.3016967773438,-0.5676934191396728,36.46225101937769,0.6503028869628906,1003.9808349609376,4.0,2024,3.030942440032959,"{""type"":""Point"",""coordinates"":[36.46225101937769,-0.5676934191396728]}"
1347,2.6105010509490967,Nyandarua,2352.0,18.96521759033203,0.2609934508800506,1040.6885986328125,-0.2882823214226144,36.37131735706838,0.3915677964687347,904.895263671875,4.0,2024,2.6105010509490967,"{""type"":""Point"",""coordinates"":[36.37131735706838,-0.2882823214226144]}"
1350,2.2036523818969727,Nyandarua,2084.0,17.508695602416992,0.3085337281227112,1271.9952392578125,0.021834761986779,36.545136632625976,0.4840671122074127,723.430908203125,4.0,2024,2.2036523818969727,"{""type"":""Point"",""coordinates"":[36.545136632625976,0.021834761986779035]}"
1357,1.7829269170761108,Nyandarua,2510.0,21.895652770996094,0.3551573753356933,654.1491088867188,-0.6873610773480877,36.55272715311703,0.467313140630722,1301.0384521484375,4.0,2024,1.7829269170761108,"{""type"":""Point"",""coordinates"":[36.552727153117026,-0.6873610773480877]}"
1364,1.4305462837219238,Nyandarua,2554.0,22.365217208862305,0.5185763835906982,654.1491088867188,-0.7039818237692607,36.5995361748995,0.6548202633857727,1237.4268798828125,4.0,2024,1.4305462837219238,"{""type"":""Point"",""coordinates"":[36.5995361748995,-0.7039818237692607]}"
1370,1.1536060571670532,Nyandarua,2630.0,19.408695220947266,0.3315257430076599,903.48095703125,-0.1157592009611819,36.29378005457561,0.4957059323787689,1035.8345947265625,4.0,2024,1.1536060571670532,"{""type"":""Point"",""coordinates"":[36.29378005457561,-0.11575920096118197]}"
1371,3.4369828701019287,Nyandarua,2449.0,22.221738815307617,0.3670114278793335,957.3016967773438,-0.6168784570371321,36.474179813051485,0.5230141282081604,1018.88525390625,4.0,2024,3.4369828701019287,"{""type"":""Point"",""coordinates"":[36.474179813051485,-0.6168784570371321]}"
1374,1.2167943716049194,Nyandarua,2593.0,23.15652084350586,0.4628571569919586,719.7100219726562,-0.7625438799852361,36.58889707618491,0.6738618612289429,1443.79736328125,4.0,2024,1.2167943716049194,"{""type"":""Point"",""coordinates"":[36.58889707618491,-0.7625438799852361]}"
1375,1.8251712322235107,Nyandarua,2475.0,22.0217399597168,0.3042717576026916,636.4963989257812,-0.6337382202718727,36.55569288273611,0.4491622149944305,1237.2969970703125,4.0,2024,1.8251712322235107,"{""type"":""Point"",""coordinates"":[36.55569288273611,-0.6337382202718727]}"
1378,2.5084824562072754,Nyandarua,2116.0,17.92608642578125,0.3619174659252167,1268.8878173828125,0.0049973587418558,36.55744618608463,0.5352005958557129,626.6849975585938,4.0,2024,2.5084824562072754,"{""type"":""Point"",""coordinates"":[36.557446186084626,0.004997358741855818]}"
1383,2.764833927154541,Nyandarua,2386.0,22.09130477905273,0.3180024623870849,986.5427856445312,-0.2476897022872408,36.39069722398676,0.4794970452785492,953.46484375,4.0,2024,2.764833927154541,"{""type"":""Point"",""coordinates"":[36.390697223986756,-0.24768970228724083]}"
1388,2.4865927696228027,Nyandarua,2348.0,18.53913116455078,0.3198648989200592,1086.5555419921875,-0.0729176200326778,36.38604922819485,0.5034012794494629,847.884521484375,4.0,2024,2.4865927696228027,"{""type"":""Point"",""coordinates"":[36.38604922819485,-0.07291762003267781]}"
1393,2.5554749965667725,Nyandarua,2336.0,21.65217399597168,0.3875052034854889,751.9829711914062,-0.365193136073713,36.47474549487944,0.5716841220855713,995.1351318359376,1.0,2024,2.5554749965667725,"{""type"":""Point"",""coordinates"":[36.47474549487944,-0.365193136073713]}"
1397,2.983873128890991,Nyandarua,2428.0,21.72608757019043,0.3794727921485901,1094.8021240234375,0.0022515583052971,36.29570916303184,0.6337102651596069,981.091796875,4.0,2024,2.983873128890991,"{""type"":""Point"",""coordinates"":[36.295709163031844,0.002251558305297164]}"
1401,1.0357376337051392,Nyandarua,2604.0,23.36956596374512,0.4536071121692657,719.7100219726562,-0.7795617204940132,36.60007745235908,0.6768222451210022,1535.402099609375,4.0,2024,1.0357376337051392,"{""type"":""Point"",""coordinates"":[36.60007745235908,-0.7795617204940132]}"
1417,2.790579319000244,Nyandarua,2376.0,23.1130428314209,0.3533134460449219,703.086669921875,-0.3006308038965047,36.50554951407294,0.5016987323760986,1091.4190673828125,4.0,2024,2.790579319000244,"{""type"":""Point"",""coordinates"":[36.50554951407294,-0.3006308038965047]}"
1441,1.610419988632202,Nyandarua,2673.0,22.21739196777344,0.4392082691192627,719.7100219726562,-0.8208600797853155,36.57453429986257,0.6215691566467285,1475.797119140625,4.0,2024,1.610419988632202,"{""type"":""Point"",""coordinates"":[36.57453429986257,-0.8208600797853155]}"
1459,2.268282890319824,Nyandarua,2413.0,20.517391204833984,0.3762727081775665,986.5427856445312,-0.151262756402203,36.37675933810049,0.4348843693733215,931.747802734375,4.0,2024,2.268282890319824,"{""type"":""Point"",""coordinates"":[36.37675933810049,-0.15126275640220302]}"
1464,2.6064274311065674,Nyandarua,2433.0,23.082609176635746,0.4046570956707001,703.086669921875,-0.3238904512121286,36.5284942663592,0.5912819504737854,1091.4190673828125,4.0,2024,2.6064274311065674,"{""type"":""Point"",""coordinates"":[36.528494266359196,-0.3238904512121286]}"
1471,2.630354166030884,Nyandarua,2481.0,27.669565200805664,0.387438952922821,703.086669921875,-0.3078102077457673,36.53090401608576,0.5733887553215027,1091.4190673828125,4.0,2024,2.630354166030884,"{""type"":""Point"",""coordinates"":[36.530904016085756,-0.30781020774576734]}"
1482,3.6455907821655273,Nyandarua,2270.0,21.752174377441406,0.2918026745319366,1292.1944580078125,0.0650868577295904,36.42834625222196,0.4904086589813232,853.9402465820312,1.0,2024,3.6455907821655273,"{""type"":""Point"",""coordinates"":[36.42834625222196,0.06508685772959047]}"
1492,2.1577041149139404,Nyandarua,2502.0,22.30434799194336,0.3098029792308807,986.5427856445312,-0.2205425574599229,36.36161908094814,0.4981281161308288,953.46484375,4.0,2024,2.1577041149139404,"{""type"":""Point"",""coordinates"":[36.36161908094814,-0.22054255745992296]}"
1503,2.531315326690674,Nyandarua,2382.0,21.86956596374512,0.331195592880249,1209.62353515625,-0.0124087793060519,36.42927060723763,0.4892960488796234,799.9849243164062,4.0,2024,2.531315326690674,"{""type"":""Point"",""coordinates"":[36.42927060723763,-0.012408779306051911]}"
1508,1.7225606441497805,Nyandarua,2500.0,22.08695602416992,0.4004299640655517,654.1491088867188,-0.6687765432046135,36.56012226380732,0.536287784576416,1301.0384521484375,4.0,2024,1.7225606441497805,"{""type"":""Point"",""coordinates"":[36.56012226380732,-0.6687765432046135]}"
1509,2.278183937072754,Nyandarua,2414.0,22.0217399597168,0.3726321458816528,957.3016967773438,-0.6052883136075434,36.51949165965071,0.5253428220748901,1156.154296875,4.0,2024,2.278183937072754,"{""type"":""Point"",""coordinates"":[36.51949165965071,-0.6052883136075434]}"
1513,1.7429826259613037,Nyandarua,2469.0,21.92173957824707,0.4413174390792846,636.4963989257812,-0.6009009473763267,36.58009022488234,0.6193808317184448,1237.2969970703125,4.0,2024,1.7429826259613037,"{""type"":""Point"",""coordinates"":[36.58009022488234,-0.6009009473763267]}"
1514,2.694635391235352,Nyandarua,2408.0,23.03913116455078,0.3960843086242676,957.3016967773438,-0.5661255989928747,36.47764188786408,0.551447331905365,1003.9808349609376,4.0,2024,2.694635391235352,"{""type"":""Point"",""coordinates"":[36.477641887864074,-0.5661255989928747]}"
1518,3.581212043762207,Nyandarua,2375.0,22.643478393554688,0.3131186962127685,1154.89013671875,-0.3707546582227261,36.35296547311526,0.5028031468391418,854.5677490234375,4.0,2024,3.581212043762207,"{""type"":""Point"",""coordinates"":[36.35296547311526,-0.37075465822272613]}"
1522,2.8482699394226074,Nyandarua,2373.0,20.91304397583008,0.2864129543304443,1040.6885986328125,-0.3343869068423364,36.35901696078711,0.4741115570068359,883.1970825195312,4.0,2024,2.8482699394226074,"{""type"":""Point"",""coordinates"":[36.35901696078711,-0.3343869068423364]}"
1535,1.927695751190185,Nyandarua,2694.0,23.104347229003903,0.4255400002002716,719.7100219726562,-0.8388410645538172,36.56908898127129,0.5744688510894775,1475.797119140625,4.0,2024,1.927695751190185,"{""type"":""Point"",""coordinates"":[36.56908898127129,-0.8388410645538172]}"
1536,3.9813175201416016,Nyandarua,2424.0,21.126087188720703,0.3107258379459381,1293.6524658203125,-0.3633642517203377,36.324970880969545,0.461200088262558,846.8605346679688,1.0,2024,3.9813175201416016,"{""type"":""Point"",""coordinates"":[36.324970880969545,-0.3633642517203377]}"
1541,2.4645164012908936,Nyandarua,2397.0,23.69565200805664,0.3129570484161377,1086.5555419921875,-0.0529126179909316,36.35287006640348,0.4823993444442749,847.884521484375,1.0,2024,2.4645164012908936,"{""type"":""Point"",""coordinates"":[36.35287006640348,-0.05291261799093167]}"
1554,2.036707639694214,Nyandarua,2682.0,22.860870361328125,0.3627866506576538,719.7100219726562,-0.8269878040844972,36.56129626210017,0.5132729411125183,1475.797119140625,4.0,2024,2.036707639694214,"{""type"":""Point"",""coordinates"":[36.56129626210017,-0.8269878040844972]}"
1560,2.862646102905273,Nyandarua,1946.0,19.80869483947754,0.2295920848846435,1458.595947265625,0.0634003213393323,36.57703513703206,0.373103380203247,585.9078979492188,1.0,2024,2.862646102905273,"{""type"":""Point"",""coordinates"":[36.57703513703206,0.06340032133933235]}"
1567,1.6195805072784424,Nyandarua,2655.0,20.095651626586918,0.3586423099040985,839.247314453125,-0.191579479441242,36.33787783734101,0.5282532572746277,1030.8326416015625,4.0,2024,1.6195805072784424,"{""type"":""Point"",""coordinates"":[36.337877837341004,-0.191579479441242]}"
1582,1.5436846017837524,Nyandarua,2583.0,22.81739044189453,0.4300132393836975,719.7100219726562,-0.7601566110967933,36.56850156145047,0.5949011445045471,1443.79736328125,4.0,2024,1.5436846017837524,"{""type"":""Point"",""coordinates"":[36.56850156145047,-0.7601566110967933]}"
1589,1.9049596786499023,Nyandarua,2679.0,22.547826766967773,0.4685447514057159,898.3021850585938,-0.866234706964716,36.58927641130603,0.6010740399360657,1510.875244140625,4.0,2024,1.9049596786499023,"{""type"":""Point"",""coordinates"":[36.58927641130603,-0.866234706964716]}"
1591,4.641300201416016,Nyandarua,2227.0,24.826086044311523,0.3619623780250549,1143.9588623046875,-0.3056460206679826,36.22305357895191,0.555932879447937,914.1121215820312,1.0,2024,4.641300201416016,"{""type"":""Point"",""coordinates"":[36.22305357895191,-0.3056460206679826]}"
1614,2.5882773399353027,Nyandarua,2415.0,19.952173233032227,0.3246945738792419,1040.6885986328125,-0.3052401900290026,36.36335219454664,0.5170398354530334,883.1970825195312,4.0,2024,2.5882773399353027,"{""type"":""Point"",""coordinates"":[36.36335219454664,-0.3052401900290026]}"
1623,2.5303754806518555,Nyandarua,2354.0,22.126087188720703,0.3295929431915283,751.9829711914062,-0.3698976077857248,36.48476494172204,0.498150885105133,995.1351318359376,1.0,2024,2.5303754806518555,"{""type"":""Point"",""coordinates"":[36.48476494172204,-0.36989760778572484]}"
1633,2.6038601398468018,Nyandarua,2342.0,21.42608642578125,0.3652450442314148,986.5427856445312,-0.1928853729474972,36.41365681603723,0.5605410933494568,909.6834716796876,4.0,2024,2.6038601398468018,"{""type"":""Point"",""coordinates"":[36.41365681603723,-0.19288537294749725]}"
1637,3.72995400428772,Nyandarua,2356.0,16.604347229003906,0.3637314438819885,1209.62353515625,0.0066323887758216,36.3698611376856,0.506476640701294,860.7394409179688,4.0,2024,3.72995400428772,"{""type"":""Point"",""coordinates"":[36.369861137685604,0.006632388775821683]}"
1647,2.296910762786865,Nyandarua,2339.0,17.752174377441406,0.3266409337520599,1086.5555419921875,-0.1285225540778097,36.39600240749095,0.4619056582450866,873.3862915039062,4.0,2024,2.296910762786865,"{""type"":""Point"",""coordinates"":[36.39600240749095,-0.12852255407780977]}"
1655,2.133441209793091,Nyandarua,2504.0,20.78260803222656,0.3151708245277405,1058.6063232421875,-0.2924161810147601,36.29932500022012,0.5108608603477478,950.6990356445312,1.0,2024,2.133441209793091,"{""type"":""Point"",""coordinates"":[36.299325000220115,-0.2924161810147601]}"
1656,3.107076644897461,Nyandarua,2442.0,21.452173233032227,0.3368708789348602,957.3016967773438,-0.5980210546240126,36.47620075244938,0.4693898260593414,1003.9808349609376,4.0,2024,3.107076644897461,"{""type"":""Point"",""coordinates"":[36.47620075244938,-0.5980210546240126]}"
1660,1.0409741401672363,Nyandarua,2644.0,23.417390823364254,0.3738843202590942,719.7100219726562,-0.824175098959372,36.6042917709548,0.5669557452201843,1799.856201171875,4.0,2024,1.0409741401672363,"{""type"":""Point"",""coordinates"":[36.604291770954795,-0.824175098959372]}"
1671,2.2117679119110107,Nyandarua,2430.0,23.399999618530277,0.3912456929683685,957.3016967773438,-0.6204101807707891,36.52769756827052,0.5504306554794312,1156.154296875,4.0,2024,2.2117679119110107,"{""type"":""Point"",""coordinates"":[36.52769756827052,-0.6204101807707891]}"
1681,3.5535988807678223,Nyandarua,2402.0,21.408695220947266,0.3791529238224029,1293.6524658203125,-0.365088779690592,36.3482876437184,0.550284206867218,846.8605346679688,1.0,2024,3.5535988807678223,"{""type"":""Point"",""coordinates"":[36.3482876437184,-0.365088779690592]}"
1689,2.1254637241363525,Nyandarua,2402.0,22.008695602416992,0.3554367423057556,1086.5555419921875,-0.1340507163143755,36.36390527183209,0.5324441194534302,873.3862915039062,1.0,2024,2.1254637241363525,"{""type"":""Point"",""coordinates"":[36.36390527183209,-0.13405071631437557]}"
1690,1.5286614894866943,Nyandarua,2602.0,20.62173843383789,0.3334057331085205,1058.6063232421875,-0.256817755350602,36.313025015377214,0.4950738251209259,843.2105102539062,4.0,2024,1.5286614894866943,"{""type"":""Point"",""coordinates"":[36.313025015377214,-0.25681775535060203]}"
1691,1.503320336341858,Nyandarua,2580.0,22.17391395568848,0.4129631817340851,719.7100219726562,-0.753363669860181,36.56991940106795,0.6114662289619446,1443.79736328125,4.0,2024,1.503320336341858,"{""type"":""Point"",""coordinates"":[36.56991940106795,-0.753363669860181]}"
1699,2.3006532192230225,Nyandarua,2343.0,18.31739044189453,0.3494272232055664,1086.5555419921875,-0.1428412420453223,36.40360286308295,0.543366014957428,804.5447387695312,4.0,2024,2.3006532192230225,"{""type"":""Point"",""coordinates"":[36.403602863082945,-0.14284124204532236]}"
1704,2.3928680419921875,Nyandarua,2343.0,19.05652236938477,0.2486351281404495,986.5427856445312,-0.1666412578048817,36.41377816951236,0.4066664576530456,909.6834716796876,1.0,2024,2.3928680419921875,"{""type"":""Point"",""coordinates"":[36.413778169512355,-0.1666412578048817]}"
1723,2.309593915939331,Nyandarua,2298.0,18.3869571685791,0.3127259314060211,1271.9952392578125,0.0204212928843353,36.45107386097965,0.4567351341247558,791.9441528320312,4.0,2024,2.309593915939331,"{""type"":""Point"",""coordinates"":[36.45107386097965,0.020421292884335397]}"
1734,1.501690149307251,Nyandarua,2570.0,18.060869216918945,0.3119136691093445,1126.5531005859375,-0.1160875530253047,36.4601388941377,0.4473411738872528,839.7518310546875,4.0,2024,1.501690149307251,"{""type"":""Point"",""coordinates"":[36.4601388941377,-0.11608755302530477]}"
1737,1.9951595067977903,Nyandarua,2531.0,21.952173233032227,0.4301601946353912,931.31884765625,-0.72553977852441,36.54457838897779,0.5669792294502258,1146.4976806640625,4.0,2024,1.9951595067977903,"{""type"":""Point"",""coordinates"":[36.54457838897779,-0.72553977852441]}"
1743,3.388611078262329,Nyandarua,2093.0,19.552173614501957,0.3958718478679657,1405.6363525390625,0.1141488475246194,36.47602353139202,0.4594263136386871,749.438232421875,1.0,2024,3.388611078262329,"{""type"":""Point"",""coordinates"":[36.47602353139202,0.11414884752461948]}"
1744,1.145660400390625,Nyandarua,2534.0,20.57391357421875,0.4040912985801697,1126.5531005859375,-0.1314890152645049,36.524386890061166,0.6018299460411072,839.7156372070312,4.0,2024,1.145660400390625,"{""type"":""Point"",""coordinates"":[36.524386890061166,-0.13148901526450493]}"
1746,4.207324028015137,Nyandarua,2223.0,23.53478240966797,0.4996881484985351,1143.9588623046875,-0.3324093810503358,36.23852782588906,0.7565110921859741,914.1121215820312,1.0,2024,4.207324028015137,"{""type"":""Point"",""coordinates"":[36.23852782588906,-0.33240938105033585]}"
1748,1.996419906616211,Nyandarua,2467.0,22.547826766967773,0.3124951422214508,1086.5555419921875,-0.145240711580934,36.3567515317681,0.5199624300003052,873.3862915039062,4.0,2024,1.996419906616211,"{""type"":""Point"",""coordinates"":[36.3567515317681,-0.14524071158093402]}"
1750,2.2927892208099365,Nyandarua,2186.0,19.247825622558597,0.3285526931285858,1271.9952392578125,-0.0333685337882247,36.54787021713866,0.4754028916358948,687.9920654296875,4.0,2024,2.2927892208099365,"{""type"":""Point"",""coordinates"":[36.54787021713866,-0.03336853378822477]}"
1754,2.9237828254699707,Nyandarua,2363.0,20.86956596374512,0.3042130470275879,1040.6885986328125,-0.2688707506758283,36.39933718099746,0.5191017389297485,904.895263671875,4.0,2024,2.9237828254699707,"{""type"":""Point"",""coordinates"":[36.39933718099746,-0.2688707506758283]}"
1764,2.3524084091186523,Nyandarua,2334.0,17.369565963745117,0.3366844356060028,1086.5555419921875,-0.0582031224879641,36.41413322690558,0.4640510678291321,803.188232421875,1.0,2024,2.3524084091186523,"{""type"":""Point"",""coordinates"":[36.41413322690558,-0.058203122487964117]}"
1773,3.088390827178955,Nyandarua,2334.0,22.052173614501957,0.328727513551712,1040.6885986328125,-0.2767484326481474,36.42809084939536,0.5180929899215698,931.769287109375,4.0,2024,3.088390827178955,"{""type"":""Point"",""coordinates"":[36.42809084939536,-0.2767484326481474]}"
1778,1.579092502593994,Nyandarua,2537.0,22.060869216918945,0.4275397062301636,654.1491088867188,-0.7079643875634487,36.56642681527605,0.6239482760429382,1237.4268798828125,4.0,2024,1.579092502593994,"{""type"":""Point"",""coordinates"":[36.56642681527605,-0.7079643875634487]}"
1784,1.872447609901428,Nyandarua,2674.0,22.77391242980957,0.4253281652927398,719.7100219726562,-0.820092179145085,36.56423101826067,0.6233606934547424,1475.797119140625,4.0,2024,1.872447609901428,"{""type"":""Point"",""coordinates"":[36.56423101826067,-0.820092179145085]}"
1795,2.2879109382629395,Nyandarua,2522.0,18.7608699798584,0.3456569612026214,1058.6063232421875,-0.2965846649428821,36.29566918679786,0.5045088529586792,950.6990356445312,4.0,2024,2.2879109382629395,"{""type"":""Point"",""coordinates"":[36.29566918679786,-0.2965846649428821]}"
1798,2.726210594177246,Nyandarua,2013.0,17.57826042175293,0.2453201413154602,1268.8878173828125,0.0379041823405588,36.57255860793099,0.3131062388420105,626.6849975585938,4.0,2024,2.726210594177246,"{""type"":""Point"",""coordinates"":[36.57255860793099,0.03790418234055887]}"
1800,0.8522677421569824,Nyandarua,2566.0,23.017391204833984,0.4175574481487274,719.7100219726562,-0.7920416330852486,36.63833615070661,0.6051837801933289,1535.402099609375,4.0,2024,0.8522677421569824,"{""type"":""Point"",""coordinates"":[36.63833615070661,-0.7920416330852486]}"
1805,2.6023736000061035,Nyandarua,2287.0,21.04347801208496,0.3066935241222381,1154.89013671875,-0.3624611791888357,36.43428932882684,0.5184062123298645,907.397216796875,1.0,2024,2.6023736000061035,"{""type"":""Point"",""coordinates"":[36.434289328826836,-0.36246117918883575]}"
1820,2.166006565093994,Nyandarua,2411.0,23.373912811279297,0.3143600821495056,986.5427856445312,-0.1618870533222519,36.36793915849781,0.4964160025119781,931.747802734375,4.0,2024,2.166006565093994,"{""type"":""Point"",""coordinates"":[36.36793915849781,-0.16188705332225198]}"
1824,2.087228775024414,Nyandarua,2438.0,25.747825622558597,0.4186057448387146,918.7949829101562,-0.5025585873374451,36.528446780479264,0.6023630499839783,1071.072021484375,4.0,2024,2.087228775024414,"{""type"":""Point"",""coordinates"":[36.528446780479264,-0.5025585873374451]}"
1830,2.532146453857422,Nyandarua,2507.0,23.96086883544922,0.3633490800857544,931.31884765625,-0.7190861802089741,36.52799565755157,0.4675132632255554,1146.4976806640625,4.0,2024,2.532146453857422,"{""type"":""Point"",""coordinates"":[36.52799565755157,-0.7190861802089741]}"
1831,3.353928327560425,Nyandarua,2203.0,18.204347610473636,0.3369351327419281,1405.6363525390625,0.0857372544064166,36.451734773862896,0.4643911123275757,776.780517578125,1.0,2024,3.353928327560425,"{""type"":""Point"",""coordinates"":[36.451734773862896,0.08573725440641662]}"
1833,2.450164794921875,Nyandarua,2134.0,16.81304359436035,0.3375933170318603,1405.6363525390625,0.0797621435692061,36.508150275016895,0.4654383957386017,688.7552490234375,4.0,2024,2.450164794921875,"{""type"":""Point"",""coordinates"":[36.508150275016895,0.07976214356920616]}"
1836,0.9737932682037354,Nyandarua,2562.0,22.821739196777344,0.4063758254051208,719.7100219726562,-0.7631373091255401,36.62263522238583,0.6206270456314087,1535.402099609375,4.0,2024,0.9737932682037354,"{""type"":""Point"",""coordinates"":[36.62263522238583,-0.7631373091255401]}"
1846,1.6538865566253662,Nyandarua,2514.0,23.40434837341309,0.3350533246994018,636.4963989257812,-0.649409006183526,36.58527279193064,0.5277762413024902,1237.2969970703125,4.0,2024,1.6538865566253662,"{""type"":""Point"",""coordinates"":[36.585272791930635,-0.649409006183526]}"
1848,2.908644914627075,Nyandarua,2355.0,19.791303634643555,0.2737991213798523,1040.6885986328125,-0.284501047428195,36.397566003130045,0.3962238132953644,904.895263671875,1.0,2024,2.908644914627075,"{""type"":""Point"",""coordinates"":[36.397566003130045,-0.284501047428195]}"
1849,1.488619327545166,Nyandarua,2543.0,23.047826766967773,0.4131563901901245,654.1491088867188,-0.6948719437959828,36.59003717841367,0.620834231376648,1301.0384521484375,4.0,2024,1.488619327545166,"{""type"":""Point"",""coordinates"":[36.59003717841367,-0.6948719437959828]}"
1863,1.6286287307739258,Nyandarua,2654.0,19.42173957824707,0.4183512926101684,839.247314453125,-0.1751096613107783,36.33947338448936,0.5921565890312195,1030.8326416015625,4.0,2024,1.6286287307739258,"{""type"":""Point"",""coordinates"":[36.33947338448936,-0.17510966131077832]}"
1865,2.286072254180908,Nyandarua,2342.0,17.81304359436035,0.2723379135131836,986.5427856445312,-0.1523208501906433,36.41479003445786,0.3887851238250732,909.6834716796876,4.0,2024,2.286072254180908,"{""type"":""Point"",""coordinates"":[36.41479003445786,-0.1523208501906433]}"
1867,1.8420119285583496,Nyandarua,2473.0,22.0217399597168,0.4688290357589721,636.4963989257812,-0.6335324560849451,36.55339260172518,0.6256411671638489,1237.2969970703125,4.0,2024,1.8420119285583496,"{""type"":""Point"",""coordinates"":[36.55339260172518,-0.6335324560849451]}"
1872,2.8354761600494385,Nyandarua,2336.0,19.908695220947266,0.3224670886993408,1040.6885986328125,-0.3407434097487661,36.370252188418206,0.5240305662155151,883.1970825195312,4.0,2024,2.8354761600494385,"{""type"":""Point"",""coordinates"":[36.370252188418206,-0.34074340974876616]}"
1886,2.333093881607056,Nyandarua,2513.0,22.352174758911133,0.3761902451515198,931.31884765625,-0.7313154397821255,36.53533749948605,0.510120153427124,1146.4976806640625,4.0,2024,2.333093881607056,"{""type"":""Point"",""coordinates"":[36.535337499486054,-0.7313154397821255]}"
1891,1.8621479272842407,Nyandarua,2177.0,17.7608699798584,0.3311609923839569,1271.9952392578125,0.0017894544355303,36.5211548125974,0.4961938858032226,723.430908203125,4.0,2024,1.8621479272842407,"{""type"":""Point"",""coordinates"":[36.521154812597395,0.0017894544355303483]}"
1895,1.6989755630493164,Nyandarua,2493.0,22.604347229003903,0.4150188565254211,636.4963989257812,-0.633541930596169,36.58046169235737,0.6048834323883057,1237.2969970703125,4.0,2024,1.6989755630493164,"{""type"":""Point"",""coordinates"":[36.58046169235737,-0.633541930596169]}"
1911,1.3114458322525024,Nyandarua,2561.0,22.15217399597168,0.4293849170207977,654.1491088867188,-0.7299003265158811,36.59362916186824,0.6345140337944031,1237.4268798828125,4.0,2024,1.3114458322525024,"{""type"":""Point"",""coordinates"":[36.59362916186824,-0.7299003265158811]}"
1918,2.402649402618408,Nyandarua,2416.0,21.3869571685791,0.3489626348018646,957.3016967773438,-0.5537867534348363,36.4874730510984,0.4771102666854858,1003.9808349609376,4.0,2024,2.402649402618408,"{""type"":""Point"",""coordinates"":[36.4874730510984,-0.5537867534348363]}"
1925,2.1092782020568848,Nyandarua,2469.0,22.43913078308105,0.4152750670909881,957.3016967773438,-0.6411200277992066,36.53617658687155,0.5842597484588623,1156.154296875,4.0,2024,2.1092782020568848,"{""type"":""Point"",""coordinates"":[36.53617658687155,-0.6411200277992066]}"
1931,2.0945725440979004,Nyandarua,2429.0,22.28695678710937,0.3753942847251892,986.5427856445312,-0.1605491842130794,36.36343897160225,0.6067373752593994,931.747802734375,4.0,2024,2.0945725440979004,"{""type"":""Point"",""coordinates"":[36.36343897160225,-0.1605491842130794]}"
1938,3.78732705116272,Nyandarua,2416.0,25.11739158630371,0.3984354138374328,898.3021850585938,-0.9100993440675688,36.557926014244046,0.536249577999115,1496.311767578125,4.0,2024,3.78732705116272,"{""type"":""Point"",""coordinates"":[36.557926014244046,-0.9100993440675689]}"
1944,2.0820627212524414,Nyandarua,2529.0,22.204347610473636,0.3583851158618927,931.31884765625,-0.7205807296948996,36.54162551399238,0.5203166604042053,1146.4976806640625,4.0,2024,2.0820627212524414,"{""type"":""Point"",""coordinates"":[36.54162551399238,-0.7205807296948996]}"
1957,1.7335901260375977,Nyandarua,2622.0,22.678260803222656,0.2932828068733215,839.247314453125,-0.1989093800947998,36.34397303404045,0.4952701926231384,1030.8326416015625,4.0,2024,1.7335901260375977,"{""type"":""Point"",""coordinates"":[36.34397303404045,-0.1989093800947998]}"
1971,1.6388500928878784,Nyandarua,2577.0,22.69130516052246,0.4406720697879791,636.4963989257812,-0.6349462994289939,36.60926353571803,0.6107766032218933,1529.389892578125,4.0,2024,1.6388500928878784,"{""type"":""Point"",""coordinates"":[36.60926353571803,-0.6349462994289939]}"
1992,3.3524317741394043,Nyandarua,2342.0,23.204347610473636,0.244890809059143,1171.51220703125,-0.5582157495962555,36.44609689277828,0.4189471304416656,852.4989624023438,4.0,2024,3.3524317741394043,"{""type"":""Point"",""coordinates"":[36.44609689277828,-0.5582157495962555]}"
2003,3.071255922317505,Nyandarua,2212.0,17.03478240966797,0.3224062919616699,1405.6363525390625,0.0817510791440879,36.46012368053442,0.4484394192695617,776.780517578125,4.0,2024,3.071255922317505,"{""type"":""Point"",""coordinates"":[36.46012368053442,0.08175107914408797]}"
2010,2.7535531520843506,Nyandarua,2372.0,20.986955642700195,0.3580248653888702,703.086669921875,-0.3267835112759484,36.48732946701034,0.5432572960853577,976.94140625,4.0,2024,2.7535531520843506,"{""type"":""Point"",""coordinates"":[36.48732946701034,-0.3267835112759484]}"
2018,2.130043268203736,Nyandarua,2445.0,22.92608642578125,0.380047082901001,957.3016967773438,-0.6131249654739209,36.53037920128568,0.5538403391838074,1156.154296875,4.0,2024,2.130043268203736,"{""type"":""Point"",""coordinates"":[36.530379201285676,-0.6131249654739209]}"
2019,0.8420869708061218,Nyandarua,2566.0,23.1130428314209,0.4724184870719909,719.7100219726562,-0.7935274353002756,36.63530489375711,0.6371052265167236,1535.402099609375,4.0,2024,0.8420869708061218,"{""type"":""Point"",""coordinates"":[36.63530489375711,-0.7935274353002756]}"
2023,2.7401411533355717,Nyandarua,2014.0,17.53478240966797,0.3038747310638428,1268.8878173828125,0.0436107361788054,36.57332458418508,0.4756091237068176,626.6849975585938,4.0,2024,2.7401411533355717,"{""type"":""Point"",""coordinates"":[36.57332458418508,0.04361073617880549]}"
2028,2.7050063610076904,Nyandarua,2289.0,23.40434837341309,0.354848176240921,1040.6885986328125,-0.3392647884229114,36.41139552327925,0.5470094680786133,919.640625,1.0,2024,2.7050063610076904,"{""type"":""Point"",""coordinates"":[36.41139552327925,-0.33926478842291147]}"
2029,2.273955106735229,Nyandarua,2391.0,17.978260040283203,0.2714438438415527,986.5427856445312,-0.1704610721775474,36.375100168551775,0.4236655533313751,931.747802734375,4.0,2024,2.273955106735229,"{""type"":""Point"",""coordinates"":[36.375100168551775,-0.17046107217754744]}"
2033,1.1791410446166992,Nyandarua,2591.0,22.513044357299805,0.4277074038982391,719.7100219726562,-0.7613901242982385,36.59197970551628,0.5659204721450806,1443.79736328125,4.0,2024,1.1791410446166992,"{""type"":""Point"",""coordinates"":[36.59197970551628,-0.7613901242982385]}"
2042,1.7441235780715942,Nyandarua,2482.0,23.639129638671875,0.4274531304836273,636.4963989257812,-0.61539593798022,36.573906853411685,0.5825873017311096,1237.2969970703125,4.0,2024,1.7441235780715942,"{""type"":""Point"",""coordinates"":[36.573906853411685,-0.61539593798022]}"
2045,1.8494802713394165,Nyandarua,2237.0,19.443477630615234,0.331678181886673,1271.9952392578125,-0.0197753752997308,36.52150314226745,0.5056487321853638,687.9920654296875,4.0,2024,1.8494802713394165,"{""type"":""Point"",""coordinates"":[36.52150314226745,-0.019775375299730846]}"
2055,2.1109554767608643,Nyandarua,2435.0,22.373912811279297,0.3602834939956665,986.5427856445312,-0.1661720093204509,36.36427216101721,0.5636035799980164,931.747802734375,4.0,2024,2.1109554767608643,"{""type"":""Point"",""coordinates"":[36.36427216101721,-0.16617200932045098]}"
2062,2.133531332015991,Nyandarua,2639.0,22.34347915649414,0.4300000071525574,719.7100219726562,-0.8111758315782074,36.55397970451503,0.5731397271156311,1475.797119140625,4.0,2024,2.133531332015991,"{""type"":""Point"",""coordinates"":[36.55397970451503,-0.8111758315782074]}"
2064,3.329867124557495,Nyandarua,2360.0,23.46956443786621,0.333984911441803,1171.51220703125,-0.5498020649218247,36.44480413969512,0.4987583756446838,852.4989624023438,1.0,2024,3.329867124557495,"{""type"":""Point"",""coordinates"":[36.44480413969512,-0.5498020649218247]}"
2073,2.740643262863159,Nyandarua,2319.0,20.46521759033203,0.2932656407356262,1040.6885986328125,-0.3271547325902311,36.3769318374978,0.4782046675682068,883.1970825195312,4.0,2024,2.740643262863159,"{""type"":""Point"",""coordinates"":[36.3769318374978,-0.3271547325902311]}"
2074,2.0347163677215576,Nyandarua,2551.0,20.839130401611328,0.3392027020454407,1058.6063232421875,-0.2750910506374688,36.34152750680383,0.524063766002655,843.2105102539062,1.0,2024,2.0347163677215576,"{""type"":""Point"",""coordinates"":[36.34152750680383,-0.2750910506374688]}"
2076,2.305049180984497,Nyandarua,2425.0,21.53913116455078,0.3312284648418426,957.3016967773438,-0.5583522676554628,36.49519479419174,0.4726547300815582,1003.9808349609376,4.0,2024,2.305049180984497,"{""type"":""Point"",""coordinates"":[36.49519479419174,-0.5583522676554628]}"
2090,3.071345329284668,Nyandarua,2346.0,20.18695640563965,0.3186058402061462,703.086669921875,-0.2837160432350977,36.45679173097169,0.5160258412361145,959.3812255859376,4.0,2024,3.071345329284668,"{""type"":""Point"",""coordinates"":[36.45679173097169,-0.28371604323509775]}"
2094,2.4745423793792725,Nyandarua,2573.0,24.90434837341309,0.4150223731994629,751.9829711914062,-0.3710628842281211,36.54307669315423,0.5940455794334412,1072.8966064453125,4.0,2024,2.4745423793792725,"{""type"":""Point"",""coordinates"":[36.54307669315423,-0.3710628842281211]}"
2098,1.442330837249756,Nyandarua,2564.0,22.860870361328125,0.352776437997818,654.1491088867188,-0.6960413809079734,36.615405557925634,0.5413720607757568,1494.9495849609375,4.0,2024,1.442330837249756,"{""type"":""Point"",""coordinates"":[36.615405557925634,-0.6960413809079734]}"
2099,1.6389830112457275,Nyandarua,2580.0,22.69130516052246,0.4142647683620453,636.4963989257812,-0.636681990102965,36.60827588955141,0.5183197855949402,1529.389892578125,4.0,2024,1.6389830112457275,"{""type"":""Point"",""coordinates"":[36.60827588955141,-0.636681990102965]}"
2102,2.8776440620422363,Nyandarua,2347.0,17.978260040283203,0.338159441947937,1209.62353515625,-0.0378531829719972,36.38236407266985,0.5069463849067688,821.6705322265625,4.0,2024,2.8776440620422363,"{""type"":""Point"",""coordinates"":[36.38236407266985,-0.03785318297199722]}"
2104,1.2039755582809448,Nyandarua,2639.0,24.600000381469727,0.3819252252578735,654.1491088867188,-0.6898411499652958,36.650236228764605,0.5827500820159912,1494.9495849609375,4.0,2024,1.2039755582809448,"{""type"":""Point"",""coordinates"":[36.650236228764605,-0.6898411499652958]}"
2124,2.405279874801636,Nyandarua,2353.0,18.87826156616211,0.3903715908527374,1086.5555419921875,-0.0843001212729365,36.390123287395255,0.5358244180679321,847.884521484375,4.0,2024,2.405279874801636,"{""type"":""Point"",""coordinates"":[36.390123287395255,-0.08430012127293651]}"
2170,2.774888038635254,Nyandarua,2151.0,18.68695640563965,0.2729783058166504,1268.8878173828125,-0.0114171598932951,36.56533604650473,0.4235221147537231,612.8214111328125,4.0,2024,2.774888038635254,"{""type"":""Point"",""coordinates"":[36.56533604650473,-0.011417159893295122]}"
2178,3.027026891708374,Nyandarua,2276.0,20.947826385498047,0.3553231656551361,1154.89013671875,-0.3748396953278159,36.38619649462445,0.5651133060455322,854.5677490234375,1.0,2024,3.027026891708374,"{""type"":""Point"",""coordinates"":[36.38619649462445,-0.37483969532781597]}"
2187,2.133748769760132,Nyandarua,2688.0,21.908695220947266,0.3792405426502228,898.3021850585938,-0.8660993938029237,36.579211120802434,0.5645251870155334,1510.875244140625,4.0,2024,2.133748769760132,"{""type"":""Point"",""coordinates"":[36.579211120802434,-0.8660993938029237]}"
2190,2.988886833190918,Nyandarua,2339.0,22.765216827392575,0.289870023727417,881.013916015625,-0.2473632321297672,36.464451852495856,0.4697111845016479,948.2301635742188,1.0,2024,2.988886833190918,"{""type"":""Point"",""coordinates"":[36.464451852495856,-0.2473632321297672]}"
2191,0.8990193009376526,Nyandarua,2626.0,22.952173233032227,0.3240481913089752,719.7100219726562,-0.8068254035489746,36.61090979721453,0.4273475408554077,1799.856201171875,4.0,2024,0.8990193009376526,"{""type"":""Point"",""coordinates"":[36.61090979721453,-0.8068254035489746]}"
2198,3.9646480083465576,Nyandarua,2121.0,18.630434036254883,0.3824165463447571,1268.8878173828125,-0.0137853178090107,36.6091085952691,0.5348573327064514,543.7996826171875,4.0,2024,3.9646480083465576,"{""type"":""Point"",""coordinates"":[36.6091085952691,-0.013785317809010775]}"
2205,1.88848876953125,Nyandarua,2497.0,22.43913078308105,0.4154646396636963,931.31884765625,-0.6701769516341577,36.5477226324746,0.6079925298690796,1155.636474609375,4.0,2024,1.88848876953125,"{""type"":""Point"",""coordinates"":[36.547722632474596,-0.6701769516341577]}"
2208,2.7367186546325684,Nyandarua,2399.0,19.37826156616211,0.4239530265331268,703.086669921875,-0.2935978323215773,36.517332823218695,0.5942115783691406,1077.343994140625,4.0,2024,2.7367186546325684,"{""type"":""Point"",""coordinates"":[36.517332823218695,-0.2935978323215773]}"
2236,2.2187886238098145,Nyandarua,2209.0,17.7391300201416,0.3413271009922027,1271.9952392578125,0.0489130656923977,36.47423639290199,0.5128148794174194,791.9441528320312,4.0,2024,2.2187886238098145,"{""type"":""Point"",""coordinates"":[36.474236392901986,0.04891306569239778]}"
2237,3.106117248535156,Nyandarua,2439.0,21.67391395568848,0.3567511737346649,957.3016967773438,-0.6076481888022244,36.48286809920801,0.5233891606330872,1018.88525390625,4.0,2024,3.106117248535156,"{""type"":""Point"",""coordinates"":[36.48286809920801,-0.6076481888022244]}"
2240,2.78796648979187,Nyandarua,2424.0,21.595651626586918,0.3814435601234436,957.3016967773438,-0.5563871153539353,36.46837610477006,0.541166365146637,1003.9808349609376,4.0,2024,2.78796648979187,"{""type"":""Point"",""coordinates"":[36.46837610477006,-0.5563871153539353]}"
2246,1.4270176887512207,Nyandarua,2676.0,22.330434799194336,0.4372026026248932,719.7100219726562,-0.8255456792009036,36.583757856738686,0.6280584931373596,1475.797119140625,4.0,2024,1.4270176887512207,"{""type"":""Point"",""coordinates"":[36.583757856738686,-0.8255456792009036]}"
2248,2.746786117553711,Nyandarua,2393.0,20.130434036254883,0.3344707489013672,986.5427856445312,-0.2277597192532507,36.39640134954004,0.4866943955421448,953.46484375,4.0,2024,2.746786117553711,"{""type"":""Point"",""coordinates"":[36.396401349540035,-0.22775971925325073]}"
2257,2.128084421157837,Nyandarua,2207.0,21.96956443786621,0.3824611902236938,1026.3397216796875,-0.1100591894293238,36.58923805740203,0.5964685678482056,806.2779541015625,4.0,2024,2.128084421157837,"{""type"":""Point"",""coordinates"":[36.58923805740203,-0.11005918942932386]}"
2270,2.1109652519226074,Nyandarua,2466.0,22.143478393554688,0.5196025967597961,957.3016967773438,-0.6320180551618335,36.53525847104778,0.6501017212867737,1156.154296875,4.0,2024,2.1109652519226074,"{""type"":""Point"",""coordinates"":[36.53525847104778,-0.6320180551618335]}"
2274,0.9960044622421264,Nyandarua,2549.0,23.18260955810547,0.4171503484249115,719.7100219726562,-0.7578154546838872,36.62747917590911,0.614201545715332,1535.402099609375,4.0,2024,0.9960044622421264,"{""type"":""Point"",""coordinates"":[36.62747917590911,-0.7578154546838872]}"
2286,2.122809648513794,Nyandarua,2532.0,20.100000381469727,0.2253666669130325,1058.6063232421875,-0.2835531897968327,36.28883600240824,0.4204437136650085,950.6990356445312,4.0,2024,2.122809648513794,"{""type"":""Point"",""coordinates"":[36.28883600240824,-0.2835531897968327]}"
2295,2.817590713500977,Nyandarua,2343.0,19.3869571685791,0.3170273303985595,986.5427856445312,-0.2168700212549081,36.44021530296758,0.450080931186676,906.7599487304688,4.0,2024,2.817590713500977,"{""type"":""Point"",""coordinates"":[36.44021530296758,-0.2168700212549081]}"
2296,2.968264579772949,Nyandarua,2308.0,23.486955642700195,0.3546841144561767,1040.6885986328125,-0.3030427279333306,36.42288229483649,0.5809555053710938,919.640625,1.0,2024,2.968264579772949,"{""type"":""Point"",""coordinates"":[36.42288229483649,-0.3030427279333306]}"
2307,1.8436204195022583,Nyandarua,2183.0,17.708696365356445,0.3090413212776184,1271.9952392578125,0.004576171550351,36.519478592184086,0.4328727126121521,723.430908203125,4.0,2024,1.8436204195022583,"{""type"":""Point"",""coordinates"":[36.519478592184086,0.0045761715503510585]}"
2314,2.8964390754699707,Nyandarua,2024.0,16.2608699798584,0.2429334074258804,1268.8878173828125,0.0448800037544819,36.58145719248149,0.3790782690048218,626.6849975585938,4.0,2024,2.8964390754699707,"{""type"":""Point"",""coordinates"":[36.581457192481494,0.04488000375448195]}"
2323,3.014535665512085,Nyandarua,2340.0,24.81739044189453,0.379642516374588,881.013916015625,-0.2472872552026362,36.45800449523273,0.5400545001029968,948.2301635742188,4.0,2024,3.014535665512085,"{""type"":""Point"",""coordinates"":[36.45800449523273,-0.2472872552026362]}"
2339,2.89605975151062,Nyandarua,2421.0,21.84782600402832,0.3708021640777588,957.3016967773438,-0.5577159676431537,36.46388177734791,0.528285801410675,1003.9808349609376,4.0,2024,2.89605975151062,"{""type"":""Point"",""coordinates"":[36.46388177734791,-0.5577159676431537]}"
2342,3.1404569149017334,Nyandarua,2296.0,21.88260841369629,0.3014299273490906,1292.1944580078125,0.0532382821865035,36.43797673486434,0.4343027472496032,853.9402465820312,1.0,2024,3.1404569149017334,"{""type"":""Point"",""coordinates"":[36.43797673486434,0.05323828218650354]}"
2345,2.625148296356201,Nyandarua,2282.0,20.84782600402832,0.2969340682029724,1154.89013671875,-0.3602166626471288,36.42420707703214,0.4832351505756378,907.397216796875,4.0,2024,2.625148296356201,"{""type"":""Point"",""coordinates"":[36.42420707703214,-0.36021666264712887]}"
2348,2.423919677734375,Nyandarua,2402.0,21.256521224975582,0.4113133251667022,986.5427856445312,-0.1854365451882336,36.38517426656082,0.6158704161643982,931.747802734375,4.0,2024,2.423919677734375,"{""type"":""Point"",""coordinates"":[36.385174266560824,-0.18543654518823366]}"
2352,2.6355462074279785,Nyandarua,2419.0,21.495651245117188,0.4191472232341766,957.3016967773438,-0.6005676539992533,36.50030917286288,0.5681096315383911,1018.88525390625,4.0,2024,2.6355462074279785,"{""type"":""Point"",""coordinates"":[36.50030917286288,-0.6005676539992533]}"
2360,1.809130907058716,Nyandarua,2191.0,18.11739158630371,0.2495533525943756,1271.9952392578125,0.018497264239897,36.513193854294286,0.3924887478351593,723.430908203125,4.0,2024,1.809130907058716,"{""type"":""Point"",""coordinates"":[36.513193854294286,0.018497264239897053]}"
2366,2.5529232025146484,Nyandarua,2455.0,20.34782600402832,0.2688178122043609,1058.6063232421875,-0.3117283328081014,36.34680775942493,0.4510853588581085,935.0844116210938,4.0,2024,2.5529232025146484,"{""type"":""Point"",""coordinates"":[36.34680775942493,-0.31172833280810147]}"
2367,3.2588698863983154,Nyandarua,2496.0,21.047826766967773,0.3367087244987488,1058.6063232421875,-0.3387274784456388,36.32452038097395,0.5168871879577637,935.0844116210938,4.0,2024,3.2588698863983154,"{""type"":""Point"",""coordinates"":[36.32452038097395,-0.33872747844563883]}"
2375,2.181857824325561,Nyandarua,2469.0,20.669565200805664,0.3060642778873443,1040.6885986328125,-0.2716347327968941,36.35156167136304,0.4800061881542206,904.895263671875,4.0,2024,2.181857824325561,"{""type"":""Point"",""coordinates"":[36.35156167136304,-0.2716347327968941]}"
2376,2.125939130783081,Nyandarua,2449.0,22.15652084350586,0.4109819233417511,957.3016967773438,-0.6157666902727541,36.53126877164338,0.5599126219749451,1156.154296875,4.0,2024,2.125939130783081,"{""type"":""Point"",""coordinates"":[36.53126877164338,-0.6157666902727541]}"
2379,1.626192927360535,Nyandarua,2516.0,22.200000762939453,0.4067611694335937,654.1491088867188,-0.6602436520657269,36.583435752837794,0.5732840895652771,1301.0384521484375,4.0,2024,1.626192927360535,"{""type"":""Point"",""coordinates"":[36.583435752837794,-0.6602436520657269]}"
2388,1.1417492628097534,Nyandarua,2483.0,24.513044357299805,0.4060164988040924,1126.5531005859375,-0.1253858432724345,36.5313288288971,0.5895876288414001,839.7156372070312,4.0,2024,1.1417492628097534,"{""type"":""Point"",""coordinates"":[36.5313288288971,-0.12538584327243454]}"
2401,0.9032017588615416,Nyandarua,2633.0,23.647825241088867,0.3709375858306885,719.7100219726562,-0.8004700070061098,36.609977715855855,0.5914564728736877,1799.856201171875,4.0,2024,0.9032017588615416,"{""type"":""Point"",""coordinates"":[36.609977715855855,-0.8004700070061098]}"
2407,3.959108352661133,Nyandarua,2353.0,17.582609176635742,0.3572886884212494,1094.8021240234375,0.026420906584258,36.34781110971726,0.4511707425117492,912.5535888671876,4.0,2024,3.959108352661133,"{""type"":""Point"",""coordinates"":[36.34781110971726,0.026420906584258]}"
2409,1.6102149486541748,Nyandarua,2501.0,19.36956596374512,0.3205242455005646,1126.5531005859375,-0.0882408731732861,36.452817352710525,0.4688342809677124,811.5564575195312,4.0,2024,1.6102149486541748,"{""type"":""Point"",""coordinates"":[36.452817352710525,-0.08824087317328619]}"
2422,2.018658399581909,Nyandarua,2161.0,17.013044357299805,0.317605584859848,1405.6363525390625,0.0510164824244207,36.5016216022835,0.4778229296207428,688.7552490234375,4.0,2024,2.018658399581909,"{""type"":""Point"",""coordinates"":[36.5016216022835,0.05101648242442079]}"
2429,2.8226780891418457,Nyandarua,2305.0,21.2608699798584,0.3343833386898041,1040.6885986328125,-0.3156598794586406,36.40334463943268,0.5812302827835083,919.640625,1.0,2024,2.8226780891418457,"{""type"":""Point"",""coordinates"":[36.403344639432675,-0.3156598794586406]}"
2430,0.9639780521392822,Nyandarua,2569.0,23.908695220947266,0.4240912199020386,719.7100219726562,-0.7670831830108179,36.61964359353818,0.5799465775489807,1535.402099609375,4.0,2024,0.9639780521392822,"{""type"":""Point"",""coordinates"":[36.61964359353818,-0.7670831830108179]}"
2432,2.889655590057373,Nyandarua,2374.0,19.865217208862305,0.2988521754741668,1040.6885986328125,-0.2646881701644707,36.39675928788735,0.4602920413017273,904.895263671875,4.0,2024,2.889655590057373,"{""type"":""Point"",""coordinates"":[36.39675928788735,-0.26468817016447077]}"
2436,2.094144344329834,Nyandarua,2288.0,24.978260040283203,0.3132902979850769,1271.9952392578125,0.0014619550648352,36.45434167419906,0.436675101518631,791.9441528320312,4.0,2024,2.094144344329834,"{""type"":""Point"",""coordinates"":[36.45434167419906,0.0014619550648352748]}"
2448,1.7759299278259275,Nyandarua,2247.0,16.356521606445312,0.3188643455505371,1271.9952392578125,0.0173238386921598,36.488233129495946,0.4532040655612945,791.9441528320312,4.0,2024,1.7759299278259275,"{""type"":""Point"",""coordinates"":[36.488233129495946,0.01732383869215989]}"
2452,2.306579828262329,Nyandarua,2351.0,17.42608642578125,0.207619622349739,1086.5555419921875,-0.1256324051950018,36.38967021838263,0.3220661878585815,873.3862915039062,4.0,2024,2.306579828262329,"{""type"":""Point"",""coordinates"":[36.389670218382626,-0.12563240519500188]}"
2455,2.5251948833465576,Nyandarua,2354.0,23.326086044311523,0.3507199883460998,751.9829711914062,-0.3728002126553657,36.48145179619822,0.5405135750770569,995.1351318359376,1.0,2024,2.5251948833465576,"{""type"":""Point"",""coordinates"":[36.48145179619822,-0.3728002126553657]}"
2457,2.242032051086426,Nyandarua,2438.0,21.91304397583008,0.4062119424343109,957.3016967773438,-0.6232136435637756,36.52644768111249,0.5697211623191833,1156.154296875,4.0,2024,2.242032051086426,"{""type"":""Point"",""coordinates"":[36.52644768111249,-0.6232136435637756]}"
2460,2.460952043533325,Nyandarua,2185.0,18.86956596374512,0.4399289190769195,1268.8878173828125,-0.0365634212571959,36.554380482143664,0.6375791430473328,612.8214111328125,4.0,2024,2.460952043533325,"{""type"":""Point"",""coordinates"":[36.554380482143664,-0.03656342125719593]}"
2465,3.073657751083374,Nyandarua,2451.0,21.72608757019043,0.4624458253383636,957.3016967773438,-0.5998213303633542,36.47939930161905,0.6406843066215515,1003.9808349609376,4.0,2024,3.073657751083374,"{""type"":""Point"",""coordinates"":[36.47939930161905,-0.5998213303633542]}"
2482,2.105953454971313,Nyandarua,2201.0,17.72608757019043,0.3054943084716797,1271.9952392578125,-0.0237837000249956,36.53794765098464,0.4294763505458832,687.9920654296875,4.0,2024,2.105953454971313,"{""type"":""Point"",""coordinates"":[36.537947650984634,-0.023783700024995642]}"
2485,2.252556800842285,Nyandarua,2341.0,17.84347915649414,0.2949753403663635,1086.5555419921875,-0.1429448220730578,36.4121633074857,0.4513741135597229,804.5447387695312,4.0,2024,2.252556800842285,"{""type"":""Point"",""coordinates"":[36.4121633074857,-0.14294482207305786]}"
2486,2.756620407104492,Nyandarua,2288.0,23.57391357421875,0.353118896484375,1040.6885986328125,-0.3313706013271108,36.4202653470823,0.5321210026741028,919.640625,1.0,2024,2.756620407104492,"{""type"":""Point"",""coordinates"":[36.4202653470823,-0.3313706013271108]}"
2490,2.049461603164673,Nyandarua,2697.0,23.013044357299805,0.4708445370197296,898.3021850585938,-0.8561660225063512,36.57479629214556,0.657092273235321,1510.875244140625,7.0,2024,2.049461603164673,"{""type"":""Point"",""coordinates"":[36.57479629214556,-0.8561660225063512]}"
2497,1.9030994176864624,Nyandarua,2495.0,22.452173233032227,0.4734197854995727,931.31884765625,-0.6724168545548155,36.54702898863212,0.6508218050003052,1155.636474609375,4.0,2024,1.9030994176864624,"{""type"":""Point"",""coordinates"":[36.54702898863212,-0.6724168545548155]}"
2498,3.0624125003814697,Nyandarua,2218.0,17.952173233032227,0.2922804057598114,1405.6363525390625,0.0708036242614961,36.451521605606025,0.4386124908924103,776.780517578125,1.0,2024,3.0624125003814697,"{""type"":""Point"",""coordinates"":[36.451521605606025,0.07080362426149611]}"
2501,2.263478755950928,Nyandarua,2333.0,18.478260040283203,0.2630391418933868,1086.5555419921875,-0.1118856904863503,36.40135478785888,0.4479466378688812,804.5447387695312,4.0,2024,2.263478755950928,"{""type"":""Point"",""coordinates"":[36.40135478785888,-0.11188569048635036]}"
2502,3.0392889976501465,Nyandarua,2441.0,21.59130477905273,0.4239488542079925,957.3016967773438,-0.5699796306629296,36.462698815086505,0.5898581743240356,1003.9808349609376,4.0,2024,3.0392889976501465,"{""type"":""Point"",""coordinates"":[36.462698815086505,-0.5699796306629296]}"
2506,2.74121618270874,Nyandarua,2404.0,20.830434799194336,0.2930361926555633,986.5427856445312,-0.232135480883826,36.39352598069257,0.4419958889484405,953.46484375,4.0,2024,2.74121618270874,"{""type"":""Point"",""coordinates"":[36.39352598069257,-0.23213548088382607]}"
2508,2.366873264312744,Nyandarua,2354.0,20.65217399597168,0.2750323116779327,1086.5555419921875,-0.0936077999605518,36.38750369593559,0.4704556763172149,847.884521484375,4.0,2024,2.366873264312744,"{""type"":""Point"",""coordinates"":[36.387503695935585,-0.09360779996055185]}"
2520,2.8155767917633057,Nyandarua,2428.0,21.55652236938477,0.3491930663585663,957.3016967773438,-0.5634691380575679,36.46989548031989,0.5169093608856201,1003.9808349609376,4.0,2024,2.8155767917633057,"{""type"":""Point"",""coordinates"":[36.46989548031989,-0.5634691380575679]}"
2546,1.252148151397705,Nyandarua,2558.0,25.256521224975582,0.4209141135215759,654.1491088867188,-0.70911261137521,36.63867540250104,0.6152621507644653,1353.095703125,4.0,2024,1.252148151397705,"{""type"":""Point"",""coordinates"":[36.63867540250104,-0.70911261137521]}"
2565,1.8683717250823972,Nyandarua,2593.0,20.30869483947754,0.3415324985980987,839.247314453125,-0.2027724023350445,36.34945428532997,0.5168547630310059,1005.59912109375,4.0,2024,1.8683717250823972,"{""type"":""Point"",""coordinates"":[36.34945428532997,-0.20277240233504457]}"
2576,1.8443228006362915,Nyandarua,2482.0,22.356521606445312,0.4463638067245483,654.1491088867188,-0.6508633081343785,36.55216308993938,0.6086117029190063,1301.0384521484375,4.0,2024,1.8443228006362915,"{""type"":""Point"",""coordinates"":[36.55216308993938,-0.6508633081343785]}"
2585,4.30602502822876,Nyandarua,2380.0,23.1130428314209,0.3688447773456573,1293.6524658203125,-0.3690936103954936,36.316102404156766,0.5566325187683105,846.8605346679688,1.0,2024,4.30602502822876,"{""type"":""Point"",""coordinates"":[36.316102404156766,-0.36909361039549365]}"
2594,2.746004581451416,Nyandarua,2368.0,23.265216827392575,0.3532423973083496,881.013916015625,-0.2386560488293415,36.499275564082645,0.5395945906639099,948.2301635742188,4.0,2024,2.746004581451416,"{""type"":""Point"",""coordinates"":[36.499275564082645,-0.23865604882934158]}"
2596,2.5215885639190674,Nyandarua,2348.0,18.92608642578125,0.3959093987941742,1086.5555419921875,-0.0685354572306462,36.38615451732213,0.531379222869873,847.884521484375,1.0,2024,2.5215885639190674,"{""type"":""Point"",""coordinates"":[36.38615451732213,-0.0685354572306462]}"
2597,2.4274489879608154,Nyandarua,2472.0,21.60869598388672,0.4428833425045013,1058.6063232421875,-0.2943061512761811,36.28542964721837,0.6195840835571289,950.6990356445312,4.0,2024,2.4274489879608154,"{""type"":""Point"",""coordinates"":[36.28542964721837,-0.29430615127618115]}"
2598,2.453512191772461,Nyandarua,2339.0,21.600000381469727,0.3274279236793518,986.5427856445312,-0.1758646258478452,36.41701784211984,0.5302283763885498,909.6834716796876,4.0,2024,2.453512191772461,"{""type"":""Point"",""coordinates"":[36.41701784211984,-0.17586462584784524]}"
2609,1.870142936706543,Nyandarua,2478.0,22.38260841369629,0.350739985704422,636.4963989257812,-0.6485598378164559,36.55002149943062,0.5059681534767151,1237.2969970703125,4.0,2024,1.870142936706543,"{""type"":""Point"",""coordinates"":[36.55002149943062,-0.6485598378164559]}"
2619,2.871110439300537,Nyandarua,2405.0,21.508695602416992,0.3908703029155731,918.7949829101562,-0.545116408826108,36.46092414302787,0.5348958373069763,993.0908813476562,4.0,2024,2.871110439300537,"{""type"":""Point"",""coordinates"":[36.46092414302787,-0.545116408826108]}"
2625,2.8274428844451904,Nyandarua,2425.0,21.61739158630371,0.3869550228118896,957.3016967773438,-0.6069008608016926,36.49421088119463,0.4940966963768005,1018.88525390625,4.0,2024,2.8274428844451904,"{""type"":""Point"",""coordinates"":[36.494210881194626,-0.6069008608016926]}"
2626,2.739295721054077,Nyandarua,2391.0,23.36956596374512,0.3424620926380157,703.086669921875,-0.3041923479997707,36.51284822262768,0.4977163672447204,1091.4190673828125,4.0,2024,2.739295721054077,"{""type"":""Point"",""coordinates"":[36.51284822262768,-0.30419234799977074]}"
2631,1.5282068252563477,Nyandarua,2739.0,20.982608795166016,0.2886503934860229,839.247314453125,-0.2279475259627039,36.32888125753232,0.4897345602512359,1005.59912109375,4.0,2024,1.5282068252563477,"{""type"":""Point"",""coordinates"":[36.32888125753232,-0.22794752596270396]}"
2633,1.77613365650177,Nyandarua,2457.0,22.526086807250977,0.4339696168899536,636.4963989257812,-0.6069612553612225,36.56517727596552,0.6063929200172424,1237.2969970703125,4.0,2024,1.77613365650177,"{""type"":""Point"",""coordinates"":[36.565177275965524,-0.6069612553612225]}"
2645,2.3836557865142822,Nyandarua,2406.0,22.473913192749023,0.2859240770339966,986.5427856445312,-0.1847200070793802,36.38102620212727,0.4714586734771728,931.747802734375,4.0,2024,2.3836557865142822,"{""type"":""Point"",""coordinates"":[36.381026202127266,-0.18472000707938022]}"
2651,2.3281078338623047,Nyandarua,2343.0,18.365217208862305,0.289564847946167,1086.5555419921875,-0.147753756596678,36.40152791689888,0.4469980895519256,804.5447387695312,4.0,2024,2.3281078338623047,"{""type"":""Point"",""coordinates"":[36.40152791689888,-0.14775375659667805]}"
2669,1.7037333250045776,Nyandarua,2508.0,22.0,0.3978398442268371,636.4963989257812,-0.6289959785736537,36.58268336224287,0.56584632396698,1237.2969970703125,4.0,2024,1.7037333250045776,"{""type"":""Point"",""coordinates"":[36.58268336224287,-0.6289959785736537]}"
2676,1.9926342964172363,Nyandarua,2473.0,22.365217208862305,0.4635882377624511,957.3016967773438,-0.6407698058523535,36.541989152332505,0.6304683685302734,1156.154296875,4.0,2024,1.9926342964172363,"{""type"":""Point"",""coordinates"":[36.541989152332505,-0.6407698058523535]}"
2678,1.3904296159744265,Nyandarua,2649.0,21.18695640563965,0.332669049501419,903.48095703125,-0.0913856456107139,36.29068021400941,0.5265322327613831,994.0800170898438,4.0,2024,1.3904296159744265,"{""type"":""Point"",""coordinates"":[36.29068021400941,-0.09138564561071395]}"
2688,2.650627851486206,Nyandarua,2273.0,20.978260040283203,0.3140534162521362,1154.89013671875,-0.3582745944021067,36.41579405353234,0.5026642084121704,907.397216796875,1.0,2024,2.650627851486206,"{""type"":""Point"",""coordinates"":[36.41579405353234,-0.3582745944021067]}"
2694,2.6292169094085693,Nyandarua,2719.0,21.795652389526367,0.4905917048454284,898.3021850585938,-0.8672768110308353,36.56004461404469,0.6566146016120911,1510.875244140625,4.0,2024,2.6292169094085693,"{""type"":""Point"",""coordinates"":[36.56004461404469,-0.8672768110308353]}"
2697,2.2614822387695312,Nyandarua,2724.0,21.826086044311523,0.3413157761096954,881.013916015625,-0.1968568644393795,36.4970773650079,0.4948490858078003,889.2483520507812,4.0,2024,2.2614822387695312,"{""type"":""Point"",""coordinates"":[36.4970773650079,-0.1968568644393795]}"
2702,2.9332735538482666,Nyandarua,2302.0,22.995651245117188,0.3743126690387726,1040.6885986328125,-0.3066264305949649,36.41902076039568,0.5570446848869324,919.640625,1.0,2024,2.9332735538482666,"{""type"":""Point"",""coordinates"":[36.419020760395675,-0.30662643059496497]}"
2706,2.983306646347046,Nyandarua,2341.0,23.15652084350586,0.2870226204395294,703.086669921875,-0.2512875090696934,36.47068215349279,0.4856640994548797,959.3812255859376,4.0,2024,2.983306646347046,"{""type"":""Point"",""coordinates"":[36.47068215349279,-0.25128750906969344]}"
2719,2.001392364501953,Nyandarua,2515.0,22.017391204833984,0.4625213146209717,931.31884765625,-0.6957918047782792,36.5421986585612,0.6624372601509094,1155.636474609375,4.0,2024,2.001392364501953,"{""type"":""Point"",""coordinates"":[36.5421986585612,-0.6957918047782792]}"
2732,1.7913684844970703,Nyandarua,2468.0,22.765216827392575,0.387592077255249,636.4963989257812,-0.6092092348950292,36.56149133846754,0.5646668076515198,1237.2969970703125,4.0,2024,1.7913684844970703,"{""type"":""Point"",""coordinates"":[36.56149133846754,-0.6092092348950292]}"
2738,2.7569546699523926,Nyandarua,2316.0,20.24347877502441,0.285880982875824,1040.6885986328125,-0.3341802130956871,36.3795793158634,0.4616706371307373,883.1970825195312,1.0,2024,2.7569546699523926,"{""type"":""Point"",""coordinates"":[36.3795793158634,-0.33418021309568713]}"
2740,2.497798204421997,Nyandarua,2396.0,23.791303634643555,0.3834021389484405,751.9829711914062,-0.3803844086462256,36.49089275043102,0.5205720067024231,995.1351318359376,4.0,2024,2.497798204421997,"{""type"":""Point"",""coordinates"":[36.49089275043102,-0.38038440864622564]}"
2746,1.7120963335037231,Nyandarua,2499.0,22.799999237060547,0.4410760402679443,636.4963989257812,-0.6182846452749139,36.58680136189385,0.5954339504241943,1237.2969970703125,4.0,2024,1.7120963335037231,"{""type"":""Point"",""coordinates"":[36.58680136189385,-0.6182846452749139]}"
2753,3.3889174461364746,Nyandarua,2228.0,18.46521759033203,0.3290043473243713,1292.1944580078125,0.070612859292346,36.439830400301176,0.5221040844917297,853.9402465820312,4.0,2024,3.3889174461364746,"{""type"":""Point"",""coordinates"":[36.439830400301176,0.07061285929234602]}"
2764,1.4974687099456787,Nyandarua,2368.0,20.447826385498047,0.3810417950153351,1126.5531005859375,-0.0551131132275612,36.49681094168263,0.5316680073738098,811.5564575195312,4.0,2024,1.4974687099456787,"{""type"":""Point"",""coordinates"":[36.496810941682625,-0.05511311322756124]}"
2765,1.5608404874801636,Nyandarua,2690.0,22.2391300201416,0.4257320463657379,719.7100219726562,-0.8404404864200105,36.58441997132271,0.5837399959564209,1475.797119140625,4.0,2024,1.5608404874801636,"{""type"":""Point"",""coordinates"":[36.58441997132271,-0.8404404864200105]}"
2774,3.2735328674316406,Nyandarua,2533.0,19.59130477905273,0.3549462258815765,1094.8021240234375,0.0050426851931198,36.28062410207663,0.4874015152454376,981.091796875,4.0,2024,3.2735328674316406,"{""type"":""Point"",""coordinates"":[36.28062410207663,0.005042685193119876]}"
2776,2.107177257537842,Nyandarua,2600.0,20.395652770996094,0.3311203718185425,1058.6063232421875,-0.2903912755540686,36.33281754333561,0.5051597952842712,843.2105102539062,4.0,2024,2.107177257537842,"{""type"":""Point"",""coordinates"":[36.33281754333561,-0.2903912755540686]}"
2781,2.42549204826355,Nyandarua,2406.0,18.28695678710937,0.2756940126419067,986.5427856445312,-0.1931611220526995,36.3826050444878,0.3903621733188629,931.747802734375,4.0,2024,2.42549204826355,"{""type"":""Point"",""coordinates"":[36.382605044487796,-0.1931611220526995]}"
2790,3.332216739654541,Nyandarua,2454.0,21.78695678710937,0.3752764463424682,957.3016967773438,-0.6121065318086903,36.47589419201847,0.5473350882530212,1018.88525390625,4.0,2024,3.332216739654541,"{""type"":""Point"",""coordinates"":[36.475894192018465,-0.6121065318086903]}"
2803,3.8502814769744873,Nyandarua,2408.0,25.11739158630371,0.3590302765369415,898.3021850585938,-0.9121396487921823,36.55728648815238,0.5287095904350281,1496.311767578125,4.0,2024,3.8502814769744873,"{""type"":""Point"",""coordinates"":[36.55728648815238,-0.9121396487921823]}"
2809,0.8824594020843506,Nyandarua,2557.0,23.34782600402832,0.4715625047683716,719.7100219726562,-0.7778970089969345,36.63419266163724,0.6466088891029358,1535.402099609375,4.0,2024,0.8824594020843506,"{""type"":""Point"",""coordinates"":[36.634192661637236,-0.7778970089969345]}"
2815,1.5318961143493652,Nyandarua,2705.0,21.069564819335938,0.3607877790927887,839.247314453125,-0.2106944152306295,36.33225733405227,0.5986229777336121,1005.59912109375,4.0,2024,1.5318961143493652,"{""type"":""Point"",""coordinates"":[36.33225733405227,-0.21069441523062957]}"
2818,3.673525810241699,Nyandarua,2356.0,19.27391242980957,0.2368063628673553,1209.62353515625,0.0083714069290513,36.38801764438261,0.3696866035461426,860.7394409179688,4.0,2024,3.673525810241699,"{""type"":""Point"",""coordinates"":[36.38801764438261,0.008371406929051368]}"
2836,1.895547151565552,Nyandarua,2171.0,17.22608757019043,0.3429381549358368,1271.9952392578125,0.0085839405219291,36.52415389113254,0.5102072358131409,723.430908203125,1.0,2024,1.895547151565552,"{""type"":""Point"",""coordinates"":[36.52415389113254,0.008583940521929135]}"
2838,2.4908242225646973,Nyandarua,2399.0,21.69130516052246,0.435235321521759,957.3016967773438,-0.5667376799503914,36.48818566863376,0.651077389717102,1003.9808349609376,4.0,2024,2.4908242225646973,"{""type"":""Point"",""coordinates"":[36.488185668633754,-0.5667376799503914]}"
2840,1.8799012899398804,Nyandarua,2623.0,19.88260841369629,0.2926383912563324,1058.6063232421875,-0.273412007548696,36.33319119432942,0.4373923540115356,843.2105102539062,4.0,2024,1.8799012899398804,"{""type"":""Point"",""coordinates"":[36.33319119432942,-0.273412007548696]}"
2859,3.9003994464874263,Nyandarua,2266.0,21.53043556213379,0.3389933109283447,1292.1944580078125,0.0763576045160856,36.42600360963717,0.5188694596290588,853.9402465820312,1.0,2024,3.9003994464874263,"{""type"":""Point"",""coordinates"":[36.42600360963717,0.07635760451608564]}"
2873,1.8146677017211916,Nyandarua,2692.0,22.526086807250977,0.3871522843837738,898.3021850585938,-0.8519470857245356,36.58113737274253,0.5797050595283508,1510.875244140625,4.0,2024,1.8146677017211916,"{""type"":""Point"",""coordinates"":[36.58113737274253,-0.8519470857245356]}"
2905,2.016700267791748,Nyandarua,2460.0,23.321739196777344,0.3777652680873871,986.5427856445312,-0.1664654250212873,36.358455055881706,0.5519603490829468,931.747802734375,1.0,2024,2.016700267791748,"{""type"":""Point"",""coordinates"":[36.358455055881706,-0.16646542502128733]}"
2907,1.8723235130310056,Nyandarua,2547.0,20.68260955810547,0.3816402554512024,1058.6063232421875,-0.2618343854092926,36.33866624937956,0.578551173210144,843.2105102539062,4.0,2024,1.8723235130310056,"{""type"":""Point"",""coordinates"":[36.33866624937956,-0.26183438540929266]}"
2919,2.30930757522583,Nyandarua,2341.0,18.899999618530277,0.3275312483310699,1086.5555419921875,-0.1075526255645081,36.39427958147389,0.4779008328914642,873.3862915039062,4.0,2024,2.30930757522583,"{""type"":""Point"",""coordinates"":[36.39427958147389,-0.10755262556450815]}"
2923,1.545424461364746,Nyandarua,2561.0,18.6130428314209,0.3221515119075775,1126.5531005859375,-0.1147756390349267,36.45678950397804,0.5010268688201904,839.7518310546875,4.0,2024,1.545424461364746,"{""type"":""Point"",""coordinates"":[36.45678950397804,-0.11477563903492675]}"
2924,3.624076366424561,Nyandarua,2252.0,18.678260803222656,0.2874883711338043,1292.1944580078125,0.0733028920685739,36.43320997786153,0.4866651892662048,853.9402465820312,4.0,2024,3.624076366424561,"{""type"":""Point"",""coordinates"":[36.43320997786153,0.07330289206857395]}"
2926,1.6205240488052368,Nyandarua,2674.0,22.21739196777344,0.3719682693481445,719.7100219726562,-0.8186026908182831,36.57380659907952,0.5218735337257385,1475.797119140625,4.0,2024,1.6205240488052368,"{""type"":""Point"",""coordinates"":[36.57380659907952,-0.8186026908182831]}"
2928,3.8758044242858887,Nyandarua,2393.0,20.03043556213379,0.3305561542510986,1209.62353515625,0.0378043499723152,36.40491055504183,0.5070517659187317,855.5177612304688,1.0,2024,3.8758044242858887,"{""type"":""Point"",""coordinates"":[36.40491055504183,0.037804349972315264]}"
2929,2.7523417472839355,Nyandarua,2316.0,22.973913192749023,0.3504786491394043,1040.6885986328125,-0.2947687010168397,36.38219858568301,0.5821385979652405,904.895263671875,4.0,2024,2.7523417472839355,"{""type"":""Point"",""coordinates"":[36.382198585683014,-0.2947687010168397]}"
2932,3.1309356689453125,Nyandarua,2141.0,17.60869598388672,0.3329832255840301,1268.8878173828125,-0.0131282975952271,36.57828662584487,0.5118297338485718,612.8214111328125,4.0,2024,3.1309356689453125,"{""type"":""Point"",""coordinates"":[36.57828662584487,-0.013128297595227196]}"
2943,0.8824594020843506,Nyandarua,2557.0,23.34782600402832,0.4715625047683716,719.7100219726562,-0.777177714252021,36.6336608349937,0.6466088891029358,1535.402099609375,4.0,2024,0.8824594020843506,"{""type"":""Point"",""coordinates"":[36.6336608349937,-0.777177714252021]}"
2944,1.47062349319458,Nyandarua,2623.0,23.15217399597168,0.3960198760032654,719.7100219726562,-0.7922680574384683,36.574866007532016,0.6137580275535583,1443.79736328125,4.0,2024,1.47062349319458,"{""type"":""Point"",""coordinates"":[36.574866007532016,-0.7922680574384683]}"
2951,1.2150402069091797,Nyandarua,2607.0,22.90434837341309,0.5187177658081055,719.7100219726562,-0.7761993740943464,36.587047425912274,0.6918773651123047,1443.79736328125,4.0,2024,1.2150402069091797,"{""type"":""Point"",""coordinates"":[36.587047425912274,-0.7761993740943464]}"
2958,1.255683660507202,Nyandarua,2677.0,19.221738815307617,0.3516004979610443,903.48095703125,-0.1092897300870881,36.28165746629918,0.516749382019043,1035.8345947265625,4.0,2024,1.255683660507202,"{""type"":""Point"",""coordinates"":[36.28165746629918,-0.10928973008708813]}"
2961,2.915468454360962,Nyandarua,1974.0,17.46086883544922,0.3923768103122711,1458.595947265625,0.051959960350234,36.58223199298938,0.5467876195907593,585.9078979492188,4.0,2024,2.915468454360962,"{""type"":""Point"",""coordinates"":[36.58223199298938,0.05195996035023401]}"
2965,1.3078958988189695,Nyandarua,2554.0,19.704347610473636,0.2958742380142212,1126.5531005859375,-0.1105311474224363,36.47577604848141,0.4197055995464325,839.7518310546875,4.0,2024,1.3078958988189695,"{""type"":""Point"",""coordinates"":[36.47577604848141,-0.11053114742243637]}"
2972,1.0406652688980105,Nyandarua,2649.0,24.42173957824707,0.5535950064659119,719.7100219726562,-0.8262062058373819,36.6052603183348,0.6944131851196289,1799.856201171875,4.0,2024,1.0406652688980105,"{""type"":""Point"",""coordinates"":[36.6052603183348,-0.8262062058373819]}"
2987,1.8189281225204468,Nyandarua,2204.0,16.408695220947266,0.2628442943096161,1271.9952392578125,0.0296042478926237,36.5049075563049,0.4093986749649048,723.430908203125,4.0,2024,1.8189281225204468,"{""type"":""Point"",""coordinates"":[36.5049075563049,0.02960424789262372]}"
2988,3.124195337295532,Nyandarua,2455.0,20.417390823364254,0.4738958477973938,957.3016967773438,-0.6222355325925293,36.490398805360726,0.5976904034614563,1018.88525390625,4.0,2024,3.124195337295532,"{""type"":""Point"",""coordinates"":[36.490398805360726,-0.6222355325925293]}"
2997,2.7435052394866943,Nyandarua,2343.0,21.13478279113769,0.3932896554470062,703.086669921875,-0.3321179629519126,36.47815366284735,0.5690195560455322,976.94140625,4.0,2024,2.7435052394866943,"{""type"":""Point"",""coordinates"":[36.47815366284735,-0.3321179629519126]}"
2998,0.9347594380378724,Nyandarua,2629.0,22.704347610473636,0.4243445992469787,719.7100219726562,-0.8079027365058249,36.60812260810535,0.6144206523895264,1799.856201171875,4.0,2024,0.9347594380378724,"{""type"":""Point"",""coordinates"":[36.60812260810535,-0.8079027365058249]}"
3004,4.448524951934815,Nyandarua,2104.0,22.1130428314209,0.3492426872253418,1163.2713623046875,-0.4536759815291241,36.40081349274173,0.5474444627761841,920.8710327148438,1.0,2024,4.448524951934815,"{""type"":""Point"",""coordinates"":[36.40081349274173,-0.4536759815291241]}"
3006,3.7369556427001953,Nyandarua,2075.0,21.93913078308105,0.3248885571956634,1405.6363525390625,0.1216734185664338,36.462258577117936,0.448163777589798,749.438232421875,4.0,2024,3.7369556427001953,"{""type"":""Point"",""coordinates"":[36.462258577117936,0.12167341856643382]}"
3008,2.3300342559814453,Nyandarua,2424.0,21.430435180664062,0.3982722163200378,957.3016967773438,-0.5539819460560087,36.49215630067758,0.5357319116592407,1003.9808349609376,4.0,2024,2.3300342559814453,"{""type"":""Point"",""coordinates"":[36.49215630067758,-0.5539819460560087]}"
3009,2.902279853820801,Nyandarua,1955.0,20.356521606445312,0.35833939909935,1458.595947265625,0.058953222557603,36.58044457575685,0.5420001149177551,585.9078979492188,1.0,2024,2.902279853820801,"{""type"":""Point"",""coordinates"":[36.58044457575685,0.058953222557603026]}"
3025,4.1406731605529785,Nyandarua,2223.0,25.09130477905273,0.3791118264198303,1143.9588623046875,-0.3170895880248527,36.23970425562723,0.587120771408081,914.1121215820312,4.0,2024,4.1406731605529785,"{""type"":""Point"",""coordinates"":[36.23970425562723,-0.31708958802485276]}"
3036,2.168809413909912,Nyandarua,2454.0,22.45652198791504,0.4216312766075134,957.3016967773438,-0.6271940827656902,36.53116496311125,0.5959244966506958,1156.154296875,4.0,2024,2.168809413909912,"{""type"":""Point"",""coordinates"":[36.53116496311125,-0.6271940827656902]}"
3044,2.1778292655944824,Nyandarua,2503.0,24.59130477905273,0.4040610194206238,1058.6063232421875,-0.2752979093570992,36.28178092680911,0.5988175868988037,950.6990356445312,4.0,2024,2.1778292655944824,"{""type"":""Point"",""coordinates"":[36.28178092680911,-0.2752979093570992]}"
3050,1.7429015636444092,Nyandarua,2493.0,22.08695602416992,0.3979392051696777,654.1491088867188,-0.6681407066730781,36.55852631849625,0.5244237184524536,1301.0384521484375,4.0,2024,1.7429015636444092,"{""type"":""Point"",""coordinates"":[36.55852631849625,-0.6681407066730781]}"
3064,2.718601703643799,Nyandarua,2344.0,21.03913116455078,0.3373562395572662,1040.6885986328125,-0.3387223308038877,36.44947494711387,0.5130620002746582,919.640625,1.0,2024,2.718601703643799,"{""type"":""Point"",""coordinates"":[36.44947494711387,-0.33872233080388775]}"
3065,2.701781988143921,Nyandarua,2375.0,19.71739196777344,0.2949960827827453,986.5427856445312,-0.2141664592256758,36.39984095546854,0.4351630806922912,906.7599487304688,4.0,2024,2.701781988143921,"{""type"":""Point"",""coordinates"":[36.39984095546854,-0.21416645922567584]}"
3071,2.288429021835327,Nyandarua,2525.0,22.40434837341309,0.3810720145702362,931.31884765625,-0.7356645817068822,36.537134650955785,0.4705260396003723,1146.4976806640625,4.0,2024,2.288429021835327,"{""type"":""Point"",""coordinates"":[36.537134650955785,-0.7356645817068822]}"
3077,1.020387053489685,Nyandarua,2643.0,23.12173843383789,0.446464329957962,719.7100219726562,-0.8204032882140939,36.60376693258306,0.6389321684837341,1799.856201171875,4.0,2024,1.020387053489685,"{""type"":""Point"",""coordinates"":[36.60376693258306,-0.8204032882140939]}"
3080,2.3149988651275635,Nyandarua,2350.0,17.639129638671875,0.3230446279048919,1086.5555419921875,-0.1136623543284321,36.38726575795025,0.5042417645454407,873.3862915039062,1.0,2024,2.3149988651275635,"{""type"":""Point"",""coordinates"":[36.38726575795025,-0.11366235432843211]}"
3086,1.9688613414764404,Nyandarua,2439.0,21.756521224975582,0.4169344007968902,957.3016967773438,-0.6018220183278307,36.53847530239357,0.6133531928062439,1156.154296875,4.0,2024,1.9688613414764404,"{""type"":""Point"",""coordinates"":[36.53847530239357,-0.6018220183278307]}"
3089,2.500228881835937,Nyandarua,2425.0,24.60869598388672,0.3650598227977752,751.9829711914062,-0.3779816688178568,36.49440454883543,0.5111405849456787,995.1351318359376,4.0,2024,2.500228881835937,"{""type"":""Point"",""coordinates"":[36.49440454883543,-0.37798166881785683]}"
3097,2.10454535484314,Nyandarua,2344.0,19.74347877502441,0.3103073835372925,1086.5555419921875,-0.0583578859607699,36.43090420492007,0.4493907392024994,803.188232421875,4.0,2024,2.10454535484314,"{""type"":""Point"",""coordinates"":[36.43090420492007,-0.05835788596076993]}"
3099,2.304187297821045,Nyandarua,2426.0,21.569564819335938,0.3452239036560058,957.3016967773438,-0.5602492646354787,36.49620831107501,0.4602166712284088,1003.9808349609376,4.0,2024,2.304187297821045,"{""type"":""Point"",""coordinates"":[36.49620831107501,-0.5602492646354787]}"
3111,2.6006360054016118,Nyandarua,2322.0,24.678260803222656,0.3777631521224975,751.9829711914062,-0.3580788846437199,36.45507646064653,0.5857518315315247,995.1351318359376,1.0,2024,2.6006360054016118,"{""type"":""Point"",""coordinates"":[36.455076460646524,-0.3580788846437199]}"
3130,3.036757469177246,Nyandarua,2348.0,17.517391204833984,0.2829755842685699,986.5427856445312,-0.2458103896629662,36.43806048738219,0.479585200548172,906.7599487304688,4.0,2024,3.036757469177246,"{""type"":""Point"",""coordinates"":[36.43806048738219,-0.24581038966296628]}"
3133,1.6387629508972168,Nyandarua,2567.0,22.68695640563965,0.4164097607135772,636.4963989257812,-0.6410089918014322,36.60631735554896,0.5443632006645203,1529.389892578125,4.0,2024,1.6387629508972168,"{""type"":""Point"",""coordinates"":[36.60631735554896,-0.6410089918014322]}"
3142,2.7434120178222656,Nyandarua,2100.0,17.31304359436035,0.2824744880199432,1405.6363525390625,0.094376058767632,36.50225544715293,0.4396725296974182,688.7552490234375,4.0,2024,2.7434120178222656,"{""type"":""Point"",""coordinates"":[36.50225544715293,0.09437605876763205]}"
3149,2.6945838928222656,Nyandarua,2135.0,17.61739158630371,0.3819684684276581,1405.6363525390625,0.0857856367153449,36.48777451602895,0.473257452249527,776.780517578125,4.0,2024,2.6945838928222656,"{""type"":""Point"",""coordinates"":[36.48777451602895,0.0857856367153449]}"
3173,1.1337536573410034,Nyandarua,2609.0,22.299999237060547,0.4149501621723175,719.7100219726562,-0.7791224611280259,36.59241473287111,0.5920195579528809,1443.79736328125,4.0,2024,1.1337536573410034,"{""type"":""Point"",""coordinates"":[36.592414732871106,-0.7791224611280259]}"
3187,2.111961603164673,Nyandarua,2424.0,20.600000381469727,0.3492941260337829,1086.5555419921875,-0.147697267993441,36.36382095813143,0.5348732471466064,873.3862915039062,4.0,2024,2.111961603164673,"{""type"":""Point"",""coordinates"":[36.36382095813143,-0.147697267993441]}"
3188,1.8892858028411863,Nyandarua,2539.0,21.86956596374512,0.3111746609210968,931.31884765625,-0.7287321859525243,36.54919051115783,0.4591180980205536,1146.4976806640625,4.0,2024,1.8892858028411863,"{""type"":""Point"",""coordinates"":[36.54919051115783,-0.7287321859525243]}"
3191,2.626333713531494,Nyandarua,2350.0,18.895652770996094,0.2543221116065979,1040.6885986328125,-0.279388198879921,36.37457213051168,0.4345391690731048,904.895263671875,4.0,2024,2.626333713531494,"{""type"":""Point"",""coordinates"":[36.37457213051168,-0.27938819887992106]}"
3198,2.392265558242798,Nyandarua,2341.0,22.047826766967773,0.3491334915161133,1209.62353515625,-0.0318451254275774,36.42609434111493,0.5054091215133667,799.9849243164062,4.0,2024,2.392265558242798,"{""type"":""Point"",""coordinates"":[36.42609434111493,-0.031845125427577406]}"
3203,2.109930992126465,Nyandarua,2446.0,23.30869483947754,0.4194164872169494,957.3016967773438,-0.608360609601788,36.53008749450107,0.555436909198761,1156.154296875,4.0,2024,2.109930992126465,"{""type"":""Point"",""coordinates"":[36.53008749450107,-0.608360609601788]}"
3209,2.416440486907959,Nyandarua,2682.0,23.017391204833984,0.3543240129947662,898.3021850585938,-0.8846629215051312,36.58705862165612,0.525494396686554,1510.875244140625,4.0,2024,2.416440486907959,"{""type"":""Point"",""coordinates"":[36.58705862165612,-0.8846629215051312]}"
3228,1.8576754331588743,Nyandarua,2477.0,22.38260841369629,0.3693666756153106,636.4963989257812,-0.648813557079446,36.5509123137941,0.5468901991844177,1237.2969970703125,4.0,2024,1.8576754331588743,"{""type"":""Point"",""coordinates"":[36.5509123137941,-0.648813557079446]}"
3236,1.6979210376739502,Nyandarua,2500.0,21.91304397583008,0.4298740327358246,654.1491088867188,-0.6516762875948443,36.56948444184847,0.5640642642974854,1301.0384521484375,4.0,2024,1.6979210376739502,"{""type"":""Point"",""coordinates"":[36.569484441848466,-0.6516762875948443]}"
3250,2.0974678993225098,Nyandarua,2462.0,22.07391357421875,0.4307536482810974,957.3016967773438,-0.6461586199440768,36.53679197743171,0.5878468155860901,1156.154296875,4.0,2024,2.0974678993225098,"{""type"":""Point"",""coordinates"":[36.53679197743171,-0.6461586199440768]}"
3253,2.717581033706665,Nyandarua,2236.0,18.100000381469727,0.2593594789505005,1405.6363525390625,0.0582705509677517,36.45599725606446,0.4305316805839538,776.780517578125,1.0,2024,2.717581033706665,"{""type"":""Point"",""coordinates"":[36.45599725606446,0.05827055096775179]}"
3262,2.1726319789886475,Nyandarua,2284.0,19.13478279113769,0.3235343694686889,1271.9952392578125,0.0096343459409028,36.45275639383404,0.4914461970329284,791.9441528320312,1.0,2024,2.1726319789886475,"{""type"":""Point"",""coordinates"":[36.452756393834036,0.00963434594090281]}"
3271,3.065953731536865,Nyandarua,2197.0,17.42608642578125,0.3052700459957123,1405.6363525390625,0.0859473975664987,36.46420007575774,0.4405640661716461,776.780517578125,4.0,2024,3.065953731536865,"{""type"":""Point"",""coordinates"":[36.46420007575774,0.08594739756649879]}"
3274,1.8329198360443115,Nyandarua,2689.0,22.43913078308105,0.3806343674659729,898.3021850585938,-0.8557635026887812,36.58240332507192,0.5768503546714783,1510.875244140625,4.0,2024,1.8329198360443115,"{""type"":""Point"",""coordinates"":[36.58240332507192,-0.8557635026887812]}"
3277,2.107846736907959,Nyandarua,2535.0,22.6130428314209,0.5439040064811707,931.31884765625,-0.7404502101416031,36.543390742371,0.686418354511261,1146.4976806640625,4.0,2024,2.107846736907959,"{""type"":""Point"",""coordinates"":[36.543390742370995,-0.7404502101416031]}"
3280,1.477491855621338,Nyandarua,2554.0,22.38260841369629,0.3320133984088897,654.1491088867188,-0.7234542397948395,36.573152167576914,0.4496133625507355,1237.4268798828125,4.0,2024,1.477491855621338,"{""type"":""Point"",""coordinates"":[36.573152167576914,-0.7234542397948395]}"
3281,1.7164995670318604,Nyandarua,2241.0,18.017391204833984,0.2578990161418915,1271.9952392578125,0.0041717548561226,36.4999157287485,0.3996706902980804,791.9441528320312,4.0,2024,1.7164995670318604,"{""type"":""Point"",""coordinates"":[36.4999157287485,0.004171754856122693]}"
3282,2.282958507537842,Nyandarua,2432.0,22.90434837341309,0.3342735171318054,957.3016967773438,-0.6164457952682167,36.52300131775819,0.4589187204837799,1156.154296875,4.0,2024,2.282958507537842,"{""type"":""Point"",""coordinates"":[36.52300131775819,-0.6164457952682167]}"
3295,1.6595505475997925,Nyandarua,2558.0,22.66521644592285,0.3899795413017273,636.4963989257812,-0.6108092651573395,36.611278374283465,0.5876626968383789,1529.389892578125,4.0,2024,1.6595505475997925,"{""type"":""Point"",""coordinates"":[36.611278374283465,-0.6108092651573395]}"
3298,1.7372400760650637,Nyandarua,2505.0,21.399999618530277,0.3558637201786041,903.48095703125,-0.0764505164661602,36.32318013507678,0.5609661936759949,932.858642578125,4.0,2024,1.7372400760650637,"{""type"":""Point"",""coordinates"":[36.32318013507678,-0.07645051646616029]}"
3307,2.518803119659424,Nyandarua,2334.0,22.03913116455078,0.36037278175354,986.5427856445312,-0.1912700868873716,36.4403728165284,0.4924725592136383,909.6834716796876,4.0,2024,2.518803119659424,"{""type"":""Point"",""coordinates"":[36.440372816528395,-0.19127008688737163]}"
3310,1.19258713722229,Nyandarua,2608.0,21.1130428314209,0.3731966316699981,903.48095703125,-0.1103266429128519,36.29520423088647,0.5283979773521423,1035.8345947265625,4.0,2024,1.19258713722229,"{""type"":""Point"",""coordinates"":[36.29520423088647,-0.11032664291285196]}"
3313,1.3089107275009155,Nyandarua,2703.0,21.15652084350586,0.353188157081604,839.247314453125,-0.1842856131474564,36.31957536722174,0.5496753454208374,1030.8326416015625,4.0,2024,1.3089107275009155,"{""type"":""Point"",""coordinates"":[36.31957536722174,-0.18428561314745642]}"
3322,2.834007740020752,Nyandarua,2339.0,19.169565200805664,0.3476497530937195,986.5427856445312,-0.2203032454329445,36.44878669584297,0.5302065014839172,906.7599487304688,1.0,2024,2.834007740020752,"{""type"":""Point"",""coordinates"":[36.44878669584297,-0.22030324543294455]}"
3329,2.758044958114624,Nyandarua,2355.0,18.826086044311523,0.2702623307704925,1209.62353515625,-0.0453789299563171,36.37160685604526,0.4212632179260254,821.6705322265625,4.0,2024,2.758044958114624,"{""type"":""Point"",""coordinates"":[36.37160685604526,-0.04537892995631715]}"
3330,1.4117724895477295,Nyandarua,2592.0,22.13478279113769,0.3682661354541778,719.7100219726562,-0.7633394598198966,36.5754365873413,0.5338528752326965,1443.79736328125,4.0,2024,1.4117724895477295,"{""type"":""Point"",""coordinates"":[36.5754365873413,-0.7633394598198966]}"
3332,4.040223121643066,Nyandarua,2187.0,21.80869483947754,0.2872238457202911,1154.89013671875,-0.4168646201659483,36.38368465113305,0.4959059655666351,811.5460815429688,4.0,2024,4.040223121643066,"{""type"":""Point"",""coordinates"":[36.38368465113305,-0.41686462016594833]}"
3343,2.732139587402344,Nyandarua,2341.0,21.234783172607425,0.3537359535694122,1040.6885986328125,-0.3374463140692819,36.449436492985896,0.5307414531707764,919.640625,1.0,2024,2.732139587402344,"{""type"":""Point"",""coordinates"":[36.449436492985896,-0.33744631406928194]}"
3345,1.6416834592819214,Nyandarua,2537.0,22.46086883544922,0.4240746796131134,654.1491088867188,-0.717099238078397,36.56139999034652,0.6212238073348999,1237.4268798828125,4.0,2024,1.6416834592819214,"{""type"":""Point"",""coordinates"":[36.561399990346516,-0.717099238078397]}"
3355,1.98971962928772,Nyandarua,2470.0,21.19130516052246,0.3022211790084839,903.48095703125,-0.09229932155093,36.3464642913244,0.4911844432353973,932.858642578125,4.0,2024,1.98971962928772,"{""type"":""Point"",""coordinates"":[36.346464291324395,-0.09229932155093004]}"
3356,1.0504437685012815,Nyandarua,2578.0,22.552173614501957,0.4220882654190063,719.7100219726562,-0.7642165399126439,36.60586663446838,0.5697109699249268,1535.402099609375,4.0,2024,1.0504437685012815,"{""type"":""Point"",""coordinates"":[36.60586663446838,-0.7642165399126439]}"
3357,3.25037145614624,Nyandarua,2099.0,16.904348373413086,0.280267596244812,1268.8878173828125,0.0062179586884361,36.58673641944301,0.4476049840450287,626.6849975585938,4.0,2024,3.25037145614624,"{""type"":""Point"",""coordinates"":[36.58673641944301,0.006217958688436149]}"
3358,2.777685165405273,Nyandarua,2123.0,16.7391300201416,0.4297990202903747,1405.6363525390625,0.0924372519950155,36.49174034956646,0.5739348530769348,776.780517578125,4.0,2024,2.777685165405273,"{""type"":""Point"",""coordinates"":[36.49174034956646,0.09243725199501555]}"
3374,3.0041983127593994,Nyandarua,2354.0,20.77391242980957,0.297055572271347,986.5427856445312,-0.2414491295069466,36.429346460861474,0.4459500312805176,906.7599487304688,4.0,2024,3.0041983127593994,"{""type"":""Point"",""coordinates"":[36.429346460861474,-0.24144912950694664]}"
3387,2.6605818271636963,Nyandarua,2389.0,19.447826385498047,0.3053160011768341,986.5427856445312,-0.2341159535747647,36.38652616823205,0.4446565806865692,953.46484375,4.0,2024,2.6605818271636963,"{""type"":""Point"",""coordinates"":[36.38652616823205,-0.23411595357476478]}"
3397,2.000455856323242,Nyandarua,2435.0,22.339130401611328,0.369032621383667,957.3016967773438,-0.5756319241129955,36.52711578607943,0.5351701378822327,1042.88134765625,4.0,2024,2.000455856323242,"{""type"":""Point"",""coordinates"":[36.52711578607943,-0.5756319241129955]}"
3414,2.9080848693847656,Nyandarua,2448.0,22.547826766967773,0.3309663832187652,1058.6063232421875,-0.3110671152647021,36.283762985895,0.5606009364128113,908.1383056640624,4.0,2024,2.9080848693847656,"{""type"":""Point"",""coordinates"":[36.283762985894995,-0.31106711526470215]}"
3418,2.468156576156616,Nyandarua,2537.0,24.78260803222656,0.4048205018043518,751.9829711914062,-0.3982567389366678,36.50456657999467,0.5626780986785889,1072.8966064453125,4.0,2024,2.468156576156616,"{""type"":""Point"",""coordinates"":[36.50456657999467,-0.39825673893666785]}"
3425,2.3374547958374023,Nyandarua,2412.0,21.839130401611328,0.322828084230423,986.5427856445312,-0.196273562980295,36.37462751120501,0.4001188278198242,931.747802734375,4.0,2024,2.3374547958374023,"{""type"":""Point"",""coordinates"":[36.37462751120501,-0.19627356298029508]}"
3428,0.8413134813308716,Nyandarua,2582.0,22.213043212890625,0.4314398765563965,719.7100219726562,-0.790858479656712,36.62558095026425,0.6126580834388733,1535.402099609375,4.0,2024,0.8413134813308716,"{""type"":""Point"",""coordinates"":[36.62558095026425,-0.790858479656712]}"
3435,1.683293342590332,Nyandarua,2574.0,22.839130401611328,0.4088800251483917,719.7100219726562,-0.7626531239864893,36.56150547233344,0.5560446977615356,1443.79736328125,4.0,2024,1.683293342590332,"{""type"":""Point"",""coordinates"":[36.561505472333444,-0.7626531239864893]}"
3444,1.5106303691864014,Nyandarua,2571.0,19.669565200805664,0.3025943040847778,1126.5531005859375,-0.1289308139177027,36.46463615754698,0.4413570165634155,839.7518310546875,4.0,2024,1.5106303691864014,"{""type"":""Point"",""coordinates"":[36.464636157546984,-0.1289308139177027]}"
3450,2.324861526489258,Nyandarua,2423.0,22.42608642578125,0.3723697364330292,918.7949829101562,-0.521025824981159,36.48682814011834,0.6149871349334717,993.0908813476562,4.0,2024,2.324861526489258,"{""type"":""Point"",""coordinates"":[36.48682814011834,-0.521025824981159]}"
3462,3.5953400135040283,Nyandarua,2632.0,18.61739158630371,0.3375434875488281,925.9317626953124,-0.1937699718256394,36.22825171474334,0.5127031803131104,1121.9827880859375,4.0,2024,3.5953400135040283,"{""type"":""Point"",""coordinates"":[36.22825171474334,-0.19376997182563946]}"
3469,3.612179756164551,Nyandarua,2538.0,21.917390823364254,0.3101445138454437,1293.6524658203125,-0.3537366332080385,36.32918222284497,0.4464800059795379,846.8605346679688,4.0,2024,3.612179756164551,"{""type"":""Point"",""coordinates"":[36.32918222284497,-0.35373663320803855]}"
3477,2.661926746368408,Nyandarua,2405.0,21.93478202819824,0.3749184310436249,703.086669921875,-0.3330510344932032,36.505570322274615,0.5586486458778381,1091.4190673828125,4.0,2024,2.661926746368408,"{""type"":""Point"",""coordinates"":[36.505570322274615,-0.3330510344932032]}"
3482,2.3436102867126465,Nyandarua,2356.0,18.047826766967773,0.2998951375484466,1086.5555419921875,-0.101261391431842,36.38384533847412,0.4480002820491791,873.3862915039062,4.0,2024,2.3436102867126465,"{""type"":""Point"",""coordinates"":[36.38384533847412,-0.10126139143184207]}"
3488,2.6254100799560547,Nyandarua,2409.0,23.604347229003903,0.3423705697059631,703.086669921875,-0.3443458795239473,36.49796867657283,0.5270817875862122,976.94140625,4.0,2024,2.6254100799560547,"{""type"":""Point"",""coordinates"":[36.49796867657283,-0.3443458795239473]}"
3501,2.777288913726806,Nyandarua,2375.0,23.1130428314209,0.3298563659191131,703.086669921875,-0.3032450419321693,36.50620227581162,0.5187356472015381,1091.4190673828125,4.0,2024,2.777288913726806,"{""type"":""Point"",""coordinates"":[36.50620227581162,-0.30324504193216933]}"
3506,1.256142258644104,Nyandarua,2436.0,20.265216827392575,0.3111527264118194,1126.5531005859375,-0.0844795878213478,36.49815674934317,0.4766773283481598,811.5564575195312,4.0,2024,1.256142258644104,"{""type"":""Point"",""coordinates"":[36.49815674934317,-0.08447958782134782]}"
3511,2.223683357238769,Nyandarua,2419.0,23.069564819335938,0.3825313746929168,957.3016967773438,-0.6095553805421594,36.52443279091594,0.5367342829704285,1156.154296875,4.0,2024,2.223683357238769,"{""type"":""Point"",""coordinates"":[36.52443279091594,-0.6095553805421594]}"
3515,0.8294925689697266,Nyandarua,2603.0,23.09130477905273,0.438419759273529,719.7100219726562,-0.7994714425036971,36.62516659375838,0.6431196928024292,1535.402099609375,4.0,2024,0.8294925689697266,"{""type"":""Point"",""coordinates"":[36.62516659375838,-0.7994714425036971]}"
3520,2.5084824562072754,Nyandarua,2116.0,17.92608642578125,0.3619174659252167,1268.8878173828125,0.0045155557106048,36.55776759246041,0.5352005958557129,626.6849975585938,4.0,2024,2.5084824562072754,"{""type"":""Point"",""coordinates"":[36.55776759246041,0.004515555710604828]}"
3524,3.783779382705689,Nyandarua,2330.0,23.639129638671875,0.3771083950996399,1143.9588623046875,-0.2769498681802459,36.24366329944618,0.5769553184509277,1041.4737548828125,1.0,2024,3.783779382705689,"{""type"":""Point"",""coordinates"":[36.24366329944618,-0.2769498681802459]}"
3525,2.305081844329834,Nyandarua,2347.0,17.42608642578125,0.2392417043447494,1086.5555419921875,-0.1259345123237421,36.391087799292414,0.3820146322250366,873.3862915039062,1.0,2024,2.305081844329834,"{""type"":""Point"",""coordinates"":[36.391087799292414,-0.12593451232374214]}"
3537,2.151087999343872,Nyandarua,2482.0,20.595651626586918,0.3858446180820465,1040.6885986328125,-0.2669783506185443,36.35166360581618,0.5999639630317688,904.895263671875,4.0,2024,2.151087999343872,"{""type"":""Point"",""coordinates"":[36.35166360581618,-0.2669783506185443]}"
3540,1.8000017404556274,Nyandarua,2454.0,22.68260955810547,0.495266854763031,636.4963989257812,-0.6065873214055878,36.55992335898136,0.6569560170173645,1237.2969970703125,4.0,2024,1.8000017404556274,"{""type"":""Point"",""coordinates"":[36.55992335898136,-0.6065873214055878]}"
3542,1.300795316696167,Nyandarua,2640.0,21.24347877502441,0.4826372563838959,654.1491088867188,-0.6833763891526848,36.64288498765109,0.6877884268760681,1494.9495849609375,4.0,2024,1.300795316696167,"{""type"":""Point"",""coordinates"":[36.642884987651094,-0.6833763891526848]}"
3552,1.355851411819458,Nyandarua,2626.0,20.41304397583008,0.3195922672748565,839.247314453125,-0.1594205621361148,36.32359604928884,0.5013073682785034,1030.8326416015625,4.0,2024,1.355851411819458,"{""type"":""Point"",""coordinates"":[36.32359604928884,-0.15942056213611486]}"
3554,2.840429306030273,Nyandarua,2369.0,22.700000762939453,0.2842870950698852,703.086669921875,-0.3083019957928218,36.490160076011634,0.3986051380634308,976.94140625,4.0,2024,2.840429306030273,"{""type"":""Point"",""coordinates"":[36.490160076011634,-0.30830199579282186]}"
3562,3.552884817123413,Nyandarua,2275.0,24.53478240966797,0.3973548412322998,1154.89013671875,-0.4395765419219037,36.42413607569316,0.6190021634101868,916.82666015625,4.0,2024,3.552884817123413,"{""type"":""Point"",""coordinates"":[36.42413607569316,-0.4395765419219037]}"
3564,1.5279788970947266,Nyandarua,2524.0,22.756521224975582,0.4003775715827942,654.1491088867188,-0.6886241876656779,36.58363252367312,0.5567039251327515,1301.0384521484375,4.0,2024,1.5279788970947266,"{""type"":""Point"",""coordinates"":[36.58363252367312,-0.6886241876656779]}"
3566,2.000645637512207,Nyandarua,2439.0,22.299999237060547,0.3743536472320556,957.3016967773438,-0.5659404634883668,36.52306251550231,0.514988124370575,1042.88134765625,4.0,2024,2.000645637512207,"{""type"":""Point"",""coordinates"":[36.52306251550231,-0.5659404634883668]}"
3567,1.5493452548980713,Nyandarua,2528.0,22.373912811279297,0.4799276888370514,654.1491088867188,-0.6842295882961377,36.58163102295586,0.6479687094688416,1301.0384521484375,4.0,2024,1.5493452548980713,"{""type"":""Point"",""coordinates"":[36.58163102295586,-0.6842295882961377]}"
3579,1.9933867454528809,Nyandarua,2505.0,22.03043556213379,0.3227363228797912,986.5427856445312,-0.2408365498417592,36.35084329535783,0.5259623527526855,953.46484375,4.0,2024,1.9933867454528809,"{""type"":""Point"",""coordinates"":[36.350843295357826,-0.24083654984175926]}"
3581,1.6971700191497805,Nyandarua,2563.0,22.508695602416992,0.408539742231369,719.7100219726562,-0.7513715519822993,36.56007831507983,0.5664604902267456,1443.79736328125,4.0,2024,1.6971700191497805,"{""type"":""Point"",""coordinates"":[36.56007831507983,-0.7513715519822993]}"
3582,2.274883270263672,Nyandarua,2411.0,20.69565200805664,0.4698251187801361,957.3016967773438,-0.5824124630456893,36.50988215024923,0.619927704334259,1042.88134765625,4.0,2024,2.274883270263672,"{""type"":""Point"",""coordinates"":[36.50988215024923,-0.5824124630456893]}"
3586,2.6480648517608643,Nyandarua,2341.0,18.96521759033203,0.2782370448112488,1040.6885986328125,-0.2882899316724932,36.37447425333343,0.4462610781192779,904.895263671875,4.0,2024,2.6480648517608643,"{""type"":""Point"",""coordinates"":[36.37447425333343,-0.2882899316724932]}"
3589,2.9387805461883545,Nyandarua,2279.0,21.04347801208496,0.3499974608421325,1154.89013671875,-0.3704324265281028,36.387375439433086,0.5641376376152039,854.5677490234375,1.0,2024,2.9387805461883545,"{""type"":""Point"",""coordinates"":[36.387375439433086,-0.3704324265281028]}"
3594,3.7319374084472656,Nyandarua,2238.0,23.952173233032227,0.3778972029685974,1154.89013671875,-0.3955427102530995,36.37191244505784,0.6167802214622498,854.5677490234375,1.0,2024,3.7319374084472656,"{""type"":""Point"",""coordinates"":[36.37191244505784,-0.39554271025309956]}"
3595,3.055278778076172,Nyandarua,2332.0,24.360870361328125,0.3463922441005707,1040.6885986328125,-0.3468079535614529,36.35581527565418,0.5537142753601074,883.1970825195312,4.0,2024,3.055278778076172,"{""type"":""Point"",""coordinates"":[36.35581527565418,-0.3468079535614529]}"
3607,2.097021579742432,Nyandarua,2806.0,21.57826042175293,0.4676674902439117,1088.5662841796875,-0.1252339170450086,36.2382809507673,0.605728805065155,1095.2337646484375,4.0,2024,2.097021579742432,"{""type"":""Point"",""coordinates"":[36.2382809507673,-0.12523391704500866]}"
3622,2.3154430389404297,Nyandarua,2341.0,17.991304397583008,0.2949568927288055,986.5427856445312,-0.1555337703535094,36.41356707497271,0.4700574576854706,909.6834716796876,4.0,2024,2.3154430389404297,"{""type"":""Point"",""coordinates"":[36.41356707497271,-0.15553377035350943]}"
3629,4.009438514709473,Nyandarua,2415.0,22.78695678710937,0.4193661212921142,1293.6524658203125,-0.3616429384589581,36.31998190775703,0.5827349424362183,846.8605346679688,4.0,2024,4.009438514709473,"{""type"":""Point"",""coordinates"":[36.319981907757025,-0.3616429384589581]}"
3632,2.5399718284606934,Nyandarua,2681.0,21.63478279113769,0.4215041100978851,898.3021850585938,-0.8812970207296897,36.5780256495333,0.5869686007499695,1510.875244140625,4.0,2024,2.5399718284606934,"{""type"":""Point"",""coordinates"":[36.5780256495333,-0.8812970207296897]}"
3637,2.3267152309417725,Nyandarua,2506.0,20.852174758911133,0.4834784567356109,1058.6063232421875,-0.2933260866196069,36.28852941145397,0.6806597113609314,950.6990356445312,4.0,2024,2.3267152309417725,"{""type"":""Point"",""coordinates"":[36.28852941145397,-0.29332608661960696]}"
3639,1.9682307243347168,Nyandarua,2576.0,21.50434875488281,0.3288271725177765,1058.6063232421875,-0.2742072808620404,36.33832723590844,0.4915072321891784,843.2105102539062,4.0,2024,1.9682307243347168,"{""type"":""Point"",""coordinates"":[36.33832723590844,-0.2742072808620404]}"
3646,2.05873703956604,Nyandarua,2506.0,21.982608795166016,0.3971790969371795,931.31884765625,-0.6840057341685652,36.53915744706231,0.5280951857566833,1155.636474609375,4.0,2024,2.05873703956604,"{""type"":""Point"",""coordinates"":[36.53915744706231,-0.6840057341685652]}"
3651,1.2229690551757812,Nyandarua,2637.0,17.582609176635742,0.3559005558490753,903.48095703125,-0.1092325789881838,36.30123117063639,0.5513641834259033,1024.9276123046875,4.0,2024,1.2229690551757812,"{""type"":""Point"",""coordinates"":[36.301231170636385,-0.10923257898818385]}"
3660,2.2191824913024902,Nyandarua,2486.0,22.017391204833984,0.3166532218456268,986.5427856445312,-0.2275951612234047,36.36317884102549,0.5363772511482239,953.46484375,4.0,2024,2.2191824913024902,"{""type"":""Point"",""coordinates"":[36.36317884102549,-0.2275951612234047]}"
3674,3.829868078231812,Nyandarua,2224.0,20.96956443786621,0.3081458806991577,1292.1944580078125,0.0845658098452202,36.43302204461695,0.464744359254837,853.9402465820312,1.0,2024,3.829868078231812,"{""type"":""Point"",""coordinates"":[36.43302204461695,0.08456580984522027]}"
3681,1.6932053565979004,Nyandarua,2498.0,22.147825241088867,0.4689991474151611,654.1491088867188,-0.6743791020036466,36.56215013962643,0.6265588402748108,1301.0384521484375,4.0,2024,1.6932053565979004,"{""type"":""Point"",""coordinates"":[36.56215013962643,-0.6743791020036466]}"
3682,3.026021718978882,Nyandarua,2287.0,19.12173843383789,0.2840191125869751,1292.1944580078125,0.0557228760727129,36.44294520545759,0.4552601277828216,853.9402465820312,1.0,2024,3.026021718978882,"{""type"":""Point"",""coordinates"":[36.44294520545759,0.055722876072712924]}"
3684,4.119875907897949,Nyandarua,2268.0,20.895652770996094,0.2908236682415008,1292.1944580078125,0.0822565297957162,36.42139142463105,0.4168478548526764,853.9402465820312,1.0,2024,4.119875907897949,"{""type"":""Point"",""coordinates"":[36.42139142463105,0.08225652979571622]}"
3689,1.2212138175964355,Nyandarua,2558.0,19.395652770996094,0.2565004825592041,1126.5531005859375,-0.1240774380286587,36.49007032325651,0.4375296533107757,839.7518310546875,4.0,2024,1.2212138175964355,"{""type"":""Point"",""coordinates"":[36.49007032325651,-0.12407743802865874]}"
3690,1.4920432567596436,Nyandarua,2722.0,20.721738815307617,0.2957605123519897,903.48095703125,-0.107910663625928,36.266279768385374,0.4827649593353271,1035.8345947265625,4.0,2024,1.4920432567596436,"{""type"":""Point"",""coordinates"":[36.266279768385374,-0.10791066362592804]}"
3694,2.983124017715454,Nyandarua,2429.0,21.708696365356445,0.3779408633708954,957.3016967773438,-0.5646623038056507,36.46346709899491,0.5267038345336914,1003.9808349609376,4.0,2024,2.983124017715454,"{""type"":""Point"",""coordinates"":[36.46346709899491,-0.5646623038056507]}"
3696,2.261542558670044,Nyandarua,2408.0,21.5217399597168,0.3202119469642639,986.5427856445312,-0.1827083305395987,36.37199361847288,0.5143512487411499,931.747802734375,4.0,2024,2.261542558670044,"{""type"":""Point"",""coordinates"":[36.37199361847288,-0.1827083305395987]}"
3698,1.8185986280441284,Nyandarua,2474.0,22.30434799194336,0.4838859736919403,636.4963989257812,-0.6404368256861134,36.55516631312691,0.6210837960243225,1237.2969970703125,4.0,2024,1.8185986280441284,"{""type"":""Point"",""coordinates"":[36.55516631312691,-0.6404368256861134]}"
3704,1.8710319995880127,Nyandarua,2484.0,19.57391357421875,0.2757629454135895,903.48095703125,-0.0912440102040814,36.33914760346271,0.4440445303916931,932.858642578125,4.0,2024,1.8710319995880127,"{""type"":""Point"",""coordinates"":[36.339147603462706,-0.09124401020408143]}"
3715,3.2308032512664795,Nyandarua,2409.0,23.10869598388672,0.3454128801822662,957.3016967773438,-0.5763686726514533,36.45782720522865,0.5097446441650391,1003.9808349609376,4.0,2024,3.2308032512664795,"{""type"":""Point"",""coordinates"":[36.45782720522865,-0.5763686726514533]}"
3724,2.2309887409210205,Nyandarua,2460.0,22.19130516052246,0.4108904302120209,931.31884765625,-0.6537773647121593,36.53136758069682,0.5563461184501648,1155.636474609375,4.0,2024,2.2309887409210205,"{""type"":""Point"",""coordinates"":[36.53136758069682,-0.6537773647121593]}"
3727,2.705700397491455,Nyandarua,2323.0,22.365217208862305,0.4057924747467041,1040.6885986328125,-0.2958816283201834,36.37728380089264,0.6331467628479004,904.895263671875,1.0,2024,2.705700397491455,"{""type"":""Point"",""coordinates"":[36.377283800892634,-0.29588162832018344]}"
3735,3.93833589553833,Nyandarua,2341.0,18.22608757019043,0.3477035164833069,1209.62353515625,0.0168134859875967,36.36962979928587,0.4892632067203522,860.7394409179688,1.0,2024,3.93833589553833,"{""type"":""Point"",""coordinates"":[36.36962979928587,0.016813485987596747]}"
3737,2.165678739547729,Nyandarua,2441.0,22.92608642578125,0.3272332847118377,957.3016967773438,-0.6140091098220833,36.5282213921844,0.4537725150585174,1156.154296875,4.0,2024,2.165678739547729,"{""type"":""Point"",""coordinates"":[36.5282213921844,-0.6140091098220833]}"
3750,2.6449780464172363,Nyandarua,2161.0,17.856521606445312,0.3410686552524566,1268.8878173828125,-0.0209556537725502,36.55973688753665,0.4827671349048614,612.8214111328125,4.0,2024,2.6449780464172363,"{""type"":""Point"",""coordinates"":[36.55973688753665,-0.020955653772550282]}"
3791,2.0815539360046387,Nyandarua,2211.0,19.89130401611328,0.3268797099590301,1026.3397216796875,-0.1073498570794325,36.58462702138139,0.5249418020248413,806.2779541015625,4.0,2024,2.0815539360046387,"{""type"":""Point"",""coordinates"":[36.58462702138139,-0.10734985707943255]}"
3800,3.425281286239624,Nyandarua,2280.0,20.508695602416992,0.4788550436496734,1154.89013671875,-0.3916514107126396,36.38106704613647,0.637951135635376,854.5677490234375,4.0,2024,3.425281286239624,"{""type"":""Point"",""coordinates"":[36.38106704613647,-0.3916514107126396]}"
3801,3.031374931335449,Nyandarua,2348.0,22.68260955810547,0.3110480308532715,986.5427856445312,-0.2486812872060691,36.42492840483049,0.5311141014099121,906.7599487304688,4.0,2024,3.031374931335449,"{""type"":""Point"",""coordinates"":[36.42492840483049,-0.24868128720606916]}"
3836,2.316002130508423,Nyandarua,2177.0,17.100000381469727,0.3620585799217224,1405.6363525390625,0.067570857201252,36.49352069748444,0.4819223880767822,776.780517578125,4.0,2024,2.316002130508423,"{""type"":""Point"",""coordinates"":[36.493520697484435,0.06757085720125203]}"
3840,2.1254637241363525,Nyandarua,2402.0,22.008695602416992,0.3554367423057556,1086.5555419921875,-0.1343154595827191,36.36399070727832,0.5324441194534302,873.3862915039062,1.0,2024,2.1254637241363525,"{""type"":""Point"",""coordinates"":[36.36399070727832,-0.13431545958271912]}"
3843,2.8046891689300537,Nyandarua,2441.0,21.291303634643555,0.3861525356769562,1094.8021240234375,-0.0059829912653383,36.29957608903522,0.5399639010429382,947.9537963867188,4.0,2024,2.8046891689300537,"{""type"":""Point"",""coordinates"":[36.29957608903522,-0.00598299126533834]}"
3849,2.436311721801758,Nyandarua,2412.0,23.082609176635746,0.3588221669197082,957.3016967773438,-0.5674165237110095,36.49167956535376,0.4752537906169891,1003.9808349609376,4.0,2024,2.436311721801758,"{""type"":""Point"",""coordinates"":[36.491679565353756,-0.5674165237110095]}"
3853,2.870402336120605,Nyandarua,2373.0,20.77391242980957,0.3367195129394531,1040.6885986328125,-0.2644780649190985,36.39524005472966,0.5138643980026245,904.895263671875,4.0,2024,2.870402336120605,"{""type"":""Point"",""coordinates"":[36.39524005472966,-0.2644780649190985]}"
3865,2.0768051147460938,Nyandarua,2508.0,26.86956596374512,0.5817975401878357,518.3616943359375,-0.5032646673778528,36.56953827061799,0.7331174612045288,1202.222412109375,4.0,2024,2.0768051147460938,"{""type"":""Point"",""coordinates"":[36.56953827061799,-0.5032646673778528]}"
3878,1.0221771001815796,Nyandarua,2626.0,22.491304397583008,0.4331471621990204,719.7100219726562,-0.7980821081972818,36.59954766834097,0.6020667552947998,1443.79736328125,4.0,2024,1.0221771001815796,"{""type"":""Point"",""coordinates"":[36.59954766834097,-0.7980821081972818]}"
3879,1.8445537090301516,Nyandarua,2557.0,22.278261184692383,0.4437277019023895,719.7100219726562,-0.7503829877767498,36.5533932639297,0.6333733201026917,1443.79736328125,4.0,2024,1.8445537090301516,"{""type"":""Point"",""coordinates"":[36.5533932639297,-0.7503829877767498]}"
3880,1.3402214050292969,Nyandarua,2500.0,19.478260040283203,0.357800155878067,1126.5531005859375,-0.0907386460806137,36.47557919714396,0.5892584323883057,811.5564575195312,4.0,2024,1.3402214050292969,"{""type"":""Point"",""coordinates"":[36.47557919714396,-0.09073864608061379]}"
3903,1.9072744846343996,Nyandarua,2487.0,24.395652770996094,0.3688178360462188,986.5427856445312,-0.1516152702314985,36.352767444459104,0.6187305450439453,931.747802734375,4.0,2024,1.9072744846343996,"{""type"":""Point"",""coordinates"":[36.352767444459104,-0.15161527023149857]}"
3907,1.0986628532409668,Nyandarua,2656.0,22.547826766967773,0.4214362502098083,719.7100219726562,-0.8252527026998783,36.600927580177206,0.5960386395454407,1799.856201171875,4.0,2024,1.0986628532409668,"{""type"":""Point"",""coordinates"":[36.600927580177206,-0.8252527026998783]}"
3925,2.3957173824310303,Nyandarua,2337.0,17.395652770996094,0.3013307750225067,1086.5555419921875,-0.0617966437368703,36.40926813539197,0.4413091242313385,803.188232421875,4.0,2024,2.3957173824310303,"{""type"":""Point"",""coordinates"":[36.40926813539197,-0.06179664373687033]}"
3932,2.751361846923828,Nyandarua,2290.0,20.417390823364254,0.3159773647785187,1040.6885986328125,-0.332564566519564,36.42753614181321,0.4897840917110443,919.640625,1.0,2024,2.751361846923828,"{""type"":""Point"",""coordinates"":[36.42753614181321,-0.33256456651956406]}"
3936,1.937546730041504,Nyandarua,2521.0,21.15217399597168,0.3797730505466461,903.48095703125,-0.0516765505276269,36.3009405823512,0.5647110342979431,932.858642578125,4.0,2024,1.937546730041504,"{""type"":""Point"",""coordinates"":[36.3009405823512,-0.05167655052762692]}"
3951,2.896337509155273,Nyandarua,2359.0,18.95652198791504,0.459200918674469,1209.62353515625,-0.0370928476075611,36.37771456930014,0.6093360185623169,821.6705322265625,4.0,2024,2.896337509155273,"{""type"":""Point"",""coordinates"":[36.37771456930014,-0.03709284760756112]}"
3970,2.4760987758636475,Nyandarua,2348.0,18.30434799194336,0.3338844776153564,1086.5555419921875,-0.0736472218680855,36.38929007554741,0.4902617931365967,847.884521484375,4.0,2024,2.4760987758636475,"{""type"":""Point"",""coordinates"":[36.389290075547414,-0.07364722186808557]}"
3971,1.9469106197357176,Nyandarua,2472.0,19.53043556213379,0.3224567174911499,1086.5555419921875,-0.0581554781071527,36.44044199866608,0.5006171464920044,803.188232421875,4.0,2024,1.9469106197357176,"{""type"":""Point"",""coordinates"":[36.440441998666074,-0.058155478107152735]}"
3977,1.2500840425491333,Nyandarua,2605.0,22.62173843383789,0.471596211194992,719.7100219726562,-0.7696400007098927,36.58515787450542,0.638969898223877,1443.79736328125,4.0,2024,1.2500840425491333,"{""type"":""Point"",""coordinates"":[36.58515787450542,-0.7696400007098927]}"
3986,3.456482410430908,Nyandarua,2322.0,21.53478240966797,0.280214250087738,1292.1944580078125,0.0504817588720214,36.42631956080904,0.4822680354118347,853.9402465820312,1.0,2024,3.456482410430908,"{""type"":""Point"",""coordinates"":[36.426319560809034,0.050481758872021464]}"
3997,2.4486026763916016,Nyandarua,2196.0,17.65652084350586,0.2722928524017334,1268.8878173828125,-0.0415197401719911,36.55515127366829,0.4227147996425628,612.8214111328125,4.0,2024,2.4486026763916016,"{""type"":""Point"",""coordinates"":[36.55515127366829,-0.04151974017199111]}"
3998,1.562463641166687,Nyandarua,2626.0,22.899999618530277,0.3925302624702453,1058.6063232421875,-0.2563196686367861,36.3189189892341,0.6250893473625183,843.2105102539062,4.0,2024,1.562463641166687,"{""type"":""Point"",""coordinates"":[36.3189189892341,-0.2563196686367861]}"
4002,2.7858428955078125,Nyandarua,2358.0,19.360870361328125,0.3039495050907135,1040.6885986328125,-0.2655658643229871,36.38753943319335,0.4493685960769653,904.895263671875,4.0,2024,2.7858428955078125,"{""type"":""Point"",""coordinates"":[36.38753943319335,-0.2655658643229871]}"
4006,2.594252109527588,Nyandarua,2322.0,21.65652084350586,0.2999256551265716,751.9829711914062,-0.3594854567267135,36.45115812915007,0.55611252784729,995.1351318359376,1.0,2024,2.594252109527588,"{""type"":""Point"",""coordinates"":[36.45115812915007,-0.3594854567267135]}"
4008,3.45535659790039,Nyandarua,2404.0,24.017391204833984,0.3335289359092712,1143.9588623046875,-0.2672484013089204,36.24955587401752,0.490377813577652,1041.4737548828125,4.0,2024,3.45535659790039,"{""type"":""Point"",""coordinates"":[36.24955587401752,-0.2672484013089204]}"
4011,2.40355920791626,Nyandarua,2709.0,22.30869483947754,0.4082919359207153,898.3021850585938,-0.86652717362164,36.56841268076458,0.5806493759155273,1510.875244140625,4.0,2024,2.40355920791626,"{""type"":""Point"",""coordinates"":[36.56841268076458,-0.86652717362164]}"
4016,1.328081130981445,Nyandarua,2502.0,19.33478355407715,0.315273255109787,1126.5531005859375,-0.0976076087229908,36.4747448823448,0.485341876745224,811.5564575195312,4.0,2024,1.328081130981445,"{""type"":""Point"",""coordinates"":[36.474744882344794,-0.09760760872299082]}"
4024,2.1905007362365723,Nyandarua,2424.0,21.704347610473636,0.3532161116600036,918.7949829101562,-0.547039710331396,36.49877469237382,0.4564904570579529,993.0908813476562,4.0,2024,2.1905007362365723,"{""type"":""Point"",""coordinates"":[36.49877469237382,-0.547039710331396]}"
4032,1.6679610013961792,Nyandarua,2623.0,20.326086044311523,0.3049463033676147,1058.6063232421875,-0.2640901101787,36.32395255325152,0.463276594877243,843.2105102539062,4.0,2024,1.6679610013961792,"{""type"":""Point"",""coordinates"":[36.323952553251516,-0.2640901101787]}"
4047,2.6426827907562256,Nyandarua,2232.0,19.169565200805664,0.3555998206138611,1026.3397216796875,-0.1061586667626518,36.60999269673108,0.5320090055465698,672.5469360351562,4.0,2024,2.6426827907562256,"{""type"":""Point"",""coordinates"":[36.60999269673108,-0.10615866676265186]}"
4049,2.323986053466797,Nyandarua,2359.0,18.513044357299805,0.2929328978061676,1086.5555419921875,-0.1057626752769537,36.38012000906775,0.4545687437057495,873.3862915039062,4.0,2024,2.323986053466797,"{""type"":""Point"",""coordinates"":[36.38012000906775,-0.10576267527695378]}"
4062,0.8308839201927185,Nyandarua,2596.0,22.952173233032227,0.4077829420566559,719.7100219726562,-0.7969357516574413,36.63209787585669,0.5687049031257629,1535.402099609375,4.0,2024,0.8308839201927185,"{""type"":""Point"",""coordinates"":[36.632097875856694,-0.7969357516574413]}"
4069,2.6079938411712646,Nyandarua,2412.0,23.22608757019043,0.386894553899765,957.3016967773438,-0.5681304004786921,36.483263201320206,0.5468605160713196,1003.9808349609376,4.0,2024,2.6079938411712646,"{""type"":""Point"",""coordinates"":[36.483263201320206,-0.5681304004786921]}"
4072,1.500138759613037,Nyandarua,2567.0,22.443477630615234,0.3173444271087646,903.48095703125,-0.1133316069022322,36.32580930116969,0.4895355999469757,1024.9276123046875,4.0,2024,1.500138759613037,"{""type"":""Point"",""coordinates"":[36.32580930116969,-0.11333160690223229]}"
4076,1.5350784063339231,Nyandarua,2575.0,20.639129638671875,0.4035458862781524,719.7100219726562,-0.752601354830908,36.56834070600308,0.5537509918212891,1443.79736328125,4.0,2024,1.5350784063339231,"{""type"":""Point"",""coordinates"":[36.56834070600308,-0.752601354830908]}"
4078,3.182372093200684,Nyandarua,2376.0,16.708696365356445,0.3267861604690552,1209.62353515625,-0.0200163256935792,36.38029205590504,0.5167933702468872,821.6705322265625,1.0,2024,3.182372093200684,"{""type"":""Point"",""coordinates"":[36.38029205590504,-0.020016325693579223]}"
4081,2.474515914916992,Nyandarua,2665.0,22.147825241088867,0.3786269724369049,751.9829711914062,-0.3795675861754592,36.53329431972147,0.5726645588874817,1072.8966064453125,4.0,2024,2.474515914916992,"{""type"":""Point"",""coordinates"":[36.53329431972147,-0.37956758617545927]}"
4089,2.751753330230713,Nyandarua,2369.0,23.265216827392575,0.3172153830528259,881.013916015625,-0.2381347151833566,36.497925896876666,0.5187987685203552,948.2301635742188,4.0,2024,2.751753330230713,"{""type"":""Point"",""coordinates"":[36.497925896876666,-0.23813471518335666]}"
4107,1.552535057067871,Nyandarua,2637.0,19.57826042175293,0.3627167344093323,881.013916015625,-0.1501685817064766,36.48339978289197,0.5037944912910461,889.2483520507812,4.0,2024,1.552535057067871,"{""type"":""Point"",""coordinates"":[36.48339978289197,-0.15016858170647662]}"
4111,2.722498893737793,Nyandarua,2347.0,20.008695602416992,0.3405298590660095,1040.6885986328125,-0.3230140541956723,36.371659474153546,0.5421839952468872,883.1970825195312,4.0,2024,2.722498893737793,"{""type"":""Point"",""coordinates"":[36.371659474153546,-0.3230140541956723]}"
4114,2.054080009460449,Nyandarua,2431.0,23.18695640563965,0.3710478246212005,1086.5555419921875,-0.1488464350045136,36.36077718130303,0.5765815377235413,873.3862915039062,4.0,2024,2.054080009460449,"{""type"":""Point"",""coordinates"":[36.36077718130303,-0.14884643500451364]}"
4115,3.023533582687378,Nyandarua,2449.0,20.43913078308105,0.4268737435340881,957.3016967773438,-0.6192867143522153,36.49285220161929,0.5620484352111816,1018.88525390625,4.0,2024,3.023533582687378,"{""type"":""Point"",""coordinates"":[36.49285220161929,-0.6192867143522153]}"
4120,2.6920177936553955,Nyandarua,2390.0,21.143478393554688,0.3351975381374359,703.086669921875,-0.3282160298516713,36.50271263020562,0.4928928017616272,1091.4190673828125,4.0,2024,2.6920177936553955,"{""type"":""Point"",""coordinates"":[36.50271263020562,-0.3282160298516713]}"
4124,0.944887399673462,Nyandarua,2630.0,22.46956443786621,0.3999230563640594,719.7100219726562,-0.8120982749046343,36.60793093416347,0.5771569013595581,1799.856201171875,4.0,2024,0.944887399673462,"{""type"":""Point"",""coordinates"":[36.60793093416347,-0.8120982749046343]}"
4125,2.717203140258789,Nyandarua,2420.0,23.356521606445312,0.3208688497543335,703.086669921875,-0.2918618748070593,36.520183519325016,0.4986912310123443,1077.343994140625,4.0,2024,2.717203140258789,"{""type"":""Point"",""coordinates"":[36.520183519325016,-0.2918618748070593]}"
4132,1.484971046447754,Nyandarua,2508.0,18.92173957824707,0.2215934842824936,1126.5531005859375,-0.0944036285264178,36.46151033233792,0.3663224577903747,811.5564575195312,4.0,2024,1.484971046447754,"{""type"":""Point"",""coordinates"":[36.461510332337916,-0.0944036285264178]}"
4139,2.7301595211029053,Nyandarua,2410.0,21.595651626586918,0.3448550403118133,957.3016967773438,-0.5563679514978437,36.47158210215,0.5020490884780884,1003.9808349609376,4.0,2024,2.7301595211029053,"{""type"":""Point"",""coordinates"":[36.471582102149995,-0.5563679514978437]}"
4144,1.761211633682251,Nyandarua,2583.0,21.90434837341309,0.3729647397994995,839.247314453125,-0.1913285473135405,36.34528410719298,0.577103316783905,1030.8326416015625,4.0,2024,1.761211633682251,"{""type"":""Point"",""coordinates"":[36.34528410719298,-0.19132854731354051]}"
4157,2.7301595211029053,Nyandarua,2410.0,21.595651626586918,0.3448550403118133,957.3016967773438,-0.5561905426116635,36.47105517955711,0.5020490884780884,1003.9808349609376,4.0,2024,2.7301595211029053,"{""type"":""Point"",""coordinates"":[36.47105517955711,-0.5561905426116635]}"
4164,2.587941169738769,Nyandarua,2308.0,24.017391204833984,0.4245302677154541,751.9829711914062,-0.3596510772962814,36.46328834243489,0.6345157027244568,995.1351318359376,1.0,2024,2.587941169738769,"{""type"":""Point"",""coordinates"":[36.46328834243489,-0.3596510772962814]}"
4170,2.810896635055542,Nyandarua,2363.0,19.31304359436035,0.2889914810657501,1040.6885986328125,-0.2660240124627995,36.38909979053052,0.4123954176902771,904.895263671875,4.0,2024,2.810896635055542,"{""type"":""Point"",""coordinates"":[36.389099790530516,-0.2660240124627995]}"
4175,1.114514946937561,Nyandarua,2555.0,22.95652198791504,0.460711658000946,654.1491088867188,-0.7473928041814957,36.61425475152884,0.7244731783866882,1353.095703125,4.0,2024,1.114514946937561,"{""type"":""Point"",""coordinates"":[36.61425475152884,-0.7473928041814957]}"
4177,2.526487112045288,Nyandarua,2407.0,19.2391300201416,0.2920119762420654,986.5427856445312,-0.2055019732663495,36.38679937491043,0.4416039586067199,953.46484375,4.0,2024,2.526487112045288,"{""type"":""Point"",""coordinates"":[36.38679937491043,-0.20550197326634956]}"
4184,2.918097734451294,Nyandarua,2253.0,18.31739044189453,0.3200986683368683,1026.3397216796875,-0.1060821497190769,36.62732898691738,0.4986374378204345,672.5469360351562,4.0,2024,2.918097734451294,"{""type"":""Point"",""coordinates"":[36.62732898691738,-0.10608214971907697]}"
4189,1.7401893138885498,Nyandarua,2491.0,22.26956558227539,0.3897143602371216,636.4963989257812,-0.6446253399533672,36.564453580290674,0.5236040353775024,1237.2969970703125,4.0,2024,1.7401893138885498,"{""type"":""Point"",""coordinates"":[36.564453580290674,-0.6446253399533672]}"
4193,1.9519639015197756,Nyandarua,2155.0,17.639129638671875,0.3297435045242309,1271.9952392578125,0.0452892679928803,36.50321815565662,0.4618192911148071,723.430908203125,4.0,2024,1.9519639015197756,"{""type"":""Point"",""coordinates"":[36.50321815565662,0.04528926799288039]}"
4203,4.397670745849609,Nyandarua,2231.0,19.18695640563965,0.3375715017318725,1143.9588623046875,-0.2897133792250262,36.231147746055846,0.5584419369697571,1041.4737548828125,1.0,2024,4.397670745849609,"{""type"":""Point"",""coordinates"":[36.231147746055846,-0.28971337922502627]}"
4205,2.919596672058105,Nyandarua,2326.0,18.74347877502441,0.2328336983919143,986.5427856445312,-0.231929447496083,36.41832395592475,0.3405637741088867,906.7599487304688,1.0,2024,2.919596672058105,"{""type"":""Point"",""coordinates"":[36.41832395592475,-0.23192944749608302]}"
4209,1.7119691371917725,Nyandarua,2277.0,17.243478775024414,0.3527086079120636,1271.9952392578125,-0.00015378409069306814,36.4877452796384,0.4567939341068268,744.7572631835938,4.0,2024,1.7119691371917725,"{""type"":""Point"",""coordinates"":[36.4877452796384,-1.5378409069306814E-4]}"
4228,2.1745917797088623,Nyandarua,2518.0,22.83478355407715,0.40034219622612,931.31884765625,-0.7072754154378528,36.53655014883187,0.5823649764060974,1146.4976806640625,4.0,2024,2.1745917797088623,"{""type"":""Point"",""coordinates"":[36.53655014883187,-0.7072754154378528]}"
4253,2.1463637351989746,Nyandarua,2119.0,16.81304359436035,0.3671145737171173,1271.9952392578125,0.0413674421858226,36.53889979182252,0.4327230751514435,723.430908203125,4.0,2024,2.1463637351989746,"{""type"":""Point"",""coordinates"":[36.538899791822516,0.04136744218582264]}"
4258,1.228953242301941,Nyandarua,2407.0,25.326086044311523,0.3841539323329925,1126.5531005859375,-0.0898366061574843,36.513032683115846,0.6198866963386536,790.762451171875,4.0,2024,1.228953242301941,"{""type"":""Point"",""coordinates"":[36.513032683115846,-0.08983660615748437]}"
4268,2.6900103092193604,Nyandarua,2408.0,23.995651245117188,0.4350450038909912,703.086669921875,-0.3113519245928683,36.51777052830739,0.6292681694030762,1091.4190673828125,4.0,2024,2.6900103092193604,"{""type"":""Point"",""coordinates"":[36.51777052830739,-0.31135192459286837]}"
4270,3.1242003440856934,Nyandarua,2069.0,16.404348373413086,0.282164454460144,1268.8878173828125,0.0133802385254867,36.58392635437636,0.4177749156951904,626.6849975585938,4.0,2024,3.1242003440856934,"{""type"":""Point"",""coordinates"":[36.58392635437636,0.013380238525486749]}"
4279,1.8001883029937744,Nyandarua,2622.0,23.92608642578125,0.3826296031475067,1058.6063232421875,-0.278847750774351,36.313097229823846,0.5491052269935608,843.2105102539062,4.0,2024,1.8001883029937744,"{""type"":""Point"",""coordinates"":[36.313097229823846,-0.278847750774351]}"
4291,3.4130778312683105,Nyandarua,2094.0,16.87826156616211,0.342553049325943,1268.8878173828125,0.0124299944151133,36.595846895659406,0.5440186262130737,626.6849975585938,4.0,2024,3.4130778312683105,"{""type"":""Point"",""coordinates"":[36.595846895659406,0.012429994415113313]}"
4293,1.3507373332977295,Nyandarua,2597.0,22.42608642578125,0.366646945476532,719.7100219726562,-0.7654175243723489,36.57904660307242,0.551359236240387,1443.79736328125,4.0,2024,1.3507373332977295,"{""type"":""Point"",""coordinates"":[36.57904660307242,-0.7654175243723489]}"
4294,2.460787057876587,Nyandarua,2422.0,20.299999237060547,0.3179978430271148,1040.6885986328125,-0.2892839335595427,36.36026650327659,0.5255033373832703,904.895263671875,1.0,2024,2.460787057876587,"{""type"":""Point"",""coordinates"":[36.36026650327659,-0.28928393355954274]}"
4295,2.086190938949585,Nyandarua,2674.0,22.3869571685791,0.4567013382911682,719.7100219726562,-0.8230454630448555,36.5582915621028,0.6353341341018677,1475.797119140625,4.0,2024,2.086190938949585,"{""type"":""Point"",""coordinates"":[36.558291562102795,-0.8230454630448555]}"
4296,1.085476040840149,Nyandarua,2534.0,24.76956558227539,0.4044232070446014,654.1491088867188,-0.7313511116083736,36.64666660097542,0.59385746717453,1353.095703125,4.0,2024,1.085476040840149,"{""type"":""Point"",""coordinates"":[36.64666660097542,-0.7313511116083736]}"
4298,1.9918091297149656,Nyandarua,2159.0,17.6130428314209,0.4317101240158081,1271.9952392578125,0.0399327090255613,36.52472733949213,0.5522991418838501,723.430908203125,4.0,2024,1.9918091297149656,"{""type"":""Point"",""coordinates"":[36.524727339492124,0.0399327090255613]}"
4310,2.64556884765625,Nyandarua,2483.0,20.86956596374512,0.2409916371107101,1058.6063232421875,-0.3138246854087713,36.30756622507933,0.3980928361415863,935.0844116210938,4.0,2024,2.64556884765625,"{""type"":""Point"",""coordinates"":[36.307566225079334,-0.31382468540877134]}"
4320,2.701484680175781,Nyandarua,2386.0,20.765216827392575,0.3185228705406189,986.5427856445312,-0.2305331024166129,36.39078214708202,0.4757299125194549,953.46484375,1.0,2024,2.701484680175781,"{""type"":""Point"",""coordinates"":[36.39078214708202,-0.23053310241661298]}"
4322,2.261183500289917,Nyandarua,2782.0,20.46521759033203,0.2381383031606674,881.013916015625,-0.2040390446455263,36.51693756825426,0.3989751935005188,1073.35107421875,4.0,2024,2.261183500289917,"{""type"":""Point"",""coordinates"":[36.51693756825426,-0.20403904464552639]}"
4327,2.700572967529297,Nyandarua,2373.0,19.213043212890625,0.3224184513092041,986.5427856445312,-0.2467099349808308,36.38536478984767,0.4626669883728027,953.46484375,4.0,2024,2.700572967529297,"{""type"":""Point"",""coordinates"":[36.38536478984767,-0.24670993498083083]}"
4328,2.53593111038208,Nyandarua,2343.0,20.060869216918945,0.3263241946697235,986.5427856445312,-0.185161218892631,36.420169696525086,0.4095979332923889,909.6834716796876,1.0,2024,2.53593111038208,"{""type"":""Point"",""coordinates"":[36.420169696525086,-0.18516121889263107]}"
4329,2.0852208137512207,Nyandarua,2162.0,15.839130401611328,0.3169546723365783,1405.6363525390625,0.0541647451700185,36.49616395933585,0.3971502482891083,776.780517578125,4.0,2024,2.0852208137512207,"{""type"":""Point"",""coordinates"":[36.49616395933585,0.054164745170018534]}"
4336,3.5531938076019287,Nyandarua,2637.0,18.61739158630371,0.3811075091361999,925.9317626953124,-0.1913862725485873,36.22883172127031,0.5930169820785522,1121.9827880859375,4.0,2024,3.5531938076019287,"{""type"":""Point"",""coordinates"":[36.22883172127031,-0.1913862725485873]}"
4343,1.9026516675949097,Nyandarua,2434.0,21.33478355407715,0.3663136065006256,1209.62353515625,-0.0452248119252165,36.4488152302315,0.5529962182044983,799.9849243164062,4.0,2024,1.9026516675949097,"{""type"":""Point"",""coordinates"":[36.4488152302315,-0.04522481192521655]}"
4345,1.55696439743042,Nyandarua,2645.0,21.830434799194336,0.2692725658416748,881.013916015625,-0.1613702667583663,36.50674442179278,0.4692632853984833,938.4208374023438,4.0,2024,1.55696439743042,"{""type"":""Point"",""coordinates"":[36.50674442179278,-0.16137026675836633]}"
4354,3.327580690383911,Nyandarua,2421.0,26.61739158630371,0.43224036693573,898.3021850585938,-0.8913776895809309,36.55455494742464,0.6421015858650208,1510.875244140625,4.0,2024,3.327580690383911,"{""type"":""Point"",""coordinates"":[36.554554947424634,-0.8913776895809309]}"
4355,1.7340023517608645,Nyandarua,2497.0,24.200000762939453,0.4265793263912201,636.4963989257812,-0.5965209907025372,36.587724807625726,0.5503810048103333,1056.6494140625,4.0,2024,1.7340023517608645,"{""type"":""Point"",""coordinates"":[36.587724807625726,-0.5965209907025372]}"
4358,2.7354736328125,Nyandarua,2159.0,18.16521644592285,0.2682698369026184,1268.8878173828125,-0.0145475150999844,36.56347002499819,0.4136928915977478,612.8214111328125,4.0,2024,2.7354736328125,"{""type"":""Point"",""coordinates"":[36.56347002499819,-0.014547515099984424]}"
4368,2.738452434539795,Nyandarua,2399.0,23.356521606445312,0.3248234391212463,703.086669921875,-0.2878918067286207,36.51759691958017,0.504984974861145,1077.343994140625,4.0,2024,2.738452434539795,"{""type"":""Point"",""coordinates"":[36.51759691958017,-0.28789180672862075]}"
4372,2.5391924381256104,Nyandarua,2338.0,22.047826766967773,0.4105820655822754,751.9829711914062,-0.370973761935587,36.47186533665133,0.5888139009475708,995.1351318359376,1.0,2024,2.5391924381256104,"{""type"":""Point"",""coordinates"":[36.471865336651334,-0.37097376193558707]}"
4376,0.966792106628418,Nyandarua,2633.0,22.46956443786621,0.4415625929832458,719.7100219726562,-0.8163564296491872,36.6064832653284,0.5994430780410767,1799.856201171875,4.0,2024,0.966792106628418,"{""type"":""Point"",""coordinates"":[36.6064832653284,-0.8163564296491872]}"
4387,1.081974744796753,Nyandarua,2536.0,23.93913078308105,0.4252088665962219,631.21240234375,-0.7222916955218704,36.65266609984268,0.6106886863708496,1913.6236572265625,4.0,2024,1.081974744796753,"{""type"":""Point"",""coordinates"":[36.652666099842676,-0.7222916955218704]}"
4398,2.241332054138184,Nyandarua,2486.0,22.017391204833984,0.2995351254940033,986.5427856445312,-0.2289327749150686,36.36385500660621,0.4548111259937286,953.46484375,1.0,2024,2.241332054138184,"{""type"":""Point"",""coordinates"":[36.36385500660621,-0.2289327749150686]}"
4415,1.6516237258911133,Nyandarua,2559.0,20.69130516052246,0.3571040630340576,903.48095703125,-0.1257624195138661,36.33625905827498,0.5437503457069397,1024.9276123046875,4.0,2024,1.6516237258911133,"{""type"":""Point"",""coordinates"":[36.33625905827498,-0.12576241951386616]}"
4440,1.7863441705703735,Nyandarua,2481.0,24.31739044189453,0.491026908159256,636.4963989257812,-0.5615472432568603,36.5893575214486,0.6711037755012512,1056.6494140625,4.0,2024,1.7863441705703735,"{""type"":""Point"",""coordinates"":[36.5893575214486,-0.5615472432568603]}"
4442,2.956115245819092,Nyandarua,2304.0,24.11739158630371,0.3009361624717712,1040.6885986328125,-0.3049642402530044,36.42253651060344,0.4712159633636474,919.640625,1.0,2024,2.956115245819092,"{""type"":""Point"",""coordinates"":[36.42253651060344,-0.3049642402530044]}"
4444,1.817732095718384,Nyandarua,2436.0,20.89130401611328,0.3713026642799377,636.4963989257812,-0.5582309126357848,36.55441836721461,0.5730664730072021,1056.6494140625,4.0,2024,1.817732095718384,"{""type"":""Point"",""coordinates"":[36.55441836721461,-0.5582309126357848]}"
4446,1.8043488264083865,Nyandarua,2178.0,18.004348754882812,0.3232034742832184,1271.9952392578125,0.0086116592660113,36.515430169591454,0.4488855600357055,723.430908203125,4.0,2024,1.8043488264083865,"{""type"":""Point"",""coordinates"":[36.515430169591454,0.0086116592660113]}"
4450,1.7068870067596436,Nyandarua,2491.0,16.700000762939453,0.3581855595111847,1126.5531005859375,-0.0649631877122345,36.45374424564586,0.5243894457817078,811.5564575195312,4.0,2024,1.7068870067596436,"{""type"":""Point"",""coordinates"":[36.45374424564586,-0.06496318771223454]}"
4452,1.9534443616867063,Nyandarua,2185.0,17.34782600402832,0.2874966561794281,1271.9952392578125,0.0433866727700022,36.49449614203476,0.4766529500484466,791.9441528320312,4.0,2024,1.9534443616867063,"{""type"":""Point"",""coordinates"":[36.494496142034755,0.04338667277000224]}"
4455,2.0676980018615723,Nyandarua,2539.0,21.360870361328125,0.4535340368747711,518.3616943359375,-0.5053867223627494,36.59193375146455,0.600368320941925,1202.222412109375,4.0,2024,2.0676980018615723,"{""type"":""Point"",""coordinates"":[36.59193375146455,-0.5053867223627494]}"
4465,1.5764057636260986,Nyandarua,2597.0,21.160869598388672,0.380652517080307,1058.6063232421875,-0.2563905050536396,36.29914023758929,0.5680432915687561,950.6990356445312,4.0,2024,1.5764057636260986,"{""type"":""Point"",""coordinates"":[36.29914023758929,-0.25639050505363964]}"
4466,2.1823108196258545,Nyandarua,2328.0,17.15217399597168,0.2274555414915084,1086.5555419921875,-0.0648184034323228,36.42268867890371,0.4364146590232849,803.188232421875,1.0,2024,2.1823108196258545,"{""type"":""Point"",""coordinates"":[36.42268867890371,-0.06481840343232284]}"
4468,1.4426058530807495,Nyandarua,2593.0,23.082609176635746,0.4333631098270416,719.7100219726562,-0.7794638061557647,36.574453360527215,0.6104617714881897,1443.79736328125,4.0,2024,1.4426058530807495,"{""type"":""Point"",""coordinates"":[36.574453360527215,-0.7794638061557647]}"
4469,2.697512149810791,Nyandarua,2441.0,20.508695602416992,0.3942484259605407,957.3016967773438,-0.6201907971672527,36.50582637881581,0.5530778765678406,1156.154296875,4.0,2024,2.697512149810791,"{""type"":""Point"",""coordinates"":[36.50582637881581,-0.6201907971672527]}"
4478,2.850386142730713,Nyandarua,2346.0,19.734783172607425,0.3166949152946472,986.5427856445312,-0.2202804213683815,36.42250052222823,0.5219526886940002,906.7599487304688,4.0,2024,2.850386142730713,"{""type"":""Point"",""coordinates"":[36.422500522228226,-0.22028042136838152]}"
4487,1.7845476865768433,Nyandarua,2662.0,19.647825241088867,0.3058666586875915,881.013916015625,-0.1665363229567547,36.486970029889925,0.4864068329334259,889.2483520507812,4.0,2024,1.7845476865768433,"{""type"":""Point"",""coordinates"":[36.486970029889925,-0.16653632295675477]}"
4491,3.1867117881774902,Nyandarua,2242.0,20.917390823364254,0.3069010972976684,1154.89013671875,-0.3998088566507287,36.4053857930462,0.5060086846351624,916.82666015625,4.0,2024,3.1867117881774902,"{""type"":""Point"",""coordinates"":[36.4053857930462,-0.39980885665072874]}"
4492,2.116519927978516,Nyandarua,2471.0,22.39130401611328,0.3476941585540771,957.3016967773438,-0.6349104096016202,36.53462773482605,0.473209023475647,1156.154296875,4.0,2024,2.116519927978516,"{""type"":""Point"",""coordinates"":[36.53462773482605,-0.6349104096016202]}"
4502,2.6107048988342285,Nyandarua,2288.0,21.18260955810547,0.3129436671733856,1154.89013671875,-0.3574563069824166,36.44062438933813,0.4867941737174988,907.397216796875,4.0,2024,2.6107048988342285,"{""type"":""Point"",""coordinates"":[36.44062438933813,-0.35745630698241665]}"
4504,2.895996570587158,Nyandarua,2347.0,21.104347229003903,0.3248929679393768,986.5427856445312,-0.2246989526596904,36.43698875649058,0.49173104763031,906.7599487304688,4.0,2024,2.895996570587158,"{""type"":""Point"",""coordinates"":[36.43698875649058,-0.22469895265969048]}"
4511,1.6416035890579224,Nyandarua,2510.0,21.17391395568848,0.286182165145874,1126.5531005859375,-0.07509525564303,36.45464644509531,0.4915843904018402,811.5564575195312,4.0,2024,1.6416035890579224,"{""type"":""Point"",""coordinates"":[36.45464644509531,-0.07509525564303002]}"
4516,1.2757986783981323,Nyandarua,2608.0,21.2608699798584,0.4037020802497864,1126.5531005859375,-0.1356204468285461,36.5479408117554,0.5829493403434753,839.7156372070312,4.0,2024,1.2757986783981323,"{""type"":""Point"",""coordinates"":[36.5479408117554,-0.1356204468285461]}"
4520,1.36702561378479,Nyandarua,2559.0,22.160869598388672,0.4479217231273651,654.1491088867188,-0.7318999546403684,36.583252293886765,0.6126967668533325,1237.4268798828125,4.0,2024,1.36702561378479,"{""type"":""Point"",""coordinates"":[36.583252293886765,-0.7318999546403684]}"
4523,1.3856886625289917,Nyandarua,2619.0,20.46956443786621,0.3930125534534454,881.013916015625,-0.1542641040534086,36.52227156109148,0.5886939764022827,938.4208374023438,4.0,2024,1.3856886625289917,"{""type"":""Point"",""coordinates"":[36.52227156109148,-0.15426410405340868]}"
4524,1.8248586654663088,Nyandarua,2194.0,17.565217971801758,0.3399634063243866,1271.9952392578125,0.004173201234962,36.517851181985925,0.4374589920043945,723.430908203125,4.0,2024,1.8248586654663088,"{""type"":""Point"",""coordinates"":[36.517851181985925,0.004173201234962083]}"
4532,2.87784481048584,Nyandarua,2501.0,25.5217399597168,0.3979432880878448,1088.5662841796875,-0.1053976620570002,36.2204877079734,0.616212010383606,1095.2337646484375,4.0,2024,2.87784481048584,"{""type"":""Point"",""coordinates"":[36.2204877079734,-0.10539766205700028]}"
4533,2.298302173614502,Nyandarua,2065.0,17.169565200805664,0.2964007556438446,1268.8878173828125,0.0267568022440713,36.55021795409978,0.5025432109832764,626.6849975585938,4.0,2024,2.298302173614502,"{""type"":""Point"",""coordinates"":[36.55021795409978,0.026756802244071343]}"
4542,1.9198542833328247,Nyandarua,2455.0,22.30869483947754,0.3393299579620361,957.3016967773438,-0.6161548414856497,36.54552457893707,0.4680617153644562,1156.154296875,4.0,2024,1.9198542833328247,"{""type"":""Point"",""coordinates"":[36.54552457893707,-0.6161548414856497]}"
4557,3.341227531433105,Nyandarua,2346.0,20.61739158630371,0.2867198884487152,1154.89013671875,-0.3581734172211286,36.350825072250345,0.4735839068889618,854.5677490234375,4.0,2024,3.341227531433105,"{""type"":""Point"",""coordinates"":[36.350825072250345,-0.3581734172211286]}"
4574,3.0299272537231445,Nyandarua,2445.0,21.482608795166016,0.4411015808582306,957.3016967773438,-0.6108925215670797,36.48848974526307,0.5538327693939209,1018.88525390625,4.0,2024,3.0299272537231445,"{""type"":""Point"",""coordinates"":[36.48848974526307,-0.6108925215670797]}"
4575,1.3665204048156738,Nyandarua,2559.0,24.256521224975582,0.4893513023853302,654.1491088867188,-0.700736237502699,36.62717991916157,0.6682422757148743,1353.095703125,4.0,2024,1.3665204048156738,"{""type"":""Point"",""coordinates"":[36.62717991916157,-0.700736237502699]}"
4577,2.3548262119293213,Nyandarua,2377.0,18.982608795166016,0.2722290754318237,986.5427856445312,-0.1692497262208546,36.383546911661504,0.4156468510627746,931.747802734375,4.0,2024,2.3548262119293213,"{""type"":""Point"",""coordinates"":[36.383546911661504,-0.16924972622085468]}"
4578,2.6932339668273926,Nyandarua,2427.0,21.80869483947754,0.362115204334259,957.3016967773438,-0.6110698643609295,36.50292550190722,0.4986001253128052,1156.154296875,4.0,2024,2.6932339668273926,"{""type"":""Point"",""coordinates"":[36.50292550190722,-0.6110698643609295]}"
4581,3.330163955688477,Nyandarua,2194.0,17.756521224975586,0.4131138026714325,1405.6363525390625,0.0903212612239917,36.45608155310918,0.4809463322162628,776.780517578125,1.0,2024,3.330163955688477,"{""type"":""Point"",""coordinates"":[36.45608155310918,0.09032126122399173]}"
4582,2.7814781665802,Nyandarua,2507.0,20.604347229003903,0.3336231708526611,1058.6063232421875,-0.3175007656425426,36.30504209944585,0.4910652339458465,935.0844116210938,4.0,2024,2.7814781665802,"{""type"":""Point"",""coordinates"":[36.30504209944585,-0.31750076564254265]}"
4597,1.5380988121032717,Nyandarua,2671.0,20.756521224975582,0.2858357429504394,839.247314453125,-0.2053534303830548,36.33311092426077,0.4307610392570495,1005.59912109375,4.0,2024,1.5380988121032717,"{""type"":""Point"",""coordinates"":[36.33311092426077,-0.20535343038305487]}"
4606,2.821298599243164,Nyandarua,2448.0,20.604347229003903,0.3984335958957672,1094.8021240234375,-0.0051042661922498,36.30919249598307,0.5551658868789673,864.9548950195312,4.0,2024,2.821298599243164,"{""type"":""Point"",""coordinates"":[36.30919249598307,-0.005104266192249874]}"
4614,3.536480665206909,Nyandarua,2087.0,18.326086044311523,0.359840840101242,1405.6363525390625,0.1101442623613858,36.46344431662401,0.5032948851585388,749.438232421875,4.0,2024,3.536480665206909,"{""type"":""Point"",""coordinates"":[36.46344431662401,0.11014426236138586]}"
4615,1.6809775829315186,Nyandarua,2528.0,22.30434799194336,0.4896412789821625,636.4963989257812,-0.6337746846827774,36.59029313943898,0.6823244690895081,1237.2969970703125,4.0,2024,1.6809775829315186,"{""type"":""Point"",""coordinates"":[36.590293139438984,-0.6337746846827774]}"
4618,1.8058419227600095,Nyandarua,2461.0,22.60869598388672,0.4032705724239349,636.4963989257812,-0.5831151881768101,36.556332764320345,0.5731791257858276,1056.6494140625,4.0,2024,1.8058419227600095,"{""type"":""Point"",""coordinates"":[36.556332764320345,-0.5831151881768101]}"
4630,1.95259428024292,Nyandarua,2495.0,19.582609176635746,0.3631118237972259,1086.5555419921875,-0.1331881036881567,36.35388839924095,0.5896151065826416,873.3862915039062,1.0,2024,1.95259428024292,"{""type"":""Point"",""coordinates"":[36.35388839924095,-0.13318810368815676]}"
4642,0.8940926194190979,Nyandarua,2558.0,24.447826385498047,0.403057187795639,719.7100219726562,-0.7747775129874553,36.635905738538256,0.5653302073478699,1535.402099609375,4.0,2024,0.8940926194190979,"{""type"":""Point"",""coordinates"":[36.635905738538256,-0.7747775129874553]}"
4643,2.3058876991271973,Nyandarua,2352.0,17.42608642578125,0.2104479968547821,1086.5555419921875,-0.125445691842922,36.390142672595616,0.3227123618125915,873.3862915039062,1.0,2024,2.3058876991271973,"{""type"":""Point"",""coordinates"":[36.390142672595616,-0.12544569184292204]}"
4650,1.8250113725662231,Nyandarua,2691.0,20.87826156616211,0.3454950153827667,839.247314453125,-0.1905924840645738,36.26936219461791,0.5311858057975769,1070.0,4.0,2024,1.8250113725662231,"{""type"":""Point"",""coordinates"":[36.269362194617905,-0.1905924840645738]}"
4656,2.024115085601806,Nyandarua,2595.0,19.908695220947266,0.3125634789466858,1058.6063232421875,-0.2841895399965229,36.33359017688564,0.4878158271312713,843.2105102539062,4.0,2024,2.024115085601806,"{""type"":""Point"",""coordinates"":[36.33359017688564,-0.28418953999652297]}"
4668,1.2961314916610718,Nyandarua,2615.0,23.17391395568848,0.4263350069522857,719.7100219726562,-0.7902610213504203,36.58217401216864,0.6365382075309753,1443.79736328125,4.0,2024,1.2961314916610718,"{""type"":""Point"",""coordinates"":[36.582174012168636,-0.7902610213504203]}"
4670,1.3203766345977783,Nyandarua,2703.0,21.526086807250977,0.3600184023380279,839.247314453125,-0.2137724350034967,36.30170445036836,0.5475658178329468,1005.59912109375,4.0,2024,1.3203766345977783,"{""type"":""Point"",""coordinates"":[36.30170445036836,-0.21377243500349674]}"
4676,2.824756145477295,Nyandarua,2309.0,20.80434799194336,0.3314177393913269,1154.89013671875,-0.3536814373677409,36.38344382015848,0.560645341873169,854.5677490234375,4.0,2024,2.824756145477295,"{""type"":""Point"",""coordinates"":[36.38344382015848,-0.3536814373677409]}"
4677,2.0977277755737305,Nyandarua,2427.0,22.473913192749023,0.3783587515354156,918.7949829101562,-0.5304065363453501,36.50520299340192,0.5514864325523376,1071.072021484375,4.0,2024,2.0977277755737305,"{""type"":""Point"",""coordinates"":[36.50520299340192,-0.5304065363453501]}"
4691,3.8305985927581783,Nyandarua,2463.0,23.00434875488281,0.3223907947540283,1293.6524658203125,-0.3551798094469435,36.31935507103567,0.5179776549339294,846.8605346679688,4.0,2024,3.8305985927581783,"{""type"":""Point"",""coordinates"":[36.319355071035666,-0.35517980944694355]}"
4695,3.678926467895508,Nyandarua,2233.0,21.982608795166016,0.3464480340480804,1163.2713623046875,-0.5397272620002045,36.43248664771527,0.5368109941482544,863.3080444335938,4.0,2024,3.678926467895508,"{""type"":""Point"",""coordinates"":[36.432486647715265,-0.5397272620002045]}"
4705,2.146566390991211,Nyandarua,2467.0,18.37826156616211,0.3819172978401184,986.5427856445312,-0.1942702841258705,36.36453372631888,0.6024506092071533,931.747802734375,4.0,2024,2.146566390991211,"{""type"":""Point"",""coordinates"":[36.36453372631888,-0.1942702841258705]}"
4727,3.034982442855835,Nyandarua,2212.0,17.126087188720703,0.3228078186511993,1405.6363525390625,0.0753585203159433,36.45605990226107,0.468362033367157,776.780517578125,4.0,2024,3.034982442855835,"{""type"":""Point"",""coordinates"":[36.45605990226107,0.07535852031594333]}"
4735,2.6674320697784424,Nyandarua,2337.0,20.46521759033203,0.347208172082901,1040.6885986328125,-0.3018039401770843,36.37297379525227,0.5398256778717041,883.1970825195312,4.0,2024,2.6674320697784424,"{""type"":""Point"",""coordinates"":[36.37297379525227,-0.30180394017708434]}"
4739,2.9387521743774414,Nyandarua,2385.0,20.756521224975582,0.4552009999752044,1209.62353515625,-0.0228284821495147,36.35057080073461,0.6474941372871399,821.6705322265625,1.0,2024,2.9387521743774414,"{""type"":""Point"",""coordinates"":[36.35057080073461,-0.02282848214951475]}"
4742,1.4307491779327393,Nyandarua,2554.0,22.221738815307617,0.2748688161373138,654.1491088867188,-0.7008670472292876,36.60821916276216,0.5054675340652466,1353.095703125,4.0,2024,1.4307491779327393,"{""type"":""Point"",""coordinates"":[36.60821916276216,-0.7008670472292876]}"
4753,3.350306987762451,Nyandarua,2542.0,22.96956443786621,0.3624942004680633,1058.6063232421875,-0.3215508758645915,36.2748953154261,0.4800515174865722,908.1383056640624,4.0,2024,3.350306987762451,"{""type"":""Point"",""coordinates"":[36.2748953154261,-0.3215508758645915]}"
4755,1.7749215364456177,Nyandarua,2483.0,22.013044357299805,0.3916218280792236,654.1491088867188,-0.6512831217756511,36.55788471590576,0.5341275930404663,1301.0384521484375,4.0,2024,1.7749215364456177,"{""type"":""Point"",""coordinates"":[36.55788471590576,-0.6512831217756511]}"
4765,2.321951150894165,Nyandarua,2479.0,21.126087188720703,0.2357518076896667,1040.6885986328125,-0.2619803498897207,36.36175099374597,0.3793297708034515,904.895263671875,4.0,2024,2.321951150894165,"{""type"":""Point"",""coordinates"":[36.36175099374597,-0.2619803498897207]}"
4773,1.7700607776641846,Nyandarua,2312.0,18.169565200805664,0.300834596157074,1271.9952392578125,-0.0079613446805456,36.474185164351226,0.4206195473670959,744.7572631835938,4.0,2024,1.7700607776641846,"{""type"":""Point"",""coordinates"":[36.474185164351226,-0.007961344680545683]}"
4774,1.8273720741271973,Nyandarua,2470.0,22.30434799194336,0.4349619150161743,636.4963989257812,-0.6396485129272715,36.5546377983838,0.5927714705467224,1237.2969970703125,4.0,2024,1.8273720741271973,"{""type"":""Point"",""coordinates"":[36.5546377983838,-0.6396485129272715]}"
4785,2.1771626472473145,Nyandarua,2464.0,22.06521797180176,0.3886750340461731,957.3016967773438,-0.6304809199309644,36.53122908029329,0.5418592691421509,1156.154296875,4.0,2024,2.1771626472473145,"{""type"":""Point"",""coordinates"":[36.53122908029329,-0.6304809199309644]}"
4787,2.2194557189941406,Nyandarua,2491.0,20.778261184692383,0.4465351700782776,1058.6063232421875,-0.2962196461891103,36.299382457958224,0.6425520777702332,950.6990356445312,4.0,2024,2.2194557189941406,"{""type"":""Point"",""coordinates"":[36.299382457958224,-0.2962196461891103]}"
4796,2.456552028656006,Nyandarua,2421.0,19.713043212890625,0.2806363403797149,986.5427856445312,-0.2144325853921661,36.37850283815676,0.4469131529331207,953.46484375,4.0,2024,2.456552028656006,"{""type"":""Point"",""coordinates"":[36.378502838156756,-0.21443258539216617]}"
4799,1.8168389797210691,Nyandarua,2199.0,17.708696365356445,0.3504745066165924,1271.9952392578125,0.0045753341128788,36.51738675376023,0.4423193335533142,723.430908203125,4.0,2024,1.8168389797210691,"{""type"":""Point"",""coordinates"":[36.51738675376023,0.00457533411287884]}"
4821,1.7628871202468872,Nyandarua,2556.0,21.473913192749023,0.3484373986721039,839.247314453125,-0.1561121370664044,36.3453519151728,0.5260553956031799,1030.8326416015625,4.0,2024,1.7628871202468872,"{""type"":""Point"",""coordinates"":[36.3453519151728,-0.15611213706640448]}"
4831,2.810882568359375,Nyandarua,2331.0,19.68260955810547,0.3391509354114532,1040.6885986328125,-0.2844917198518442,36.38733253179008,0.5118286609649658,904.895263671875,1.0,2024,2.810882568359375,"{""type"":""Point"",""coordinates"":[36.38733253179008,-0.2844917198518442]}"
4834,1.1324559450149536,Nyandarua,2734.0,20.321739196777344,0.4300605058670044,839.247314453125,-0.1644507838594281,36.29470541241126,0.5958893299102783,1070.0,4.0,2024,1.1324559450149536,"{""type"":""Point"",""coordinates"":[36.29470541241126,-0.1644507838594281]}"
4835,3.0594229698181152,Nyandarua,2339.0,21.2391300201416,0.3141617476940155,1040.6885986328125,-0.2539527846137899,36.42833773574483,0.4791747629642486,931.769287109375,4.0,2024,3.0594229698181152,"{""type"":""Point"",""coordinates"":[36.42833773574483,-0.25395278461378995]}"
4838,2.755314826965332,Nyandarua,2262.0,18.778261184692383,0.4134828150272369,1026.3397216796875,-0.1063921103883024,36.61708054785516,0.5843757390975952,672.5469360351562,4.0,2024,2.755314826965332,"{""type"":""Point"",""coordinates"":[36.61708054785516,-0.10639211038830242]}"
4854,4.042056560516357,Nyandarua,2388.0,21.50434875488281,0.3277883529663086,1293.6524658203125,-0.3530085701388065,36.29793214119741,0.4427961707115173,832.1256103515625,4.0,2024,4.042056560516357,"{""type"":""Point"",""coordinates"":[36.29793214119741,-0.3530085701388065]}"
4860,1.5710768699645996,Nyandarua,2519.0,22.291303634643555,0.4044740200042724,654.1491088867188,-0.6823478732262033,36.57680580599248,0.5620339512825012,1301.0384521484375,4.0,2024,1.5710768699645996,"{""type"":""Point"",""coordinates"":[36.57680580599248,-0.6823478732262033]}"
4863,3.768863439559937,Nyandarua,2355.0,16.526086807250977,0.2681450247764587,1209.62353515625,0.009024407138968,36.36480894573542,0.4136987626552582,860.7394409179688,4.0,2024,3.768863439559937,"{""type"":""Point"",""coordinates"":[36.36480894573542,0.009024407138968005]}"
4864,2.295171976089477,Nyandarua,2565.0,20.204347610473636,0.2561352849006653,1058.6063232421875,-0.3005167809007136,36.33542496177194,0.401269793510437,935.0844116210938,4.0,2024,2.295171976089477,"{""type"":""Point"",""coordinates"":[36.33542496177194,-0.30051678090071365]}"
4867,2.7920963764190674,Nyandarua,2424.0,21.62173843383789,0.4489317238330841,957.3016967773438,-0.5591026554832562,36.46890643055608,0.6307347416877747,1003.9808349609376,4.0,2024,2.7920963764190674,"{""type"":""Point"",""coordinates"":[36.468906430556075,-0.5591026554832562]}"
4872,3.12794828414917,Nyandarua,2305.0,25.373912811279297,0.3572888076305389,1163.2713623046875,-0.520121560921126,36.44924097366929,0.5582491159439087,863.3080444335938,1.0,2024,3.12794828414917,"{""type"":""Point"",""coordinates"":[36.44924097366929,-0.520121560921126]}"
4887,1.522829294204712,Nyandarua,2540.0,22.0217399597168,0.4289679229259491,654.1491088867188,-0.710084880488645,36.571815206950646,0.5725006461143494,1237.4268798828125,4.0,2024,1.522829294204712,"{""type"":""Point"",""coordinates"":[36.571815206950646,-0.710084880488645]}"
4905,2.848572254180908,Nyandarua,2349.0,24.130434036254883,0.3468999564647674,703.086669921875,-0.3154076717530982,36.4786361799932,0.5627176761627197,976.94140625,4.0,2024,2.848572254180908,"{""type"":""Point"",""coordinates"":[36.478636179993195,-0.3154076717530982]}"
4911,2.510077714920044,Nyandarua,2396.0,21.526086807250977,0.3089781701564789,918.7949829101562,-0.4899871011823842,36.47880312178061,0.4689126908779144,1043.3436279296875,1.0,2024,2.510077714920044,"{""type"":""Point"",""coordinates"":[36.47880312178061,-0.4899871011823842]}"
4927,2.9491426944732666,Nyandarua,2344.0,20.27391242980957,0.2984169125556946,1040.6885986328125,-0.2860776477283245,36.40275703452177,0.4994221329689026,931.769287109375,1.0,2024,2.9491426944732666,"{""type"":""Point"",""coordinates"":[36.40275703452177,-0.2860776477283245]}"
4933,1.8963040113449097,Nyandarua,2488.0,19.28695678710937,0.3298292756080627,903.48095703125,-0.0922631810985813,36.34067832856287,0.5333642363548279,932.858642578125,4.0,2024,1.8963040113449097,"{""type"":""Point"",""coordinates"":[36.340678328562866,-0.09226318109858138]}"
4941,3.019170999526977,Nyandarua,2369.0,21.03043556213379,0.3190430998802185,1209.62353515625,-0.0282398291854911,36.36895895051357,0.499115914106369,821.6705322265625,1.0,2024,3.019170999526977,"{""type"":""Point"",""coordinates"":[36.36895895051357,-0.02823982918549119]}"
4967,2.230997085571289,Nyandarua,2532.0,20.53043556213379,0.3507478535175323,1058.6063232421875,-0.2934556842107161,36.34111247582534,0.5300406813621521,843.2105102539062,4.0,2024,2.230997085571289,"{""type"":""Point"",""coordinates"":[36.34111247582534,-0.29345568421071616]}"
4985,1.5746889114379885,Nyandarua,2541.0,22.27391242980957,0.2960437536239624,903.48095703125,-0.105980423592925,36.32722456735529,0.4658456742763519,1024.9276123046875,4.0,2024,1.5746889114379885,"{""type"":""Point"",""coordinates"":[36.32722456735529,-0.10598042359292507]}"
4987,1.655512809753418,Nyandarua,2588.0,21.482608795166016,0.3241912722587585,903.48095703125,-0.1356730137600123,36.33851741478679,0.5125749111175537,1024.9276123046875,4.0,2024,1.655512809753418,"{""type"":""Point"",""coordinates"":[36.33851741478679,-0.1356730137600123]}"
0,6.462595939636231,Trans,1803.0,25.61739158630371,0.3509040176868438,1472.4818115234375,0.9643378920181832,34.87558947477503,0.5395837426185608,941.492431640625,1.0,2024,6.462595939636231,"{""type"":""Point"",""coordinates"":[34.87558947477503,0.9643378920181832]}"
1,6.535181045532227,Trans,1874.0,25.84782600402832,0.3547808527946472,1463.1514892578125,0.9440617728346814,35.235921275215,0.5625227093696594,1050.580810546875,1.0,2024,6.535181045532227,"{""type"":""Point"",""coordinates"":[35.235921275215,0.9440617728346814]}"
3,6.318985939025879,Trans,2194.0,25.0,0.3476391732692718,1415.5245361328125,1.028808060877655,34.78942575631896,0.3923527002334595,954.0535278320312,1.0,2024,6.318985939025879,"{""type"":""Point"",""coordinates"":[34.789425756318956,1.028808060877655]}"
5,7.791998863220215,Trans,1885.0,21.93913078308105,0.3813557922840118,1311.3265380859375,1.049645830280301,35.00789213026798,0.6391533017158508,895.3138427734375,1.0,2024,7.791998863220215,"{""type"":""Point"",""coordinates"":[35.00789213026798,1.0496458302803007]}"
11,7.3904619216918945,Trans,1862.0,26.43913078308105,0.3310872614383697,1372.1785888671875,1.1323409828074305,35.02679079974136,0.5209970474243164,862.4269409179688,1.0,2024,7.3904619216918945,"{""type"":""Point"",""coordinates"":[35.026790799741356,1.1323409828074305]}"
18,7.110733985900879,Trans,1811.0,20.68260955810547,0.3405945301055908,1640.1566162109375,1.2332280805631506,34.867689426941936,0.4556175470352173,915.8572387695312,6.0,2024,7.110733985900879,"{""type"":""Point"",""coordinates"":[34.867689426941936,1.2332280805631506]}"
19,4.420913219451904,Trans,2334.0,21.86956596374512,0.3870781660079956,1001.4498901367188,1.0113049071177005,35.35998904116635,0.5073205232620239,1072.848388671875,4.0,2024,4.420913219451904,"{""type"":""Point"",""coordinates"":[35.35998904116635,1.0113049071177003]}"
21,7.177041053771973,Trans,1747.0,23.408695220947266,0.450311928987503,1388.3951416015625,0.8913261085206473,34.9567694039984,0.6282374262809753,985.6636352539062,1.0,2024,7.177041053771973,"{""type"":""Point"",""coordinates"":[34.9567694039984,0.8913261085206473]}"
22,7.220799446105957,Trans,1763.0,22.13478279113769,0.42031991481781,1388.3951416015625,0.91016286206359,34.97868359526004,0.5720174908638,1042.5777587890625,1.0,2024,7.220799446105957,"{""type"":""Point"",""coordinates"":[34.97868359526004,0.91016286206359]}"
23,6.627943992614746,Trans,2161.0,22.31304359436035,0.2554992735385895,1653.9757080078125,1.1744648915795564,34.77648413066807,0.4512782394886017,878.0504150390625,1.0,2024,6.627943992614746,"{""type"":""Point"",""coordinates"":[34.77648413066807,1.1744648915795564]}"
24,7.158464431762695,Trans,1870.0,19.973913192749023,0.3652325570583343,1640.1566162109375,1.2177160169366326,34.89743220761562,0.509413480758667,915.8572387695312,1.0,2024,7.158464431762695,"{""type"":""Point"",""coordinates"":[34.89743220761562,1.2177160169366326]}"
27,6.655452728271484,Trans,1924.0,24.986955642700195,0.3398267924785614,1448.66259765625,1.0072144951226054,35.24714358547851,0.5135132670402527,1040.30517578125,1.0,2024,6.655452728271484,"{""type"":""Point"",""coordinates"":[35.24714358547851,1.0072144951226054]}"
30,7.311491012573242,Trans,1850.0,25.45652198791504,0.4444406926631927,1587.5098876953125,1.1379291857023734,34.87140608768172,0.5936902761459351,896.3999633789062,1.0,2024,7.311491012573242,"{""type"":""Point"",""coordinates"":[34.87140608768172,1.1379291857023734]}"
35,7.039436340332031,Trans,1867.0,22.86956596374512,0.2880783379077911,1587.5098876953125,1.0781070163129651,34.86487424094225,0.4453490078449249,908.87646484375,1.0,2024,7.039436340332031,"{""type"":""Point"",""coordinates"":[34.86487424094225,1.0781070163129651]}"
36,6.754181861877441,Trans,1872.0,22.43913078308105,0.3478066921234131,1327.4505615234375,1.0408265361105564,35.087207870527976,0.5286113619804382,969.0385131835938,1.0,2024,6.754181861877441,"{""type"":""Point"",""coordinates"":[35.087207870527976,1.0408265361105564]}"
44,6.682004928588867,Trans,1771.0,23.600000381469727,0.4356685578823089,1388.3951416015625,0.8915869689007718,35.01801302004523,0.6648052334785461,889.9072265625,4.0,2024,6.682004928588867,"{""type"":""Point"",""coordinates"":[35.01801302004523,0.8915869689007718]}"
46,7.045117378234863,Trans,1899.0,23.600000381469727,0.3585866689682007,1653.9757080078125,1.1587614235247985,34.844011420302195,0.5175935626029968,878.5647583007812,1.0,2024,7.045117378234863,"{""type"":""Point"",""coordinates"":[34.844011420302195,1.1587614235247983]}"
48,6.304876804351807,Trans,2233.0,25.747825622558597,0.3315062522888183,1451.5164794921875,0.948423760529174,34.77399780234684,0.4922454357147217,1013.508056640625,1.0,2024,6.304876804351807,"{""type"":""Point"",""coordinates"":[34.77399780234684,0.948423760529174]}"
50,7.108822345733643,Trans,1847.0,20.299999237060547,0.3171700835227966,1640.1566162109375,1.22812939727211,34.877552840619074,0.4389365017414093,915.8572387695312,6.0,2024,7.108822345733643,"{""type"":""Point"",""coordinates"":[34.877552840619074,1.2281293972721101]}"
55,7.021932125091553,Trans,1753.0,19.19130516052246,0.3148286342620849,1640.1566162109375,1.2488541131110598,34.88190344309676,0.4289261102676391,915.8572387695312,6.0,2024,7.021932125091553,"{""type"":""Point"",""coordinates"":[34.88190344309676,1.2488541131110598]}"
58,6.315402507781982,Trans,2005.0,25.41304397583008,0.4568397402763366,1451.5164794921875,0.8853394677612761,34.799498216097284,0.6342846751213074,969.8295288085938,1.0,2024,6.315402507781982,"{""type"":""Point"",""coordinates"":[34.799498216097284,0.8853394677612761]}"
60,6.335938453674316,Trans,1856.0,21.995651245117188,0.3358255624771118,1327.4505615234375,0.9512263023486942,35.11515382626995,0.5319907665252686,1042.0404052734375,1.0,2024,6.335938453674316,"{""type"":""Point"",""coordinates"":[35.11515382626995,0.9512263023486942]}"
61,7.050537109375,Trans,1820.0,23.57391357421875,0.4630794823169708,1388.3951416015625,0.9154608667591853,35.008751463437335,0.6713604927062988,873.1403198242188,1.0,2024,7.050537109375,"{""type"":""Point"",""coordinates"":[35.008751463437335,0.9154608667591851]}"
66,6.99925708770752,Trans,1911.0,20.15652084350586,0.2852301597595215,1640.1566162109375,1.24013572221909,34.93066541562157,0.4104425013065338,972.9393310546876,3.0,2024,6.99925708770752,"{""type"":""Point"",""coordinates"":[34.93066541562157,1.24013572221909]}"
68,7.097471237182617,Trans,1835.0,19.81739044189453,0.3406906425952911,1640.1566162109375,1.2292581177592696,34.88780617580161,0.4048725664615631,915.8572387695312,4.0,2024,7.097471237182617,"{""type"":""Point"",""coordinates"":[34.88780617580161,1.2292581177592696]}"
69,6.683791160583496,Trans,1793.0,26.84347915649414,0.5933566093444824,1472.4818115234375,1.0150322730613666,34.88743699933503,0.7944750785827637,914.8713989257812,1.0,2024,6.683791160583496,"{""type"":""Point"",""coordinates"":[34.88743699933503,1.0150322730613666]}"
70,7.523133277893066,Trans,1836.0,21.71739196777344,0.3952813446521759,1587.5098876953125,1.1164417660870949,34.902964481948686,0.5112287998199463,960.1989135742188,1.0,2024,7.523133277893066,"{""type"":""Point"",""coordinates"":[34.902964481948686,1.1164417660870947]}"
74,7.151389122009277,Trans,1905.0,20.600000381469727,0.3921276926994324,1640.1566162109375,1.2113985164247896,34.86389835199811,0.5070075392723083,915.8572387695312,1.0,2024,7.151389122009277,"{""type"":""Point"",""coordinates"":[34.86389835199811,1.2113985164247896]}"
75,7.2855353355407715,Trans,1874.0,20.639129638671875,0.4025976657867431,1640.1566162109375,1.1894926268138777,34.88539029989913,0.4976321160793304,916.169677734375,1.0,2024,7.2855353355407715,"{""type"":""Point"",""coordinates"":[34.88539029989913,1.1894926268138777]}"
76,5.637211799621582,Trans,2562.0,23.5,0.3148157894611358,898.4467163085938,0.95949213882091,34.73572357789072,0.4959213137626648,1086.8260498046875,4.0,2024,5.637211799621582,"{""type"":""Point"",""coordinates"":[34.73572357789072,0.9594921388209099]}"
77,7.152590274810791,Trans,1865.0,22.10869598388672,0.2230344712734222,1587.5098876953125,1.132785365294306,34.85595976674537,0.4580987095832824,896.3999633789062,1.0,2024,7.152590274810791,"{""type"":""Point"",""coordinates"":[34.85595976674537,1.132785365294306]}"
78,6.156387805938721,Trans,2002.0,24.04347801208496,0.2810902297496795,1619.9417724609375,0.9403665798810152,35.30865244574054,0.4453284442424774,992.7603759765624,4.0,2024,6.156387805938721,"{""type"":""Point"",""coordinates"":[35.30865244574054,0.9403665798810151]}"
79,7.109745979309082,Trans,1927.0,19.443477630615234,0.3811410069465637,1640.1566162109375,1.219922408740703,34.934567066124096,0.5232776999473572,972.9393310546876,1.0,2024,7.109745979309082,"{""type"":""Point"",""coordinates"":[34.934567066124096,1.219922408740703]}"
80,6.786717891693115,Trans,1874.0,25.147825241088867,0.3891111016273498,1309.0179443359375,1.0990272233291585,35.09375113247205,0.5936797857284546,961.5752563476562,1.0,2024,6.786717891693115,"{""type"":""Point"",""coordinates"":[35.09375113247205,1.0990272233291583]}"
88,6.867053985595703,Trans,1771.0,18.40434837341309,0.3038131296634674,1794.15283203125,1.2732769174441512,34.9047349665824,0.3883149623870849,953.6435546875,6.0,2024,6.867053985595703,"{""type"":""Point"",""coordinates"":[34.9047349665824,1.2732769174441512]}"
89,6.924546241760254,Trans,1793.0,17.96956443786621,0.2915892302989959,1794.15283203125,1.2663366446745394,34.89188254817756,0.4017937183380127,882.4627075195312,6.0,2024,6.924546241760254,"{""type"":""Point"",""coordinates"":[34.89188254817756,1.2663366446745394]}"
90,7.379283428192139,Trans,1988.0,22.59130477905273,0.3580676615238189,1303.348388671875,1.151288172344847,34.99320018203608,0.4867545366287231,1049.634765625,1.0,2024,7.379283428192139,"{""type"":""Point"",""coordinates"":[34.99320018203608,1.151288172344847]}"
95,6.919734001159668,Trans,1910.0,22.326086044311523,0.2033682465553283,1587.5098876953125,1.0629587598984158,34.86037852441358,0.3852756023406982,908.87646484375,1.0,2024,6.919734001159668,"{""type"":""Point"",""coordinates"":[34.86037852441358,1.0629587598984158]}"
96,6.934594631195068,Trans,1813.0,23.943477630615234,0.4379180371761322,1565.9140625,0.928781822798184,34.90008576070831,0.5666844248771667,1014.7183227539062,1.0,2024,6.934594631195068,"{""type"":""Point"",""coordinates"":[34.90008576070831,0.9287818227981839]}"
103,7.475103855133057,Trans,1827.0,21.952173233032227,0.4109830260276794,1311.3265380859375,0.9803330601236566,34.96480880225521,0.587520956993103,1077.162841796875,1.0,2024,7.475103855133057,"{""type"":""Point"",""coordinates"":[34.96480880225521,0.9803330601236566]}"
104,7.050912857055664,Trans,1796.0,23.28260803222656,0.3761675357818603,1565.9140625,0.898218576929011,34.88354111572487,0.574874997138977,1008.7085571289062,1.0,2024,7.050912857055664,"{""type"":""Point"",""coordinates"":[34.88354111572487,0.898218576929011]}"
108,6.539876937866211,Trans,2039.0,24.04347801208496,0.3899905383586883,1415.5245361328125,1.0322077982190117,34.80564509341628,0.5336169600486755,849.1492919921875,1.0,2024,6.539876937866211,"{""type"":""Point"",""coordinates"":[34.80564509341628,1.0322077982190117]}"
109,6.96522331237793,Trans,1771.0,24.356521606445312,0.4215733408927917,1565.9140625,0.91746228946554,34.89290917316222,0.6364632844924927,1014.7183227539062,1.0,2024,6.96522331237793,"{""type"":""Point"",""coordinates"":[34.89290917316222,0.9174622894655401]}"
112,6.352910995483398,Trans,1866.0,23.67391395568848,0.3936335444450378,1463.1514892578125,0.9310194969808716,35.20344609216511,0.5209587216377258,1050.580810546875,1.0,2024,6.352910995483398,"{""type"":""Point"",""coordinates"":[35.20344609216511,0.9310194969808715]}"
114,5.88874626159668,Trans,2299.0,27.42173957824707,0.4847426116466522,1415.5245361328125,0.9856120938367232,34.75828133617066,0.644439697265625,989.7182006835938,1.0,2024,5.88874626159668,"{""type"":""Point"",""coordinates"":[34.75828133617066,0.9856120938367233]}"
117,6.495449066162109,Trans,2027.0,24.15652084350586,0.3577244579792022,1415.5245361328125,0.9721681688108236,34.80866033156987,0.548998236656189,959.7871704101562,1.0,2024,6.495449066162109,"{""type"":""Point"",""coordinates"":[34.80866033156987,0.9721681688108235]}"
118,7.189167022705078,Trans,1861.0,24.06521797180176,0.3367213010787964,1327.4505615234375,0.9892096684126716,35.0507857554808,0.5012544989585876,994.4949951171876,1.0,2024,7.189167022705078,"{""type"":""Point"",""coordinates"":[35.050785755480796,0.9892096684126717]}"
121,6.969306945800781,Trans,1739.0,21.42173957824707,0.3886072039604187,1565.9140625,0.857072056638617,34.90849447662091,0.5955970287322998,986.4015502929688,1.0,2024,6.969306945800781,"{""type"":""Point"",""coordinates"":[34.90849447662091,0.857072056638617]}"
123,7.25261926651001,Trans,1903.0,21.569564819335938,0.3710522353649139,1303.348388671875,1.178140441269406,34.96961048373075,0.5467800498008728,1049.634765625,1.0,2024,7.25261926651001,"{""type"":""Point"",""coordinates"":[34.96961048373075,1.1781404412694059]}"
124,7.2315778732299805,Trans,1742.0,24.58695602416992,0.6592656373977661,1565.9140625,0.914632279143762,34.92434230035368,0.5070735812187195,1008.7112426757812,1.0,2024,7.2315778732299805,"{""type"":""Point"",""coordinates"":[34.92434230035368,0.9146322791437619]}"
129,6.994519233703613,Trans,1969.0,22.908695220947266,0.3135257363319397,1303.348388671875,1.2147633796559978,34.9657470440318,0.4854982197284698,1109.6043701171875,1.0,2024,6.994519233703613,"{""type"":""Point"",""coordinates"":[34.9657470440318,1.2147633796559978]}"
133,7.315914154052734,Trans,1795.0,26.53043556213379,0.3439084589481354,1388.3951416015625,0.9194892380043752,34.97332237018016,0.4645736813545227,1042.5777587890625,1.0,2024,7.315914154052734,"{""type"":""Point"",""coordinates"":[34.973322370180156,0.9194892380043752]}"
134,7.256805896759033,Trans,1853.0,19.27391242980957,0.2709802985191345,1653.9757080078125,1.246065435128988,34.83599483486508,0.3648024499416351,881.7891235351562,1.0,2024,7.256805896759033,"{""type"":""Point"",""coordinates"":[34.83599483486508,1.246065435128988]}"
137,6.910876750946045,Trans,1930.0,22.15652084350586,0.3540993332862854,1653.9757080078125,1.1575140526121592,34.8313973849657,0.5105547904968262,878.5647583007812,1.0,2024,6.910876750946045,"{""type"":""Point"",""coordinates"":[34.8313973849657,1.1575140526121592]}"
138,6.98114824295044,Trans,1942.0,20.265216827392575,0.4244287312030792,1303.348388671875,1.2270781792108216,34.95885355692009,0.5771960020065308,1109.6043701171875,1.0,2024,6.98114824295044,"{""type"":""Point"",""coordinates"":[34.95885355692009,1.2270781792108216]}"
141,6.621267318725586,Trans,1928.0,22.700000762939453,0.3456869423389435,1303.348388671875,1.1939618992473664,35.013197833347256,0.5564311742782593,860.8521118164062,1.0,2024,6.621267318725586,"{""type"":""Point"",""coordinates"":[35.013197833347256,1.1939618992473664]}"
147,7.434169769287109,Trans,1855.0,21.73043441772461,0.4007214903831482,1311.3265380859375,1.0134320512087325,35.0411151028139,0.5557117462158203,895.3138427734375,1.0,2024,7.434169769287109,"{""type"":""Point"",""coordinates"":[35.0411151028139,1.0134320512087323]}"
148,7.827436447143555,Trans,1845.0,24.208696365356445,0.2894974052906036,1372.1785888671875,1.0839259544069604,34.98048212294533,0.4383772313594818,1014.598876953125,1.0,2024,7.827436447143555,"{""type"":""Point"",""coordinates"":[34.98048212294533,1.0839259544069604]}"
150,5.935786247253418,Trans,1924.0,21.991304397583008,0.2976212799549103,1362.5670166015625,1.0567520136375403,35.19147633934562,0.4765053689479828,1080.9871826171875,1.0,2024,5.935786247253418,"{""type"":""Point"",""coordinates"":[35.19147633934562,1.0567520136375403]}"
151,6.470274448394775,Trans,1874.0,22.92608642578125,0.3608354330062866,1415.5245361328125,0.9885573158325256,34.84507648205529,0.4977475702762604,959.7871704101562,1.0,2024,6.470274448394775,"{""type"":""Point"",""coordinates"":[34.84507648205529,0.9885573158325255]}"
153,7.236678123474121,Trans,1855.0,19.204347610473636,0.2275875955820083,1653.9757080078125,1.245661928887902,34.83873663087883,0.2945433557033539,881.7891235351562,1.0,2024,7.236678123474121,"{""type"":""Point"",""coordinates"":[34.83873663087883,1.245661928887902]}"
154,7.331263542175293,Trans,1796.0,22.7608699798584,0.3771880865097046,1565.9140625,0.923133624027746,34.94649192255111,0.5201125741004944,1008.7112426757812,1.0,2024,7.331263542175293,"{""type"":""Point"",""coordinates"":[34.94649192255111,0.9231336240277459]}"
160,7.421715259552002,Trans,1827.0,22.204347610473636,0.430801123380661,1388.3951416015625,0.945356892177929,34.96721044797029,0.5470781922340393,1042.5777587890625,1.0,2024,7.421715259552002,"{""type"":""Point"",""coordinates"":[34.96721044797029,0.945356892177929]}"
161,7.058263301849365,Trans,1940.0,23.860870361328125,1.0341062545776367,1372.1785888671875,1.1415937398923366,35.04550059301595,0.5302515625953674,862.4269409179688,1.0,2024,7.058263301849365,"{""type"":""Point"",""coordinates"":[35.04550059301595,1.1415937398923366]}"
164,6.960079193115234,Trans,1890.0,23.247825622558597,0.3740325272083282,1309.0179443359375,1.0718316898452251,35.08314605674131,0.5417964458465576,961.5752563476562,1.0,2024,6.960079193115234,"{""type"":""Point"",""coordinates"":[35.08314605674131,1.0718316898452251]}"
167,6.748451232910156,Trans,2217.0,25.78260803222656,0.3834036290645599,1086.3765869140625,1.1836382267707255,34.74899088319924,0.5826141834259033,1033.228759765625,4.0,2024,6.748451232910156,"{""type"":""Point"",""coordinates"":[34.74899088319924,1.1836382267707255]}"
168,6.357649803161621,Trans,2184.0,24.473913192749023,0.3643481731414795,1518.2637939453125,0.9969711935510992,35.29140983781082,0.5898145437240601,998.7577514648438,1.0,2024,6.357649803161621,"{""type"":""Point"",""coordinates"":[35.29140983781082,0.9969711935510992]}"
169,7.493751525878906,Trans,1832.0,21.860870361328125,0.3821142017841339,1311.3265380859375,0.962389081363754,34.994806999601046,0.5325077772140503,1077.162841796875,1.0,2024,7.493751525878906,"{""type"":""Point"",""coordinates"":[34.994806999601046,0.962389081363754]}"
171,6.717417240142822,Trans,2067.0,22.3869571685791,0.2805151641368866,1653.9757080078125,1.1719340825051123,34.80245317969309,0.3254093825817108,878.5647583007812,1.0,2024,6.717417240142822,"{""type"":""Point"",""coordinates"":[34.80245317969309,1.1719340825051123]}"
172,6.591797351837158,Trans,1918.0,24.46086883544922,0.4986690580844879,1309.0179443359375,1.1324609790687024,35.09057345577477,0.7253294587135315,974.173583984375,1.0,2024,6.591797351837158,"{""type"":""Point"",""coordinates"":[35.09057345577477,1.1324609790687024]}"
174,6.265571117401123,Trans,2090.0,24.45652198791504,0.2962135374546051,1532.4256591796875,1.0930914110168044,34.7938385114177,0.3794346749782562,888.1694946289062,1.0,2024,6.265571117401123,"{""type"":""Point"",""coordinates"":[34.7938385114177,1.0930914110168044]}"
179,6.355146884918213,Trans,1819.0,24.00434875488281,0.398021787405014,1339.5623779296875,0.9358910160385132,35.1415812843894,0.5658794641494751,964.28857421875,1.0,2024,6.355146884918213,"{""type"":""Point"",""coordinates"":[35.141581284389396,0.9358910160385133]}"
183,6.758327007293701,Trans,1922.0,19.826086044311523,0.3204347491264343,1303.348388671875,1.2309846100362511,34.9909037171455,0.4647384583950043,1109.6043701171875,4.0,2024,6.758327007293701,"{""type"":""Point"",""coordinates"":[34.9909037171455,1.2309846100362511]}"
185,6.956503868103027,Trans,1824.0,18.95652198791504,0.2865137755870819,1640.1566162109375,1.2477258787433558,34.93529177038799,0.4195245504379272,972.9393310546876,6.0,2024,6.956503868103027,"{""type"":""Point"",""coordinates"":[34.93529177038799,1.2477258787433558]}"
186,7.642491340637207,Trans,1846.0,21.947826385498047,0.425228863954544,1372.1785888671875,1.1262720218804183,34.998405951068015,0.5159401893615723,1015.1450805664062,1.0,2024,7.642491340637207,"{""type"":""Point"",""coordinates"":[34.998405951068015,1.1262720218804185]}"
188,6.31220293045044,Trans,1871.0,22.513044357299805,0.3126530051231384,1463.1514892578125,0.9342260725324188,35.17928974019635,0.449915200471878,999.2210693359376,1.0,2024,6.31220293045044,"{""type"":""Point"",""coordinates"":[35.17928974019635,0.9342260725324188]}"
190,6.622591972351074,Trans,1879.0,24.221738815307617,0.3879017829895019,1448.66259765625,0.973830363644582,35.235375828979414,0.5684218406677246,1047.075927734375,1.0,2024,6.622591972351074,"{""type"":""Point"",""coordinates"":[35.235375828979414,0.9738303636445821]}"
196,7.413893222808838,Trans,1914.0,25.28260803222656,0.3595046103000641,1309.0179443359375,1.1050598002880307,35.052744675835804,0.5667791962623596,974.173583984375,1.0,2024,7.413893222808838,"{""type"":""Point"",""coordinates"":[35.052744675835804,1.1050598002880307]}"
198,6.198564529418945,Trans,2153.0,23.07826042175293,0.1493884176015854,1532.4256591796875,1.1352001375091358,34.781207732849865,0.4186623394489288,876.7874755859375,1.0,2024,6.198564529418945,"{""type"":""Point"",""coordinates"":[34.781207732849865,1.1352001375091358]}"
202,7.2605133056640625,Trans,1806.0,22.734783172607425,0.3894583880901336,1472.4818115234375,0.9791106476529768,34.94396759946978,0.5530504584312439,984.7139892578124,1.0,2024,7.2605133056640625,"{""type"":""Point"",""coordinates"":[34.94396759946978,0.9791106476529767]}"
205,5.966516017913818,Trans,1903.0,24.639129638671875,0.4679778814315796,1217.0069580078125,1.159984580752725,35.103268592529815,0.6499199867248535,1211.0057373046875,1.0,2024,5.966516017913818,"{""type"":""Point"",""coordinates"":[35.103268592529815,1.159984580752725]}"
207,7.016668319702148,Trans,1882.0,25.27391242980957,0.4516947567462921,1587.5098876953125,1.0543202757919832,34.888885168722574,0.5856924653053284,908.87646484375,1.0,2024,7.016668319702148,"{""type"":""Point"",""coordinates"":[34.888885168722574,1.0543202757919832]}"
209,7.0551958084106445,Trans,1789.0,22.31304359436035,0.4190165400505066,1472.4818115234375,0.9725298518787692,34.92856113367909,0.5581784248352051,984.7139892578124,1.0,2024,7.0551958084106445,"{""type"":""Point"",""coordinates"":[34.92856113367909,0.9725298518787691]}"
210,5.903796672821045,Trans,2212.0,23.41304397583008,0.3476513922214508,1518.2637939453125,1.001456767608601,35.311315326133176,0.5804869532585144,1062.2413330078125,1.0,2024,5.903796672821045,"{""type"":""Point"",""coordinates"":[35.311315326133176,1.001456767608601]}"
211,5.973985195159912,Trans,1889.0,23.78260803222656,0.2755493223667145,1309.0179443359375,1.0772150197601666,35.1417051166872,0.3863484859466553,1033.5059814453125,1.0,2024,5.973985195159912,"{""type"":""Point"",""coordinates"":[35.1417051166872,1.0772150197601666]}"
214,7.102677345275879,Trans,1917.0,23.291303634643555,0.2994618415832519,1303.348388671875,1.207366287074194,34.955530331713945,0.5085192918777466,1109.6043701171875,1.0,2024,7.102677345275879,"{""type"":""Point"",""coordinates"":[34.955530331713945,1.2073662870741941]}"
215,6.167854309082031,Trans,1918.0,23.100000381469727,0.2755444049835205,1327.4505615234375,1.0183106840343494,35.1193657384256,0.4048817753791809,1019.4813842773438,1.0,2024,6.167854309082031,"{""type"":""Point"",""coordinates"":[35.1193657384256,1.0183106840343494]}"
218,5.307253837585449,Trans,1980.0,25.07391357421875,0.4687603712081909,1362.5670166015625,1.0964217983225184,35.200644169109765,0.6211354732513428,1157.1868896484375,1.0,2024,5.307253837585449,"{""type"":""Point"",""coordinates"":[35.200644169109765,1.0964217983225184]}"
219,6.603024482727051,Trans,1983.0,23.826086044311523,0.3966354429721832,1518.2637939453125,0.9758718739680602,35.27681161824831,0.582370936870575,998.7577514648438,1.0,2024,6.603024482727051,"{""type"":""Point"",""coordinates"":[35.27681161824831,0.9758718739680602]}"
221,5.6590118408203125,Trans,2230.0,22.62173843383789,0.3436649143695831,1518.2637939453125,0.9955649580391092,35.320403525013674,0.5354105830192566,1077.1812744140625,1.0,2024,5.6590118408203125,"{""type"":""Point"",""coordinates"":[35.320403525013674,0.9955649580391093]}"
223,7.100182056427002,Trans,1790.0,18.752174377441406,0.2361408770084381,1794.15283203125,1.2527690559292073,34.86111996882938,0.3591617047786712,882.4627075195312,6.0,2024,7.100182056427002,"{""type"":""Point"",""coordinates"":[34.86111996882938,1.2527690559292073]}"
226,7.20661735534668,Trans,1818.0,22.582609176635746,0.4457462728023529,1311.3265380859375,0.9517040379271364,35.03050754588292,0.5616298913955688,943.7447509765624,1.0,2024,7.20661735534668,"{""type"":""Point"",""coordinates"":[35.03050754588292,0.9517040379271363]}"
229,6.870908737182617,Trans,1895.0,24.67391395568848,0.3381876945495605,1532.4256591796875,1.098457690277639,34.83663781318631,0.4967295825481415,813.836669921875,1.0,2024,6.870908737182617,"{""type"":""Point"",""coordinates"":[34.83663781318631,1.098457690277639]}"
232,5.966894626617432,Trans,2112.0,24.013044357299805,0.2794906497001648,1532.4256591796875,1.09194768421564,34.78005490811816,0.4810177385807037,888.1694946289062,1.0,2024,5.966894626617432,"{""type"":""Point"",""coordinates"":[34.78005490811816,1.09194768421564]}"
234,7.521461486816406,Trans,1859.0,22.395652770996094,0.3434079587459564,1311.3265380859375,1.0005667140554324,35.02796904205542,0.4577585756778717,895.3138427734375,1.0,2024,7.521461486816406,"{""type"":""Point"",""coordinates"":[35.02796904205542,1.0005667140554324]}"
243,7.079525470733643,Trans,1905.0,20.19130516052246,0.4620514214038849,1640.1566162109375,1.2264361377960316,34.92974897872596,0.5966545343399048,972.9393310546876,1.0,2024,7.079525470733643,"{""type"":""Point"",""coordinates"":[34.92974897872596,1.2264361377960316]}"
245,6.221968650817871,Trans,1978.0,24.04347801208496,0.3121772110462188,1619.9417724609375,0.9410951913855587,35.30489717172603,0.4707733988761902,992.7603759765624,1.0,2024,6.221968650817871,"{""type"":""Point"",""coordinates"":[35.30489717172603,0.9410951913855589]}"
253,7.149109840393066,Trans,1962.0,22.15217399597168,0.3490992784500122,1640.1566162109375,1.2156650313572224,34.929320034006835,0.4471044540405273,972.9393310546876,1.0,2024,7.149109840393066,"{""type"":""Point"",""coordinates"":[34.929320034006835,1.2156650313572224]}"
254,6.587428569793701,Trans,2046.0,23.069564819335938,0.3142352104187011,1415.5245361328125,1.0186938858993828,34.81304358748296,0.4490680694580078,849.1492919921875,1.0,2024,6.587428569793701,"{""type"":""Point"",""coordinates"":[34.81304358748296,1.0186938858993828]}"
255,6.062788009643555,Trans,2348.0,22.81304359436035,0.3625983297824859,1227.42041015625,0.9388476949976728,34.75016238130748,0.58290034532547,1105.9439697265625,4.0,2024,6.062788009643555,"{""type"":""Point"",""coordinates"":[34.75016238130748,0.9388476949976727]}"
256,7.181326866149902,Trans,1914.0,21.669565200805664,0.3672919571399688,1640.1566162109375,1.2034859663177648,34.94644379036388,0.5011105537414551,972.9393310546876,1.0,2024,7.181326866149902,"{""type"":""Point"",""coordinates"":[34.94644379036388,1.2034859663177648]}"
259,6.4060821533203125,Trans,1945.0,21.34347915649414,0.4093122482299804,1303.348388671875,1.181863026854341,35.041118031596774,0.5993611216545105,860.8521118164062,1.0,2024,6.4060821533203125,"{""type"":""Point"",""coordinates"":[35.041118031596774,1.181863026854341]}"
261,6.674450874328613,Trans,1950.0,23.3869571685791,0.3253641724586487,1518.2637939453125,0.9845680547180948,35.26419719900564,0.4867508113384247,998.7577514648438,1.0,2024,6.674450874328613,"{""type"":""Point"",""coordinates"":[35.26419719900564,0.9845680547180947]}"
264,7.112666130065918,Trans,2139.0,27.756521224975582,0.4433290660381317,1086.3765869140625,1.1989768232222575,34.73825784606001,0.7051109075546265,1033.228759765625,1.0,2024,7.112666130065918,"{""type"":""Point"",""coordinates"":[34.73825784606001,1.1989768232222575]}"
269,6.01444673538208,Trans,2500.0,25.856521606445312,0.4202214479446411,1086.3765869140625,1.1501569646929573,34.74784407258927,0.545036792755127,1033.228759765625,4.0,2024,6.01444673538208,"{""type"":""Point"",""coordinates"":[34.74784407258927,1.1501569646929573]}"
273,6.298555374145508,Trans,1969.0,19.28695678710937,0.2834804952144623,1303.348388671875,1.221151472434579,35.0335780143028,0.4477786123752594,1020.2589111328124,1.0,2024,6.298555374145508,"{""type"":""Point"",""coordinates"":[35.0335780143028,1.2211514724345793]}"
275,7.035991668701172,Trans,1945.0,22.90434837341309,0.3829292953014374,1309.0179443359375,1.09453493282474,35.08052233998451,0.5302332639694214,961.5752563476562,1.0,2024,7.035991668701172,"{""type"":""Point"",""coordinates"":[35.08052233998451,1.09453493282474]}"
276,7.333691596984863,Trans,1833.0,21.95652198791504,0.4309399425983429,1311.3265380859375,0.9627007052943966,34.95120719257425,0.5941053032875061,1077.162841796875,1.0,2024,7.333691596984863,"{""type"":""Point"",""coordinates"":[34.95120719257425,0.9627007052943966]}"
278,6.976662635803223,Trans,1898.0,25.330434799194336,0.3999667763710022,1309.0179443359375,1.1205263643602097,35.074951003367374,0.559620201587677,974.173583984375,1.0,2024,6.976662635803223,"{""type"":""Point"",""coordinates"":[35.074951003367374,1.1205263643602097]}"
279,5.868768215179443,Trans,1901.0,24.052173614501957,0.3314442038536072,1309.0179443359375,1.0868491033192662,35.146079247151825,0.5452934503555298,1033.5059814453125,1.0,2024,5.868768215179443,"{""type"":""Point"",""coordinates"":[35.146079247151825,1.0868491033192662]}"
281,7.431119918823242,Trans,1867.0,21.65652084350586,0.3841727972030639,1311.3265380859375,0.9866108285424892,35.02990215898338,0.5446488857269287,943.7447509765624,1.0,2024,7.431119918823242,"{""type"":""Point"",""coordinates"":[35.02990215898338,0.9866108285424893]}"
282,6.801180839538574,Trans,1889.0,24.7391300201416,0.4037979245185852,1309.0179443359375,1.0581482327064364,35.08823702470632,0.5932778120040894,961.5752563476562,1.0,2024,6.801180839538574,"{""type"":""Point"",""coordinates"":[35.08823702470632,1.0581482327064364]}"
286,7.172053337097168,Trans,1770.0,22.647825241088867,0.3464312851428985,1388.3951416015625,0.8982290639734106,34.96858264775765,0.4953670799732208,985.6636352539062,1.0,2024,7.172053337097168,"{""type"":""Point"",""coordinates"":[34.96858264775765,0.8982290639734106]}"
287,6.831495761871338,Trans,1960.0,21.943477630615234,0.2594752907752991,1303.348388671875,1.1978491806566625,34.99348087757822,0.3920333981513977,1049.634765625,1.0,2024,6.831495761871338,"{""type"":""Point"",""coordinates"":[34.99348087757822,1.1978491806566625]}"
288,6.510324954986572,Trans,1791.0,23.778261184692383,0.4787137806415558,1327.4505615234375,0.9519891774039008,35.09506096553071,0.5915117859840393,994.4949951171876,1.0,2024,6.510324954986572,"{""type"":""Point"",""coordinates"":[35.09506096553071,0.9519891774039008]}"
293,7.578675270080566,Trans,1836.0,21.24347877502441,0.3914499282836914,1640.1566162109375,1.152732674151561,34.93900775502655,0.5430654883384705,964.7963256835938,1.0,2024,7.578675270080566,"{""type"":""Point"",""coordinates"":[34.93900775502655,1.1527326741515613]}"
294,7.769264221191406,Trans,1857.0,21.643478393554688,0.303143709897995,1372.1785888671875,1.0628863728053786,34.97352791189789,0.5168988108634949,1014.598876953125,1.0,2024,7.769264221191406,"{""type"":""Point"",""coordinates"":[34.97352791189789,1.0628863728053786]}"
295,7.563981056213379,Trans,1852.0,22.86956596374512,0.3893985450267792,1640.1566162109375,1.1553923378083466,34.931677711965136,0.5620307922363281,964.7963256835938,1.0,2024,7.563981056213379,"{""type"":""Point"",""coordinates"":[34.931677711965136,1.1553923378083466]}"
297,6.493932723999023,Trans,2023.0,24.11739158630371,0.3958928883075714,1532.4256591796875,1.095959203342996,34.807441291939426,0.5651684403419495,813.836669921875,1.0,2024,6.493932723999023,"{""type"":""Point"",""coordinates"":[34.807441291939426,1.095959203342996]}"
298,5.641610145568848,Trans,2558.0,28.22608757019043,0.4013275504112243,897.6917114257812,1.13631784001929,34.74267857832072,0.64927738904953,1047.058837890625,1.0,2024,5.641610145568848,"{""type"":""Point"",""coordinates"":[34.74267857832072,1.1363178400192901]}"
299,7.19323205947876,Trans,1849.0,21.356521606445312,0.4828976690769195,1653.9757080078125,1.2302516278813385,34.83837509107559,0.4305514395236969,881.7891235351562,4.0,2024,7.19323205947876,"{""type"":""Point"",""coordinates"":[34.83837509107559,1.2302516278813385]}"
309,6.358237266540527,Trans,1865.0,20.417390823364254,0.3836123645305633,1463.1514892578125,0.9300948392295586,35.2050067679406,0.5119598507881165,1050.580810546875,4.0,2024,6.358237266540527,"{""type"":""Point"",""coordinates"":[35.2050067679406,0.9300948392295586]}"
313,6.960182189941406,Trans,2149.0,23.713043212890625,0.3322689235210418,1653.9757080078125,1.1943683868858823,34.76303786906102,0.5214959979057312,878.0504150390625,1.0,2024,6.960182189941406,"{""type"":""Point"",""coordinates"":[34.76303786906102,1.1943683868858825]}"
316,7.000720977783203,Trans,1837.0,19.09130477905273,0.3450972139835357,1640.1566162109375,1.2450206139495177,34.90423806558308,0.4245996475219726,972.9393310546876,6.0,2024,7.000720977783203,"{""type"":""Point"",""coordinates"":[34.90423806558308,1.2450206139495177]}"
317,7.233400344848633,Trans,1860.0,21.443477630615234,0.3055092096328735,1640.1566162109375,1.196306203022144,34.87828546864437,0.4092861115932464,916.169677734375,1.0,2024,7.233400344848633,"{""type"":""Point"",""coordinates"":[34.87828546864437,1.1963062030221439]}"
319,6.597024917602539,Trans,1812.0,22.88260841369629,0.3670474886894226,1565.9140625,0.935179982791974,34.86852975540021,0.5229669213294983,1014.7183227539062,1.0,2024,6.597024917602539,"{""type"":""Point"",""coordinates"":[34.86852975540021,0.935179982791974]}"
322,7.500338077545166,Trans,1859.0,24.047826766967773,0.414128839969635,1640.1566162109375,1.1591558563512914,34.90613711252622,0.5526355504989624,964.7963256835938,1.0,2024,7.500338077545166,"{""type"":""Point"",""coordinates"":[34.90613711252622,1.1591558563512914]}"
326,7.24609899520874,Trans,1856.0,24.15217399597168,0.4320448935031891,1472.4818115234375,1.037109610141976,34.926378076408994,0.5331439971923828,963.7658081054688,4.0,2024,7.24609899520874,"{""type"":""Point"",""coordinates"":[34.926378076408994,1.037109610141976]}"
331,7.576333045959473,Trans,1846.0,23.77391242980957,0.3858220875263214,1311.3265380859375,0.9799486260700506,34.99347428106416,0.5666987299919128,1077.162841796875,1.0,2024,7.576333045959473,"{""type"":""Point"",""coordinates"":[34.99347428106416,0.9799486260700506]}"
332,7.345785617828369,Trans,1831.0,22.873912811279297,0.3115099370479584,1388.3951416015625,0.9270210352862772,34.97751323464162,0.4401420950889587,1042.5777587890625,1.0,2024,7.345785617828369,"{""type"":""Point"",""coordinates"":[34.97751323464162,0.9270210352862773]}"
335,6.3034539222717285,Trans,2003.0,27.647825241088867,0.3433825373649597,1532.4256591796875,1.08663087085109,34.795729375419484,0.4760920405387878,888.1694946289062,1.0,2024,6.3034539222717285,"{""type"":""Point"",""coordinates"":[34.795729375419484,1.08663087085109]}"
338,7.665679454803467,Trans,1829.0,25.8869571685791,0.3679327368736267,1587.5098876953125,1.1115200319244851,34.93044833008756,0.5107747316360474,960.1989135742188,1.0,2024,7.665679454803467,"{""type"":""Point"",""coordinates"":[34.93044833008756,1.1115200319244853]}"
340,7.47666072845459,Trans,1839.0,22.765216827392575,0.3652176856994629,1587.5098876953125,1.1169158504793864,34.89547220802988,0.4938004612922668,896.3999633789062,1.0,2024,7.47666072845459,"{""type"":""Point"",""coordinates"":[34.89547220802988,1.1169158504793864]}"
342,7.412506103515625,Trans,1827.0,25.339130401611328,0.4163278937339782,1472.4818115234375,1.0147947796917989,34.94980470816926,0.5752790570259094,963.7658081054688,1.0,2024,7.412506103515625,"{""type"":""Point"",""coordinates"":[34.94980470816926,1.0147947796917989]}"
343,7.651900768280029,Trans,1834.0,24.68260955810547,0.4306728541851043,1587.5098876953125,1.1378503344287338,34.9361586520957,0.614485502243042,960.1989135742188,1.0,2024,7.651900768280029,"{""type"":""Point"",""coordinates"":[34.9361586520957,1.1378503344287338]}"
346,5.680630207061768,Trans,2212.0,25.08695602416992,0.3678342401981354,1532.4256591796875,1.1043347237371688,34.7650706607762,0.5417657494544983,876.7874755859375,1.0,2024,5.680630207061768,"{""type"":""Point"",""coordinates"":[34.765070660776196,1.1043347237371688]}"
347,7.649991989135742,Trans,1854.0,25.60869598388672,0.3923466205596924,1372.1785888671875,1.130472615001415,34.985338500785296,0.4685270488262176,1015.1450805664062,1.0,2024,7.649991989135742,"{""type"":""Point"",""coordinates"":[34.985338500785296,1.130472615001415]}"
350,6.153354644775391,Trans,1868.0,21.58695602416992,0.3551360964775085,1448.66259765625,0.967128340991079,35.169520525846806,0.5472059845924377,1027.66796875,1.0,2024,6.153354644775391,"{""type"":""Point"",""coordinates"":[35.169520525846806,0.967128340991079]}"
352,6.520977020263672,Trans,1940.0,23.56521797180176,0.425746351480484,1448.66259765625,1.0213230761900711,35.225689551727385,0.5605078935623169,1040.30517578125,1.0,2024,6.520977020263672,"{""type"":""Point"",""coordinates"":[35.225689551727385,1.0213230761900711]}"
355,7.201242923736572,Trans,1885.0,24.047826766967773,0.3146225214004516,1303.348388671875,1.191869688654085,34.95955232910349,0.4905526340007782,1049.634765625,1.0,2024,7.201242923736572,"{""type"":""Point"",""coordinates"":[34.95955232910349,1.191869688654085]}"
356,7.215391159057617,Trans,1866.0,25.89130401611328,0.4406041800975799,1587.5098876953125,1.058799457551849,34.908206216276334,0.5504233241081238,961.76513671875,1.0,2024,7.215391159057617,"{""type"":""Point"",""coordinates"":[34.908206216276334,1.0587994575518487]}"
363,6.216871738433838,Trans,1951.0,23.952173233032227,0.3739174902439117,1303.348388671875,1.2102921916114835,35.03850340494179,0.5802661776542664,1020.2589111328124,1.0,2024,6.216871738433838,"{""type"":""Point"",""coordinates"":[35.03850340494179,1.2102921916114837]}"
364,6.956686973571777,Trans,1789.0,23.43478202819824,0.3159961998462677,1472.4818115234375,0.9637092448560058,34.920573810180784,0.4442286193370819,984.7139892578124,1.0,2024,6.956686973571777,"{""type"":""Point"",""coordinates"":[34.920573810180784,0.9637092448560058]}"
369,6.853021621704102,Trans,1779.0,22.34782600402832,0.3286076188087463,1687.8226318359375,0.8414544612677987,34.86558485294816,0.5285316705703735,988.6344604492188,1.0,2024,6.853021621704102,"{""type"":""Point"",""coordinates"":[34.86558485294816,0.8414544612677987]}"
371,5.616989612579346,Trans,2207.0,22.24347877502441,0.3156234622001648,1532.4256591796875,1.085559395402637,34.76616995716337,0.4898093342781067,888.1694946289062,1.0,2024,5.616989612579346,"{""type"":""Point"",""coordinates"":[34.76616995716337,1.085559395402637]}"
375,7.152858257293701,Trans,1876.0,30.24347877502441,0.4605575203895569,1587.5098876953125,1.0561080439290451,34.90363112711615,0.5550304055213928,961.76513671875,1.0,2024,7.152858257293701,"{""type"":""Point"",""coordinates"":[34.90363112711615,1.0561080439290453]}"
379,7.388111114501953,Trans,1891.0,22.943477630615234,0.4445091187953949,1303.348388671875,1.1710167144023995,34.958656007482084,0.554020345211029,1049.634765625,1.0,2024,7.388111114501953,"{""type"":""Point"",""coordinates"":[34.958656007482084,1.1710167144023997]}"
380,6.300948143005371,Trans,2136.0,23.791303634643555,0.3797697126865387,1415.5245361328125,1.047021250716147,34.79085444095672,0.61005699634552,954.0535278320312,1.0,2024,6.300948143005371,"{""type"":""Point"",""coordinates"":[34.79085444095672,1.047021250716147]}"
381,7.636685371398926,Trans,1849.0,22.547826766967773,0.4059019982814789,1587.5098876953125,1.0900620805966987,34.935852420429526,0.515376091003418,961.76513671875,1.0,2024,7.636685371398926,"{""type"":""Point"",""coordinates"":[34.935852420429526,1.0900620805966987]}"
393,7.522659301757812,Trans,1845.0,21.508695602416992,0.3462724685668945,1587.5098876953125,1.1436417707848534,34.90121336414499,0.4709685444831848,960.1989135742188,1.0,2024,7.522659301757812,"{""type"":""Point"",""coordinates"":[34.90121336414499,1.1436417707848534]}"
394,5.550275802612305,Trans,2165.0,22.430435180664062,0.3362943530082702,1532.4256591796875,1.079440851846183,34.7642949986436,0.4864304959774017,888.1694946289062,1.0,2024,5.550275802612305,"{""type"":""Point"",""coordinates"":[34.7642949986436,1.0794408518461833]}"
397,7.666888236999512,Trans,1829.0,24.84347915649414,0.4058430790901184,1587.5098876953125,1.1122210733273423,34.93033011971098,0.5288987755775452,960.1989135742188,1.0,2024,7.666888236999512,"{""type"":""Point"",""coordinates"":[34.93033011971098,1.1122210733273425]}"
403,6.63324785232544,Trans,1969.0,23.69565200805664,0.3745896518230438,1415.5245361328125,1.0212108661395605,34.826871870777445,0.5760108828544617,849.1492919921875,1.0,2024,6.63324785232544,"{""type"":""Point"",""coordinates"":[34.826871870777445,1.0212108661395605]}"
404,6.221590995788574,Trans,1958.0,19.84347915649414,0.3365631699562073,1303.348388671875,1.2176329823255156,35.03950850671083,0.4627889990806579,1020.2589111328124,1.0,2024,6.221590995788574,"{""type"":""Point"",""coordinates"":[35.03950850671083,1.2176329823255156]}"
406,7.184414386749268,Trans,1819.0,23.952173233032227,0.4168930053710937,1388.3951416015625,0.9378180055576846,35.01896150443698,0.5391595363616943,873.1403198242188,1.0,2024,7.184414386749268,"{""type"":""Point"",""coordinates"":[35.01896150443698,0.9378180055576846]}"
409,6.790661334991455,Trans,1909.0,25.38260841369629,0.389024555683136,1532.4256591796875,1.089046617830818,34.83004388133531,0.5649566054344177,813.836669921875,1.0,2024,6.790661334991455,"{""type"":""Point"",""coordinates"":[34.83004388133531,1.089046617830818]}"
414,7.005167484283447,Trans,1905.0,22.26956558227539,0.3320792317390442,1309.0179443359375,1.0834526442189545,35.08249107664622,0.4911034107208252,961.5752563476562,1.0,2024,7.005167484283447,"{""type"":""Point"",""coordinates"":[35.08249107664622,1.0834526442189545]}"
417,7.675471305847168,Trans,1848.0,23.200000762939453,0.4660545289516449,1587.5098876953125,1.0860496069502177,34.944622225679765,0.5987133383750916,961.76513671875,1.0,2024,7.675471305847168,"{""type"":""Point"",""coordinates"":[34.944622225679765,1.0860496069502175]}"
418,7.0277099609375,Trans,1792.0,23.00434875488281,0.3940093219280243,1565.9140625,0.9134506224227033,34.89556014246479,0.5653523802757263,1014.7183227539062,1.0,2024,7.0277099609375,"{""type"":""Point"",""coordinates"":[34.89556014246479,0.9134506224227031]}"
419,6.397111415863037,Trans,1851.0,22.604347229003903,0.3467181026935577,1327.4505615234375,1.0224526647854937,35.10262324193542,0.4732871949672699,1019.4813842773438,1.0,2024,6.397111415863037,"{""type"":""Point"",""coordinates"":[35.10262324193542,1.0224526647854935]}"
420,6.167568683624268,Trans,2182.0,21.46956443786621,0.4259355366230011,1518.2637939453125,0.9608905895783924,35.30530049260696,0.5299338102340698,1077.1812744140625,4.0,2024,6.167568683624268,"{""type"":""Point"",""coordinates"":[35.30530049260696,0.9608905895783925]}"
424,6.672327995300293,Trans,1901.0,25.50434875488281,0.3710717558860779,1415.5245361328125,1.0281496310558929,34.843408883349454,0.4839218556880951,849.1492919921875,1.0,2024,6.672327995300293,"{""type"":""Point"",""coordinates"":[34.843408883349454,1.0281496310558929]}"
427,5.870013236999512,Trans,1870.0,24.447826385498047,0.3332157433032989,1309.0179443359375,1.080352064278455,35.149110909600715,0.4612295031547546,1033.5059814453125,1.0,2024,5.870013236999512,"{""type"":""Point"",""coordinates"":[35.149110909600715,1.080352064278455]}"
428,7.019341468811035,Trans,1713.0,18.03043556213379,0.239557459950447,1794.15283203125,1.2638307038884269,34.87125550465104,0.3545681834220886,882.4627075195312,6.0,2024,7.019341468811035,"{""type"":""Point"",""coordinates"":[34.87125550465104,1.2638307038884267]}"
429,7.13747501373291,Trans,1941.0,19.826086044311523,0.4136948883533478,1640.1566162109375,1.2202077941858716,34.91573841894209,0.5645704865455627,972.9393310546876,1.0,2024,7.13747501373291,"{""type"":""Point"",""coordinates"":[34.91573841894209,1.2202077941858716]}"
434,7.044078826904297,Trans,1758.0,19.0217399597168,0.3043047189712524,1640.1566162109375,1.2450317434678655,34.87988966420212,0.4547711014747619,915.8572387695312,6.0,2024,7.044078826904297,"{""type"":""Point"",""coordinates"":[34.87988966420212,1.2450317434678655]}"
435,7.171507358551025,Trans,2098.0,29.839130401611328,0.4624339640140533,1086.3765869140625,1.202581305413876,34.747621934526855,0.6665903329849243,986.7026977539062,1.0,2024,7.171507358551025,"{""type"":""Point"",""coordinates"":[34.747621934526855,1.2025813054138759]}"
436,6.712239265441895,Trans,1933.0,25.100000381469727,0.3851287961006164,1303.348388671875,1.1653602829765828,35.037612821548045,0.5561961531639099,860.8521118164062,1.0,2024,6.712239265441895,"{""type"":""Point"",""coordinates"":[35.037612821548045,1.1653602829765828]}"
443,6.658606052398682,Trans,1932.0,20.2608699798584,0.4486827254295349,1303.348388671875,1.2277740386409586,35.00156487103719,0.6191754937171936,1020.2589111328124,4.0,2024,6.658606052398682,"{""type"":""Point"",""coordinates"":[35.00156487103719,1.2277740386409586]}"
444,7.072923183441162,Trans,1947.0,23.978260040283203,0.4004570841789245,1640.1566162109375,1.2221426888045683,34.94304071459558,0.5426878929138184,972.9393310546876,1.0,2024,7.072923183441162,"{""type"":""Point"",""coordinates"":[34.94304071459558,1.2221426888045683]}"
446,6.583806037902832,Trans,2051.0,24.860870361328125,0.3250764608383178,1653.9757080078125,1.1594791973373426,34.79881140927888,0.4250670671463012,878.0504150390625,1.0,2024,6.583806037902832,"{""type"":""Point"",""coordinates"":[34.798811409278876,1.1594791973373426]}"
447,7.122010707855225,Trans,1885.0,21.917390823364254,0.3230735063552856,1653.9757080078125,1.2120497207952214,34.83792125085985,0.4881067872047424,881.7891235351562,1.0,2024,7.122010707855225,"{""type"":""Point"",""coordinates"":[34.83792125085985,1.2120497207952214]}"
448,7.385916233062744,Trans,1892.0,23.713043212890625,0.3669677078723907,1372.1785888671875,1.128707701747316,35.03318732069959,0.5249074101448059,862.4269409179688,1.0,2024,7.385916233062744,"{""type"":""Point"",""coordinates"":[35.03318732069959,1.128707701747316]}"
450,7.318306446075439,Trans,1862.0,23.7608699798584,0.3838867545127868,1640.1566162109375,1.1897951252125512,34.89603434823022,0.4759688377380371,916.169677734375,1.0,2024,7.318306446075439,"{""type"":""Point"",""coordinates"":[34.89603434823022,1.1897951252125512]}"
451,7.510899543762207,Trans,1834.0,22.130434036254883,0.391212522983551,1311.3265380859375,0.9711259731346038,34.97470597634072,0.5767664313316345,1077.162841796875,1.0,2024,7.510899543762207,"{""type"":""Point"",""coordinates"":[34.97470597634072,0.9711259731346038]}"
452,6.522141456604004,Trans,1960.0,19.491304397583008,0.3246358036994934,1303.348388671875,1.2334909479700265,35.01942444937656,0.4073784351348877,1020.2589111328124,4.0,2024,6.522141456604004,"{""type"":""Point"",""coordinates"":[35.01942444937656,1.2334909479700265]}"
454,7.056650161743164,Trans,1881.0,24.560869216918945,0.391653299331665,1587.5098876953125,1.0612623990866212,34.88694090468184,0.4822163879871368,908.87646484375,1.0,2024,7.056650161743164,"{""type"":""Point"",""coordinates"":[34.886940904681836,1.0612623990866212]}"
457,6.061215877532959,Trans,1923.0,21.39130401611328,0.4318622946739197,1448.66259765625,0.9843997820577812,35.15293268047059,0.5660496950149536,1027.66796875,1.0,2024,6.061215877532959,"{""type"":""Point"",""coordinates"":[35.15293268047059,0.9843997820577813]}"
458,7.1480889320373535,Trans,1798.0,26.295652389526367,0.4492419362068176,1565.9140625,0.907139377560522,34.905553200883524,0.5570439100265503,1008.7112426757812,1.0,2024,7.1480889320373535,"{""type"":""Point"",""coordinates"":[34.905553200883524,0.907139377560522]}"
463,6.976150989532471,Trans,1829.0,22.22608757019043,0.3981274366378784,1472.4818115234375,1.0095360326560403,34.91662048646605,0.6228237748146057,963.7658081054688,1.0,2024,6.976150989532471,"{""type"":""Point"",""coordinates"":[34.91662048646605,1.0095360326560405]}"
464,7.633956909179687,Trans,1843.0,23.96521759033203,0.3009414672851562,1587.5098876953125,1.1004180935762522,34.92995154505192,0.454933613538742,961.76513671875,1.0,2024,7.633956909179687,"{""type"":""Point"",""coordinates"":[34.92995154505192,1.1004180935762522]}"
465,6.143035888671875,Trans,1845.0,24.139129638671875,0.5043162107467651,1309.0179443359375,1.0540715378052734,35.128704430924664,0.7575984597206116,1033.5059814453125,1.0,2024,6.143035888671875,"{""type"":""Point"",""coordinates"":[35.128704430924664,1.0540715378052734]}"
467,6.87305212020874,Trans,1888.0,27.78695678710937,0.3418022990226745,1532.4256591796875,1.07655447070981,34.84198666428837,0.5380314588546753,813.836669921875,1.0,2024,6.87305212020874,"{""type"":""Point"",""coordinates"":[34.84198666428837,1.07655447070981]}"
468,6.179115295410156,Trans,2041.0,23.482608795166016,0.368968516588211,1362.5670166015625,1.0632216118395876,35.24227580291235,0.5710204839706421,1157.1868896484375,1.0,2024,6.179115295410156,"{""type"":""Point"",""coordinates"":[35.24227580291235,1.0632216118395876]}"
469,7.270184516906738,Trans,1835.0,24.986955642700195,0.361741155385971,1327.4505615234375,1.0296013548251777,35.0560464770691,0.5303734540939331,969.0385131835938,1.0,2024,7.270184516906738,"{""type"":""Point"",""coordinates"":[35.0560464770691,1.0296013548251775]}"
471,7.126240253448486,Trans,1860.0,26.339130401611328,0.4695616662502289,1472.4818115234375,1.034805362412215,34.91669441868191,0.6376457214355469,963.7658081054688,1.0,2024,7.126240253448486,"{""type"":""Point"",""coordinates"":[34.91669441868191,1.034805362412215]}"
472,7.420675277709961,Trans,1825.0,21.59130477905273,0.3710928559303283,1311.3265380859375,0.9526005551950528,34.96409188375339,0.5210521221160889,1077.162841796875,1.0,2024,7.420675277709961,"{""type"":""Point"",""coordinates"":[34.96409188375339,0.9526005551950527]}"
475,6.745951652526856,Trans,1824.0,22.71739196777344,0.3414478302001953,1388.3951416015625,0.885693103267632,34.99885940252742,0.5143193602561951,985.6636352539062,1.0,2024,6.745951652526856,"{""type"":""Point"",""coordinates"":[34.99885940252742,0.885693103267632]}"
477,6.925394058227539,Trans,1900.0,24.95652198791504,0.325381726026535,1309.0179443359375,1.1019311492809132,35.086183470712015,0.5318387150764465,974.173583984375,1.0,2024,6.925394058227539,"{""type"":""Point"",""coordinates"":[35.086183470712015,1.1019311492809132]}"
483,7.428441047668457,Trans,1880.0,23.50434875488281,0.4003650844097137,1303.348388671875,1.167721959466968,34.95687504244057,0.5448254942893982,1049.634765625,1.0,2024,7.428441047668457,"{""type"":""Point"",""coordinates"":[34.95687504244057,1.1677219594669679]}"
485,7.307408332824707,Trans,1873.0,21.96086883544922,0.3498192727565765,1311.3265380859375,0.9861587800509316,35.04105696068231,0.5211843848228455,943.7447509765624,1.0,2024,7.307408332824707,"{""type"":""Point"",""coordinates"":[35.04105696068231,0.9861587800509317]}"
488,6.446669101715088,Trans,1986.0,20.76956558227539,0.3103304505348205,1518.2637939453125,0.9526372478312576,35.29073275325565,0.460889995098114,998.7577514648438,4.0,2024,6.446669101715088,"{""type"":""Point"",""coordinates"":[35.29073275325565,0.9526372478312575]}"
491,6.344404697418213,Trans,1890.0,23.252174377441406,0.3323272466659546,1448.66259765625,1.009341396591307,35.19733226928509,0.5389729142189026,1005.9006958007812,1.0,2024,6.344404697418213,"{""type"":""Point"",""coordinates"":[35.19733226928509,1.009341396591307]}"
492,6.453392505645752,Trans,1873.0,23.50434875488281,0.3429600596427917,1309.0179443359375,1.1358560875678736,35.09601075389971,0.526023268699646,974.173583984375,1.0,2024,6.453392505645752,"{""type"":""Point"",""coordinates"":[35.09601075389971,1.1358560875678736]}"
499,6.360939025878906,Trans,1888.0,23.360870361328125,0.3425115048885345,1448.66259765625,0.9547830793370332,35.204886653465586,0.5459246039390564,1047.075927734375,1.0,2024,6.360939025878906,"{""type"":""Point"",""coordinates"":[35.204886653465586,0.9547830793370331]}"
502,6.415314674377441,Trans,1911.0,21.81739044189453,0.3880663216114044,1448.66259765625,0.9750986723552874,35.206886727511844,0.5512493848800659,1047.075927734375,1.0,2024,6.415314674377441,"{""type"":""Point"",""coordinates"":[35.206886727511844,0.9750986723552874]}"
503,6.583402633666992,Trans,1860.0,21.53913116455078,0.4431040585041046,1463.1514892578125,0.94047823428707,35.249248926250054,0.6484841108322144,1050.580810546875,4.0,2024,6.583402633666992,"{""type"":""Point"",""coordinates"":[35.249248926250054,0.9404782342870701]}"
506,6.97944450378418,Trans,1785.0,18.07391357421875,0.2290813475847244,1794.15283203125,1.251834654178609,34.895034648150045,0.3005066514015198,882.4627075195312,6.0,2024,6.97944450378418,"{""type"":""Point"",""coordinates"":[34.895034648150045,1.251834654178609]}"
507,6.273806095123291,Trans,1869.0,24.40434837341309,0.3350266516208648,1339.5623779296875,0.9460739881127826,35.13453299808374,0.4374148547649383,964.28857421875,1.0,2024,6.273806095123291,"{""type"":""Point"",""coordinates"":[35.13453299808374,0.9460739881127826]}"
508,6.96807861328125,Trans,1832.0,23.604347229003903,0.3026030361652374,1327.4505615234375,1.0270527838380938,35.07250065429376,0.4266797006130218,969.0385131835938,1.0,2024,6.96807861328125,"{""type"":""Point"",""coordinates"":[35.07250065429376,1.0270527838380938]}"
509,6.04999303817749,Trans,1903.0,20.28260803222656,0.4487266838550567,1327.4505615234375,0.986414551208396,35.13779047697876,0.660297691822052,1042.0404052734375,1.0,2024,6.04999303817749,"{""type"":""Point"",""coordinates"":[35.13779047697876,0.986414551208396]}"
510,6.850028991699219,Trans,1790.0,22.53043556213379,0.4409357905387878,1388.3951416015625,0.9055036979763904,35.01940790208427,0.5711339116096497,873.1403198242188,1.0,2024,6.850028991699219,"{""type"":""Point"",""coordinates"":[35.01940790208427,0.9055036979763904]}"
515,6.501111507415772,Trans,1914.0,21.513044357299805,0.4286274313926697,1448.66259765625,0.9623226039902836,35.22167302810956,0.6396858096122742,1047.075927734375,4.0,2024,6.501111507415772,"{""type"":""Point"",""coordinates"":[35.22167302810956,0.9623226039902835]}"
517,6.459303855895996,Trans,1947.0,24.5217399597168,0.3908544480800628,1451.5164794921875,0.9404858924039988,34.832460867655,0.5671718120574951,1004.1910400390624,1.0,2024,6.459303855895996,"{""type"":""Point"",""coordinates"":[34.832460867655,0.9404858924039987]}"
518,7.563756942749023,Trans,1842.0,24.278261184692383,0.4064878523349762,1587.5098876953125,1.0975444597226809,34.91978125457245,0.5268139839172363,961.76513671875,1.0,2024,7.563756942749023,"{""type"":""Point"",""coordinates"":[34.91978125457245,1.0975444597226807]}"
519,7.18048620223999,Trans,1863.0,23.42173957824707,0.4129818081855774,1472.4818115234375,1.0461523860217254,34.91403490961919,0.5486041307449341,963.7658081054688,1.0,2024,7.18048620223999,"{""type"":""Point"",""coordinates"":[34.91403490961919,1.0461523860217254]}"
523,6.527130603790283,Trans,2017.0,24.017391204833984,0.3505332767963409,1532.4256591796875,1.0873103033653302,34.80946082992951,0.4919781386852264,813.836669921875,1.0,2024,6.527130603790283,"{""type"":""Point"",""coordinates"":[34.80946082992951,1.0873103033653302]}"
524,7.1983642578125,Trans,1867.0,22.852174758911133,0.4460172355175018,1587.5098876953125,1.143566078552532,34.860022061403136,0.5966398119926453,896.3999633789062,1.0,2024,7.1983642578125,"{""type"":""Point"",""coordinates"":[34.860022061403136,1.1435660785525321]}"
526,6.7332258224487305,Trans,1918.0,26.708696365356445,0.4639001488685608,1415.5245361328125,1.03975869933134,34.842117712783335,0.5781800150871277,849.1492919921875,1.0,2024,6.7332258224487305,"{""type"":""Point"",""coordinates"":[34.842117712783335,1.03975869933134]}"
527,6.786332130432129,Trans,1940.0,19.643478393554688,0.3408340811729431,1303.348388671875,1.22731424450917,34.9868900607555,0.502112627029419,1109.6043701171875,1.0,2024,6.786332130432129,"{""type"":""Point"",""coordinates"":[34.9868900607555,1.22731424450917]}"
528,6.315264225006104,Trans,2045.0,24.252174377441406,0.3101932406425476,1532.4256591796875,1.0788306256426723,34.795370114204886,0.5163034796714783,888.1694946289062,1.0,2024,6.315264225006104,"{""type"":""Point"",""coordinates"":[34.795370114204886,1.0788306256426725]}"
543,7.248418807983398,Trans,1763.0,24.04347801208496,0.4146302342414856,1565.9140625,0.9080564123194116,34.923424886781014,0.5405255556106567,1008.7112426757812,1.0,2024,7.248418807983398,"{""type"":""Point"",""coordinates"":[34.923424886781014,0.9080564123194116]}"
544,7.083782196044922,Trans,1873.0,24.265216827392575,0.3902053833007812,1587.5098876953125,1.0610774235296625,34.89019271315042,0.5202670693397522,908.87646484375,1.0,2024,7.083782196044922,"{""type"":""Point"",""coordinates"":[34.89019271315042,1.0610774235296623]}"
548,6.885743141174316,Trans,1770.0,25.63478279113769,0.4460757672786712,1687.8226318359375,0.8438440984486079,34.87767169917667,0.6721691489219666,988.6344604492188,1.0,2024,6.885743141174316,"{""type"":""Point"",""coordinates"":[34.87767169917667,0.8438440984486079]}"
553,6.152039527893066,Trans,1867.0,21.58695602416992,0.3414907455444336,1448.66259765625,0.969988429603262,35.16995145325426,0.505513608455658,1027.66796875,1.0,2024,6.152039527893066,"{""type"":""Point"",""coordinates"":[35.16995145325426,0.969988429603262]}"
555,7.722017765045166,Trans,1845.0,23.42173957824707,0.3072588443756103,1587.5098876953125,1.105337493482042,34.946036056322306,0.4983128011226654,960.1989135742188,1.0,2024,7.722017765045166,"{""type"":""Point"",""coordinates"":[34.946036056322306,1.1053374934820421]}"
556,6.908278465270996,Trans,1811.0,22.36956596374512,0.3495264053344726,1388.3951416015625,0.9189005634215588,35.02987888614052,0.4751617908477783,873.1403198242188,1.0,2024,6.908278465270996,"{""type"":""Point"",""coordinates"":[35.02987888614052,0.9189005634215587]}"
560,7.314298152923584,Trans,1849.0,23.7608699798584,0.3654791116714477,1640.1566162109375,1.191538435548389,34.89904062986228,0.4571469128131866,916.169677734375,1.0,2024,7.314298152923584,"{""type"":""Point"",""coordinates"":[34.89904062986228,1.1915384355483887]}"
562,6.34050178527832,Trans,1937.0,22.65217399597168,0.4276487529277801,1303.348388671875,1.202023987937666,35.03003055418454,0.5485488176345825,1020.2589111328124,1.0,2024,6.34050178527832,"{""type"":""Point"",""coordinates"":[35.03003055418454,1.202023987937666]}"
563,7.375751495361328,Trans,1858.0,21.765216827392575,0.4125040173530578,1587.5098876953125,1.149509049772513,34.878996280277086,0.5546539425849915,896.3999633789062,1.0,2024,7.375751495361328,"{""type"":""Point"",""coordinates"":[34.878996280277086,1.149509049772513]}"
564,5.728347301483154,Trans,1877.0,25.360870361328125,0.2917766571044922,1309.0179443359375,1.1080759229571278,35.14683296112142,0.4430170059204101,1090.241455078125,1.0,2024,5.728347301483154,"{""type"":""Point"",""coordinates"":[35.14683296112142,1.1080759229571278]}"
569,7.752887725830078,Trans,1861.0,21.57391357421875,0.2568289935588836,1372.1785888671875,1.1016346417985192,34.95510447772306,0.38849076628685,1015.1450805664062,1.0,2024,7.752887725830078,"{""type"":""Point"",""coordinates"":[34.95510447772306,1.1016346417985192]}"
575,6.749818325042725,Trans,1953.0,23.060869216918945,0.3229267299175262,1303.348388671875,1.1825584578702957,35.0132646047492,0.4869101047515869,860.8521118164062,1.0,2024,6.749818325042725,"{""type"":""Point"",""coordinates"":[35.013264604749196,1.1825584578702957]}"
580,7.511849880218506,Trans,1849.0,22.46086883544922,0.3726407587528229,1587.5098876953125,1.092919411277332,34.91490117090877,0.4748549163341522,961.76513671875,1.0,2024,7.511849880218506,"{""type"":""Point"",""coordinates"":[34.91490117090877,1.092919411277332]}"
582,7.599362850189209,Trans,1819.0,26.28260803222656,0.3248937129974365,1311.3265380859375,1.0169383351870522,34.96826987359557,0.4681544601917267,1003.5731201171876,1.0,2024,7.599362850189209,"{""type"":""Point"",""coordinates"":[34.96826987359557,1.0169383351870522]}"
584,7.267320156097412,Trans,1903.0,23.57826042175293,0.3868469595909118,1309.0179443359375,1.0869100187234595,35.06729726460274,0.5673249959945679,961.5752563476562,1.0,2024,7.267320156097412,"{""type"":""Point"",""coordinates"":[35.06729726460274,1.0869100187234595]}"
585,6.66438627243042,Trans,1894.0,22.478260040283203,0.341924786567688,1518.2637939453125,0.9603164580070236,35.25265450473652,0.5070022940635681,998.7577514648438,1.0,2024,6.66438627243042,"{""type"":""Point"",""coordinates"":[35.25265450473652,0.9603164580070235]}"
587,6.602454662322998,Trans,1947.0,23.76956558227539,0.3701297342777252,1518.2637939453125,1.0192962556569167,35.25841372784442,0.5270485877990723,994.1923217773438,1.0,2024,6.602454662322998,"{""type"":""Point"",""coordinates"":[35.25841372784442,1.0192962556569167]}"
588,7.648253440856934,Trans,1838.0,20.678260803222656,0.3665723204612732,1311.3265380859375,1.0126263568103069,34.97782432342542,0.5235369205474854,1003.5731201171876,4.0,2024,7.648253440856934,"{""type"":""Point"",""coordinates"":[34.97782432342542,1.0126263568103069]}"
590,7.5472412109375,Trans,1874.0,23.008695602416992,0.3328693509101867,1640.1566162109375,1.1576586824159476,34.92272043176479,0.5274872183799744,964.7963256835938,1.0,2024,7.5472412109375,"{""type"":""Point"",""coordinates"":[34.92272043176479,1.1576586824159476]}"
591,6.489531517028809,Trans,2130.0,23.256521224975582,0.4262371957302093,1518.2637939453125,0.983171882877449,35.284937663569124,0.5870339274406433,998.7577514648438,1.0,2024,6.489531517028809,"{""type"":""Point"",""coordinates"":[35.284937663569124,0.983171882877449]}"
596,7.084367275238037,Trans,1928.0,23.31739044189453,0.3734691441059112,1303.348388671875,1.212610499242219,34.9542227976707,0.5400543212890625,1109.6043701171875,1.0,2024,7.084367275238037,"{""type"":""Point"",""coordinates"":[34.9542227976707,1.212610499242219]}"
598,6.289398670196533,Trans,2091.0,22.88260841369629,0.2856062650680542,1532.4256591796875,1.1320076971817732,34.789296728355296,0.4734525382518768,876.7874755859375,1.0,2024,6.289398670196533,"{""type"":""Point"",""coordinates"":[34.789296728355296,1.1320076971817732]}"
599,7.520943164825439,Trans,1874.0,20.19565200805664,0.3808807730674743,1303.348388671875,1.1553626798351564,34.95868232230228,0.4974123239517212,1049.634765625,1.0,2024,7.520943164825439,"{""type"":""Point"",""coordinates"":[34.95868232230228,1.1553626798351564]}"
600,6.8896684646606445,Trans,1868.0,23.430435180664062,0.427576869726181,1309.0179443359375,1.058587374076492,35.08408988399851,0.6484909653663635,961.5752563476562,1.0,2024,6.8896684646606445,"{""type"":""Point"",""coordinates"":[35.08408988399851,1.058587374076492]}"
605,6.574291229248047,Trans,1944.0,22.55652236938477,0.331640213727951,1448.66259765625,1.0203182708368728,35.23626106311653,0.529412031173706,1040.30517578125,1.0,2024,6.574291229248047,"{""type"":""Point"",""coordinates"":[35.23626106311653,1.0203182708368728]}"
607,6.187256813049316,Trans,2120.0,24.291303634643555,0.3738887310028076,1532.4256591796875,1.1205735201547438,34.78698520591371,0.4812066555023193,876.7874755859375,1.0,2024,6.187256813049316,"{""type"":""Point"",""coordinates"":[34.78698520591371,1.1205735201547438]}"
609,7.319488048553467,Trans,1850.0,23.7608699798584,0.3706178367137909,1640.1566162109375,1.191052156855968,34.899402596965224,0.4504409730434418,916.169677734375,1.0,2024,7.319488048553467,"{""type"":""Point"",""coordinates"":[34.899402596965224,1.191052156855968]}"
616,5.767536163330078,Trans,1881.0,24.78260803222656,0.3737539649009704,1362.5670166015625,1.069864595048235,35.173081303858666,0.5429764986038208,1080.9871826171875,1.0,2024,5.767536163330078,"{""type"":""Point"",""coordinates"":[35.173081303858666,1.069864595048235]}"
620,7.194159030914307,Trans,1900.0,22.200000762939453,0.35086390376091,1653.9757080078125,1.2209991060270171,34.81987180020528,0.4181751608848572,881.7891235351562,1.0,2024,7.194159030914307,"{""type"":""Point"",""coordinates"":[34.81987180020528,1.2209991060270171]}"
623,7.136941432952881,Trans,1864.0,22.60869598388672,0.4037844538688659,1640.1566162109375,1.2213546066027725,34.89011483671132,0.5037786364555359,915.8572387695312,4.0,2024,7.136941432952881,"{""type"":""Point"",""coordinates"":[34.89011483671132,1.2213546066027723]}"
624,6.392302513122559,Trans,1895.0,24.65217399597168,0.3688409328460693,1448.66259765625,1.0023072389238286,35.20167761627388,0.5617527961730957,1040.30517578125,1.0,2024,6.392302513122559,"{""type"":""Point"",""coordinates"":[35.20167761627388,1.0023072389238286]}"
627,6.085177421569824,Trans,1882.0,21.991304397583008,0.3226103186607361,1327.4505615234375,0.9712655641615274,35.14360951519559,0.4796958863735199,1042.0404052734375,1.0,2024,6.085177421569824,"{""type"":""Point"",""coordinates"":[35.14360951519559,0.9712655641615274]}"
628,6.4889678955078125,Trans,1917.0,18.39130401611328,0.3590922057628631,1448.66259765625,0.971837760724038,35.2173437494041,0.6131064891815186,1047.075927734375,1.0,2024,6.4889678955078125,"{""type"":""Point"",""coordinates"":[35.2173437494041,0.971837760724038]}"
632,7.259207725524902,Trans,1882.0,25.92608642578125,0.3752506673336029,1372.1785888671875,1.1406662339782934,35.02720988966673,0.5473715662956238,862.4269409179688,1.0,2024,7.259207725524902,"{""type"":""Point"",""coordinates"":[35.02720988966673,1.1406662339782934]}"
637,7.284161567687988,Trans,1851.0,24.365217208862305,0.3907252550125122,1587.5098876953125,1.0625174138472129,34.91295464770465,0.5651246905326843,961.76513671875,1.0,2024,7.284161567687988,"{""type"":""Point"",""coordinates"":[34.91295464770465,1.0625174138472127]}"
642,7.632299423217773,Trans,1859.0,21.978260040283203,0.3796170055866241,1372.1785888671875,1.134185911642756,34.98118587236795,0.5247976183891296,1015.1450805664062,1.0,2024,7.632299423217773,"{""type"":""Point"",""coordinates"":[34.98118587236795,1.134185911642756]}"
650,6.941412925720215,Trans,2156.0,23.713043212890625,0.3567669689655304,1653.9757080078125,1.1937604026827155,34.76396293293812,0.5319175124168396,878.0504150390625,1.0,2024,6.941412925720215,"{""type"":""Point"",""coordinates"":[34.76396293293812,1.1937604026827155]}"
652,6.555321216583252,Trans,1947.0,25.178260803222656,0.3676448762416839,1451.5164794921875,0.8982995390564664,34.82886021593724,0.5215819478034973,985.6239013671876,1.0,2024,6.555321216583252,"{""type"":""Point"",""coordinates"":[34.82886021593724,0.8982995390564664]}"
653,6.927399158477783,Trans,1783.0,23.0,0.4227825403213501,1565.9140625,0.9000603321346936,34.87020983873553,0.5936840772628784,1008.7085571289062,1.0,2024,6.927399158477783,"{""type"":""Point"",""coordinates"":[34.87020983873553,0.9000603321346936]}"
655,7.26339054107666,Trans,1867.0,23.84347915649414,0.4345165491104126,1303.348388671875,1.1815236997381706,34.9627213054486,0.5486735105514526,1049.634765625,1.0,2024,7.26339054107666,"{""type"":""Point"",""coordinates"":[34.962721305448596,1.1815236997381706]}"
661,6.563963890075684,Trans,1945.0,22.3869571685791,0.2948676943778991,1448.66259765625,1.0236145519051822,35.23910253161774,0.4614031314849853,1040.30517578125,1.0,2024,6.563963890075684,"{""type"":""Point"",""coordinates"":[35.23910253161774,1.0236145519051822]}"
664,6.200808525085449,Trans,1913.0,21.943477630615234,0.2655651867389679,1327.4505615234375,1.014248018988243,35.11586452093786,0.4783144295215606,1019.4813842773438,1.0,2024,6.200808525085449,"{""type"":""Point"",""coordinates"":[35.11586452093786,1.014248018988243]}"
665,6.9979119300842285,Trans,1970.0,24.026086807250977,0.3186205625534057,1303.348388671875,1.1505689826400147,35.03659032264239,0.4393955767154693,860.8521118164062,1.0,2024,6.9979119300842285,"{""type"":""Point"",""coordinates"":[35.03659032264239,1.1505689826400147]}"
669,6.972598552703857,Trans,1750.0,22.252174377441406,0.3959337174892425,1565.9140625,0.8627617380088055,34.923382219269605,0.5639841556549072,986.4015502929688,1.0,2024,6.972598552703857,"{""type"":""Point"",""coordinates"":[34.923382219269605,0.8627617380088055]}"
671,7.217552185058594,Trans,1883.0,21.87826156616211,0.3114219605922699,1311.3265380859375,0.9736275083234818,35.043229739070384,0.478850245475769,943.7447509765624,1.0,2024,7.217552185058594,"{""type"":""Point"",""coordinates"":[35.043229739070384,0.9736275083234818]}"
672,5.5025177001953125,Trans,1930.0,25.513044357299805,0.453375905752182,1217.0069580078125,1.1635252115752552,35.13745131235245,0.6071031093597412,1211.0057373046875,1.0,2024,5.5025177001953125,"{""type"":""Point"",""coordinates"":[35.13745131235245,1.1635252115752552]}"
676,7.584502220153809,Trans,1839.0,22.278261184692383,0.3468667566776275,1640.1566162109375,1.1523155121440058,34.935415153493494,0.5342538356781006,964.7963256835938,1.0,2024,7.584502220153809,"{""type"":""Point"",""coordinates"":[34.935415153493494,1.1523155121440058]}"
677,6.662544250488281,Trans,1795.0,23.54347801208496,0.3619075715541839,1565.9140625,0.9397616697580438,34.8826812069635,0.4815370738506317,1014.7183227539062,1.0,2024,6.662544250488281,"{""type"":""Point"",""coordinates"":[34.8826812069635,0.9397616697580438]}"
679,6.04973840713501,Trans,2060.0,23.43913078308105,0.2946305871009826,1532.4256591796875,1.0779870557167328,34.782830690675,0.4736844003200531,888.1694946289062,1.0,2024,6.04973840713501,"{""type"":""Point"",""coordinates"":[34.782830690675,1.0779870557167328]}"
680,6.052953720092773,Trans,1922.0,20.55652236938477,0.3273674249649048,1327.4505615234375,0.9832886531842984,35.14837364482683,0.5087718963623047,1042.0404052734375,4.0,2024,6.052953720092773,"{""type"":""Point"",""coordinates"":[35.14837364482683,0.9832886531842983]}"
685,6.843095779418945,Trans,1944.0,22.61739158630371,0.3372521698474884,1303.348388671875,1.2118574168099296,34.98448891741403,0.5494101643562317,1109.6043701171875,1.0,2024,6.843095779418945,"{""type"":""Point"",""coordinates"":[34.98448891741403,1.2118574168099296]}"
687,6.0555596351623535,Trans,1889.0,22.96086883544922,0.3840205371379852,1309.0179443359375,1.0568948782269292,35.13765785194871,0.5239191055297852,1033.5059814453125,1.0,2024,6.0555596351623535,"{""type"":""Point"",""coordinates"":[35.13765785194871,1.0568948782269292]}"
690,7.288890838623047,Trans,1863.0,23.96956443786621,0.4213118851184845,1587.5098876953125,1.0562111831499694,34.91824311415991,0.6016721725463867,961.76513671875,1.0,2024,7.288890838623047,"{""type"":""Point"",""coordinates"":[34.91824311415991,1.0562111831499694]}"
693,6.433053970336914,Trans,1884.0,22.991304397583008,0.387798935174942,1448.66259765625,0.9986544781326572,35.20664124788762,0.5558043718338013,1047.075927734375,1.0,2024,6.433053970336914,"{""type"":""Point"",""coordinates"":[35.20664124788762,0.9986544781326571]}"
694,5.904001712799072,Trans,1870.0,22.713043212890625,0.387098103761673,1362.5670166015625,1.0642180593623942,35.15472109893478,0.5008577704429626,1080.9871826171875,1.0,2024,5.904001712799072,"{""type"":""Point"",""coordinates"":[35.15472109893478,1.0642180593623942]}"
697,5.569690704345703,Trans,2556.0,25.365217208862305,0.5050679445266724,898.4467163085938,0.9614969459703964,34.73415088151195,0.5963347554206848,1086.8260498046875,4.0,2024,5.569690704345703,"{""type"":""Point"",""coordinates"":[34.73415088151195,0.9614969459703964]}"
699,7.34093713760376,Trans,1825.0,20.178260803222656,0.3696506321430206,1388.3951416015625,0.9390856829367548,34.95023989715764,0.5125933885574341,1042.5777587890625,1.0,2024,7.34093713760376,"{""type"":""Point"",""coordinates"":[34.95023989715764,0.9390856829367549]}"
700,6.471172332763672,Trans,2009.0,23.917390823364254,0.4309867918491363,1448.66259765625,1.0401352715620398,35.24769961950065,0.5854915976524353,1040.30517578125,1.0,2024,6.471172332763672,"{""type"":""Point"",""coordinates"":[35.24769961950065,1.0401352715620398]}"
701,7.180442333221436,Trans,1871.0,22.57391357421875,0.4148009121417999,1640.1566162109375,1.15404040282692,34.85758744260991,0.5744856595993042,916.169677734375,1.0,2024,7.180442333221436,"{""type"":""Point"",""coordinates"":[34.85758744260991,1.15404040282692]}"
702,7.788706302642822,Trans,1816.0,23.27391242980957,0.4105826616287231,1372.1785888671875,1.0743310970727813,35.019424694145194,0.5379173159599304,885.8496704101562,1.0,2024,7.788706302642822,"{""type"":""Point"",""coordinates"":[35.019424694145194,1.0743310970727813]}"
709,5.899539947509766,Trans,1897.0,23.65652084350586,0.3339669108390808,1309.0179443359375,1.0833314186082097,35.14503816347209,0.5334832072257996,1033.5059814453125,1.0,2024,5.899539947509766,"{""type"":""Point"",""coordinates"":[35.14503816347209,1.0833314186082095]}"
710,6.693095684051514,Trans,1816.0,21.55652236938477,0.3950546681880951,1339.5623779296875,0.909506246632845,35.103427532575715,0.5728065967559814,964.28857421875,1.0,2024,6.693095684051514,"{""type"":""Point"",""coordinates"":[35.103427532575715,0.909506246632845]}"
713,6.261674880981445,Trans,2269.0,23.430435180664062,0.3000469207763672,1451.5164794921875,0.9318257425944704,34.77019150987532,0.5005428194999695,1013.508056640625,1.0,2024,6.261674880981445,"{""type"":""Point"",""coordinates"":[34.77019150987532,0.9318257425944704]}"
717,7.583868026733398,Trans,1842.0,23.77391242980957,0.4310544729232788,1311.3265380859375,0.9813816171449744,34.99330894415361,0.5458128452301025,1077.162841796875,1.0,2024,7.583868026733398,"{""type"":""Point"",""coordinates"":[34.99330894415361,0.9813816171449744]}"
719,6.913086891174316,Trans,1926.0,22.895652770996094,0.3529967963695526,1653.9757080078125,1.1586958799727156,34.8320356812744,0.5085804462432861,878.5647583007812,1.0,2024,6.913086891174316,"{""type"":""Point"",""coordinates"":[34.8320356812744,1.1586958799727156]}"
722,6.903303146362305,Trans,1967.0,23.330434799194336,0.3150306344032287,1303.348388671875,1.1655896283591316,35.02094730811859,0.5352480411529541,860.8521118164062,1.0,2024,6.903303146362305,"{""type"":""Point"",""coordinates"":[35.02094730811859,1.1655896283591316]}"
728,7.835972309112549,Trans,1823.0,22.22608757019043,0.3588488399982452,1372.1785888671875,1.0679702342431288,34.99699267964871,0.5424875617027283,1014.598876953125,1.0,2024,7.835972309112549,"{""type"":""Point"",""coordinates"":[34.99699267964871,1.0679702342431288]}"
729,6.988909721374512,Trans,1961.0,20.513044357299805,0.3824725747108459,1303.348388671875,1.2215269695677324,34.96235233922532,0.5619205236434937,1109.6043701171875,1.0,2024,6.988909721374512,"{""type"":""Point"",""coordinates"":[34.96235233922532,1.2215269695677324]}"
731,6.991605758666992,Trans,1899.0,19.917390823364254,0.3576878905296325,1640.1566162109375,1.2418508415234562,34.92918547532427,0.4802643656730652,972.9393310546876,4.0,2024,6.991605758666992,"{""type"":""Point"",""coordinates"":[34.92918547532427,1.2418508415234562]}"
733,6.056900978088379,Trans,1915.0,21.93913078308105,0.405276745557785,1362.5670166015625,1.052836118833234,35.20579968659362,0.6086568832397461,1157.1868896484375,1.0,2024,6.056900978088379,"{""type"":""Point"",""coordinates"":[35.20579968659362,1.052836118833234]}"
736,6.655020713806152,Trans,1991.0,26.943477630615234,0.4432482123374939,1415.5245361328125,1.042785515990756,34.818779065631354,0.504668116569519,849.1492919921875,1.0,2024,6.655020713806152,"{""type"":""Point"",""coordinates"":[34.818779065631354,1.042785515990756]}"
738,6.027597427368164,Trans,1884.0,22.45652198791504,0.3501980006694793,1448.66259765625,1.0468640281570902,35.18337697515421,0.5690967440605164,1005.9006958007812,1.0,2024,6.027597427368164,"{""type"":""Point"",""coordinates"":[35.18337697515421,1.0468640281570902]}"
739,6.085938930511475,Trans,2116.0,28.082609176635746,0.3008459806442261,1532.4256591796875,1.0836666924598517,34.78531126297381,0.4919066727161407,888.1694946289062,1.0,2024,6.085938930511475,"{""type"":""Point"",""coordinates"":[34.78531126297381,1.0836666924598517]}"
740,7.418218612670898,Trans,1845.0,21.91304397583008,0.4320934414863586,1640.1566162109375,1.1778535466960247,34.912230705874094,0.590335488319397,964.7963256835938,1.0,2024,7.418218612670898,"{""type"":""Point"",""coordinates"":[34.912230705874094,1.1778535466960247]}"
741,7.217921733856201,Trans,1904.0,22.40434837341309,0.3125150203704834,1303.348388671875,1.1959441106840976,34.95017649373958,0.4267796576023102,1049.634765625,1.0,2024,7.217921733856201,"{""type"":""Point"",""coordinates"":[34.95017649373958,1.1959441106840976]}"
743,6.587340831756592,Trans,2198.0,23.53478240966797,0.3287244737148285,1653.9757080078125,1.1685999157536306,34.78698721872098,0.4209566712379455,878.0504150390625,1.0,2024,6.587340831756592,"{""type"":""Point"",""coordinates"":[34.78698721872098,1.1685999157536306]}"
744,6.1347270011901855,Trans,1916.0,22.708696365356445,0.2760128378868103,1327.4505615234375,1.0143555798977664,35.121435991180164,0.4686404168605804,1019.4813842773438,1.0,2024,6.1347270011901855,"{""type"":""Point"",""coordinates"":[35.121435991180164,1.0143555798977664]}"
748,6.571732521057129,Trans,1875.0,23.45652198791504,0.3651056885719299,1309.0179443359375,1.111566370695401,35.102768904864114,0.5554273724555969,1090.241455078125,1.0,2024,6.571732521057129,"{""type"":""Point"",""coordinates"":[35.102768904864114,1.1115663706954013]}"
750,5.716869354248047,Trans,1903.0,23.03913116455078,0.4394644200801849,1362.5670166015625,1.0718498936424643,35.17823713440482,0.648369550704956,1080.9871826171875,1.0,2024,5.716869354248047,"{""type"":""Point"",""coordinates"":[35.17823713440482,1.0718498936424645]}"
751,5.728756904602051,Trans,1903.0,23.03913116455078,0.4169459939002991,1362.5670166015625,1.0711008294238302,35.178040253310066,0.6264062523841858,1080.9871826171875,1.0,2024,5.728756904602051,"{""type"":""Point"",""coordinates"":[35.178040253310066,1.0711008294238302]}"
753,6.411056995391846,Trans,1952.0,23.43478202819824,0.2882840633392334,1217.0069580078125,1.1519424272080176,35.08079772137472,0.4617034494876861,1066.3682861328125,1.0,2024,6.411056995391846,"{""type"":""Point"",""coordinates"":[35.08079772137472,1.1519424272080176]}"
755,7.2284722328186035,Trans,1915.0,24.495651245117188,0.4041064381599426,1640.1566162109375,1.204465571015999,34.93053324890495,0.4538369178771972,972.9393310546876,1.0,2024,7.2284722328186035,"{""type"":""Point"",""coordinates"":[34.93053324890495,1.204465571015999]}"
757,7.731726169586182,Trans,1857.0,22.88260841369629,0.3489090204238891,1372.1785888671875,1.0609278736565393,34.967756752552134,0.5008779764175415,1014.598876953125,1.0,2024,7.731726169586182,"{""type"":""Point"",""coordinates"":[34.967756752552134,1.0609278736565393]}"
762,6.5645294189453125,Trans,1854.0,22.96086883544922,0.4040209650993347,1327.4505615234375,1.02275036751159,35.09284122740623,0.5603161454200745,969.0385131835938,1.0,2024,6.5645294189453125,"{""type"":""Point"",""coordinates"":[35.09284122740623,1.02275036751159]}"
763,6.952581882476807,Trans,1753.0,25.234783172607425,0.4828768968582153,1565.9140625,0.9482036159212904,34.914950042661744,0.6606562733650208,1008.7112426757812,1.0,2024,6.952581882476807,"{""type"":""Point"",""coordinates"":[34.914950042661744,0.9482036159212905]}"
767,6.189162254333496,Trans,2265.0,24.360870361328125,0.3842248320579529,1451.5164794921875,0.9303624997939504,34.76055293636195,0.5545353293418884,1013.508056640625,1.0,2024,6.189162254333496,"{""type"":""Point"",""coordinates"":[34.76055293636195,0.9303624997939505]}"
772,6.142617225646973,Trans,1929.0,21.669565200805664,0.3718141317367553,1327.4505615234375,0.9872539893604156,35.12021924256348,0.5771690607070923,1042.0404052734375,1.0,2024,6.142617225646973,"{""type"":""Point"",""coordinates"":[35.12021924256348,0.9872539893604156]}"
778,6.789559364318848,Trans,1784.0,24.41304397583008,0.4458333551883697,1687.8226318359375,0.8398840576734274,34.888338605758115,0.571439266204834,988.6344604492188,1.0,2024,6.789559364318848,"{""type"":""Point"",""coordinates"":[34.888338605758115,0.8398840576734274]}"
780,7.072305679321289,Trans,2102.0,28.34782600402832,0.4727205634117126,1086.3765869140625,1.1976386667184264,34.74694810338436,0.6132184267044067,1033.228759765625,1.0,2024,7.072305679321289,"{""type"":""Point"",""coordinates"":[34.74694810338436,1.1976386667184264]}"
784,7.438896179199219,Trans,1850.0,21.95652198791504,0.3496996164321899,1587.5098876953125,1.0634908549499429,34.928733319357164,0.4766567945480346,961.76513671875,1.0,2024,7.438896179199219,"{""type"":""Point"",""coordinates"":[34.928733319357164,1.0634908549499429]}"
785,6.574652194976807,Trans,1959.0,23.24347877502441,0.3847697973251343,1532.4256591796875,1.132769450790865,34.81041597609673,0.5190929174423218,853.085205078125,1.0,2024,6.574652194976807,"{""type"":""Point"",""coordinates"":[34.81041597609673,1.132769450790865]}"
786,6.834356784820557,Trans,1870.0,23.96086883544922,0.3640089631080627,1339.5623779296875,0.9454904055332848,35.063592773171194,0.5120093822479248,951.3497924804688,1.0,2024,6.834356784820557,"{""type"":""Point"",""coordinates"":[35.063592773171194,0.9454904055332847]}"
787,7.068557262420654,Trans,1905.0,28.447826385498047,0.2982683181762695,1653.9757080078125,1.1798554813271234,34.84411581565219,0.4249756932258606,878.5647583007812,1.0,2024,7.068557262420654,"{""type"":""Point"",""coordinates"":[34.84411581565219,1.1798554813271234]}"
788,7.375143051147461,Trans,1842.0,22.09130477905273,0.3841022551059723,1587.5098876953125,1.07466461379817,34.9128304688072,0.5110957026481628,961.76513671875,1.0,2024,7.375143051147461,"{""type"":""Point"",""coordinates"":[34.9128304688072,1.07466461379817]}"
789,7.532199859619141,Trans,1865.0,24.46086883544922,0.3585213720798492,1640.1566162109375,1.1602284676478938,34.921302887633644,0.5416541695594788,964.7963256835938,1.0,2024,7.532199859619141,"{""type"":""Point"",""coordinates"":[34.921302887633644,1.1602284676478938]}"
794,6.258086681365967,Trans,1837.0,20.947826385498047,0.4345392286777496,1448.66259765625,1.0009709364909696,35.18697277150162,0.6061389446258545,1005.9006958007812,1.0,2024,6.258086681365967,"{""type"":""Point"",""coordinates"":[35.18697277150162,1.0009709364909696]}"
799,5.424768924713135,Trans,1976.0,24.28260803222656,0.3769005835056305,1217.0069580078125,1.173283168956146,35.139495832794275,0.6017811894416809,1211.0057373046875,1.0,2024,5.424768924713135,"{""type"":""Point"",""coordinates"":[35.139495832794275,1.173283168956146]}"
800,6.252519607543945,Trans,1922.0,24.360870361328125,0.3421325087547302,1303.348388671875,1.207774401642934,35.03575251198019,0.5319541096687317,1020.2589111328124,1.0,2024,6.252519607543945,"{""type"":""Point"",""coordinates"":[35.03575251198019,1.207774401642934]}"
801,7.524352550506592,Trans,1848.0,25.734783172607425,0.360490083694458,1587.5098876953125,1.102016986686707,34.91114404941767,0.482856810092926,960.1989135742188,1.0,2024,7.524352550506592,"{""type"":""Point"",""coordinates"":[34.91114404941767,1.1020169866867067]}"
802,6.162936210632324,Trans,1930.0,23.40434837341309,0.4116858839988708,1327.4505615234375,0.9936608517468476,35.11783272806806,0.4295522272586822,1042.0404052734375,1.0,2024,6.162936210632324,"{""type"":""Point"",""coordinates"":[35.11783272806806,0.9936608517468475]}"
806,6.854165077209473,Trans,1820.0,24.799999237060547,0.4871875345706939,1388.3951416015625,0.8915010290170079,34.997429996432984,0.6499730944633484,985.6636352539062,1.0,2024,6.854165077209473,"{""type"":""Point"",""coordinates"":[34.997429996432984,0.8915010290170079]}"
809,7.746555328369141,Trans,1824.0,22.204347610473636,0.3902374505996704,1372.1785888671875,1.1187978853516372,34.97823252517465,0.5620374083518982,1015.1450805664062,1.0,2024,7.746555328369141,"{""type"":""Point"",""coordinates"":[34.97823252517465,1.1187978853516372]}"
810,7.449512004852295,Trans,1836.0,24.747825622558597,0.4261331260204315,1311.3265380859375,0.9630638399810816,35.00904926219375,0.5642632842063904,943.7447509765624,1.0,2024,7.449512004852295,"{""type"":""Point"",""coordinates"":[35.00904926219375,0.9630638399810815]}"
811,6.434059143066406,Trans,1795.0,23.42173957824707,0.3555600345134735,1415.5245361328125,0.980588700532513,34.84930796742091,0.5798605680465698,959.7871704101562,1.0,2024,6.434059143066406,"{""type"":""Point"",""coordinates"":[34.84930796742091,0.980588700532513]}"
812,6.359248161315918,Trans,1883.0,22.45652198791504,0.3968596160411834,1448.66259765625,0.9531122382325324,35.20462764031342,0.6205785870552063,1047.075927734375,1.0,2024,6.359248161315918,"{""type"":""Point"",""coordinates"":[35.20462764031342,0.9531122382325325]}"
815,6.524703979492188,Trans,1959.0,22.81739044189453,0.3614622056484222,1619.9417724609375,0.944916769196834,35.28354584587982,0.5458862781524658,978.35693359375,4.0,2024,6.524703979492188,"{""type"":""Point"",""coordinates"":[35.28354584587982,0.944916769196834]}"
816,6.483537673950195,Trans,1975.0,25.34782600402832,0.4128431379795074,1415.5245361328125,0.965760414820925,34.81134033198499,0.5358344316482544,959.7871704101562,1.0,2024,6.483537673950195,"{""type"":""Point"",""coordinates"":[34.81134033198499,0.965760414820925]}"
817,6.912877082824707,Trans,1705.0,25.12173843383789,0.4063258767127991,1565.9140625,0.8656645568180866,34.93911789583488,0.5999042391777039,986.4015502929688,1.0,2024,6.912877082824707,"{""type"":""Point"",""coordinates"":[34.939117895834876,0.8656645568180866]}"
821,7.686697959899902,Trans,1846.0,21.03478240966797,0.2485203593969345,1311.3265380859375,1.0109075407796726,34.990532003985216,0.321757048368454,1003.5731201171876,1.0,2024,7.686697959899902,"{""type"":""Point"",""coordinates"":[34.990532003985216,1.0109075407796726]}"
824,7.046868801116943,Trans,1996.0,18.68695640563965,0.3738958537578583,1303.348388671875,1.1750505392863992,34.995608880520535,0.5279778838157654,1049.634765625,1.0,2024,7.046868801116943,"{""type"":""Point"",""coordinates"":[34.995608880520535,1.1750505392863992]}"
826,6.022851467132568,Trans,1871.0,24.873912811279297,0.2326301783323288,1448.66259765625,1.036987809360732,35.1508348478515,0.3839232623577118,1005.9006958007812,1.0,2024,6.022851467132568,"{""type"":""Point"",""coordinates"":[35.1508348478515,1.0369878093607319]}"
827,6.367937088012695,Trans,2053.0,25.96086883544922,0.3572251796722412,1451.5164794921875,0.8817493588526778,34.80540985499248,0.5401145219802856,985.6239013671876,1.0,2024,6.367937088012695,"{""type"":""Point"",""coordinates"":[34.805409854992476,0.8817493588526778]}"
828,5.361285209655762,Trans,2272.0,24.83478355407715,0.3515552580356598,1518.2637939453125,0.9928866860195716,35.33012794768279,0.4899948835372925,1077.1812744140625,1.0,2024,5.361285209655762,"{""type"":""Point"",""coordinates"":[35.33012794768279,0.9928866860195716]}"
836,6.338991165161133,Trans,1851.0,23.00434875488281,0.3623054325580597,1327.4505615234375,0.9644241564157148,35.10659174276009,0.5377820730209351,1042.0404052734375,1.0,2024,6.338991165161133,"{""type"":""Point"",""coordinates"":[35.10659174276009,0.9644241564157147]}"
844,7.498602390289307,Trans,1856.0,23.74347877502441,0.2723085880279541,1587.5098876953125,1.082331482190788,34.9215618668339,0.4289168119430542,961.76513671875,1.0,2024,7.498602390289307,"{""type"":""Point"",""coordinates"":[34.9215618668339,1.0823314821907881]}"
849,7.083663463592529,Trans,1880.0,24.486955642700195,0.3814694881439209,1653.9757080078125,1.1937493963555232,34.843220633106554,0.5147808790206909,878.5647583007812,1.0,2024,7.083663463592529,"{""type"":""Point"",""coordinates"":[34.843220633106554,1.1937493963555232]}"
850,6.43830680847168,Trans,1832.0,23.052173614501957,0.4185832440853119,1339.5623779296875,0.9399864662308516,35.112950914576984,0.5500192642211914,964.28857421875,1.0,2024,6.43830680847168,"{""type"":""Point"",""coordinates"":[35.112950914576984,0.9399864662308517]}"
860,7.073042392730713,Trans,1857.0,29.930435180664062,0.3294369876384735,1472.4818115234375,1.038001059517614,34.91024137794093,0.4366840720176697,963.7658081054688,1.0,2024,7.073042392730713,"{""type"":""Point"",""coordinates"":[34.91024137794093,1.0380010595176141]}"
862,6.340755939483643,Trans,1936.0,22.96521759033203,0.3578541278839111,1619.9417724609375,0.9336062683354656,35.29851479892083,0.5378280878067017,978.35693359375,4.0,2024,6.340755939483643,"{""type"":""Point"",""coordinates"":[35.29851479892083,0.9336062683354655]}"
864,6.459157466888428,Trans,1884.0,27.1130428314209,0.3776334524154663,1463.1514892578125,0.933711076641105,35.22759346541693,0.5802834630012512,1050.580810546875,1.0,2024,6.459157466888428,"{""type"":""Point"",""coordinates"":[35.22759346541693,0.933711076641105]}"
865,7.092628002166748,Trans,1800.0,22.93913078308105,0.4360753297805786,1565.9140625,0.9195369688267708,34.909157286014526,0.5747220516204834,1008.7112426757812,1.0,2024,7.092628002166748,"{""type"":""Point"",""coordinates"":[34.909157286014526,0.9195369688267708]}"
867,5.998292446136475,Trans,1867.0,24.791303634643555,0.3388693332672119,1309.0179443359375,1.0553910043574108,35.14596823181292,0.5013066530227661,1033.5059814453125,1.0,2024,5.998292446136475,"{""type"":""Point"",""coordinates"":[35.14596823181292,1.0553910043574108]}"
868,6.815084457397461,Trans,1955.0,22.452173233032227,0.343826025724411,1303.348388671875,1.2012673722406564,34.99213617809968,0.479617714881897,1109.6043701171875,1.0,2024,6.815084457397461,"{""type"":""Point"",""coordinates"":[34.99213617809968,1.2012673722406564]}"
870,7.49943733215332,Trans,1855.0,20.43478202819824,0.2914170026779175,1587.5098876953125,1.1482879268539157,34.89851177108404,0.4439738690853119,896.3999633789062,1.0,2024,7.49943733215332,"{""type"":""Point"",""coordinates"":[34.89851177108404,1.1482879268539155]}"
875,6.841537952423096,Trans,2019.0,28.356521606445312,0.408764511346817,1653.9757080078125,1.183233599030831,34.80546938400728,0.4758618175983429,878.5647583007812,1.0,2024,6.841537952423096,"{""type"":""Point"",""coordinates"":[34.80546938400728,1.183233599030831]}"
880,6.721040725708008,Trans,2057.0,20.595651626586918,0.2740106582641601,1653.9757080078125,1.177705699756239,34.790083906601446,0.4336403906345367,878.0504150390625,1.0,2024,6.721040725708008,"{""type"":""Point"",""coordinates"":[34.790083906601446,1.177705699756239]}"
886,6.44175910949707,Trans,1842.0,24.2608699798584,0.4605728387832641,1472.4818115234375,0.9876869716809608,34.86329198869879,0.615206241607666,941.492431640625,1.0,2024,6.44175910949707,"{""type"":""Point"",""coordinates"":[34.86329198869879,0.9876869716809609]}"
900,7.143997669219971,Trans,1877.0,30.24347877502441,0.4939135015010834,1587.5098876953125,1.0566053258858676,34.90194537328569,0.6243499517440796,961.76513671875,1.0,2024,7.143997669219971,"{""type"":""Point"",""coordinates"":[34.90194537328569,1.0566053258858676]}"
906,7.338228702545166,Trans,1807.0,23.930435180664062,0.3791691660881042,1472.4818115234375,1.0201969400347892,34.941112663816035,0.5473484992980957,963.7658081054688,1.0,2024,7.338228702545166,"{""type"":""Point"",""coordinates"":[34.941112663816035,1.0201969400347892]}"
909,7.153348922729492,Trans,1873.0,22.143478393554688,0.3069976568222046,1640.1566162109375,1.2038621514478145,34.86057484895674,0.4165273904800415,915.8572387695312,1.0,2024,7.153348922729492,"{""type"":""Point"",""coordinates"":[34.86057484895674,1.2038621514478143]}"
910,7.079981803894043,Trans,1902.0,19.973913192749023,0.2696571946144104,1640.1566162109375,1.2288533090680025,34.92151483753944,0.4011186957359314,972.9393310546876,4.0,2024,7.079981803894043,"{""type"":""Point"",""coordinates"":[34.92151483753944,1.2288533090680025]}"
911,6.500792980194092,Trans,2030.0,24.017391204833984,0.3737276196479797,1532.4256591796875,1.0867690208235443,34.80765776968345,0.5566258430480957,813.836669921875,1.0,2024,6.500792980194092,"{""type"":""Point"",""coordinates"":[34.80765776968345,1.0867690208235443]}"
914,6.454065322875977,Trans,1896.0,25.22608757019043,0.4055061936378479,1309.0179443359375,1.0932740119015192,35.11182833457855,0.5636051893234253,1033.5059814453125,1.0,2024,6.454065322875977,"{""type"":""Point"",""coordinates"":[35.11182833457855,1.0932740119015192]}"
916,6.561541557312012,Trans,2341.0,20.77391242980957,0.2446930855512619,1653.9757080078125,1.1743204727113252,34.75378881715913,0.4392968714237213,878.0504150390625,4.0,2024,6.561541557312012,"{""type"":""Point"",""coordinates"":[34.75378881715913,1.1743204727113252]}"
917,6.910725116729736,Trans,1876.0,24.756521224975582,0.3991695344448089,1472.4818115234375,1.0425036461625972,34.88803650948319,0.5283454060554504,914.8713989257812,1.0,2024,6.910725116729736,"{""type"":""Point"",""coordinates"":[34.88803650948319,1.0425036461625972]}"
923,7.222306251525879,Trans,1888.0,25.88260841369629,0.3906708359718323,1372.1785888671875,1.134583091584672,35.03995061888365,0.5009903907775879,862.4269409179688,1.0,2024,7.222306251525879,"{""type"":""Point"",""coordinates"":[35.03995061888365,1.134583091584672]}"
924,6.402538299560547,Trans,1848.0,26.28260803222656,0.4134435355663299,1451.5164794921875,0.863722159980831,34.80584343399035,0.6364600658416748,985.6239013671876,1.0,2024,6.402538299560547,"{""type"":""Point"",""coordinates"":[34.80584343399035,0.863722159980831]}"
928,7.716975688934326,Trans,1834.0,24.69130516052246,0.3883407413959503,1372.1785888671875,1.120712599233759,34.990140173212616,0.5388261675834656,1015.1450805664062,1.0,2024,7.716975688934326,"{""type"":""Point"",""coordinates"":[34.990140173212616,1.120712599233759]}"
930,7.612148284912109,Trans,1857.0,23.321739196777344,0.4003127813339233,1372.1785888671875,1.096922782948401,35.03824146017181,0.4729480147361755,885.8496704101562,1.0,2024,7.612148284912109,"{""type"":""Point"",""coordinates"":[35.03824146017181,1.096922782948401]}"
932,6.413729190826416,Trans,1803.0,25.700000762939453,0.3651014864444732,1472.4818115234375,0.9741473485859256,34.863084517895736,0.5387638807296753,941.492431640625,1.0,2024,6.413729190826416,"{""type"":""Point"",""coordinates"":[34.863084517895736,0.9741473485859257]}"
933,7.1368560791015625,Trans,1888.0,21.982608795166016,0.3097802698612213,1640.1566162109375,1.2109605402885388,34.854114107371,0.4091889858245849,915.8572387695312,1.0,2024,7.1368560791015625,"{""type"":""Point"",""coordinates"":[34.854114107371,1.2109605402885388]}"
937,7.653719902038574,Trans,1827.0,22.291303634643555,0.3864774107933044,1311.3265380859375,1.0250550838005612,34.97300652119849,0.5648555755615234,1003.5731201171876,1.0,2024,7.653719902038574,"{""type"":""Point"",""coordinates"":[34.97300652119849,1.0250550838005612]}"
939,7.174398422241211,Trans,1732.0,25.03913116455078,0.3595917820930481,1565.9140625,0.8769858894772634,34.916002947269966,0.5398200154304504,986.4015502929688,1.0,2024,7.174398422241211,"{""type"":""Point"",""coordinates"":[34.916002947269966,0.8769858894772634]}"
941,6.525512218475342,Trans,1918.0,22.04347801208496,0.2873745262622833,1448.66259765625,0.9754179602713012,35.22113050630721,0.48367640376091,1047.075927734375,4.0,2024,6.525512218475342,"{""type"":""Point"",""coordinates"":[35.22113050630721,0.9754179602713013]}"
942,7.233672618865967,Trans,1849.0,23.13478279113769,0.3447492122650146,1640.1566162109375,1.2043857999008705,34.89502419347083,0.4831169247627258,915.8572387695312,1.0,2024,7.233672618865967,"{""type"":""Point"",""coordinates"":[34.89502419347083,1.2043857999008705]}"
945,7.0499587059021,Trans,1789.0,18.96086883544922,0.3422085642814636,1794.15283203125,1.2496391015340964,34.87309514265477,0.4521094262599945,882.4627075195312,6.0,2024,7.0499587059021,"{""type"":""Point"",""coordinates"":[34.87309514265477,1.2496391015340964]}"
947,6.445608615875244,Trans,1905.0,22.88260841369629,0.3593314588069916,1309.0179443359375,1.1052835202476692,35.11136884740609,0.5482995510101318,1090.241455078125,1.0,2024,6.445608615875244,"{""type"":""Point"",""coordinates"":[35.11136884740609,1.1052835202476692]}"
948,6.36712646484375,Trans,1904.0,24.908695220947266,0.3639966547489166,1619.9417724609375,0.906414846683898,35.3023324328871,0.4809883236885071,992.7603759765624,4.0,2024,6.36712646484375,"{""type"":""Point"",""coordinates"":[35.3023324328871,0.9064148466838979]}"
949,6.99041748046875,Trans,1972.0,22.2608699798584,0.3863550126552582,1303.348388671875,1.187617420634116,34.98732488925719,0.5584942698478699,1049.634765625,1.0,2024,6.99041748046875,"{""type"":""Point"",""coordinates"":[34.98732488925719,1.187617420634116]}"
950,6.316072463989258,Trans,1930.0,22.5217399597168,0.3744189441204071,1303.348388671875,1.2127368294655834,35.02984610401074,0.5389652848243713,1020.2589111328124,1.0,2024,6.316072463989258,"{""type"":""Point"",""coordinates"":[35.02984610401074,1.2127368294655834]}"
958,6.808777332305908,Trans,1861.0,23.430435180664062,0.4774704575538635,1472.4818115234375,1.040742093359396,34.87436452440906,0.6623908281326294,914.8713989257812,1.0,2024,6.808777332305908,"{""type"":""Point"",""coordinates"":[34.87436452440906,1.040742093359396]}"
959,7.380039215087891,Trans,1935.0,23.22608757019043,0.41396164894104,1303.348388671875,1.166598061350914,34.96711483657681,0.5352985262870789,1049.634765625,1.0,2024,7.380039215087891,"{""type"":""Point"",""coordinates"":[34.96711483657681,1.166598061350914]}"
969,7.033605575561523,Trans,1915.0,23.03913116455078,0.3212461471557617,1309.0179443359375,1.1158230733690833,35.07394077740624,0.4822916686534881,974.173583984375,1.0,2024,7.033605575561523,"{""type"":""Point"",""coordinates"":[35.073940777406236,1.1158230733690833]}"
971,7.233732223510742,Trans,1866.0,24.234783172607425,0.2930309772491455,1640.1566162109375,1.1939253533370622,34.87649303289871,0.4049126803874969,916.169677734375,1.0,2024,7.233732223510742,"{""type"":""Point"",""coordinates"":[34.87649303289871,1.1939253533370622]}"
973,5.514701843261719,Trans,2154.0,22.91304397583008,0.3816147744655609,1619.9417724609375,0.9416436492794422,35.33647440752487,0.5026946663856506,992.7603759765624,4.0,2024,5.514701843261719,"{""type"":""Point"",""coordinates"":[35.33647440752487,0.9416436492794422]}"
976,6.240402221679688,Trans,1846.0,23.047826766967773,0.4234063625335693,1448.66259765625,0.9553803333415052,35.182868519406604,0.587541401386261,1027.66796875,1.0,2024,6.240402221679688,"{""type"":""Point"",""coordinates"":[35.182868519406604,0.9553803333415053]}"
977,6.322930335998535,Trans,2121.0,24.200000762939453,0.3473162949085235,1532.4256591796875,1.118372350500237,34.795610530618575,0.5127971768379211,876.7874755859375,1.0,2024,6.322930335998535,"{""type"":""Point"",""coordinates"":[34.795610530618575,1.118372350500237]}"
979,6.603597640991211,Trans,1897.0,24.27391242980957,0.342277318239212,1415.5245361328125,1.016221117236766,34.84699998541691,0.5363498330116272,849.1492919921875,1.0,2024,6.603597640991211,"{""type"":""Point"",""coordinates"":[34.84699998541691,1.0162211172367661]}"
981,6.640625953674316,Trans,1812.0,23.947826385498047,0.4309840500354767,1451.5164794921875,0.9130602931343468,34.84832789747912,0.6599460244178772,1004.1910400390624,1.0,2024,6.640625953674316,"{""type"":""Point"",""coordinates"":[34.84832789747912,0.9130602931343467]}"
983,6.564991474151611,Trans,1860.0,23.38260841369629,0.3878370523452759,1463.1514892578125,0.945360829985393,35.24073578530966,0.5886152386665344,1050.580810546875,4.0,2024,6.564991474151611,"{""type"":""Point"",""coordinates"":[35.24073578530966,0.945360829985393]}"
987,6.4521331787109375,Trans,1902.0,21.899999618530277,0.4426244497299194,1463.1514892578125,0.9402823266730316,35.223436088669025,0.6367614269256592,1050.580810546875,1.0,2024,6.4521331787109375,"{""type"":""Point"",""coordinates"":[35.223436088669025,0.9402823266730316]}"
991,6.574916362762451,Trans,2217.0,22.15652084350586,0.2393031120300293,1653.9757080078125,1.169236581127992,34.78218528689867,0.3523976802825928,878.0504150390625,1.0,2024,6.574916362762451,"{""type"":""Point"",""coordinates"":[34.78218528689867,1.1692365811279921]}"
1002,6.769559383392334,Trans,1911.0,24.678260803222656,0.3919028341770172,1472.4818115234375,1.0423559590212776,34.85514043648112,0.5135624408721924,914.8713989257812,1.0,2024,6.769559383392334,"{""type"":""Point"",""coordinates"":[34.85514043648112,1.0423559590212776]}"
1003,7.301256656646728,Trans,2044.0,22.130434036254883,0.3102488815784454,1653.9757080078125,1.2124534214536409,34.763225209636445,0.4417722523212433,877.1436767578125,1.0,2024,7.301256656646728,"{""type"":""Point"",""coordinates"":[34.763225209636445,1.2124534214536407]}"
1005,7.168510437011719,Trans,1944.0,19.77391242980957,0.3404071033000946,1640.1566162109375,1.2083868413717616,34.94050282738208,0.4879401922225952,972.9393310546876,1.0,2024,7.168510437011719,"{""type"":""Point"",""coordinates"":[34.94050282738208,1.2083868413717616]}"
1008,6.278924942016602,Trans,1866.0,22.43478202819824,0.3057624995708465,1327.4505615234375,0.9608134610344818,35.11442340418303,0.4873094260692596,1042.0404052734375,1.0,2024,6.278924942016602,"{""type"":""Point"",""coordinates"":[35.11442340418303,0.9608134610344818]}"
1010,6.331708908081055,Trans,2177.0,23.017391204833984,0.3452396094799042,1451.5164794921875,0.9251222600429722,34.78896076979496,0.6044468283653259,1013.508056640625,1.0,2024,6.331708908081055,"{""type"":""Point"",""coordinates"":[34.78896076979496,0.9251222600429722]}"
1011,6.175792694091797,Trans,2284.0,22.943477630615234,0.3396843075752258,1451.5164794921875,0.9499107375726924,34.76171622443153,0.5641417503356934,1013.508056640625,1.0,2024,6.175792694091797,"{""type"":""Point"",""coordinates"":[34.76171622443153,0.9499107375726925]}"
1013,6.613938808441162,Trans,2020.0,23.53043556213379,0.2836907804012298,1415.5245361328125,1.0165564652225545,34.82369294381401,0.491182267665863,849.1492919921875,1.0,2024,6.613938808441162,"{""type"":""Point"",""coordinates"":[34.82369294381401,1.0165564652225545]}"
1016,6.556247711181641,Trans,1833.0,22.39130401611328,0.3671755492687225,1327.4505615234375,0.9969311341994576,35.08974558346435,0.5727349519729614,994.4949951171876,1.0,2024,6.556247711181641,"{""type"":""Point"",""coordinates"":[35.08974558346435,0.9969311341994576]}"
1018,5.442419052124023,Trans,2258.0,21.713043212890625,0.3383782207965851,1532.4256591796875,1.098660913890046,34.757364302233874,0.4108996391296386,888.1694946289062,1.0,2024,5.442419052124023,"{""type"":""Point"",""coordinates"":[34.757364302233874,1.098660913890046]}"
1019,6.119358062744141,Trans,1871.0,22.204347610473636,0.3494375944137573,1448.66259765625,0.9804666840532,35.16662163732621,0.5551373958587646,1027.66796875,1.0,2024,6.119358062744141,"{""type"":""Point"",""coordinates"":[35.16662163732621,0.9804666840531999]}"
1020,7.188684463500977,Trans,1771.0,22.66521644592285,0.2898736596107483,1565.9140625,0.8800347160457994,34.904685039078046,0.4311662316322326,986.4015502929688,1.0,2024,7.188684463500977,"{""type"":""Point"",""coordinates"":[34.904685039078046,0.8800347160457994]}"
1022,6.979762077331543,Trans,1778.0,22.07391357421875,0.4230896532535553,1472.4818115234375,0.9793448709730168,34.92329722000109,0.6262791752815247,984.7139892578124,4.0,2024,6.979762077331543,"{""type"":""Point"",""coordinates"":[34.92329722000109,0.9793448709730169]}"
1023,6.137896537780762,Trans,2169.0,20.943477630615234,0.3255286812782287,1532.4256591796875,1.1161933617459354,34.78461498037726,0.4485816359519958,876.7874755859375,1.0,2024,6.137896537780762,"{""type"":""Point"",""coordinates"":[34.78461498037726,1.1161933617459354]}"
1024,6.861422061920166,Trans,1898.0,21.482608795166016,0.2245742976665496,1532.4256591796875,1.0627475740759622,34.84832965777272,0.3438790440559387,813.836669921875,1.0,2024,6.861422061920166,"{""type"":""Point"",""coordinates"":[34.848329657772716,1.0627475740759622]}"
1025,6.994748592376709,Trans,1881.0,18.986955642700195,0.3579514920711517,1640.1566162109375,1.2390772705263,34.937182780455046,0.4712455570697784,972.9393310546876,6.0,2024,6.994748592376709,"{""type"":""Point"",""coordinates"":[34.937182780455046,1.2390772705263]}"
1031,6.986863613128662,Trans,1891.0,23.178260803222656,0.4166754484176636,1587.5098876953125,1.0593448440381354,34.87866327044283,0.5649915933609009,908.87646484375,1.0,2024,6.986863613128662,"{""type"":""Point"",""coordinates"":[34.87866327044283,1.0593448440381354]}"
1032,7.804693222045898,Trans,1817.0,22.700000762939453,0.3583906888961792,1372.1785888671875,1.1044943800652378,34.98451301746901,0.5776057243347168,1015.1450805664062,1.0,2024,7.804693222045898,"{""type"":""Point"",""coordinates"":[34.98451301746901,1.1044943800652378]}"
1039,6.263092041015625,Trans,1883.0,22.647825241088867,0.3766542971134186,1327.4505615234375,1.017393776519937,35.11128784641527,0.5825336575508118,1019.4813842773438,1.0,2024,6.263092041015625,"{""type"":""Point"",""coordinates"":[35.11128784641527,1.017393776519937]}"
1040,7.431334495544434,Trans,1843.0,25.547826766967773,0.3951424658298492,1587.5098876953125,1.1083298242987245,34.89408129829112,0.5677871108055115,896.3999633789062,1.0,2024,7.431334495544434,"{""type"":""Point"",""coordinates"":[34.89408129829112,1.1083298242987245]}"
1047,7.04494047164917,Trans,1777.0,18.917390823364254,0.3335530459880829,1794.15283203125,1.2546026538657649,34.87118702452322,0.4831768870353699,882.4627075195312,6.0,2024,7.04494047164917,"{""type"":""Point"",""coordinates"":[34.87118702452322,1.2546026538657649]}"
1049,5.6830573081970215,Trans,1960.0,23.93478202819824,0.3758473992347717,1217.0069580078125,1.1762787578636351,35.10799373409381,0.5028900504112244,1211.0057373046875,1.0,2024,5.6830573081970215,"{""type"":""Point"",""coordinates"":[35.10799373409381,1.1762787578636353]}"
1051,7.482013702392578,Trans,1844.0,23.33478355407715,0.4295680820941925,1472.4818115234375,1.0368483325071405,34.947420880498335,0.5805789232254028,963.7658081054688,1.0,2024,7.482013702392578,"{""type"":""Point"",""coordinates"":[34.947420880498335,1.0368483325071403]}"
1056,6.369302272796631,Trans,2038.0,24.62173843383789,0.3916686475276947,1532.4256591796875,1.1275529516577878,34.796444050709134,0.5424990653991699,876.7874755859375,1.0,2024,6.369302272796631,"{""type"":""Point"",""coordinates"":[34.796444050709134,1.1275529516577878]}"
1057,6.537611484527588,Trans,1725.0,25.356521606445312,0.3856315612792969,1605.135986328125,0.8464201803194605,34.815281553515405,0.5663691759109497,968.0701904296876,1.0,2024,6.537611484527588,"{""type"":""Point"",""coordinates"":[34.815281553515405,0.8464201803194605]}"
1063,6.181206226348877,Trans,2010.0,22.799999237060547,0.2950182259082794,1532.4256591796875,1.0717471553622386,34.78859433589138,0.4948580265045166,888.1694946289062,1.0,2024,6.181206226348877,"{""type"":""Point"",""coordinates"":[34.78859433589138,1.0717471553622386]}"
1065,7.015812873840332,Trans,1750.0,18.81739044189453,0.2974972426891327,1794.15283203125,1.2502256625091517,34.882586003688736,0.4299992024898529,882.4627075195312,6.0,2024,7.015812873840332,"{""type"":""Point"",""coordinates"":[34.882586003688736,1.2502256625091517]}"
1070,7.588679313659668,Trans,1840.0,24.15217399597168,0.4127772450447082,1587.5098876953125,1.0961918186352133,34.92414323622728,0.5481061935424805,961.76513671875,1.0,2024,7.588679313659668,"{""type"":""Point"",""coordinates"":[34.92414323622728,1.0961918186352133]}"
1073,6.495172500610352,Trans,1857.0,24.18260955810547,0.3545036315917969,1463.1514892578125,0.9334822408203522,35.23472848180211,0.5224612951278687,1050.580810546875,1.0,2024,6.495172500610352,"{""type"":""Point"",""coordinates"":[35.23472848180211,0.9334822408203522]}"
1074,7.080474853515625,Trans,1844.0,19.81739044189453,0.328255295753479,1640.1566162109375,1.2331187508572257,34.88769335223725,0.4545186460018158,915.8572387695312,6.0,2024,7.080474853515625,"{""type"":""Point"",""coordinates"":[34.88769335223725,1.2331187508572257]}"
1077,6.439573764801025,Trans,1916.0,23.082609176635746,0.3981675207614898,1309.0179443359375,1.1430198177460011,35.08980828490917,0.7087027430534363,974.173583984375,1.0,2024,6.439573764801025,"{""type"":""Point"",""coordinates"":[35.08980828490917,1.1430198177460011]}"
1080,6.068443298339844,Trans,2236.0,23.78695678710937,0.2664361894130707,1532.4256591796875,1.125494644110524,34.77827013177178,0.4515225291252136,876.7874755859375,1.0,2024,6.068443298339844,"{""type"":""Point"",""coordinates"":[34.77827013177178,1.125494644110524]}"
1085,6.219230175018311,Trans,1895.0,23.3869571685791,0.3885119557380676,1217.0069580078125,1.1874894946299792,35.04963692493504,0.555470883846283,1066.3682861328125,1.0,2024,6.219230175018311,"{""type"":""Point"",""coordinates"":[35.04963692493504,1.1874894946299792]}"
1086,6.710918426513672,Trans,1812.0,25.38260841369629,0.3596395254135132,1565.9140625,0.9363735648463888,34.88495758949808,0.5040929913520813,1014.7183227539062,1.0,2024,6.710918426513672,"{""type"":""Point"",""coordinates"":[34.88495758949808,0.9363735648463888]}"
1088,6.4765496253967285,Trans,1988.0,23.46956443786621,0.4045933485031128,1518.2637939453125,1.0315824616909322,35.27370878969865,0.6018969416618347,994.1923217773438,4.0,2024,6.4765496253967285,"{""type"":""Point"",""coordinates"":[35.27370878969865,1.0315824616909322]}"
1090,7.062281608581543,Trans,1908.0,19.78260803222656,0.2915971875190735,1640.1566162109375,1.232193751304919,34.91723352428535,0.4009073674678802,972.9393310546876,4.0,2024,7.062281608581543,"{""type"":""Point"",""coordinates"":[34.91723352428535,1.232193751304919]}"
1091,5.356173515319824,Trans,1894.0,25.04347801208496,0.3550581932067871,1362.5670166015625,1.1092622201002,35.16913788788294,0.5775821208953857,1263.162353515625,1.0,2024,5.356173515319824,"{""type"":""Point"",""coordinates"":[35.16913788788294,1.1092622201002]}"
1095,6.472893714904785,Trans,1965.0,23.747825622558597,0.3385273516178131,1518.2637939453125,1.0376716464493865,35.26949401891555,0.5520955920219421,994.1923217773438,1.0,2024,6.472893714904785,"{""type"":""Point"",""coordinates"":[35.26949401891555,1.0376716464493863]}"
1096,6.62355899810791,Trans,1939.0,26.839130401611328,0.4365438520908355,1518.2637939453125,0.9620163180609956,35.27337513747388,0.5235105156898499,998.7577514648438,1.0,2024,6.62355899810791,"{""type"":""Point"",""coordinates"":[35.27337513747388,0.9620163180609956]}"
1100,6.753787040710449,Trans,1706.0,23.96521759033203,0.3613007366657257,1565.9140625,0.8550531148000514,34.93273767582279,0.5489411354064941,986.4015502929688,1.0,2024,6.753787040710449,"{""type"":""Point"",""coordinates"":[34.93273767582279,0.8550531148000514]}"
1102,6.598678588867188,Trans,1964.0,22.069564819335938,0.364977478981018,1415.5245361328125,1.0133702952014232,34.81881799436087,0.556075930595398,849.1492919921875,1.0,2024,6.598678588867188,"{""type"":""Point"",""coordinates"":[34.81881799436087,1.0133702952014232]}"
1105,7.227155685424805,Trans,1885.0,27.60869598388672,0.4590111374855041,1372.1785888671875,1.1344952326800877,35.04089129723147,0.6439756751060486,862.4269409179688,1.0,2024,7.227155685424805,"{""type"":""Point"",""coordinates"":[35.04089129723147,1.1344952326800877]}"
1107,6.799361228942871,Trans,1810.0,22.38260841369629,0.3617100119590759,1339.5623779296875,0.882970302857249,35.10739131674407,0.5344269871711731,974.6353759765624,1.0,2024,6.799361228942871,"{""type"":""Point"",""coordinates"":[35.10739131674407,0.882970302857249]}"
1108,6.388983726501465,Trans,1809.0,22.59130477905273,0.3579734563827514,1339.5623779296875,0.931637394116439,35.142218865621224,0.4968819618225097,964.28857421875,1.0,2024,6.388983726501465,"{""type"":""Point"",""coordinates"":[35.142218865621224,0.931637394116439]}"
1110,6.598930835723877,Trans,1942.0,22.126087188720703,0.2522532939910888,1303.348388671875,1.1904175276085622,35.0180928080321,0.3816273808479309,860.8521118164062,1.0,2024,6.598930835723877,"{""type"":""Point"",""coordinates"":[35.0180928080321,1.1904175276085622]}"
1111,5.968438148498535,Trans,1877.0,22.93913078308105,0.3769926726818084,1448.66259765625,1.049243258770488,35.16236373324461,0.5578945279121399,1005.9006958007812,1.0,2024,5.968438148498535,"{""type"":""Point"",""coordinates"":[35.16236373324461,1.049243258770488]}"
1113,7.091842174530029,Trans,1924.0,22.826086044311523,0.3812642991542816,1303.348388671875,1.2072919313231796,34.95833066317256,0.5304166674613953,1109.6043701171875,1.0,2024,7.091842174530029,"{""type"":""Point"",""coordinates"":[34.95833066317256,1.2072919313231796]}"
1116,6.542189598083496,Trans,1898.0,25.830434799194336,0.3940476775169372,1451.5164794921875,0.9159920207261016,34.83512156446896,0.5769359469413757,1004.1910400390624,1.0,2024,6.542189598083496,"{""type"":""Point"",""coordinates"":[34.835121564468956,0.9159920207261015]}"
1120,7.425961494445801,Trans,1905.0,26.013044357299805,0.4237677752971649,1372.1785888671875,1.126758332015765,35.030797014833965,0.6078916788101196,862.4269409179688,1.0,2024,7.425961494445801,"{""type"":""Point"",""coordinates"":[35.030797014833965,1.126758332015765]}"
1123,6.66715145111084,Trans,1834.0,21.486955642700195,0.4107968211174011,1339.5623779296875,0.9153245499134258,35.098930505431,0.5849496722221375,951.3497924804688,1.0,2024,6.66715145111084,"{""type"":""Point"",""coordinates"":[35.098930505431,0.9153245499134258]}"
1130,7.448151111602783,Trans,1835.0,22.13478279113769,0.3744457066059112,1587.5098876953125,1.0761531583875197,34.92055234827157,0.5598135590553284,961.76513671875,1.0,2024,7.448151111602783,"{""type"":""Point"",""coordinates"":[34.92055234827157,1.0761531583875197]}"
1137,6.6066741943359375,Trans,1924.0,23.139129638671875,0.3141958713531494,1303.348388671875,1.1983849899624257,35.01101703488951,0.4819611608982086,860.8521118164062,1.0,2024,6.6066741943359375,"{""type"":""Point"",""coordinates"":[35.01101703488951,1.1983849899624255]}"
1138,7.33262825012207,Trans,1856.0,22.678260803222656,0.3452383577823639,1640.1566162109375,1.191178779306968,34.91310109794137,0.4626898169517517,964.7963256835938,1.0,2024,7.33262825012207,"{""type"":""Point"",""coordinates"":[34.91310109794137,1.191178779306968]}"
1140,7.1497907638549805,Trans,1879.0,22.38260841369629,0.2683872282505035,1303.348388671875,1.190961247358499,34.96731883075556,0.4290022850036621,1049.634765625,1.0,2024,7.1497907638549805,"{""type"":""Point"",""coordinates"":[34.96731883075556,1.190961247358499]}"
1141,7.258939266204834,Trans,1742.0,22.865217208862305,0.4175988435745239,1565.9140625,0.897175041375037,34.94705937095286,0.6557722687721252,986.4015502929688,1.0,2024,7.258939266204834,"{""type"":""Point"",""coordinates"":[34.94705937095286,0.897175041375037]}"
1142,7.5625224113464355,Trans,1871.0,21.704347610473636,0.3433918356895447,1311.3265380859375,0.9805979023463188,35.00385489327319,0.5240572094917297,943.7447509765624,1.0,2024,7.5625224113464355,"{""type"":""Point"",""coordinates"":[35.00385489327319,0.9805979023463188]}"
1145,7.024423599243164,Trans,1972.0,22.943477630615234,0.3601186573505401,1303.348388671875,1.2141067812810784,34.96161772604566,0.56025630235672,1109.6043701171875,1.0,2024,7.024423599243164,"{""type"":""Point"",""coordinates"":[34.96161772604566,1.2141067812810784]}"
1146,6.571559906005859,Trans,1876.0,27.978260040283203,0.4280217587947845,1472.4818115234375,1.0127346825854682,34.85775068343364,0.5965619683265686,914.8713989257812,1.0,2024,6.571559906005859,"{""type"":""Point"",""coordinates"":[34.857750683433636,1.0127346825854682]}"
1147,6.372681617736816,Trans,2066.0,25.356521606445312,0.3051402568817138,1451.5164794921875,0.9041511045365764,34.806501993525195,0.5299216508865356,1004.1910400390624,1.0,2024,6.372681617736816,"{""type"":""Point"",""coordinates"":[34.806501993525195,0.9041511045365763]}"
1150,7.179305076599121,Trans,1873.0,22.852174758911133,0.4495031833648681,1587.5098876953125,1.1432373008377898,34.8578678680836,0.574888288974762,896.3999633789062,1.0,2024,7.179305076599121,"{""type"":""Point"",""coordinates"":[34.8578678680836,1.1432373008377898]}"
1151,7.215719223022461,Trans,1856.0,17.939130783081055,0.3507302701473236,1640.1566162109375,1.2006051536356557,34.87803056814324,0.5147094130516052,915.8572387695312,1.0,2024,7.215719223022461,"{""type"":""Point"",""coordinates"":[34.87803056814324,1.2006051536356555]}"
1153,6.905308723449707,Trans,1768.0,17.913043975830078,0.3318509459495544,1794.15283203125,1.2683590123151771,34.89619946095532,0.4606426060199737,882.4627075195312,6.0,2024,6.905308723449707,"{""type"":""Point"",""coordinates"":[34.89619946095532,1.2683590123151773]}"
1154,7.313899993896484,Trans,1966.0,22.491304397583008,0.390257865190506,1303.348388671875,1.1668571156472056,34.97727211799288,0.5805699229240417,1049.634765625,1.0,2024,7.313899993896484,"{""type"":""Point"",""coordinates"":[34.97727211799288,1.1668571156472056]}"
1156,7.290664672851562,Trans,1801.0,26.18695640563965,0.3963712751865387,1472.4818115234375,1.013650780774272,34.939832095162714,0.5619484782218933,963.7658081054688,1.0,2024,7.290664672851562,"{""type"":""Point"",""coordinates"":[34.939832095162714,1.013650780774272]}"
1158,7.017727375030518,Trans,1926.0,21.299999237060547,0.29114431142807,1653.9757080078125,1.1991725123848378,34.8200601788353,0.4146548807621002,878.5647583007812,1.0,2024,7.017727375030518,"{""type"":""Point"",""coordinates"":[34.8200601788353,1.1991725123848378]}"
1159,6.514484882354736,Trans,1918.0,21.399999618530277,0.291934609413147,1448.66259765625,0.9735973509979732,35.22018121938993,0.4899552166461944,1047.075927734375,4.0,2024,6.514484882354736,"{""type"":""Point"",""coordinates"":[35.22018121938993,0.9735973509979732]}"
1160,7.1688337326049805,Trans,1863.0,24.100000381469727,0.3902167081832886,1327.4505615234375,0.9824575633837058,35.050163263808784,0.5563250780105591,994.4949951171876,1.0,2024,7.1688337326049805,"{""type"":""Point"",""coordinates"":[35.050163263808784,0.9824575633837058]}"
1161,6.241684436798096,Trans,2282.0,22.321739196777344,0.3957680165767669,1518.2637939453125,0.9859310004120722,35.29909013688107,0.5542895197868347,998.7577514648438,1.0,2024,6.241684436798096,"{""type"":""Point"",""coordinates"":[35.29909013688107,0.9859310004120722]}"
1162,6.269114017486572,Trans,1865.0,22.78260803222656,0.4257744550704956,1448.66259765625,1.015719100257533,35.190111303143986,0.5987087488174438,1005.9006958007812,1.0,2024,6.269114017486572,"{""type"":""Point"",""coordinates"":[35.190111303143986,1.015719100257533]}"
1163,6.652260780334473,Trans,1794.0,23.55652236938477,0.3695741891860962,1339.5623779296875,0.9025799350254768,35.05408334246088,0.5366989970207214,951.3497924804688,1.0,2024,6.652260780334473,"{""type"":""Point"",""coordinates"":[35.05408334246088,0.9025799350254767]}"
1164,6.65248966217041,Trans,1907.0,24.708696365356445,0.3722695112228393,1415.5245361328125,1.0242696482850937,34.843650341891234,0.5103241801261902,849.1492919921875,1.0,2024,6.65248966217041,"{""type"":""Point"",""coordinates"":[34.843650341891234,1.0242696482850937]}"
1166,6.062575340270996,Trans,1917.0,22.84347915649414,0.3502978086471557,1309.0179443359375,1.0763164411115314,35.13546577157035,0.5324696898460388,1033.5059814453125,1.0,2024,6.062575340270996,"{""type"":""Point"",""coordinates"":[35.13546577157035,1.0763164411115314]}"
1168,7.169234752655029,Trans,1890.0,23.417390823364254,0.2764859497547149,1640.1566162109375,1.2071802220980248,34.8688431951701,0.4033931195735931,915.8572387695312,4.0,2024,7.169234752655029,"{""type"":""Point"",""coordinates"":[34.8688431951701,1.2071802220980248]}"
1169,6.658635139465332,Trans,1777.0,23.660869598388672,0.3711558878421783,1388.3951416015625,0.897522653713204,35.03494963523547,0.5431164503097534,889.9072265625,4.0,2024,6.658635139465332,"{""type"":""Point"",""coordinates"":[35.03494963523547,0.897522653713204]}"
1174,6.440337181091309,Trans,1817.0,25.365217208862305,0.4574811458587646,1472.4818115234375,0.951320567086478,34.85170147926732,0.6031163930892944,941.492431640625,1.0,2024,6.440337181091309,"{""type"":""Point"",""coordinates"":[34.85170147926732,0.9513205670864779]}"
1180,6.946258544921875,Trans,1854.0,18.83478355407715,0.3384946584701538,1794.15283203125,1.251420523662414,34.9205840258623,0.4218287467956543,953.6435546875,6.0,2024,6.946258544921875,"{""type"":""Point"",""coordinates"":[34.9205840258623,1.251420523662414]}"
1183,6.496674537658691,Trans,1822.0,25.43913078308105,0.4198188483715057,1339.5623779296875,0.92056261747816,35.145994578640234,0.6161568760871887,964.28857421875,1.0,2024,6.496674537658691,"{""type"":""Point"",""coordinates"":[35.145994578640234,0.9205626174781599]}"
1185,7.228327751159668,Trans,1909.0,24.704347610473636,0.4177584648132324,1372.1785888671875,1.1489077331011028,35.01653602359431,0.543592095375061,862.4269409179688,1.0,2024,7.228327751159668,"{""type"":""Point"",""coordinates"":[35.01653602359431,1.1489077331011028]}"
1186,6.542485237121582,Trans,1945.0,22.104347229003903,0.4351407587528229,1303.348388671875,1.2265558856180427,35.013458215927976,0.6380482316017151,1020.2589111328124,1.0,2024,6.542485237121582,"{""type"":""Point"",""coordinates"":[35.013458215927976,1.2265558856180427]}"
1187,7.486571788787842,Trans,1821.0,22.42608642578125,0.4425919651985168,1311.3265380859375,0.9605724309634174,34.97747616992437,0.5789568424224854,1077.162841796875,1.0,2024,7.486571788787842,"{""type"":""Point"",""coordinates"":[34.97747616992437,0.9605724309634174]}"
1188,6.548994064331055,Trans,1793.0,24.84347915649414,0.410869836807251,1339.5623779296875,0.9317521009607168,35.10434155353538,0.5780696272850037,964.28857421875,1.0,2024,6.548994064331055,"{""type"":""Point"",""coordinates"":[35.10434155353538,0.9317521009607169]}"
1191,6.983067989349365,Trans,1857.0,21.96521759033203,0.3977698385715484,1327.4505615234375,1.0495239427279417,35.07683944104193,0.6050705313682556,969.0385131835938,1.0,2024,6.983067989349365,"{""type"":""Point"",""coordinates"":[35.07683944104193,1.0495239427279415]}"
1193,6.530533313751221,Trans,2056.0,25.2608699798584,0.3397895693778991,1415.5245361328125,1.032471848129546,34.80495167033195,0.4565149545669555,849.1492919921875,1.0,2024,6.530533313751221,"{""type"":""Point"",""coordinates"":[34.80495167033195,1.032471848129546]}"
1200,5.728290557861328,Trans,2179.0,25.147825241088867,0.3200593888759613,1518.2637939453125,1.008101527999572,35.31740351017326,0.545128583908081,1062.2413330078125,1.0,2024,5.728290557861328,"{""type"":""Point"",""coordinates"":[35.31740351017326,1.008101527999572]}"
1208,5.679958343505859,Trans,2547.0,23.5,0.2654920518398285,898.4467163085938,0.9594750492052212,34.737327084538514,0.4604032337665558,1086.8260498046875,4.0,2024,5.679958343505859,"{""type"":""Point"",""coordinates"":[34.737327084538514,0.9594750492052212]}"
1211,6.765608310699463,Trans,1965.0,22.46086883544922,0.3904133141040802,1303.348388671875,1.2224227304705744,34.98949791476305,0.5596191883087158,1109.6043701171875,1.0,2024,6.765608310699463,"{""type"":""Point"",""coordinates"":[34.98949791476305,1.2224227304705744]}"
1212,7.349066257476807,Trans,1853.0,22.734783172607425,0.3593281209468841,1388.3951416015625,0.9291669166954613,34.98056501661656,0.502244234085083,1042.5777587890625,1.0,2024,7.349066257476807,"{""type"":""Point"",""coordinates"":[34.98056501661656,0.9291669166954613]}"
1214,6.616849899291992,Trans,1946.0,22.126087188720703,0.3330029845237732,1303.348388671875,1.1883170616095124,35.01812669586566,0.4929823279380798,860.8521118164062,1.0,2024,6.616849899291992,"{""type"":""Point"",""coordinates"":[35.01812669586566,1.1883170616095124]}"
1217,7.098764896392822,Trans,1881.0,23.547826766967773,0.4061657190322876,1653.9757080078125,1.2031419748787409,34.84167834948508,0.5325772166252136,881.7891235351562,1.0,2024,7.098764896392822,"{""type"":""Point"",""coordinates"":[34.84167834948508,1.2031419748787409]}"
1221,6.090865612030029,Trans,1909.0,23.082609176635746,0.4068394601345062,1327.4505615234375,0.9909747228827566,35.126352906611,0.6250995993614197,1042.0404052734375,1.0,2024,6.090865612030029,"{""type"":""Point"",""coordinates"":[35.126352906611,0.9909747228827566]}"
1225,6.662271499633789,Trans,1921.0,22.443477630615234,0.2503513991832733,1518.2637939453125,0.9588602761580872,35.26193620497538,0.4136136770248413,998.7577514648438,1.0,2024,6.662271499633789,"{""type"":""Point"",""coordinates"":[35.26193620497538,0.9588602761580871]}"
1227,7.685231208801269,Trans,1843.0,25.060869216918945,0.3821298480033874,1372.1785888671875,1.12635225988054,34.98628398275549,0.4893315136432647,1015.1450805664062,1.0,2024,7.685231208801269,"{""type"":""Point"",""coordinates"":[34.98628398275549,1.12635225988054]}"
1228,6.526046276092529,Trans,1947.0,21.721738815307617,0.2758884727954864,1303.348388671875,1.207243675431642,35.01432008704909,0.3585188686847687,1020.2589111328124,1.0,2024,6.526046276092529,"{""type"":""Point"",""coordinates"":[35.01432008704909,1.207243675431642]}"
1229,7.668289184570312,Trans,1828.0,24.7608699798584,0.3778763711452484,1587.5098876953125,1.1262136928508002,34.93024322370341,0.5306904315948486,960.1989135742188,1.0,2024,7.668289184570312,"{""type"":""Point"",""coordinates"":[34.93024322370341,1.1262136928508002]}"
1231,6.351593017578125,Trans,1853.0,24.200000762939453,0.3117314875125885,1339.5623779296875,0.9373393743128468,35.13752080982981,0.4873474538326263,964.28857421875,1.0,2024,6.351593017578125,"{""type"":""Point"",""coordinates"":[35.13752080982981,0.9373393743128469]}"
1232,6.752934455871582,Trans,1813.0,28.45652198791504,0.4590355455875397,1565.9140625,0.9325530869175626,34.8855880868817,0.6115483641624451,1014.7183227539062,1.0,2024,6.752934455871582,"{""type"":""Point"",""coordinates"":[34.8855880868817,0.9325530869175626]}"
1233,7.198755264282227,Trans,1832.0,18.630434036254883,0.2687894701957702,1653.9757080078125,1.2430762271028122,34.84458627374532,0.3908742368221283,881.7891235351562,4.0,2024,7.198755264282227,"{""type"":""Point"",""coordinates"":[34.84458627374532,1.2430762271028122]}"
1235,7.811408996582031,Trans,1862.0,24.0217399597168,0.3156411349773407,1372.1785888671875,1.0539183992072416,34.99727759265033,0.4545862376689911,1014.598876953125,1.0,2024,7.811408996582031,"{""type"":""Point"",""coordinates"":[34.99727759265033,1.0539183992072416]}"
1238,7.449590682983398,Trans,1913.0,23.93478202819824,0.2711674571037292,1309.0179443359375,1.098500468090229,35.05231162510693,0.481312096118927,961.5752563476562,1.0,2024,7.449590682983398,"{""type"":""Point"",""coordinates"":[35.05231162510693,1.098500468090229]}"
1240,6.689456939697266,Trans,1909.0,23.569564819335938,0.3866663873195648,1518.2637939453125,0.991350738609706,35.254274204292564,0.5778315663337708,998.7577514648438,1.0,2024,6.689456939697266,"{""type"":""Point"",""coordinates"":[35.254274204292564,0.9913507386097061]}"
1241,7.632119178771973,Trans,1830.0,21.92608642578125,0.3986266553401947,1587.5098876953125,1.133633579600534,34.92234944476,0.5975579619407654,960.1989135742188,1.0,2024,7.632119178771973,"{""type"":""Point"",""coordinates"":[34.92234944476,1.1336335796005341]}"
1245,7.020846366882324,Trans,1890.0,19.63478279113769,0.2092515230178833,1640.1566162109375,1.2324670733122518,34.941964587532766,0.4238138794898987,972.9393310546876,6.0,2024,7.020846366882324,"{""type"":""Point"",""coordinates"":[34.941964587532766,1.2324670733122518]}"
1251,6.633145809173584,Trans,1939.0,26.839130401611328,0.5837888717651367,1518.2637939453125,0.9606757656244814,35.27156764571396,0.753318190574646,998.7577514648438,1.0,2024,6.633145809173584,"{""type"":""Point"",""coordinates"":[35.27156764571396,0.9606757656244814]}"
1253,6.602471351623535,Trans,1826.0,24.126087188720703,0.3290454149246216,1327.4505615234375,0.9963050658246536,35.08682518278345,0.5051187872886658,994.4949951171876,1.0,2024,6.602471351623535,"{""type"":""Point"",""coordinates"":[35.08682518278345,0.9963050658246536]}"
1255,5.596841812133789,Trans,2141.0,23.330434799194336,0.3454942405223846,1518.2637939453125,0.9629314636190626,35.326469585062405,0.5107088685035706,1077.1812744140625,4.0,2024,5.596841812133789,"{""type"":""Point"",""coordinates"":[35.326469585062405,0.9629314636190626]}"
1260,7.190725803375244,Trans,1858.0,24.65217399597168,0.4050916135311126,1587.5098876953125,1.0801495170268125,34.88448105356064,0.524559736251831,908.87646484375,1.0,2024,7.190725803375244,"{""type"":""Point"",""coordinates"":[34.88448105356064,1.0801495170268123]}"
1267,6.662783145904541,Trans,1798.0,23.54347801208496,0.38894984126091,1565.9140625,0.9391249932275156,34.88205512695976,0.5393819212913513,1014.7183227539062,1.0,2024,6.662783145904541,"{""type"":""Point"",""coordinates"":[34.88205512695976,0.9391249932275157]}"
1272,6.5640788078308105,Trans,1778.0,24.069564819335938,0.4651347696781158,1472.4818115234375,0.9830384263949264,34.889744963607825,0.6489986181259155,941.492431640625,1.0,2024,6.5640788078308105,"{""type"":""Point"",""coordinates"":[34.889744963607825,0.9830384263949264]}"
1273,6.537140846252441,Trans,1924.0,21.8869571685791,0.3966969549655914,1448.66259765625,1.0136118551186857,35.22307155355986,0.5980674028396606,1040.30517578125,1.0,2024,6.537140846252441,"{""type"":""Point"",""coordinates"":[35.22307155355986,1.0136118551186857]}"
1274,7.682371616363525,Trans,1828.0,24.0217399597168,0.349351167678833,1587.5098876953125,1.1280196455111695,34.93714247186451,0.5016952157020569,960.1989135742188,1.0,2024,7.682371616363525,"{""type"":""Point"",""coordinates"":[34.93714247186451,1.1280196455111697]}"
1277,6.861218929290772,Trans,1736.0,18.08695602416992,0.3009562194347381,1794.15283203125,1.279567844885307,34.89726715053027,0.4094454050064087,882.4627075195312,6.0,2024,6.861218929290772,"{""type"":""Point"",""coordinates"":[34.89726715053027,1.279567844885307]}"
1278,6.798683166503906,Trans,1910.0,24.65217399597168,0.3567903637886047,1532.4256591796875,1.063328774028394,34.83592661096435,0.5192321538925171,813.836669921875,1.0,2024,6.798683166503906,"{""type"":""Point"",""coordinates"":[34.83592661096435,1.063328774028394]}"
1279,6.908956527709961,Trans,1871.0,27.5,0.3574953079223633,1472.4818115234375,1.0393936131627663,34.89128016289312,0.4828827381134033,914.8713989257812,1.0,2024,6.908956527709961,"{""type"":""Point"",""coordinates"":[34.89128016289312,1.0393936131627663]}"
1281,7.130222797393799,Trans,1954.0,19.03043556213379,0.4752960801124573,1640.1566162109375,1.2191396953440667,34.92662964013692,0.6559509634971619,972.9393310546876,1.0,2024,7.130222797393799,"{""type"":""Point"",""coordinates"":[34.92662964013692,1.2191396953440667]}"
1291,6.778180122375488,Trans,2054.0,22.986955642700195,0.3889469802379608,1653.9757080078125,1.1829463497960384,34.791400375915586,0.5354399085044861,878.0504150390625,1.0,2024,6.778180122375488,"{""type"":""Point"",""coordinates"":[34.791400375915586,1.1829463497960384]}"
1292,7.101695537567139,Trans,1808.0,23.78260803222656,0.4076351225376129,1565.9140625,0.9143524393789022,34.90495406141685,0.5901070833206177,1008.7112426757812,1.0,2024,7.101695537567139,"{""type"":""Point"",""coordinates"":[34.90495406141685,0.9143524393789022]}"
1293,6.361728191375732,Trans,2231.0,23.76956558227539,0.2216038852930069,1451.5164794921875,0.9301736211162204,34.7917728965821,0.3502674102783203,1013.508056640625,1.0,2024,6.361728191375732,"{""type"":""Point"",""coordinates"":[34.7917728965821,0.9301736211162203]}"
1296,7.3281402587890625,Trans,1815.0,22.973913192749023,0.4659994542598724,1388.3951416015625,0.9493612603740408,35.012702263347286,0.5964773893356323,873.1403198242188,1.0,2024,7.3281402587890625,"{""type"":""Point"",""coordinates"":[35.012702263347286,0.9493612603740409]}"
1301,7.1229448318481445,Trans,1831.0,20.81739044189453,0.3272078931331634,1640.1566162109375,1.2378927329626417,34.86045315739646,0.4556900858879089,915.8572387695312,6.0,2024,7.1229448318481445,"{""type"":""Point"",""coordinates"":[34.86045315739646,1.2378927329626417]}"
1304,7.127534866333008,Trans,1897.0,21.978260040283203,0.3407588303089142,1640.1566162109375,1.171955854860423,34.85232297561505,0.4852851033210754,916.169677734375,4.0,2024,7.127534866333008,"{""type"":""Point"",""coordinates"":[34.85232297561505,1.171955854860423]}"
1305,6.134968280792236,Trans,1863.0,21.81739044189453,0.3378107845783233,1327.4505615234375,0.960881088073421,35.14711182057953,0.5291871428489685,1042.0404052734375,1.0,2024,6.134968280792236,"{""type"":""Point"",""coordinates"":[35.14711182057953,0.960881088073421]}"
1307,5.775181770324707,Trans,1874.0,24.339130401611328,0.4309828281402588,1309.0179443359375,1.1143775669706983,35.14249986743072,0.6294485330581665,1090.241455078125,1.0,2024,5.775181770324707,"{""type"":""Point"",""coordinates"":[35.14249986743072,1.1143775669706983]}"
1308,6.709456443786621,Trans,1918.0,24.321739196777344,0.3068980276584625,1309.0179443359375,1.110498430169614,35.095813510957086,0.5076098442077637,974.173583984375,1.0,2024,6.709456443786621,"{""type"":""Point"",""coordinates"":[35.095813510957086,1.110498430169614]}"
1312,7.471738815307617,Trans,1897.0,23.23043441772461,0.345281571149826,1303.348388671875,1.1604445132798604,34.96082090978277,0.4833290874958038,1049.634765625,1.0,2024,7.471738815307617,"{""type"":""Point"",""coordinates"":[34.96082090978277,1.1604445132798604]}"
1313,6.5213494300842285,Trans,1951.0,26.443477630615234,0.3455430567264557,1532.4256591796875,1.070477431666279,34.80714872009553,0.5597996115684509,813.836669921875,1.0,2024,6.5213494300842285,"{""type"":""Point"",""coordinates"":[34.80714872009553,1.070477431666279]}"
1316,7.046899795532227,Trans,1754.0,23.795652389526367,0.4153478145599365,1565.9140625,0.8615419413095364,34.90358011522479,0.5962983965873718,986.4015502929688,1.0,2024,7.046899795532227,"{""type"":""Point"",""coordinates"":[34.90358011522479,0.8615419413095364]}"
1318,6.522686958312988,Trans,2095.0,25.81304359436035,0.2983331680297851,1653.9757080078125,1.1548610423209156,34.79617228984354,0.4744603037834167,878.0504150390625,1.0,2024,6.522686958312988,"{""type"":""Point"",""coordinates"":[34.79617228984354,1.1548610423209156]}"
1319,7.433223724365234,Trans,1819.0,22.160869598388672,0.3929828405380249,1311.3265380859375,0.9554032914834604,34.965959729439206,0.4921332895755768,1077.162841796875,4.0,2024,7.433223724365234,"{""type"":""Point"",""coordinates"":[34.965959729439206,0.9554032914834603]}"
1320,6.069741249084473,Trans,1908.0,20.200000762939453,0.3136230409145355,1448.66259765625,0.9858717657665076,35.15700783549991,0.4629238843917846,1027.66796875,1.0,2024,6.069741249084473,"{""type"":""Point"",""coordinates"":[35.15700783549991,0.9858717657665075]}"
1321,6.153731822967529,Trans,1864.0,24.013044357299805,0.3352387547492981,1327.4505615234375,0.9638035397527156,35.13214781453325,0.5243118405342102,1042.0404052734375,1.0,2024,6.153731822967529,"{""type"":""Point"",""coordinates"":[35.13214781453325,0.9638035397527156]}"
1323,7.005106925964356,Trans,1750.0,21.53478240966797,0.4026384353637695,1388.3951416015625,0.8788293445798936,34.9580821197838,0.5179296135902405,985.6636352539062,1.0,2024,7.005106925964356,"{""type"":""Point"",""coordinates"":[34.9580821197838,0.8788293445798936]}"
1328,6.33853006362915,Trans,1903.0,23.447826385498047,0.3239139318466186,1448.66259765625,1.0413009507730415,35.22427972172464,0.5358923673629761,1040.30517578125,1.0,2024,6.33853006362915,"{""type"":""Point"",""coordinates"":[35.22427972172464,1.0413009507730417]}"
1330,6.5975661277771,Trans,1952.0,24.68260955810547,0.3934746086597442,1415.5245361328125,1.0108933944704177,34.82748061978184,0.5493974685668945,849.1492919921875,1.0,2024,6.5975661277771,"{""type"":""Point"",""coordinates"":[34.82748061978184,1.0108933944704177]}"
1332,6.147312164306641,Trans,1853.0,23.90434837341309,0.3944815695285797,1448.66259765625,0.9765702550554992,35.17096004370416,0.5972521305084229,1027.66796875,1.0,2024,6.147312164306641,"{""type"":""Point"",""coordinates"":[35.17096004370416,0.9765702550554993]}"
1333,6.172465801239014,Trans,2288.0,21.830434799194336,0.3477427661418915,1518.2637939453125,0.981406947122885,35.302717545343725,0.5111569166183472,1077.1812744140625,1.0,2024,6.172465801239014,"{""type"":""Point"",""coordinates"":[35.302717545343725,0.981406947122885]}"
1334,7.07255744934082,Trans,1905.0,19.78260803222656,0.2794380784034729,1640.1566162109375,1.2302974984407642,34.91828417359815,0.4517000317573547,972.9393310546876,4.0,2024,7.07255744934082,"{""type"":""Point"",""coordinates"":[34.91828417359815,1.2302974984407642]}"
1335,7.143483638763428,Trans,1853.0,21.69130516052246,0.3005793988704681,1472.4818115234375,1.0291498508557713,34.92141076920269,0.4543169140815735,963.7658081054688,1.0,2024,7.143483638763428,"{""type"":""Point"",""coordinates"":[34.92141076920269,1.0291498508557713]}"
1336,6.293458938598633,Trans,1867.0,21.55652236938477,0.4647507071495056,1327.4505615234375,0.9625120318538376,35.111918374113046,0.6513505578041077,1042.0404052734375,1.0,2024,6.293458938598633,"{""type"":""Point"",""coordinates"":[35.111918374113046,0.9625120318538377]}"
1340,6.446304321289063,Trans,1941.0,23.547826766967773,0.3707172870635986,1303.348388671875,1.2135111870217743,35.019456322176765,0.5105670094490051,1020.2589111328124,1.0,2024,6.446304321289063,"{""type"":""Point"",""coordinates"":[35.019456322176765,1.2135111870217743]}"
1346,5.722919464111328,Trans,1860.0,22.24347877502441,0.2633081376552582,1362.5670166015625,1.0907336826041452,35.15407076290543,0.3550548851490021,1080.9871826171875,1.0,2024,5.722919464111328,"{""type"":""Point"",""coordinates"":[35.15407076290543,1.0907336826041452]}"
1347,6.412417888641357,Trans,1813.0,25.700000762939453,0.4312811195850372,1472.4818115234375,0.973772791506533,34.86214613610067,0.6294671893119812,941.492431640625,1.0,2024,6.412417888641357,"{""type"":""Point"",""coordinates"":[34.86214613610067,0.973772791506533]}"
1352,7.26776647567749,Trans,1957.0,22.399999618530277,0.3748859465122223,1309.0179443359375,1.1175129279950478,35.056434858227625,0.5647323131561279,974.173583984375,1.0,2024,7.26776647567749,"{""type"":""Point"",""coordinates"":[35.056434858227625,1.1175129279950478]}"
1353,6.364751815795898,Trans,2133.0,23.752174377441406,0.2789883315563202,1532.4256591796875,1.1371300185046207,34.79297645562604,0.4262716472148895,876.7874755859375,1.0,2024,6.364751815795898,"{""type"":""Point"",""coordinates"":[34.79297645562604,1.1371300185046207]}"
1354,7.3774213790893555,Trans,1981.0,22.373912811279297,0.4050955176353454,1303.348388671875,1.1573372127755186,34.98242467146726,0.551403820514679,1049.634765625,1.0,2024,7.3774213790893555,"{""type"":""Point"",""coordinates"":[34.98242467146726,1.1573372127755186]}"
1356,6.876395225524902,Trans,1896.0,24.92173957824707,0.3574225604534149,1532.4256591796875,1.0951217667169026,34.83741970511549,0.4582954347133636,813.836669921875,1.0,2024,6.876395225524902,"{""type"":""Point"",""coordinates"":[34.83741970511549,1.0951217667169026]}"
1360,6.72548770904541,Trans,1904.0,24.169565200805664,0.3811443448066711,1309.0179443359375,1.0527421796556655,35.0914562147388,0.5150576233863831,961.5752563476562,1.0,2024,6.72548770904541,"{""type"":""Point"",""coordinates"":[35.0914562147388,1.0527421796556657]}"
1361,7.101721286773682,Trans,1882.0,18.908695220947266,0.4137397110462188,1653.9757080078125,1.2067291711987531,34.83835786466374,0.5202425122261047,881.7891235351562,1.0,2024,7.101721286773682,"{""type"":""Point"",""coordinates"":[34.83835786466374,1.2067291711987533]}"
1363,7.263784885406494,Trans,1745.0,24.104347229003903,0.4182864427566528,1388.3951416015625,0.9047096532990424,34.962538264368604,0.6171818375587463,1042.5777587890625,1.0,2024,7.263784885406494,"{""type"":""Point"",""coordinates"":[34.962538264368604,0.9047096532990425]}"
1365,6.376831531524658,Trans,1879.0,21.59130477905273,0.3666439950466156,1463.1514892578125,0.9325487172457094,35.21105389433629,0.5387554168701172,1050.580810546875,1.0,2024,6.376831531524658,"{""type"":""Point"",""coordinates"":[35.21105389433629,0.9325487172457094]}"
1370,7.772051811218262,Trans,1864.0,24.908695220947266,0.3519594073295593,1372.1785888671875,1.0908358557920628,34.96217176007718,0.4864857196807861,1014.598876953125,1.0,2024,7.772051811218262,"{""type"":""Point"",""coordinates"":[34.96217176007718,1.0908358557920628]}"
1373,7.3217339515686035,Trans,1827.0,23.40434837341309,0.397743672132492,1309.0179443359375,1.0576496982010524,35.059799672161404,0.5742553472518921,961.5752563476562,1.0,2024,7.3217339515686035,"{""type"":""Point"",""coordinates"":[35.059799672161404,1.0576496982010524]}"
1376,7.390194416046143,Trans,1941.0,22.63478279113769,0.4224630892276764,1372.1785888671875,1.122765157386895,35.041139963951444,0.5880368947982788,862.4269409179688,1.0,2024,7.390194416046143,"{""type"":""Point"",""coordinates"":[35.041139963951444,1.122765157386895]}"
1377,7.077464580535889,Trans,1876.0,24.560869216918945,0.4499749541282654,1587.5098876953125,1.0625829602116053,34.888621473680104,0.5532700419425964,908.87646484375,1.0,2024,7.077464580535889,"{""type"":""Point"",""coordinates"":[34.888621473680104,1.0625829602116053]}"
1379,7.1873979568481445,Trans,1860.0,21.895652770996094,0.3866439759731293,1640.1566162109375,1.2110494608183178,34.88881228809992,0.4693905115127563,915.8572387695312,4.0,2024,7.1873979568481445,"{""type"":""Point"",""coordinates"":[34.88881228809992,1.2110494608183178]}"
1380,7.222270965576172,Trans,1908.0,24.704347610473636,0.3920287787914276,1372.1785888671875,1.1491117261059254,35.01559162067233,0.5102860927581787,862.4269409179688,1.0,2024,7.222270965576172,"{""type"":""Point"",""coordinates"":[35.01559162067233,1.1491117261059254]}"
1384,7.667420387268066,Trans,1845.0,23.600000381469727,0.3845431506633758,1372.1785888671875,1.116643551291849,35.01181069587033,0.5334511995315552,862.4269409179688,1.0,2024,7.667420387268066,"{""type"":""Point"",""coordinates"":[35.01181069587033,1.1166435512918487]}"
1387,6.610116481781006,Trans,1880.0,21.947826385498047,0.4047370553016662,1327.4505615234375,1.025886747920166,35.09105458999124,0.5513667464256287,969.0385131835938,1.0,2024,6.610116481781006,"{""type"":""Point"",""coordinates"":[35.09105458999124,1.0258867479201659]}"
1390,6.302341461181641,Trans,1865.0,21.31739044189453,0.2582011520862579,1327.4505615234375,0.9935417813742048,35.10602661639391,0.4835189580917358,1042.0404052734375,1.0,2024,6.302341461181641,"{""type"":""Point"",""coordinates"":[35.10602661639391,0.9935417813742047]}"
1393,6.0880208015441895,Trans,2084.0,25.45652198791504,0.3603514432907104,1532.4256591796875,1.0675181118766452,34.784397872272464,0.5160849094390869,888.1694946289062,1.0,2024,6.0880208015441895,"{""type"":""Point"",""coordinates"":[34.784397872272464,1.0675181118766452]}"
1395,7.211253643035889,Trans,1909.0,20.734783172607425,0.3568457663059234,1640.1566162109375,1.2090330958820592,34.92138223643636,0.5124508142471313,972.9393310546876,1.0,2024,7.211253643035889,"{""type"":""Point"",""coordinates"":[34.92138223643636,1.2090330958820592]}"
1396,6.626274108886719,Trans,1757.0,24.67391395568848,0.4517129957675934,1451.5164794921875,0.8534814435916281,34.826027669418906,0.6438448429107666,985.6239013671876,1.0,2024,6.626274108886719,"{""type"":""Point"",""coordinates"":[34.826027669418906,0.8534814435916281]}"
1397,7.095698356628418,Trans,1913.0,23.92173957824707,0.4015908241271972,1309.0179443359375,1.1148262520530146,35.07062301555151,0.5737441778182983,974.173583984375,1.0,2024,7.095698356628418,"{""type"":""Point"",""coordinates"":[35.07062301555151,1.1148262520530146]}"
1398,6.847139358520508,Trans,2000.0,20.40434837341309,0.408842384815216,1303.348388671875,1.166180345654011,35.02502149966852,0.553193211555481,860.8521118164062,1.0,2024,6.847139358520508,"{""type"":""Point"",""coordinates"":[35.02502149966852,1.166180345654011]}"
1399,6.441090106964111,Trans,1814.0,25.365217208862305,0.4343121647834778,1472.4818115234375,0.951611063126732,34.8523588845773,0.615292489528656,941.492431640625,1.0,2024,6.441090106964111,"{""type"":""Point"",""coordinates"":[34.8523588845773,0.9516110631267319]}"
1402,7.18012809753418,Trans,1935.0,23.28695678710937,0.3716715574264526,1640.1566162109375,1.212200828485949,34.92595497124253,0.4771804809570312,972.9393310546876,1.0,2024,7.18012809753418,"{""type"":""Point"",""coordinates"":[34.92595497124253,1.2122008284859487]}"
1404,6.25588321685791,Trans,2032.0,24.756521224975582,0.4401566982269287,1362.5670166015625,1.059112343579394,35.243691947340345,0.6624895930290222,1157.1868896484375,1.0,2024,6.25588321685791,"{""type"":""Point"",""coordinates"":[35.243691947340345,1.0591123435793939]}"
1405,6.159538745880127,Trans,1848.0,22.143478393554688,0.3739412426948547,1448.66259765625,1.027196061855384,35.18108510645638,0.5565958023071289,1005.9006958007812,1.0,2024,6.159538745880127,"{""type"":""Point"",""coordinates"":[35.18108510645638,1.0271960618553841]}"
1407,5.96640157699585,Trans,2316.0,22.143478393554688,0.2982748448848724,1532.4256591796875,1.1212563946310408,34.77329519725468,0.4706381857395172,876.7874755859375,1.0,2024,5.96640157699585,"{""type"":""Point"",""coordinates"":[34.77329519725468,1.1212563946310408]}"
1411,6.796323776245117,Trans,1824.0,24.6130428314209,0.3438129723072052,1388.3951416015625,0.8896745243394033,35.0002401630901,0.5383920073509216,889.9072265625,1.0,2024,6.796323776245117,"{""type"":""Point"",""coordinates"":[35.0002401630901,0.8896745243394033]}"
1414,7.52638578414917,Trans,1896.0,24.473913192749023,0.3620706498622894,1372.1785888671875,1.1411708063594876,34.988990966053315,0.4671427011489868,1015.1450805664062,1.0,2024,7.52638578414917,"{""type"":""Point"",""coordinates"":[34.988990966053315,1.1411708063594876]}"
1416,6.828317165374756,Trans,1808.0,26.10869598388672,0.496904045343399,1327.4505615234375,1.0030973110674284,35.07478979843962,0.7113654613494873,969.0385131835938,1.0,2024,6.828317165374756,"{""type"":""Point"",""coordinates"":[35.07478979843962,1.0030973110674284]}"
1418,6.118509769439697,Trans,2298.0,30.017391204833984,0.4630205333232879,1415.5245361328125,0.9833064224451016,34.76785430741042,0.6417438387870789,989.7182006835938,4.0,2024,6.118509769439697,"{""type"":""Point"",""coordinates"":[34.76785430741042,0.9833064224451015]}"
1419,6.58214282989502,Trans,1931.0,23.07391357421875,0.3279403150081634,1303.348388671875,1.1880173908446143,35.02114126086476,0.4944441616535187,860.8521118164062,1.0,2024,6.58214282989502,"{""type"":""Point"",""coordinates"":[35.02114126086476,1.1880173908446143]}"
1420,6.4796295166015625,Trans,2239.0,24.395652770996094,0.2944152653217315,1653.9757080078125,1.1638580933282427,34.77739946174616,0.4289309680461883,878.0504150390625,1.0,2024,6.4796295166015625,"{""type"":""Point"",""coordinates"":[34.77739946174616,1.1638580933282427]}"
1422,6.963717460632324,Trans,1958.0,18.68695640563965,0.3507739603519439,1303.348388671875,1.1789702504494468,34.998930383843245,0.5183103680610657,1049.634765625,1.0,2024,6.963717460632324,"{""type"":""Point"",""coordinates"":[34.998930383843245,1.1789702504494468]}"
1423,6.576133728027344,Trans,1871.0,21.65217399597168,0.3841626346111297,1448.66259765625,0.9555292018493494,35.23590557947639,0.5812864303588867,1047.075927734375,1.0,2024,6.576133728027344,"{""type"":""Point"",""coordinates"":[35.23590557947639,0.9555292018493494]}"
1427,7.264294147491455,Trans,1753.0,22.865217208862305,0.4109004735946655,1565.9140625,0.8985085346199849,34.94940131447069,0.5722951292991638,986.4015502929688,4.0,2024,7.264294147491455,"{""type"":""Point"",""coordinates"":[34.94940131447069,0.8985085346199849]}"
1433,7.117188453674316,Trans,1854.0,23.200000762939453,0.3626150786876678,1472.4818115234375,1.0302719501251587,34.91902940487446,0.5109823346138,963.7658081054688,1.0,2024,7.117188453674316,"{""type"":""Point"",""coordinates"":[34.91902940487446,1.0302719501251587]}"
1438,7.324246406555176,Trans,1790.0,23.373912811279297,0.3601442873477936,1388.3951416015625,0.9124354805069091,34.954225781617595,0.5645850300788879,1042.5777587890625,1.0,2024,7.324246406555176,"{""type"":""Point"",""coordinates"":[34.954225781617595,0.9124354805069093]}"
1439,7.079521179199219,Trans,1809.0,23.06521797180176,0.437934935092926,1388.3951416015625,0.9411290525216714,35.03450373890738,0.6166099905967712,873.1403198242188,4.0,2024,7.079521179199219,"{""type"":""Point"",""coordinates"":[35.03450373890738,0.9411290525216714]}"
1442,6.929117202758789,Trans,1916.0,24.1130428314209,0.3767943978309631,1653.9757080078125,1.1609034935097793,34.83241807398693,0.513972818851471,878.5647583007812,1.0,2024,6.929117202758789,"{""type"":""Point"",""coordinates"":[34.83241807398693,1.1609034935097793]}"
1444,7.279815673828125,Trans,1753.0,23.678260803222656,0.4680457413196563,1388.3951416015625,0.9068358102413356,34.961754561332334,0.6553086638450623,1042.5777587890625,1.0,2024,7.279815673828125,"{""type"":""Point"",""coordinates"":[34.961754561332334,0.9068358102413357]}"
1445,7.042429447174072,Trans,1765.0,18.917390823364254,0.2883923053741455,1794.15283203125,1.255676899127597,34.87086457377129,0.441078633069992,882.4627075195312,6.0,2024,7.042429447174072,"{""type"":""Point"",""coordinates"":[34.87086457377129,1.255676899127597]}"
1446,7.023149013519287,Trans,1903.0,19.952173233032227,0.3077061474323272,1640.1566162109375,1.2318258608926975,34.94112730483093,0.4391246438026428,972.9393310546876,6.0,2024,7.023149013519287,"{""type"":""Point"",""coordinates"":[34.94112730483093,1.2318258608926977]}"
1447,6.305427551269531,Trans,2231.0,25.747825622558597,0.2945746183395386,1451.5164794921875,0.9504171755402172,34.77416607265228,0.4410233199596405,1013.508056640625,1.0,2024,6.305427551269531,"{""type"":""Point"",""coordinates"":[34.77416607265228,0.9504171755402171]}"
1450,7.290882587432861,Trans,1908.0,21.41304397583008,0.3660352528095245,1311.3265380859375,0.978983435113282,35.03918665523395,0.5534632802009583,943.7447509765624,1.0,2024,7.290882587432861,"{""type"":""Point"",""coordinates"":[35.03918665523395,0.9789834351132821]}"
1451,6.960904598236084,Trans,1978.0,20.81304359436035,0.3826783299446106,1303.348388671875,1.2240294403110104,34.96429872661307,0.5418736338615417,1109.6043701171875,1.0,2024,6.960904598236084,"{""type"":""Point"",""coordinates"":[34.96429872661307,1.2240294403110104]}"
1452,7.301846504211426,Trans,1909.0,23.28260803222656,0.3716878294944763,1640.1566162109375,1.1906401674472282,34.940610667937314,0.5031195878982544,964.7963256835938,1.0,2024,7.301846504211426,"{""type"":""Point"",""coordinates"":[34.940610667937314,1.1906401674472282]}"
1453,7.1691436767578125,Trans,1931.0,23.19565200805664,0.3521130383014679,1309.0179443359375,1.1007254520311207,35.071257634679355,0.5129932165145874,974.173583984375,1.0,2024,7.1691436767578125,"{""type"":""Point"",""coordinates"":[35.071257634679355,1.1007254520311207]}"
1454,7.0229010581970215,Trans,1861.0,18.826086044311523,0.3704673647880554,1640.1566162109375,1.2396778769795465,34.90726361398917,0.4825626015663147,972.9393310546876,6.0,2024,7.0229010581970215,"{""type"":""Point"",""coordinates"":[34.90726361398917,1.2396778769795465]}"
1456,7.679166316986084,Trans,1840.0,23.71739196777344,0.3434527218341827,1372.1785888671875,1.1306519918740578,34.97362018177175,0.5153064727783203,1015.1450805664062,1.0,2024,7.679166316986084,"{""type"":""Point"",""coordinates"":[34.97362018177175,1.1306519918740578]}"
1458,7.313802242279053,Trans,1791.0,26.53043556213379,0.3122628033161163,1388.3951416015625,0.9182832225909832,34.97259512866282,0.4617035686969757,1042.5777587890625,1.0,2024,7.313802242279053,"{""type"":""Point"",""coordinates"":[34.97259512866282,0.9182832225909832]}"
1459,7.790761947631836,Trans,1871.0,21.3869571685791,0.3136916756629944,1311.3265380859375,1.0458068681924435,34.99542587527131,0.4535061120986938,1003.5731201171876,1.0,2024,7.790761947631836,"{""type"":""Point"",""coordinates"":[34.99542587527131,1.0458068681924435]}"
1460,7.58056640625,Trans,1864.0,21.95652198791504,0.2217443436384201,1640.1566162109375,1.1498449976514662,34.922712924627504,0.3399633765220642,964.7963256835938,1.0,2024,7.58056640625,"{""type"":""Point"",""coordinates"":[34.922712924627504,1.1498449976514662]}"
1461,6.331820487976074,Trans,1871.0,23.095651626586918,0.3768954277038574,1463.1514892578125,0.9404636908270344,35.19919229626628,0.5140947103500366,999.2210693359376,4.0,2024,6.331820487976074,"{""type"":""Point"",""coordinates"":[35.199192296266276,0.9404636908270345]}"
1466,6.321434020996094,Trans,1914.0,23.1130428314209,0.3630423843860626,1217.0069580078125,1.169468195138882,35.06316580720611,0.5289967656135559,1066.3682861328125,1.0,2024,6.321434020996094,"{""type"":""Point"",""coordinates"":[35.06316580720611,1.1694681951388821]}"
1467,6.568038940429688,Trans,1801.0,24.28260803222656,0.3983542025089264,1472.4818115234375,0.9563174958260542,34.885280973749715,0.5664982199668884,941.492431640625,1.0,2024,6.568038940429688,"{""type"":""Point"",""coordinates"":[34.885280973749715,0.9563174958260542]}"
1469,6.01823091506958,Trans,1910.0,22.28260803222656,0.3452372848987579,1362.5670166015625,1.0544527287822614,35.201139260900966,0.5351181626319885,1157.1868896484375,1.0,2024,6.01823091506958,"{""type"":""Point"",""coordinates"":[35.201139260900966,1.0544527287822614]}"
1471,6.7615275382995605,Trans,1915.0,26.799999237060547,0.3532333672046661,1472.4818115234375,1.042315929468239,34.85028684344679,0.506220817565918,914.8713989257812,1.0,2024,6.7615275382995605,"{""type"":""Point"",""coordinates"":[34.85028684344679,1.042315929468239]}"
1473,5.233714580535889,Trans,1932.0,24.399999618530277,0.3661230206489563,1362.5670166015625,1.113967195628503,35.1758575557919,0.5689825415611267,1263.162353515625,1.0,2024,5.233714580535889,"{""type"":""Point"",""coordinates"":[35.1758575557919,1.113967195628503]}"
1474,7.0308332443237305,Trans,1898.0,23.600000381469727,0.3247081935405731,1653.9757080078125,1.1618024067750112,34.84272818214068,0.4137523770332336,878.5647583007812,1.0,2024,7.0308332443237305,"{""type"":""Point"",""coordinates"":[34.84272818214068,1.1618024067750112]}"
1475,7.246005058288574,Trans,1776.0,24.526086807250977,0.424534261226654,1565.9140625,0.934125436616734,34.93550711164413,0.6274063587188721,1008.7112426757812,1.0,2024,7.246005058288574,"{""type"":""Point"",""coordinates"":[34.93550711164413,0.9341254366167339]}"
1477,7.251265525817871,Trans,1832.0,24.830434799194336,0.3857886791229248,1472.4818115234375,1.0289504294481011,34.93014390527594,0.575208842754364,963.7658081054688,1.0,2024,7.251265525817871,"{""type"":""Point"",""coordinates"":[34.93014390527594,1.0289504294481011]}"
1481,6.586008071899414,Trans,1817.0,22.15217399597168,0.4267866015434265,1339.5623779296875,0.9473205901388432,35.0890098257079,0.6175201535224915,951.3497924804688,1.0,2024,6.586008071899414,"{""type"":""Point"",""coordinates"":[35.0890098257079,0.9473205901388432]}"
1483,7.43144941329956,Trans,1894.0,21.0217399597168,0.3137375712394714,1309.0179443359375,1.092816742903933,35.05542528069161,0.4714387059211731,961.5752563476562,1.0,2024,7.43144941329956,"{""type"":""Point"",""coordinates"":[35.05542528069161,1.092816742903933]}"
1490,6.954964637756348,Trans,1887.0,25.978260040283203,0.3633354902267456,1532.4256591796875,1.0882386563201143,34.84729740039695,0.4856563806533813,813.836669921875,1.0,2024,6.954964637756348,"{""type"":""Point"",""coordinates"":[34.84729740039695,1.0882386563201145]}"
1492,6.470978736877441,Trans,1942.0,24.43913078308105,0.4043223857879638,1415.5245361328125,0.9657024206626332,34.82275485040137,0.5937947630882263,959.7871704101562,1.0,2024,6.470978736877441,"{""type"":""Point"",""coordinates"":[34.82275485040137,0.9657024206626331]}"
1495,6.461048603057861,Trans,1912.0,20.18695640563965,0.4171143174171448,1309.0179443359375,1.0504402538129485,35.10541130829131,0.5879431962966919,1033.5059814453125,1.0,2024,6.461048603057861,"{""type"":""Point"",""coordinates"":[35.10541130829131,1.0504402538129485]}"
1497,6.7571539878845215,Trans,1960.0,22.46086883544922,0.3219282329082489,1303.348388671875,1.2218811506845195,34.99047594278678,0.4762409925460815,1109.6043701171875,1.0,2024,6.7571539878845215,"{""type"":""Point"",""coordinates"":[34.99047594278678,1.2218811506845195]}"
1498,6.251084327697754,Trans,1853.0,22.147825241088867,0.3980728685855865,1463.1514892578125,0.9435322401656436,35.15583712825956,0.5562132596969604,999.2210693359376,1.0,2024,6.251084327697754,"{""type"":""Point"",""coordinates"":[35.15583712825956,0.9435322401656437]}"
1499,7.140264511108398,Trans,1786.0,23.052173614501957,0.4001954793930053,1565.9140625,0.905340319656836,34.90312702041313,0.5489042401313782,1008.7112426757812,1.0,2024,7.140264511108398,"{""type"":""Point"",""coordinates"":[34.90312702041313,0.905340319656836]}"
1500,7.64626932144165,Trans,1832.0,21.917390823364254,0.3285712897777557,1587.5098876953125,1.1400398460692631,34.94350957375795,0.4938127696514129,960.1989135742188,4.0,2024,7.64626932144165,"{""type"":""Point"",""coordinates"":[34.94350957375795,1.1400398460692631]}"
1501,6.928977966308594,Trans,1958.0,25.547826766967773,0.4019191265106201,1653.9757080078125,1.1927251596174069,34.80623908137458,0.5267897844314575,878.5647583007812,1.0,2024,6.928977966308594,"{""type"":""Point"",""coordinates"":[34.80623908137458,1.1927251596174069]}"
1502,6.551208972930908,Trans,2050.0,28.13478279113769,0.3828315138816833,1653.9757080078125,1.153920172423668,34.79968429589967,0.4857588708400726,878.0504150390625,1.0,2024,6.551208972930908,"{""type"":""Point"",""coordinates"":[34.79968429589967,1.153920172423668]}"
1504,6.579721450805664,Trans,1714.0,28.34782600402832,0.3939877450466156,1605.135986328125,0.8448281382887072,34.81990886091532,0.5129058957099915,968.0701904296876,1.0,2024,6.579721450805664,"{""type"":""Point"",""coordinates"":[34.81990886091532,0.8448281382887072]}"
1507,7.006084442138672,Trans,1834.0,24.81739044189453,0.3535957336425781,1327.4505615234375,1.0363757470577832,35.07252288811118,0.5173467993736267,969.0385131835938,1.0,2024,7.006084442138672,"{""type"":""Point"",""coordinates"":[35.07252288811118,1.0363757470577832]}"
1508,5.681839466094971,Trans,2206.0,23.86956596374512,0.2806609570980072,1518.2637939453125,1.013536509269688,35.31938795421826,0.4811440110206604,1062.2413330078125,1.0,2024,5.681839466094971,"{""type"":""Point"",""coordinates"":[35.31938795421826,1.013536509269688]}"
1513,6.288176536560059,Trans,1835.0,22.360870361328125,0.3180330395698547,1463.1514892578125,0.9391925951644324,35.15644821710581,0.4921439886093139,999.2210693359376,1.0,2024,6.288176536560059,"{""type"":""Point"",""coordinates"":[35.15644821710581,0.9391925951644325]}"
1532,5.535809516906738,Trans,2190.0,23.27391242980957,0.2725683748722076,1518.2637939453125,0.9508517691420107,35.33190725654028,0.4065191745758056,1077.1812744140625,4.0,2024,5.535809516906738,"{""type"":""Point"",""coordinates"":[35.33190725654028,0.9508517691420109]}"
1533,6.467282295227051,Trans,1870.0,27.22608757019043,0.3964780569076538,1463.1514892578125,0.9321285328208416,35.230745302058864,0.5693338513374329,1050.580810546875,1.0,2024,6.467282295227051,"{""type"":""Point"",""coordinates"":[35.230745302058864,0.9321285328208416]}"
1534,7.586762428283691,Trans,1866.0,23.560869216918945,0.3276971280574798,1311.3265380859375,0.9924307824079992,35.01250133594334,0.5137384533882141,943.7447509765624,1.0,2024,7.586762428283691,"{""type"":""Point"",""coordinates"":[35.01250133594334,0.9924307824079993]}"
1537,6.928896903991699,Trans,1986.0,24.026086807250977,0.3903000950813293,1303.348388671875,1.152867258829758,35.03811062845054,0.535153329372406,860.8521118164062,1.0,2024,6.928896903991699,"{""type"":""Point"",""coordinates"":[35.03811062845054,1.152867258829758]}"
1539,6.66313362121582,Trans,1824.0,24.399999618530277,0.3298951387405395,1327.4505615234375,0.9962043321574108,35.08341093179542,0.504248321056366,994.4949951171876,1.0,2024,6.66313362121582,"{""type"":""Point"",""coordinates"":[35.08341093179542,0.9962043321574108]}"
1541,6.890027046203613,Trans,2006.0,26.42608642578125,0.3689389228820801,1303.348388671875,1.1552965423209896,35.03748812211673,0.545402467250824,860.8521118164062,1.0,2024,6.890027046203613,"{""type"":""Point"",""coordinates"":[35.03748812211673,1.1552965423209896]}"
1544,7.480491638183594,Trans,1841.0,22.39130401611328,0.3604933619499206,1311.3265380859375,1.005653268371306,34.95829457742853,0.5051960349082947,1003.5731201171876,1.0,2024,7.480491638183594,"{""type"":""Point"",""coordinates"":[34.95829457742853,1.005653268371306]}"
1545,6.721657752990723,Trans,1898.0,22.830434799194336,0.4946381449699402,1532.4256591796875,1.0717107452435362,34.82473179470403,0.7477261424064636,813.836669921875,1.0,2024,6.721657752990723,"{""type"":""Point"",""coordinates"":[34.82473179470403,1.0717107452435362]}"
1546,7.585157871246338,Trans,1835.0,21.62173843383789,0.3385790586471557,1587.5098876953125,1.1087209002297265,34.916376102864724,0.4887242317199707,960.1989135742188,1.0,2024,7.585157871246338,"{""type"":""Point"",""coordinates"":[34.916376102864724,1.1087209002297265]}"
1555,7.141775131225586,Trans,1865.0,23.660869598388672,0.3851776719093323,1472.4818115234375,1.0430906786420833,34.91237642518227,0.5195468664169312,963.7658081054688,1.0,2024,7.141775131225586,"{""type"":""Point"",""coordinates"":[34.91237642518227,1.0430906786420833]}"
1556,7.34601879119873,Trans,1891.0,24.03478240966797,0.4023041725158691,1640.1566162109375,1.1807400755118187,34.949160189970584,0.5629615783691406,964.7963256835938,1.0,2024,7.34601879119873,"{""type"":""Point"",""coordinates"":[34.949160189970584,1.1807400755118187]}"
1558,5.7526631355285645,Trans,2038.0,22.765216827392575,0.350778192281723,1532.4256591796875,1.077330824957252,34.77156986590845,0.5463505983352661,888.1694946289062,1.0,2024,5.7526631355285645,"{""type"":""Point"",""coordinates"":[34.77156986590845,1.077330824957252]}"
1559,7.1688337326049805,Trans,1863.0,24.100000381469727,0.3902167081832886,1327.4505615234375,0.9820905457392332,35.05024598028945,0.5563250780105591,994.4949951171876,1.0,2024,7.1688337326049805,"{""type"":""Point"",""coordinates"":[35.05024598028945,0.9820905457392332]}"
1562,6.705789566040039,Trans,1788.0,22.678260803222656,0.369927316904068,1388.3951416015625,0.9059287446362976,35.043804847129074,0.5069888830184937,873.1403198242188,1.0,2024,6.705789566040039,"{""type"":""Point"",""coordinates"":[35.043804847129074,0.9059287446362976]}"
1564,7.494693279266357,Trans,1846.0,24.2608699798584,0.352410614490509,1640.1566162109375,1.164998003764473,34.94353480978779,0.476003348827362,964.7963256835938,1.0,2024,7.494693279266357,"{""type"":""Point"",""coordinates"":[34.94353480978779,1.164998003764473]}"
1565,6.644853591918945,Trans,1836.0,24.55652236938477,0.3822441101074219,1451.5164794921875,0.9047466630625152,34.842145928338525,0.5734856128692627,1004.1910400390624,1.0,2024,6.644853591918945,"{""type"":""Point"",""coordinates"":[34.842145928338525,0.9047466630625153]}"
1572,6.644759654998779,Trans,1803.0,23.560869216918945,0.4314697384834289,1339.5623779296875,0.917544303720708,35.10354723132819,0.5756765604019165,964.28857421875,1.0,2024,6.644759654998779,"{""type"":""Point"",""coordinates"":[35.10354723132819,0.917544303720708]}"
1573,6.209051609039307,Trans,1970.0,21.93478202819824,0.3844110667705536,1362.5670166015625,1.0530216005912183,35.2281906380813,0.5304870009422302,1157.1868896484375,1.0,2024,6.209051609039307,"{""type"":""Point"",""coordinates"":[35.2281906380813,1.0530216005912185]}"
1578,6.420452117919922,Trans,2041.0,23.200000762939453,0.4237419068813324,1451.5164794921875,0.9380943279849984,34.80477265203723,0.5999073386192322,1004.1910400390624,1.0,2024,6.420452117919922,"{""type"":""Point"",""coordinates"":[34.80477265203723,0.9380943279849983]}"
1579,6.643058776855469,Trans,2000.0,22.19130516052246,0.323659598827362,1532.4256591796875,1.1419867497615763,34.81281470088716,0.495121419429779,853.085205078125,1.0,2024,6.643058776855469,"{""type"":""Point"",""coordinates"":[34.81281470088716,1.1419867497615765]}"
1580,6.170365333557129,Trans,1939.0,21.86956596374512,0.2661808431148529,1309.0179443359375,1.1409196206637833,35.1079975431624,0.4032862484455108,1090.241455078125,1.0,2024,6.170365333557129,"{""type"":""Point"",""coordinates"":[35.1079975431624,1.1409196206637833]}"
1582,6.667752742767334,Trans,1949.0,24.19130516052246,0.3367709815502167,1518.2637939453125,1.004230706902449,35.249927497567555,0.5152742862701416,994.1923217773438,1.0,2024,6.667752742767334,"{""type"":""Point"",""coordinates"":[35.249927497567555,1.004230706902449]}"
1583,7.677066326141357,Trans,1848.0,22.7391300201416,0.4079663753509521,1587.5098876953125,1.093216667365715,34.94111732908515,0.5677257180213928,961.76513671875,1.0,2024,7.677066326141357,"{""type"":""Point"",""coordinates"":[34.94111732908515,1.093216667365715]}"
1587,6.603061676025391,Trans,2034.0,23.765216827392575,0.3447139263153076,1415.5245361328125,1.0194626433231109,34.81639244044917,0.5531768798828125,849.1492919921875,1.0,2024,6.603061676025391,"{""type"":""Point"",""coordinates"":[34.81639244044917,1.0194626433231107]}"
1588,7.538297653198242,Trans,1884.0,23.799999237060547,0.3605877459049225,1372.1785888671875,1.1382098895161945,34.99229242670703,0.4969495236873626,1015.1450805664062,1.0,2024,7.538297653198242,"{""type"":""Point"",""coordinates"":[34.99229242670703,1.1382098895161943]}"
1590,4.770330905914307,Trans,2558.0,29.330434799194336,0.6420807242393494,897.6917114257812,1.111611300180433,34.72627473192894,0.6590906977653503,1047.058837890625,4.0,2024,4.770330905914307,"{""type"":""Point"",""coordinates"":[34.72627473192894,1.111611300180433]}"
1591,6.827247142791748,Trans,1950.0,23.678260803222656,0.3848516345024109,1303.348388671875,1.1811352449044812,35.00897965001845,0.5346531271934509,860.8521118164062,1.0,2024,6.827247142791748,"{""type"":""Point"",""coordinates"":[35.00897965001845,1.1811352449044812]}"
1596,7.125268936157227,Trans,1858.0,23.321739196777344,0.3401359021663666,1587.5098876953125,1.1047708196905814,34.85937152381927,0.4553449749946594,896.3999633789062,1.0,2024,7.125268936157227,"{""type"":""Point"",""coordinates"":[34.85937152381927,1.1047708196905814]}"
1597,7.395870208740234,Trans,1835.0,21.69130516052246,0.3433825075626373,1388.3951416015625,0.9455925241664944,34.960315097776586,0.4499189257621765,1042.5777587890625,1.0,2024,7.395870208740234,"{""type"":""Point"",""coordinates"":[34.960315097776586,0.9455925241664945]}"
1598,6.658716678619385,Trans,2030.0,26.34347915649414,0.3622294068336487,1415.5245361328125,1.0456669438918729,34.819213761405955,0.5248872637748718,849.1492919921875,1.0,2024,6.658716678619385,"{""type"":""Point"",""coordinates"":[34.819213761405955,1.0456669438918729]}"
1604,7.087660312652588,Trans,1903.0,21.23043441772461,0.380569726228714,1653.9757080078125,1.1678176094844392,34.84790258577472,0.4894109666347503,878.5647583007812,1.0,2024,7.087660312652588,"{""type"":""Point"",""coordinates"":[34.84790258577472,1.1678176094844392]}"
1605,6.881313323974609,Trans,1943.0,20.991304397583008,0.2843899428844452,1532.4256591796875,1.1380701609908284,34.83222983626822,0.4306153357028961,853.085205078125,1.0,2024,6.881313323974609,"{""type"":""Point"",""coordinates"":[34.83222983626822,1.1380701609908284]}"
1606,6.3670973777771,Trans,1897.0,23.200000762939453,0.3774142861366272,1448.66259765625,1.0270006491335215,35.20936953008837,0.5162377953529358,1040.30517578125,1.0,2024,6.3670973777771,"{""type"":""Point"",""coordinates"":[35.20936953008837,1.0270006491335217]}"
1610,6.244556427001953,Trans,1923.0,24.83478355407715,0.355904072523117,1619.9417724609375,0.91717411666431,35.31000021165468,0.5738062262535095,992.7603759765624,1.0,2024,6.244556427001953,"{""type"":""Point"",""coordinates"":[35.31000021165468,0.91717411666431]}"
1611,7.295368194580078,Trans,1824.0,22.734783172607425,0.4080896377563476,1388.3951416015625,0.9473834126742292,35.01535758532832,0.6009655594825745,873.1403198242188,1.0,2024,7.295368194580078,"{""type"":""Point"",""coordinates"":[35.01535758532832,0.9473834126742293]}"
1612,7.645170211791992,Trans,1832.0,21.917390823364254,0.3746687173843384,1587.5098876953125,1.1400541333926466,34.94038445780792,0.53253173828125,960.1989135742188,4.0,2024,7.645170211791992,"{""type"":""Point"",""coordinates"":[34.940384457807916,1.1400541333926466]}"
1613,6.07445764541626,Trans,1911.0,24.852174758911133,0.3412525653839111,1309.0179443359375,1.067495800298452,35.135643744005634,0.5121673941612244,1033.5059814453125,1.0,2024,6.07445764541626,"{""type"":""Point"",""coordinates"":[35.135643744005634,1.067495800298452]}"
1617,7.685641288757324,Trans,1831.0,23.03478240966797,0.3615418076515198,1587.5098876953125,1.1309945396318768,34.945078082951945,0.5002633929252625,960.1989135742188,4.0,2024,7.685641288757324,"{""type"":""Point"",""coordinates"":[34.945078082951945,1.1309945396318768]}"
1622,6.383516311645508,Trans,1980.0,22.95652198791504,0.4074813425540924,1451.5164794921875,0.8926512433644617,34.80872100386964,0.6392896771430969,985.6239013671876,1.0,2024,6.383516311645508,"{""type"":""Point"",""coordinates"":[34.808721003869636,0.8926512433644617]}"
1623,6.068063259124756,Trans,2092.0,25.69565200805664,0.3622280061244964,1532.4256591796875,1.0811860201219117,34.78392727766656,0.5473510026931763,888.1694946289062,1.0,2024,6.068063259124756,"{""type"":""Point"",""coordinates"":[34.78392727766656,1.0811860201219117]}"
1624,7.544565200805664,Trans,1862.0,25.143478393554688,0.3657974898815155,1640.1566162109375,1.1542126637011485,34.91369587300355,0.5099313855171204,964.7963256835938,1.0,2024,7.544565200805664,"{""type"":""Point"",""coordinates"":[34.91369587300355,1.1542126637011483]}"
1625,6.522004127502441,Trans,1723.0,25.356521606445312,0.431652158498764,1605.135986328125,0.847098741067736,34.81359431142092,0.6292305588722229,968.0701904296876,1.0,2024,6.522004127502441,"{""type"":""Point"",""coordinates"":[34.81359431142092,0.847098741067736]}"
1626,6.749687671661377,Trans,1987.0,23.069564819335938,0.313090056180954,1532.4256591796875,1.1346036576071807,34.82308264548017,0.4809384644031524,853.085205078125,1.0,2024,6.749687671661377,"{""type"":""Point"",""coordinates"":[34.82308264548017,1.1346036576071807]}"
1628,6.337262153625488,Trans,2023.0,23.5217399597168,0.3754129111766815,1327.3070068359375,1.059876849101829,35.259982963006344,0.5035094022750854,1108.3787841796875,1.0,2024,6.337262153625488,"{""type"":""Point"",""coordinates"":[35.259982963006344,1.0598768491018293]}"
1634,6.226551532745361,Trans,1899.0,23.491304397583008,0.2880871891975403,1303.348388671875,1.1920370631297657,35.04570070630658,0.4330134689807892,860.8521118164062,1.0,2024,6.226551532745361,"{""type"":""Point"",""coordinates"":[35.04570070630658,1.1920370631297657]}"
1635,6.994596481323242,Trans,1886.0,21.765216827392575,0.2868185043334961,1587.5098876953125,1.066351830218341,34.870005493538095,0.4707392156124115,908.87646484375,1.0,2024,6.994596481323242,"{""type"":""Point"",""coordinates"":[34.870005493538095,1.066351830218341]}"
1637,7.067684650421143,Trans,1971.0,20.40434837341309,0.4208590388298034,1303.348388671875,1.1623803793882608,35.01152694938558,0.6258810758590698,860.8521118164062,1.0,2024,7.067684650421143,"{""type"":""Point"",""coordinates"":[35.01152694938558,1.1623803793882608]}"
1639,7.248194694519043,Trans,1823.0,24.252174377441406,0.3308671414852142,1472.4818115234375,0.9616228738016614,34.94276543812056,0.5119222402572632,984.7139892578124,1.0,2024,7.248194694519043,"{""type"":""Point"",""coordinates"":[34.94276543812056,0.9616228738016614]}"
1644,7.223240852355957,Trans,1903.0,23.93478202819824,0.3486688733100891,1640.1566162109375,1.207399098905686,34.91227667390002,0.4848067760467529,972.9393310546876,1.0,2024,7.223240852355957,"{""type"":""Point"",""coordinates"":[34.91227667390002,1.207399098905686]}"
1647,7.811377048492432,Trans,1813.0,23.452173233032227,0.3706892132759094,1372.1785888671875,1.0892971415916088,35.01026664095126,0.5509285926818848,885.8496704101562,1.0,2024,7.811377048492432,"{""type"":""Point"",""coordinates"":[35.01026664095126,1.0892971415916088]}"
1648,6.565490245819092,Trans,1973.0,22.08695602416992,0.2750442326068878,1532.4256591796875,1.113318242039982,34.81203942946293,0.4469346702098846,853.085205078125,1.0,2024,6.565490245819092,"{""type"":""Point"",""coordinates"":[34.81203942946293,1.113318242039982]}"
1650,6.861996650695801,Trans,1881.0,23.265216827392575,0.2974360585212707,1472.4818115234375,1.0493260689487962,34.8695746662301,0.4840823411941528,914.8713989257812,1.0,2024,6.861996650695801,"{""type"":""Point"",""coordinates"":[34.8695746662301,1.0493260689487962]}"
1654,6.239934921264648,Trans,1811.0,22.799999237060547,0.3809766173362732,1463.1514892578125,0.9454930191071234,35.16896026154543,0.5899077653884888,999.2210693359376,1.0,2024,6.239934921264648,"{""type"":""Point"",""coordinates"":[35.16896026154543,0.9454930191071234]}"
1655,7.625643730163574,Trans,1876.0,21.65217399597168,0.2530436813831329,1311.3265380859375,0.992483478685632,34.99761784178244,0.4033448398113251,1077.162841796875,1.0,2024,7.625643730163574,"{""type"":""Point"",""coordinates"":[34.997617841782436,0.9924834786856319]}"
1656,6.267958164215088,Trans,1857.0,23.31739044189453,0.3770736455917358,1448.66259765625,1.031158933099369,35.1988988548501,0.5923511981964111,1005.9006958007812,1.0,2024,6.267958164215088,"{""type"":""Point"",""coordinates"":[35.1988988548501,1.0311589330993687]}"
1657,7.076478958129883,Trans,2006.0,22.295652389526367,0.3315856158733368,1303.348388671875,1.1743642402921164,34.99333495414064,0.465994656085968,1049.634765625,1.0,2024,7.076478958129883,"{""type"":""Point"",""coordinates"":[34.99333495414064,1.1743642402921164]}"
1658,7.299981594085693,Trans,1839.0,22.169565200805664,0.3723041415214538,1388.3951416015625,0.9229588097936454,34.98286604758039,0.5378632545471191,1042.5777587890625,1.0,2024,7.299981594085693,"{""type"":""Point"",""coordinates"":[34.98286604758039,0.9229588097936454]}"
1659,7.234418392181396,Trans,1867.0,25.352174758911133,0.3746386170387268,1640.1566162109375,1.167091323152838,34.86490463623912,0.5214287638664246,916.169677734375,1.0,2024,7.234418392181396,"{""type"":""Point"",""coordinates"":[34.86490463623912,1.1670913231528381]}"
1662,6.625061988830566,Trans,1977.0,25.252174377441406,0.3737161457538605,1415.5245361328125,1.0184028337921835,34.8300573140552,0.5591842532157898,849.1492919921875,1.0,2024,6.625061988830566,"{""type"":""Point"",""coordinates"":[34.8300573140552,1.0184028337921835]}"
1663,6.573097229003906,Trans,1812.0,24.68260955810547,0.4336061477661133,1472.4818115234375,0.9902858901507092,34.88915296036404,0.6544694304466248,941.492431640625,1.0,2024,6.573097229003906,"{""type"":""Point"",""coordinates"":[34.88915296036404,0.9902858901507093]}"
1665,7.152666568756104,Trans,1873.0,23.07826042175293,0.406530350446701,1587.5098876953125,1.1487288163479774,34.85482069054074,0.5174187421798706,896.3999633789062,1.0,2024,7.152666568756104,"{""type"":""Point"",""coordinates"":[34.85482069054074,1.1487288163479774]}"
1674,6.690597534179688,Trans,1871.0,23.008695602416992,0.3915138244628906,1472.4818115234375,1.0301564727058212,34.861637313848895,0.5747448801994324,914.8713989257812,1.0,2024,6.690597534179688,"{""type"":""Point"",""coordinates"":[34.861637313848895,1.0301564727058212]}"
1675,6.959166049957275,Trans,1780.0,22.452173233032227,0.4297223091125488,1472.4818115234375,0.9913325216773362,34.92105803179402,0.6894437670707703,984.7139892578124,1.0,2024,6.959166049957275,"{""type"":""Point"",""coordinates"":[34.92105803179402,0.9913325216773362]}"
1678,7.126450538635254,Trans,1880.0,24.46521759033203,0.3269710540771484,1640.1566162109375,1.1557584152673344,34.85195611416795,0.4634479880332947,916.169677734375,1.0,2024,7.126450538635254,"{""type"":""Point"",""coordinates"":[34.85195611416795,1.1557584152673344]}"
1687,7.315337657928467,Trans,1858.0,28.43913078308105,0.3288335502147674,1587.5098876953125,1.081628581240482,34.898489633743104,0.4596948325634002,908.87646484375,1.0,2024,7.315337657928467,"{""type"":""Point"",""coordinates"":[34.898489633743104,1.081628581240482]}"
1688,7.165318012237549,Trans,1814.0,22.7608699798584,0.3905309438705444,1388.3951416015625,0.9415833196132404,35.025876969438286,0.5904407501220703,873.1403198242188,1.0,2024,7.165318012237549,"{""type"":""Point"",""coordinates"":[35.025876969438286,0.9415833196132403]}"
1690,6.909690856933594,Trans,1891.0,19.83478355407715,0.3822221159934997,1303.348388671875,1.2338872347119494,34.9685384634655,0.5496934652328491,1109.6043701171875,6.0,2024,6.909690856933594,"{""type"":""Point"",""coordinates"":[34.9685384634655,1.2338872347119494]}"
1691,6.49838399887085,Trans,2138.0,23.647825241088867,0.4385753870010376,1518.2637939453125,0.9849342995499998,35.284585061985325,0.6292590498924255,998.7577514648438,4.0,2024,6.49838399887085,"{""type"":""Point"",""coordinates"":[35.284585061985325,0.9849342995499998]}"
1692,6.774499893188477,Trans,2188.0,21.12173843383789,0.3292093873023987,1653.9757080078125,1.1845861050172746,34.76993160304176,0.4806998074054718,878.0504150390625,1.0,2024,6.774499893188477,"{""type"":""Point"",""coordinates"":[34.76993160304176,1.1845861050172746]}"
1697,7.155821800231934,Trans,1894.0,18.87826156616211,0.2533734142780304,1640.1566162109375,1.2142420062984864,34.87207511248917,0.372444748878479,915.8572387695312,1.0,2024,7.155821800231934,"{""type"":""Point"",""coordinates"":[34.87207511248917,1.2142420062984864]}"
1698,5.131304740905762,Trans,2102.0,22.986955642700195,0.4077298939228058,1518.2637939453125,0.9769571048178955,35.339678358873165,0.5928476452827454,1077.1812744140625,1.0,2024,5.131304740905762,"{""type"":""Point"",""coordinates"":[35.339678358873165,0.9769571048178955]}"
1700,6.246707916259766,Trans,1838.0,23.791303634643555,0.3524487614631653,1448.66259765625,0.9598176214061008,35.18546299569217,0.5538812875747681,1027.66796875,1.0,2024,6.246707916259766,"{""type"":""Point"",""coordinates"":[35.18546299569217,0.9598176214061008]}"
1701,7.199210166931152,Trans,1740.0,23.22608757019043,0.3771226108074188,1565.9140625,0.8809380732294707,34.912919463884705,0.5470361113548279,986.4015502929688,1.0,2024,7.199210166931152,"{""type"":""Point"",""coordinates"":[34.912919463884705,0.8809380732294707]}"
1704,6.291802406311035,Trans,1915.0,23.21739196777344,0.3628740012645721,1217.0069580078125,1.1810270060490575,35.05089780061792,0.5578258633613586,1066.3682861328125,1.0,2024,6.291802406311035,"{""type"":""Point"",""coordinates"":[35.05089780061792,1.1810270060490577]}"
1707,6.404545307159424,Trans,1941.0,23.50434875488281,0.3601634204387665,1303.348388671875,1.197851198737946,35.02731286116756,0.5289433598518372,860.8521118164062,1.0,2024,6.404545307159424,"{""type"":""Point"",""coordinates"":[35.02731286116756,1.197851198737946]}"
1708,6.309705257415772,Trans,1849.0,24.15217399597168,0.3424064815044403,1448.66259765625,0.9658106001402614,35.19578042093375,0.5126607418060303,1027.66796875,1.0,2024,6.309705257415772,"{""type"":""Point"",""coordinates"":[35.19578042093375,0.9658106001402614]}"
1711,7.136536121368408,Trans,1900.0,22.626087188720703,0.2535712420940399,1653.9757080078125,1.2162451553826916,34.8484412559644,0.3646694123744964,881.7891235351562,1.0,2024,7.136536121368408,"{""type"":""Point"",""coordinates"":[34.8484412559644,1.2162451553826916]}"
1714,6.482310771942139,Trans,1926.0,23.639129638671875,0.4242778420448303,1217.0069580078125,1.1649858658027907,35.05722993260057,0.575088620185852,1066.3682861328125,1.0,2024,6.482310771942139,"{""type"":""Point"",""coordinates"":[35.05722993260057,1.1649858658027907]}"
1715,6.78669548034668,Trans,1915.0,26.28695678710937,0.2950365245342254,1532.4256591796875,1.0964071607414518,34.82926748095359,0.4585847556591034,813.836669921875,1.0,2024,6.78669548034668,"{""type"":""Point"",""coordinates"":[34.82926748095359,1.0964071607414518]}"
1716,6.190544128417969,Trans,1901.0,22.495651245117188,0.3741230964660644,1448.66259765625,1.0425559372085174,35.20348408767976,0.5393453240394592,1040.30517578125,1.0,2024,6.190544128417969,"{""type"":""Point"",""coordinates"":[35.20348408767976,1.0425559372085174]}"
1717,7.380454063415527,Trans,1859.0,26.595651626586918,0.3911192119121551,1388.3951416015625,0.93176251778712,34.97477521560687,0.5104978084564209,1042.5777587890625,1.0,2024,7.380454063415527,"{""type"":""Point"",""coordinates"":[34.97477521560687,0.93176251778712]}"
1724,6.650678634643555,Trans,1782.0,23.63478279113769,0.375741958618164,1472.4818115234375,1.0011018285903088,34.892541292558874,0.5642464756965637,914.8713989257812,1.0,2024,6.650678634643555,"{""type"":""Point"",""coordinates"":[34.892541292558874,1.0011018285903088]}"
1730,7.750988006591797,Trans,1821.0,24.39130401611328,0.3612273633480072,1372.1785888671875,1.1167574588870128,34.983456585378406,0.5460249185562134,1015.1450805664062,1.0,2024,7.750988006591797,"{""type"":""Point"",""coordinates"":[34.983456585378406,1.1167574588870128]}"
1733,6.147896766662598,Trans,2083.0,22.995651245117188,0.4201975464820862,1362.5670166015625,1.0669776787478449,35.24313921063544,0.5669608116149902,1157.1868896484375,1.0,2024,6.147896766662598,"{""type"":""Point"",""coordinates"":[35.24313921063544,1.0669776787478449]}"
1735,6.889792442321777,Trans,1894.0,26.40434837341309,0.366390973329544,1532.4256591796875,1.0881617259858034,34.839366585922555,0.5094909071922302,813.836669921875,1.0,2024,6.889792442321777,"{""type"":""Point"",""coordinates"":[34.839366585922555,1.0881617259858034]}"
1739,6.609385013580322,Trans,1924.0,24.526086807250977,0.3483372330665588,1415.5245361328125,1.0158973330757008,34.83835859604077,0.5291140079498291,849.1492919921875,1.0,2024,6.609385013580322,"{""type"":""Point"",""coordinates"":[34.83835859604077,1.0158973330757008]}"
1740,7.015244960784912,Trans,1817.0,23.417390823364254,0.4184458553791046,1565.9140625,0.9281402433373506,34.90764230620887,0.5883346796035767,1008.7112426757812,1.0,2024,7.015244960784912,"{""type"":""Point"",""coordinates"":[34.90764230620887,0.9281402433373506]}"
1742,7.657357215881348,Trans,1860.0,22.37826156616211,0.3752890229225158,1372.1785888671875,1.104213411531379,35.0288798520369,0.5520206689834595,862.4269409179688,1.0,2024,7.657357215881348,"{""type"":""Point"",""coordinates"":[35.0288798520369,1.104213411531379]}"
1744,7.324221611022949,Trans,1819.0,22.704347610473636,0.3269105851650238,1388.3951416015625,0.9391096554898596,35.00096604718922,0.433372437953949,873.1403198242188,1.0,2024,7.324221611022949,"{""type"":""Point"",""coordinates"":[35.00096604718922,0.9391096554898596]}"
1745,7.181066513061523,Trans,1932.0,24.18260955810547,0.2971278131008148,1309.0179443359375,1.1209949737279052,35.06098349524406,0.4551568329334259,974.173583984375,1.0,2024,7.181066513061523,"{""type"":""Point"",""coordinates"":[35.06098349524406,1.1209949737279052]}"
1751,6.873167991638184,Trans,1965.0,22.5217399597168,0.3439850211143493,1303.348388671875,1.209554981505888,34.9825939404805,0.4457191526889801,1109.6043701171875,1.0,2024,6.873167991638184,"{""type"":""Point"",""coordinates"":[34.9825939404805,1.209554981505888]}"
1752,6.565490245819092,Trans,1973.0,22.08695602416992,0.2750442326068878,1532.4256591796875,1.1135185515565107,34.81170591333838,0.4469346702098846,853.085205078125,1.0,2024,6.565490245819092,"{""type"":""Point"",""coordinates"":[34.81170591333838,1.1135185515565107]}"
1753,7.26891565322876,Trans,1852.0,19.569564819335938,0.252045214176178,1653.9757080078125,1.2432408947495643,34.83230133648452,0.394426554441452,881.7891235351562,1.0,2024,7.26891565322876,"{""type"":""Point"",""coordinates"":[34.83230133648452,1.2432408947495643]}"
1754,6.502074241638184,Trans,1957.0,25.61739158630371,0.3729350864887237,1415.5245361328125,0.9808664746100648,34.82363717566981,0.5554642081260681,959.7871704101562,1.0,2024,6.502074241638184,"{""type"":""Point"",""coordinates"":[34.82363717566981,0.9808664746100649]}"
1755,7.743157386779785,Trans,1843.0,26.18695640563965,0.5062398314476013,1372.1785888671875,1.110651695697232,34.95197373339663,0.6177897453308105,1015.1450805664062,1.0,2024,7.743157386779785,"{""type"":""Point"",""coordinates"":[34.95197373339663,1.110651695697232]}"
1760,7.098255157470703,Trans,1788.0,18.752174377441406,0.2705660462379455,1794.15283203125,1.2507212076925915,34.86187817657127,0.4457866847515106,882.4627075195312,6.0,2024,7.098255157470703,"{""type"":""Point"",""coordinates"":[34.86187817657127,1.2507212076925915]}"
1762,6.326480388641357,Trans,1872.0,23.095651626586918,0.3090683221817016,1463.1514892578125,0.93930006794169,35.197527525256966,0.4363082945346832,999.2210693359376,1.0,2024,6.326480388641357,"{""type"":""Point"",""coordinates"":[35.197527525256966,0.9393000679416899]}"
1763,6.9457855224609375,Trans,1877.0,25.5217399597168,0.4039361774921417,1532.4256591796875,1.102021420251338,34.84279315746249,0.5142571926116943,853.085205078125,1.0,2024,6.9457855224609375,"{""type"":""Point"",""coordinates"":[34.84279315746249,1.1020214202513379]}"
1768,7.007193088531494,Trans,2106.0,22.495651245117188,0.3196394145488739,1653.9757080078125,1.1978848981547128,34.771982534734704,0.4716237783432007,878.0504150390625,1.0,2024,7.007193088531494,"{""type"":""Point"",""coordinates"":[34.771982534734704,1.1978848981547128]}"
1770,7.150935173034668,Trans,1884.0,20.91304397583008,0.425630122423172,1640.1566162109375,1.2294262367016162,34.851060338950184,0.5343517065048218,915.8572387695312,4.0,2024,7.150935173034668,"{""type"":""Point"",""coordinates"":[34.851060338950184,1.2294262367016162]}"
1771,6.882063865661621,Trans,1813.0,22.12173843383789,0.3948148787021637,1472.4818115234375,1.0129921501525043,34.908155159021895,0.5807587504386902,963.7658081054688,1.0,2024,6.882063865661621,"{""type"":""Point"",""coordinates"":[34.908155159021895,1.0129921501525045]}"
1776,6.874377250671387,Trans,1848.0,22.15652084350586,0.3713085353374481,1339.5623779296875,0.9329534375082338,35.05146140320803,0.5664503574371338,951.3497924804688,1.0,2024,6.874377250671387,"{""type"":""Point"",""coordinates"":[35.05146140320803,0.9329534375082338]}"
1777,6.512622833251953,Trans,1935.0,24.45652198791504,0.333949327468872,1217.0069580078125,1.1560527513322802,35.068169658123054,0.4640741348266601,1066.3682861328125,1.0,2024,6.512622833251953,"{""type"":""Point"",""coordinates"":[35.068169658123054,1.1560527513322802]}"
1781,7.280101299285889,Trans,1849.0,22.84782600402832,0.3497875034809112,1587.5098876953125,1.102194328976581,34.87845942524731,0.4909180402755737,896.3999633789062,1.0,2024,7.280101299285889,"{""type"":""Point"",""coordinates"":[34.87845942524731,1.102194328976581]}"
1782,6.956834316253662,Trans,1881.0,25.052173614501957,0.2935203909873962,1532.4256591796875,1.0863701166131443,34.84813437590019,0.4173175096511841,813.836669921875,1.0,2024,6.956834316253662,"{""type"":""Point"",""coordinates"":[34.84813437590019,1.0863701166131445]}"
1783,7.119765758514404,Trans,1927.0,19.19565200805664,0.3570470213890075,1653.9757080078125,1.2117420368989766,34.81124999950856,0.5397597551345825,881.7891235351562,1.0,2024,7.119765758514404,"{""type"":""Point"",""coordinates"":[34.81124999950856,1.2117420368989766]}"
1784,6.616237163543701,Trans,1883.0,21.952173233032227,0.2591199278831482,1619.9417724609375,0.9445992126748892,35.2659917244378,0.4141783714294433,978.35693359375,1.0,2024,6.616237163543701,"{""type"":""Point"",""coordinates"":[35.2659917244378,0.9445992126748892]}"
1785,7.6485724449157715,Trans,1828.0,23.517391204833984,0.4248077571392059,1587.5098876953125,1.1281194880192116,34.92538444399129,0.5587583780288696,960.1989135742188,1.0,2024,7.6485724449157715,"{""type"":""Point"",""coordinates"":[34.92538444399129,1.1281194880192116]}"
1788,5.950183391571045,Trans,1877.0,25.07826042175293,0.3927413523197174,1362.5670166015625,1.0527474766905611,35.16355694218393,0.5963430404663086,1080.9871826171875,1.0,2024,5.950183391571045,"{""type"":""Point"",""coordinates"":[35.16355694218393,1.0527474766905611]}"
1793,7.394111633300781,Trans,1811.0,23.19565200805664,0.4345554113388061,1388.3951416015625,0.9435061199957288,34.99264750389803,0.5827583074569702,1042.5777587890625,1.0,2024,7.394111633300781,"{""type"":""Point"",""coordinates"":[34.99264750389803,0.9435061199957288]}"
1797,7.0087480545043945,Trans,1906.0,24.178260803222656,0.3883402645587921,1532.4256591796875,1.1341777097485088,34.84306595128911,0.5443322062492371,853.085205078125,1.0,2024,7.0087480545043945,"{""type"":""Point"",""coordinates"":[34.84306595128911,1.1341777097485088]}"
1800,7.209893226623535,Trans,1824.0,23.047826766967773,0.394684374332428,1327.4505615234375,1.041461984733256,35.06260931884331,0.5763547420501709,969.0385131835938,1.0,2024,7.209893226623535,"{""type"":""Point"",""coordinates"":[35.06260931884331,1.041461984733256]}"
1801,6.027419567108154,Trans,2467.0,30.278261184692383,0.5314443111419678,1532.4256591796875,1.1446223432635343,34.757623988449986,0.6858150959014893,876.7874755859375,4.0,2024,6.027419567108154,"{""type"":""Point"",""coordinates"":[34.757623988449986,1.1446223432635345]}"
1806,6.619785308837891,Trans,2015.0,25.252174377441406,0.373809278011322,1415.5245361328125,1.0172619657209738,34.826603322977626,0.542945921421051,849.1492919921875,1.0,2024,6.619785308837891,"{""type"":""Point"",""coordinates"":[34.826603322977626,1.0172619657209738]}"
1811,6.857450485229492,Trans,1792.0,27.0,0.4005335569381714,1565.9140625,0.9231737262252484,34.88683716891443,0.5903316736221313,1014.7183227539062,1.0,2024,6.857450485229492,"{""type"":""Point"",""coordinates"":[34.88683716891443,0.9231737262252484]}"
1812,6.2586350440979,Trans,2209.0,23.12173843383789,0.3100239634513855,1451.5164794921875,0.924459966472941,34.77255530723441,0.54531329870224,1013.508056640625,1.0,2024,6.2586350440979,"{""type"":""Point"",""coordinates"":[34.77255530723441,0.924459966472941]}"
1814,7.614384651184082,Trans,1885.0,21.569564819335938,0.3244484663009643,1311.3265380859375,1.0279243645543354,35.029120060365244,0.4566695392131805,895.3138427734375,1.0,2024,7.614384651184082,"{""type"":""Point"",""coordinates"":[35.029120060365244,1.0279243645543354]}"
1816,6.921257019042969,Trans,1882.0,25.04347801208496,0.3905974328517914,1532.4256591796875,1.1045714684004042,34.83967073367741,0.4533185660839081,853.085205078125,1.0,2024,6.921257019042969,"{""type"":""Point"",""coordinates"":[34.83967073367741,1.1045714684004042]}"
1818,7.019925594329834,Trans,1952.0,20.24347877502441,0.405795693397522,1303.348388671875,1.1906146356006884,34.98143825884488,0.5099241137504578,1049.634765625,1.0,2024,7.019925594329834,"{""type"":""Point"",""coordinates"":[34.98143825884488,1.1906146356006884]}"
1819,6.667240142822266,Trans,1928.0,22.995651245117188,0.3466260135173797,1518.2637939453125,0.9710840408614096,35.26622944456604,0.5126498937606812,998.7577514648438,1.0,2024,6.667240142822266,"{""type"":""Point"",""coordinates"":[35.26622944456604,0.9710840408614096]}"
1822,6.239934921264648,Trans,1811.0,22.799999237060547,0.3809766173362732,1463.1514892578125,0.9452113220928208,35.16821621118469,0.5899077653884888,999.2210693359376,1.0,2024,6.239934921264648,"{""type"":""Point"",""coordinates"":[35.16821621118469,0.9452113220928208]}"
1823,6.9749064445495605,Trans,1863.0,19.643478393554688,0.3093774318695068,1640.1566162109375,1.2475405932876833,34.91555021488866,0.4410842061042785,972.9393310546876,6.0,2024,6.9749064445495605,"{""type"":""Point"",""coordinates"":[34.91555021488866,1.2475405932876833]}"
1826,6.5672688484191895,Trans,1902.0,23.34782600402832,0.3527510464191437,1309.0179443359375,1.1347279846076392,35.08988475356834,0.5734168887138367,974.173583984375,1.0,2024,6.5672688484191895,"{""type"":""Point"",""coordinates"":[35.08988475356834,1.1347279846076392]}"
1828,6.789465427398682,Trans,1718.0,22.630434036254883,0.4617157876491546,1687.8226318359375,0.8458129016331688,34.90530157106624,0.6274201273918152,987.9306030273438,1.0,2024,6.789465427398682,"{""type"":""Point"",""coordinates"":[34.90530157106624,0.8458129016331688]}"
1830,6.464677333831787,Trans,1861.0,25.991304397583008,0.4029426574707031,1463.1514892578125,0.9281256592210684,35.23269943597461,0.5788923501968384,1050.580810546875,1.0,2024,6.464677333831787,"{""type"":""Point"",""coordinates"":[35.23269943597461,0.9281256592210684]}"
1832,6.549795150756836,Trans,2081.0,23.630434036254883,0.3628852069377899,1532.4256591796875,1.1498136839143798,34.80181821901364,0.4920556843280792,853.085205078125,1.0,2024,6.549795150756836,"{""type"":""Point"",""coordinates"":[34.80181821901364,1.1498136839143798]}"
1834,6.54987382888794,Trans,1730.0,25.69130516052246,0.4214001893997192,1605.135986328125,0.8483580582562438,34.8169677538022,0.5807971358299255,968.0701904296876,1.0,2024,6.54987382888794,"{""type"":""Point"",""coordinates"":[34.816967753802196,0.8483580582562438]}"
1838,6.462149620056152,Trans,1832.0,25.395652770996094,0.4548519253730774,1565.9140625,0.9469845321987984,34.853855401530105,0.62322598695755,1014.7183227539062,1.0,2024,6.462149620056152,"{""type"":""Point"",""coordinates"":[34.853855401530105,0.9469845321987985]}"
1840,6.512088775634766,Trans,1832.0,25.93913078308105,0.4198234975337982,1472.4818115234375,1.003156760489086,34.85883699714687,0.569691002368927,914.8713989257812,1.0,2024,6.512088775634766,"{""type"":""Point"",""coordinates"":[34.85883699714687,1.0031567604890859]}"
1841,6.89081621170044,Trans,1781.0,25.017391204833984,0.3334685266017914,1472.4818115234375,0.974338867107808,34.91705437341598,0.4853392839431762,984.7139892578124,1.0,2024,6.89081621170044,"{""type"":""Point"",""coordinates"":[34.91705437341598,0.9743388671078081]}"
1842,7.253172874450684,Trans,1853.0,19.647825241088867,0.3035526275634765,1854.9388427734373,1.255197750865252,34.839012014699094,0.4769552946090698,855.2916870117188,1.0,2024,7.253172874450684,"{""type"":""Point"",""coordinates"":[34.839012014699094,1.2551977508652519]}"
1844,7.032046318054199,Trans,1773.0,24.69565200805664,0.5122109651565552,1472.4818115234375,0.981509663066235,34.92658228350627,0.7391612529754639,984.7139892578124,1.0,2024,7.032046318054199,"{""type"":""Point"",""coordinates"":[34.92658228350627,0.981509663066235]}"
1846,6.6887407302856445,Trans,1918.0,21.799999237060547,0.3673988282680511,1518.2637939453125,0.9729805072602624,35.25743251499915,0.5507243871688843,998.7577514648438,1.0,2024,6.6887407302856445,"{""type"":""Point"",""coordinates"":[35.25743251499915,0.9729805072602624]}"
1851,7.328471183776855,Trans,1867.0,25.42608642578125,0.3947876989841461,1640.1566162109375,1.17561636005229,34.882309581434306,0.5436601042747498,916.169677734375,1.0,2024,7.328471183776855,"{""type"":""Point"",""coordinates"":[34.882309581434306,1.17561636005229]}"
1854,6.05093240737915,Trans,1921.0,21.53043556213379,0.3690341711044311,1327.4505615234375,0.984681222372682,35.1492028866351,0.5665836334228516,1042.0404052734375,1.0,2024,6.05093240737915,"{""type"":""Point"",""coordinates"":[35.1492028866351,0.984681222372682]}"
1856,6.602358341217041,Trans,1943.0,22.88260841369629,0.7164839506149292,1532.4256591796875,1.128821780898393,34.81243169705795,0.5509592890739441,853.085205078125,1.0,2024,6.602358341217041,"{""type"":""Point"",""coordinates"":[34.81243169705795,1.128821780898393]}"
1857,6.363179683685303,Trans,1908.0,24.26956558227539,0.451561838388443,1217.0069580078125,1.175040984008003,35.0521277078978,0.6547269225120544,1066.3682861328125,1.0,2024,6.363179683685303,"{""type"":""Point"",""coordinates"":[35.052127707897796,1.175040984008003]}"
1858,7.021019458770752,Trans,1850.0,22.08695602416992,0.3794523477554321,1327.4505615234375,1.0467099240129758,35.07462709327849,0.54575115442276,969.0385131835938,1.0,2024,7.021019458770752,"{""type"":""Point"",""coordinates"":[35.07462709327849,1.0467099240129758]}"
1859,6.494616508483887,Trans,1925.0,23.56521797180176,0.3780710399150848,1448.66259765625,1.0241028339409628,35.224937178821094,0.5497125387191772,1040.30517578125,1.0,2024,6.494616508483887,"{""type"":""Point"",""coordinates"":[35.224937178821094,1.0241028339409628]}"
1860,7.615048408508301,Trans,1842.0,22.630434036254883,0.3993072807788849,1587.5098876953125,1.0949087941077615,34.92971812226773,0.5165573954582214,961.76513671875,1.0,2024,7.615048408508301,"{""type"":""Point"",""coordinates"":[34.92971812226773,1.0949087941077615]}"
1861,6.545468330383301,Trans,1951.0,21.10869598388672,0.432954341173172,1448.66259765625,1.0203995582882093,35.22950803753454,0.588607907295227,1040.30517578125,1.0,2024,6.545468330383301,"{""type"":""Point"",""coordinates"":[35.22950803753454,1.0203995582882093]}"
1862,7.532423973083496,Trans,1836.0,24.15217399597168,0.417797178030014,1372.1785888671875,1.0533901417780729,35.0443656561574,0.5574032664299011,885.8496704101562,1.0,2024,7.532423973083496,"{""type"":""Point"",""coordinates"":[35.0443656561574,1.0533901417780729]}"
1864,6.985430240631104,Trans,1906.0,23.04347801208496,0.3668490648269653,1309.0179443359375,1.109276304678834,35.080718908668366,0.5057600736618042,974.173583984375,1.0,2024,6.985430240631104,"{""type"":""Point"",""coordinates"":[35.080718908668366,1.109276304678834]}"
1865,6.575912952423096,Trans,1961.0,22.700000762939453,0.307327002286911,1303.348388671875,1.17740347300331,35.03263441136522,0.4648285806179046,860.8521118164062,1.0,2024,6.575912952423096,"{""type"":""Point"",""coordinates"":[35.03263441136522,1.17740347300331]}"
1866,5.641116619110107,Trans,2259.0,21.100000381469727,0.3859878480434418,1532.4256591796875,1.0932226554166755,34.76651248267164,0.5471982359886169,888.1694946289062,1.0,2024,5.641116619110107,"{""type"":""Point"",""coordinates"":[34.76651248267164,1.0932226554166755]}"
1869,6.97347354888916,Trans,1873.0,19.42173957824707,0.3371934294700622,1640.1566162109375,1.2480419319354257,34.911436469166546,0.475279301404953,972.9393310546876,6.0,2024,6.97347354888916,"{""type"":""Point"",""coordinates"":[34.911436469166546,1.2480419319354257]}"
1870,6.960491180419922,Trans,1744.0,21.42173957824707,0.2996993660926819,1565.9140625,0.8570074467441486,34.91027735192415,0.4403192102909088,986.4015502929688,1.0,2024,6.960491180419922,"{""type"":""Point"",""coordinates"":[34.91027735192415,0.8570074467441486]}"
1871,5.904287338256836,Trans,2255.0,21.721738815307617,0.2342704534530639,1532.4256591796875,1.1149815561114678,34.77215209289808,0.4002953171730041,876.7874755859375,1.0,2024,5.904287338256836,"{""type"":""Point"",""coordinates"":[34.77215209289808,1.1149815561114678]}"
1872,6.545884132385254,Trans,1780.0,22.908695220947266,0.3484702110290527,1472.4818115234375,0.9532601241501149,34.881413735341134,0.5351751446723938,941.492431640625,1.0,2024,6.545884132385254,"{""type"":""Point"",""coordinates"":[34.881413735341134,0.9532601241501147]}"
1873,7.031754493713379,Trans,1882.0,21.19565200805664,0.4172786474227905,1640.1566162109375,1.2353265664524038,34.925562707803955,0.5426718592643738,972.9393310546876,4.0,2024,7.031754493713379,"{""type"":""Point"",""coordinates"":[34.925562707803955,1.2353265664524038]}"
1874,6.820024490356445,Trans,1923.0,24.24347877502441,0.3354444801807403,1532.4256591796875,1.0530090207443683,34.849701693324114,0.4658200144767761,813.836669921875,1.0,2024,6.820024490356445,"{""type"":""Point"",""coordinates"":[34.849701693324114,1.0530090207443685]}"
1876,6.674450874328613,Trans,1950.0,23.3869571685791,0.3253641724586487,1518.2637939453125,0.9851062603434456,35.263517319087214,0.4867508113384247,998.7577514648438,1.0,2024,6.674450874328613,"{""type"":""Point"",""coordinates"":[35.263517319087214,0.9851062603434455]}"
1877,7.138866424560547,Trans,1915.0,24.643478393554688,0.3666852712631225,1372.1785888671875,1.1392440508012336,35.04096243561183,0.5043250918388367,862.4269409179688,1.0,2024,7.138866424560547,"{""type"":""Point"",""coordinates"":[35.04096243561183,1.1392440508012336]}"
1878,6.973955631256104,Trans,1947.0,22.68260955810547,0.3568384945392608,1303.348388671875,1.204613233121396,34.97528116390109,0.4617503881454468,1109.6043701171875,1.0,2024,6.973955631256104,"{""type"":""Point"",""coordinates"":[34.97528116390109,1.2046132331213961]}"
1880,6.354585647583008,Trans,1872.0,23.67391395568848,0.3884237706661224,1463.1514892578125,0.933082682660384,35.204358690862314,0.5005877614021301,1050.580810546875,4.0,2024,6.354585647583008,"{""type"":""Point"",""coordinates"":[35.204358690862314,0.933082682660384]}"
1881,7.227852821350098,Trans,1852.0,19.582609176635746,0.2792809009552002,1640.1566162109375,1.2037817344865946,34.89128521761391,0.4510010182857513,915.8572387695312,1.0,2024,7.227852821350098,"{""type"":""Point"",""coordinates"":[34.89128521761391,1.2037817344865946]}"
1883,6.19480037689209,Trans,1856.0,23.62173843383789,0.3130562603473663,1327.4505615234375,0.955757031280866,35.13539018755413,0.452923983335495,1042.0404052734375,1.0,2024,6.19480037689209,"{""type"":""Point"",""coordinates"":[35.13539018755413,0.9557570312808661]}"
1884,7.200871467590332,Trans,1856.0,25.013044357299805,0.3709143102169037,1653.9757080078125,1.228087660996289,34.8332619487199,0.4603703022003174,881.7891235351562,1.0,2024,7.200871467590332,"{""type"":""Point"",""coordinates"":[34.8332619487199,1.228087660996289]}"
1886,6.359963417053223,Trans,1852.0,23.365217208862305,0.2945138216018677,1463.1514892578125,0.9267567846298752,35.20566518628432,0.428649753332138,1050.580810546875,1.0,2024,6.359963417053223,"{""type"":""Point"",""coordinates"":[35.20566518628432,0.9267567846298752]}"
1890,6.708826541900635,Trans,1846.0,23.478260040283203,0.5321799516677856,1339.5623779296875,0.9234121011970376,35.07319621501579,0.7058526277542114,951.3497924804688,1.0,2024,6.708826541900635,"{""type"":""Point"",""coordinates"":[35.07319621501579,0.9234121011970375]}"
1892,6.6431660652160645,Trans,1917.0,24.6130428314209,0.3974358737468719,1309.0179443359375,1.1493218367759923,35.06669360496152,0.5669263601303101,974.173583984375,1.0,2024,6.6431660652160645,"{""type"":""Point"",""coordinates"":[35.06669360496152,1.1493218367759925]}"
1894,6.698803424835205,Trans,1785.0,25.80434799194336,0.4025632441043854,1472.4818115234375,0.9580104611662348,34.89921300975842,0.603446364402771,941.492431640625,1.0,2024,6.698803424835205,"{""type"":""Point"",""coordinates"":[34.89921300975842,0.9580104611662348]}"
1899,5.873517036437988,Trans,1910.0,23.71739196777344,0.4270033836364746,1362.5670166015625,1.064240171902045,35.203371585791466,0.5467697381973267,1157.1868896484375,1.0,2024,5.873517036437988,"{""type"":""Point"",""coordinates"":[35.203371585791466,1.064240171902045]}"
1900,6.450567245483398,Trans,1917.0,22.68260955810547,0.3891586661338806,1448.66259765625,0.964652614128414,35.214156563602224,0.5652750730514526,1047.075927734375,1.0,2024,6.450567245483398,"{""type"":""Point"",""coordinates"":[35.214156563602224,0.964652614128414]}"
1901,6.85718297958374,Trans,1947.0,23.399999618530277,0.3551095128059387,1532.4256591796875,1.1371088633916675,34.8307525079028,0.5038063526153564,853.085205078125,1.0,2024,6.85718297958374,"{""type"":""Point"",""coordinates"":[34.8307525079028,1.1371088633916677]}"
1902,5.838743209838867,Trans,2196.0,26.256521224975582,0.2937743067741394,1532.4256591796875,1.091150828583001,34.77380575587941,0.4783100187778473,888.1694946289062,1.0,2024,5.838743209838867,"{""type"":""Point"",""coordinates"":[34.77380575587941,1.091150828583001]}"
1904,6.688429832458496,Trans,1805.0,24.399999618530277,0.3989418745040893,1327.4505615234375,0.9926597841963894,35.08124283034426,0.5682491660118103,994.4949951171876,1.0,2024,6.688429832458496,"{""type"":""Point"",""coordinates"":[35.08124283034426,0.9926597841963894]}"
1906,5.48655891418457,Trans,2275.0,23.65652084350586,0.2616677582263946,1532.4256591796875,1.1046931880074622,34.7570954531847,0.4063163697719574,876.7874755859375,1.0,2024,5.48655891418457,"{""type"":""Point"",""coordinates"":[34.7570954531847,1.1046931880074622]}"
1907,7.178396701812744,Trans,1779.0,22.76956558227539,0.4144899547100067,1472.4818115234375,0.987855421038148,34.93643446841091,0.5678881406784058,984.7139892578124,1.0,2024,7.178396701812744,"{""type"":""Point"",""coordinates"":[34.93643446841091,0.9878554210381479]}"
1908,6.089073181152344,Trans,1886.0,23.417390823364254,0.3906064331531524,1309.0179443359375,1.0580150241101465,35.13403116581042,0.5638578534126282,1033.5059814453125,1.0,2024,6.089073181152344,"{""type"":""Point"",""coordinates"":[35.13403116581042,1.0580150241101465]}"
1910,6.741412162780762,Trans,1753.0,23.252174377441406,0.3990170955657959,1687.8226318359375,0.8304644359290382,34.858959254050255,0.6351781487464905,988.6344604492188,1.0,2024,6.741412162780762,"{""type"":""Point"",""coordinates"":[34.858959254050255,0.8304644359290382]}"
1912,6.8294758796691895,Trans,1920.0,23.28695678710937,0.3138526082038879,1532.4256591796875,1.0550144828354016,34.84971003381544,0.4609262943267822,813.836669921875,1.0,2024,6.8294758796691895,"{""type"":""Point"",""coordinates"":[34.84971003381544,1.0550144828354016]}"
1914,7.227075576782227,Trans,1821.0,23.060869216918945,0.3897717893123626,1327.4505615234375,1.034251781168374,35.0599553982217,0.5838618874549866,969.0385131835938,1.0,2024,7.227075576782227,"{""type"":""Point"",""coordinates"":[35.0599553982217,1.034251781168374]}"
1920,6.325774669647217,Trans,2228.0,25.22608757019043,0.4367254376411438,1415.5245361328125,0.9725419178522242,34.77863678567444,0.5429641604423523,989.7182006835938,1.0,2024,6.325774669647217,"{""type"":""Point"",""coordinates"":[34.778636785674436,0.9725419178522242]}"
1921,7.302577018737793,Trans,1916.0,23.265216827392575,0.3024576604366302,1640.1566162109375,1.1898325537972854,34.94189775122239,0.4088056683540344,964.7963256835938,1.0,2024,7.302577018737793,"{""type"":""Point"",""coordinates"":[34.94189775122239,1.1898325537972854]}"
1922,6.250836372375488,Trans,2024.0,25.77391242980957,0.3567287027835846,1532.4256591796875,1.0882139124263908,34.79349148979375,0.5265957117080688,888.1694946289062,1.0,2024,6.250836372375488,"{""type"":""Point"",""coordinates"":[34.79349148979375,1.0882139124263908]}"
1923,6.550483703613281,Trans,1952.0,24.130434036254883,0.3742998838424682,1415.5245361328125,0.998853038193328,34.828406435707386,0.5637885928153992,959.7871704101562,1.0,2024,6.550483703613281,"{""type"":""Point"",""coordinates"":[34.828406435707386,0.9988530381933279]}"
1924,6.486027240753174,Trans,1941.0,24.86956596374512,0.3386126458644867,1532.4256591796875,1.0766367351908497,34.80588443800097,0.4982191622257232,813.836669921875,1.0,2024,6.486027240753174,"{""type"":""Point"",""coordinates"":[34.80588443800097,1.0766367351908497]}"
1931,6.568849086761475,Trans,1942.0,23.552173614501957,0.3901105225086212,1451.5164794921875,0.898876889799095,34.830933180186165,0.5372602939605713,985.6239013671876,1.0,2024,6.568849086761475,"{""type"":""Point"",""coordinates"":[34.830933180186165,0.898876889799095]}"
1933,7.607992172241211,Trans,1843.0,22.630434036254883,0.3970746099948883,1587.5098876953125,1.0929035142925712,34.929284085990936,0.5409625172615051,961.76513671875,1.0,2024,7.607992172241211,"{""type"":""Point"",""coordinates"":[34.929284085990936,1.0929035142925712]}"
1934,7.378727912902832,Trans,1849.0,24.50434875488281,0.2749169170856476,1587.5098876953125,1.102248721055791,34.88998385112255,0.4096897542476654,896.3999633789062,1.0,2024,7.378727912902832,"{""type"":""Point"",""coordinates"":[34.88998385112255,1.102248721055791]}"
1935,6.51463794708252,Trans,1892.0,23.24347877502441,0.4424070715904236,1448.66259765625,0.992134210124567,35.21611823132513,0.67692631483078,1047.075927734375,1.0,2024,6.51463794708252,"{""type"":""Point"",""coordinates"":[35.21611823132513,0.992134210124567]}"
1936,7.47044038772583,Trans,1851.0,22.952173233032227,0.4005695581436157,1587.5098876953125,1.086480598632287,34.91471066565574,0.5073186159133911,961.76513671875,1.0,2024,7.47044038772583,"{""type"":""Point"",""coordinates"":[34.91471066565574,1.086480598632287]}"
1937,6.685076713562012,Trans,1930.0,24.96956443786621,0.4024244248867035,1415.5245361328125,1.0318700169497548,34.83571578517095,0.6069040298461914,849.1492919921875,1.0,2024,6.685076713562012,"{""type"":""Point"",""coordinates"":[34.83571578517095,1.0318700169497548]}"
1940,7.100246429443359,Trans,1802.0,20.34347915649414,0.3539688885211944,1640.1566162109375,1.2443596028381574,34.86389567789771,0.4974338412284851,915.8572387695312,6.0,2024,7.100246429443359,"{""type"":""Point"",""coordinates"":[34.86389567789771,1.2443596028381574]}"
1941,7.702419757843018,Trans,1843.0,21.67391395568848,0.3751985430717468,1372.1785888671875,1.1288369248276695,34.95330748508498,0.5008059144020081,1015.1450805664062,1.0,2024,7.702419757843018,"{""type"":""Point"",""coordinates"":[34.95330748508498,1.1288369248276695]}"
1945,6.619612693786621,Trans,1945.0,22.63478279113769,0.3954575359821319,1303.348388671875,1.177780719929472,35.028151206195986,0.5151929259300232,860.8521118164062,1.0,2024,6.619612693786621,"{""type"":""Point"",""coordinates"":[35.028151206195986,1.1777807199294719]}"
1946,6.782097816467285,Trans,1982.0,24.31739044189453,0.3246625363826751,1303.348388671875,1.1594298291758751,35.0407542380757,0.4589476883411407,860.8521118164062,1.0,2024,6.782097816467285,"{""type"":""Point"",""coordinates"":[35.0407542380757,1.1594298291758751]}"
1950,6.368851661682129,Trans,1941.0,19.352174758911133,0.3558443784713745,1303.348388671875,1.226707907930473,35.03068513769169,0.4609764218330383,1020.2589111328124,1.0,2024,6.368851661682129,"{""type"":""Point"",""coordinates"":[35.03068513769169,1.226707907930473]}"
1951,5.125586986541748,Trans,2059.0,25.78260803222656,0.4279519617557525,1362.5670166015625,1.1258763718363498,35.179280116420365,0.5807406306266785,1263.162353515625,1.0,2024,5.125586986541748,"{""type"":""Point"",""coordinates"":[35.179280116420365,1.1258763718363498]}"
1952,6.386375904083252,Trans,2198.0,22.78260803222656,0.3681228756904602,1451.5164794921875,0.9366724390786728,34.794239942066426,0.508853554725647,1013.508056640625,1.0,2024,6.386375904083252,"{""type"":""Point"",""coordinates"":[34.794239942066426,0.9366724390786728]}"
1957,6.350953578948975,Trans,2248.0,23.53043556213379,0.2998149693012237,1451.5164794921875,0.9367022728691816,34.78469566442276,0.484129399061203,1013.508056640625,1.0,2024,6.350953578948975,"{""type"":""Point"",""coordinates"":[34.78469566442276,0.9367022728691816]}"
1958,7.172860622406006,Trans,1870.0,21.58695602416992,0.2937338650226593,1653.9757080078125,1.2277475207038082,34.84203034304696,0.4237953722476959,881.7891235351562,1.0,2024,7.172860622406006,"{""type"":""Point"",""coordinates"":[34.84203034304696,1.2277475207038082]}"
1960,6.461977481842041,Trans,1907.0,26.256521224975582,0.3584551513195038,1451.5164794921875,0.8672511134380572,34.81280361469361,0.5773577690124512,985.6239013671876,1.0,2024,6.461977481842041,"{""type"":""Point"",""coordinates"":[34.81280361469361,0.8672511134380572]}"
1962,7.435609817504883,Trans,1844.0,24.30869483947754,0.403516948223114,1640.1566162109375,1.1761337071789362,34.92562160784401,0.5102227330207825,964.7963256835938,1.0,2024,7.435609817504883,"{""type"":""Point"",""coordinates"":[34.92562160784401,1.1761337071789362]}"
1963,7.152641296386719,Trans,1880.0,23.839130401611328,0.3364104330539703,1640.1566162109375,1.1626695241066156,34.85546179766359,0.5103671550750732,916.169677734375,1.0,2024,7.152641296386719,"{""type"":""Point"",""coordinates"":[34.85546179766359,1.1626695241066156]}"
1965,6.877745628356934,Trans,1762.0,23.256521224975582,0.3698968589305877,1687.8226318359375,0.8429668325503127,34.872883016082106,0.5180001854896545,988.6344604492188,1.0,2024,6.877745628356934,"{""type"":""Point"",""coordinates"":[34.872883016082106,0.8429668325503127]}"
1968,6.491811275482178,Trans,1808.0,24.547826766967773,0.3330953419208526,1472.4818115234375,0.9997713517334716,34.861967046284825,0.5055396556854248,941.492431640625,1.0,2024,6.491811275482178,"{""type"":""Point"",""coordinates"":[34.861967046284825,0.9997713517334715]}"
1969,5.696438789367676,Trans,2253.0,25.36956596374512,0.343436986207962,1532.4256591796875,1.0882153498214242,34.76876480319351,0.4674136638641357,888.1694946289062,1.0,2024,5.696438789367676,"{""type"":""Point"",""coordinates"":[34.76876480319351,1.0882153498214242]}"
1970,6.114959716796875,Trans,1976.0,23.91304397583008,0.4608669579029083,1362.5670166015625,1.059680066559015,35.228056447952,0.6098245978355408,1157.1868896484375,1.0,2024,6.114959716796875,"{""type"":""Point"",""coordinates"":[35.228056447952,1.059680066559015]}"
1971,6.856087684631348,Trans,1893.0,22.0,0.3564755320549011,1309.0179443359375,1.051566208638307,35.08430385346949,0.5428829193115234,961.5752563476562,1.0,2024,6.856087684631348,"{""type"":""Point"",""coordinates"":[35.08430385346949,1.051566208638307]}"
1972,7.568417549133301,Trans,1830.0,24.07826042175293,0.5042443871498108,1311.3265380859375,0.9777361041783672,34.98957863884407,0.7409428954124451,1077.162841796875,1.0,2024,7.568417549133301,"{""type"":""Point"",""coordinates"":[34.98957863884407,0.9777361041783672]}"
1974,6.947934150695801,Trans,1774.0,27.247825622558597,0.4856705665588379,1565.9140625,0.8632042620812153,34.86005415294223,0.6944738030433655,1008.7085571289062,1.0,2024,6.947934150695801,"{""type"":""Point"",""coordinates"":[34.86005415294223,0.8632042620812153]}"
1977,7.042422771453857,Trans,1825.0,25.09130477905273,0.3915001451969147,1388.3951416015625,0.9048814759227622,34.99553702072984,0.5567634105682373,1042.5777587890625,1.0,2024,7.042422771453857,"{""type"":""Point"",""coordinates"":[34.99553702072984,0.9048814759227622]}"
1982,7.727169036865234,Trans,1844.0,23.908695220947266,0.505212664604187,1587.5098876953125,1.110661986812434,34.94641162088278,0.6672115325927734,960.1989135742188,1.0,2024,7.727169036865234,"{""type"":""Point"",""coordinates"":[34.94641162088278,1.1106619868124339]}"
1983,6.442880153656006,Trans,1861.0,22.30434799194336,0.3401841521263122,1448.66259765625,0.9880592341824478,35.207760236741365,0.5214598774909973,1047.075927734375,1.0,2024,6.442880153656006,"{""type"":""Point"",""coordinates"":[35.207760236741365,0.9880592341824478]}"
1990,6.603504180908203,Trans,1805.0,25.321739196777344,0.427078366279602,1472.4818115234375,0.9616347860783688,34.8916278777825,0.584591269493103,941.492431640625,1.0,2024,6.603504180908203,"{""type"":""Point"",""coordinates"":[34.8916278777825,0.9616347860783688]}"
1991,7.24278450012207,Trans,1745.0,24.93913078308105,0.4802338778972626,1388.3951416015625,0.9054585847679116,34.96697009350289,0.5459070205688477,1042.5777587890625,1.0,2024,7.24278450012207,"{""type"":""Point"",""coordinates"":[34.96697009350289,0.9054585847679117]}"
1997,6.297469139099121,Trans,1906.0,23.713043212890625,0.4109147489070892,1303.348388671875,1.208064986547853,35.031681770609126,0.5511272549629211,1020.2589111328124,1.0,2024,6.297469139099121,"{""type"":""Point"",""coordinates"":[35.031681770609126,1.208064986547853]}"
1999,7.363743305206299,Trans,1865.0,24.31304359436035,0.3812387585639953,1640.1566162109375,1.1867542075404574,34.92036621684478,0.5429667234420776,964.7963256835938,1.0,2024,7.363743305206299,"{""type"":""Point"",""coordinates"":[34.92036621684478,1.1867542075404574]}"
2001,7.568559169769287,Trans,1861.0,23.8869571685791,0.2684364914894104,1587.5098876953125,1.055880217635513,34.947159981356364,0.3600479066371918,961.76513671875,1.0,2024,7.568559169769287,"{""type"":""Point"",""coordinates"":[34.947159981356364,1.055880217635513]}"
2005,6.289790153503418,Trans,1837.0,22.973913192749023,0.3885785639286041,1339.5623779296875,0.9430064038021396,35.139965043408175,0.5704057216644287,964.28857421875,1.0,2024,6.289790153503418,"{""type"":""Point"",""coordinates"":[35.139965043408175,0.9430064038021397]}"
2009,5.967394828796387,Trans,2108.0,26.873912811279297,0.3171769976615906,1532.4256591796875,1.1018045124035916,34.77842434347404,0.5282723903656006,876.7874755859375,1.0,2024,5.967394828796387,"{""type"":""Point"",""coordinates"":[34.77842434347404,1.1018045124035916]}"
2011,7.074753761291504,Trans,1757.0,24.447826385498047,0.3866223990917206,1565.9140625,0.8715570923764371,34.876243052042064,0.595685601234436,1008.7085571289062,1.0,2024,7.074753761291504,"{""type"":""Point"",""coordinates"":[34.876243052042064,0.8715570923764371]}"
2012,6.404628753662109,Trans,1861.0,22.55652236938477,0.384321004152298,1448.66259765625,0.988422246936249,35.2035675549095,0.5389725565910339,1047.075927734375,1.0,2024,6.404628753662109,"{""type"":""Point"",""coordinates"":[35.2035675549095,0.988422246936249]}"
2013,6.19757604598999,Trans,1947.0,19.84347915649414,0.4152687788009643,1303.348388671875,1.2166904904573157,35.04089275788468,0.5592981576919556,1020.2589111328124,1.0,2024,6.19757604598999,"{""type"":""Point"",""coordinates"":[35.04089275788468,1.2166904904573155]}"
2014,7.45103120803833,Trans,1859.0,27.330434799194336,0.4586611092090606,1587.5098876953125,1.05686538979727,34.93421389066354,0.5993810892105103,961.76513671875,1.0,2024,7.45103120803833,"{""type"":""Point"",""coordinates"":[34.93421389066354,1.05686538979727]}"
2015,6.936569690704346,Trans,1831.0,23.93478202819824,0.3541842699050903,1388.3951416015625,0.9303652469730364,35.04089645258659,0.513181746006012,873.1403198242188,1.0,2024,6.936569690704346,"{""type"":""Point"",""coordinates"":[35.04089645258659,0.9303652469730365]}"
2016,7.130694389343262,Trans,1922.0,25.508695602416992,0.4468842148780823,1309.0179443359375,1.110743086255188,35.070570988674895,0.6029068231582642,974.173583984375,1.0,2024,7.130694389343262,"{""type"":""Point"",""coordinates"":[35.070570988674895,1.110743086255188]}"
2017,6.992199420928955,Trans,1718.0,24.060869216918945,0.3977658748626709,1565.9140625,0.8573693328769015,34.90256052157638,0.5701776742935181,986.4015502929688,4.0,2024,6.992199420928955,"{""type"":""Point"",""coordinates"":[34.90256052157638,0.8573693328769015]}"
2019,6.253161907196045,Trans,1933.0,23.747825622558597,0.2996841669082641,1619.9417724609375,0.9127930419221238,35.310653019315566,0.470294326543808,992.7603759765624,1.0,2024,6.253161907196045,"{""type"":""Point"",""coordinates"":[35.310653019315566,0.9127930419221238]}"
2024,7.49957799911499,Trans,1831.0,24.03043556213379,0.3732035756111145,1311.3265380859375,0.9688688057824832,34.973952196565456,0.5198776721954346,1077.162841796875,1.0,2024,7.49957799911499,"{""type"":""Point"",""coordinates"":[34.973952196565456,0.9688688057824832]}"
2027,7.195803642272949,Trans,1919.0,22.991304397583008,0.3532555401325226,1640.1566162109375,1.201975603678343,34.944797198800075,0.4939828515052795,972.9393310546876,1.0,2024,7.195803642272949,"{""type"":""Point"",""coordinates"":[34.944797198800075,1.201975603678343]}"
2029,6.510164260864258,Trans,1957.0,20.752174377441406,0.3420785665512085,1303.348388671875,1.2165759062114978,35.01419371275199,0.5017197728157043,1020.2589111328124,1.0,2024,6.510164260864258,"{""type"":""Point"",""coordinates"":[35.01419371275199,1.2165759062114978]}"
2030,7.776663303375244,Trans,1826.0,24.23043441772461,0.4686917960643768,1372.1785888671875,1.110357561049864,34.96923877524002,0.6254376769065857,1015.1450805664062,1.0,2024,7.776663303375244,"{""type"":""Point"",""coordinates"":[34.96923877524002,1.110357561049864]}"
2034,7.138041973114014,Trans,1878.0,25.626087188720703,0.3894821107387543,1640.1566162109375,1.1866693507051824,34.85428036094394,0.5232342481613159,916.169677734375,1.0,2024,7.138041973114014,"{""type"":""Point"",""coordinates"":[34.85428036094394,1.1866693507051824]}"
2036,7.507460117340088,Trans,1835.0,24.204347610473636,0.3226521015167236,1311.3265380859375,1.0123413165199358,34.95928265900094,0.4534670114517212,1003.5731201171876,1.0,2024,7.507460117340088,"{""type"":""Point"",""coordinates"":[34.95928265900094,1.0123413165199358]}"
2042,6.636533260345459,Trans,1893.0,22.46521759033203,0.3512928485870361,1619.9417724609375,0.9496377078155732,35.256790173413506,0.51340252161026,978.35693359375,1.0,2024,6.636533260345459,"{""type"":""Point"",""coordinates"":[35.256790173413506,0.9496377078155733]}"
2043,6.979255676269531,Trans,1973.0,20.908695220947266,0.3475950360298157,1303.348388671875,1.216358157938899,34.96654226640739,0.5028516054153442,1109.6043701171875,1.0,2024,6.979255676269531,"{""type"":""Point"",""coordinates"":[34.96654226640739,1.2163581579388987]}"
2044,5.580569267272949,Trans,2565.0,25.27391242980957,0.4980039894580841,898.4467163085938,0.9621960252662252,34.734743644074534,0.6506571173667908,1086.8260498046875,4.0,2024,5.580569267272949,"{""type"":""Point"",""coordinates"":[34.734743644074534,0.9621960252662252]}"
2045,7.361606597900391,Trans,1844.0,21.43913078308105,0.3623087704181671,1587.5098876953125,1.129463360942019,34.87794828801045,0.489411324262619,896.3999633789062,1.0,2024,7.361606597900391,"{""type"":""Point"",""coordinates"":[34.87794828801045,1.129463360942019]}"
2046,6.624555587768555,Trans,2021.0,22.24347877502441,0.2180981934070587,1532.4256591796875,1.1372548369421087,34.81278450158434,0.3292638659477234,853.085205078125,1.0,2024,6.624555587768555,"{""type"":""Point"",""coordinates"":[34.81278450158434,1.1372548369421087]}"
2048,6.165075302124023,Trans,2291.0,23.0,0.3887105584144592,1451.5164794921875,0.939745527491912,34.759058404652166,0.5772588849067688,1013.508056640625,1.0,2024,6.165075302124023,"{""type"":""Point"",""coordinates"":[34.759058404652166,0.9397455274919119]}"
2050,6.41362190246582,Trans,1827.0,26.17391395568848,0.3660901188850403,1472.4818115234375,0.9707930436521054,34.85226342686213,0.5356887578964233,941.492431640625,1.0,2024,6.41362190246582,"{""type"":""Point"",""coordinates"":[34.85226342686213,0.9707930436521054]}"
2051,7.387550354003906,Trans,1843.0,25.547826766967773,0.4455291628837585,1587.5098876953125,1.1046295206959469,34.890185973029816,0.6047641038894653,896.3999633789062,1.0,2024,7.387550354003906,"{""type"":""Point"",""coordinates"":[34.890185973029816,1.1046295206959467]}"
2052,6.318410873413086,Trans,1859.0,24.03478240966797,0.4987221956253052,1448.66259765625,0.961177075420142,35.197099044963664,0.6706590056419373,1027.66796875,1.0,2024,6.318410873413086,"{""type"":""Point"",""coordinates"":[35.197099044963664,0.961177075420142]}"
2056,6.434422016143799,Trans,1937.0,21.778261184692383,0.3267200291156769,1303.348388671875,1.2234332323673478,35.021932435168395,0.4777996242046356,1020.2589111328124,1.0,2024,6.434422016143799,"{""type"":""Point"",""coordinates"":[35.021932435168395,1.2234332323673478]}"
2057,6.496182441711426,Trans,1705.0,28.03913116455078,0.4500901699066162,1605.135986328125,0.8446197930774891,34.80989731408575,0.6634718775749207,968.0701904296876,1.0,2024,6.496182441711426,"{""type"":""Point"",""coordinates"":[34.80989731408575,0.8446197930774891]}"
2059,6.323540687561035,Trans,1878.0,24.247825622558597,0.366424560546875,1448.66259765625,1.0118188372991492,35.195658502719446,0.5533202886581421,1005.9006958007812,1.0,2024,6.323540687561035,"{""type"":""Point"",""coordinates"":[35.195658502719446,1.0118188372991492]}"
2060,6.480026245117188,Trans,1909.0,20.18695640563965,0.337670624256134,1309.0179443359375,1.0514900105096283,35.10485212396298,0.5090604424476624,1033.5059814453125,1.0,2024,6.480026245117188,"{""type"":""Point"",""coordinates"":[35.10485212396298,1.0514900105096285]}"
2061,7.653329372406006,Trans,1835.0,24.34782600402832,0.358511358499527,1311.3265380859375,1.0272594529509635,34.971851483643256,0.5600953102111816,1003.5731201171876,1.0,2024,7.653329372406006,"{""type"":""Point"",""coordinates"":[34.971851483643256,1.0272594529509635]}"
2062,6.425225257873535,Trans,1838.0,22.5217399597168,0.4047943353652954,1463.1514892578125,0.9234372720143936,35.15842400595158,0.562122106552124,999.2210693359376,1.0,2024,6.425225257873535,"{""type"":""Point"",""coordinates"":[35.15842400595158,0.9234372720143937]}"
2064,5.73966121673584,Trans,1891.0,24.178260803222656,0.3274774253368377,1362.5670166015625,1.0787717062002289,35.1620928623843,0.5055573582649231,1080.9871826171875,1.0,2024,5.73966121673584,"{""type"":""Point"",""coordinates"":[35.1620928623843,1.0787717062002289]}"
2067,6.582957267761231,Trans,1932.0,23.552173614501957,0.3638296127319336,1451.5164794921875,0.8966519329074774,34.83215475055668,0.5158352851867676,985.6239013671876,1.0,2024,6.582957267761231,"{""type"":""Point"",""coordinates"":[34.83215475055668,0.8966519329074774]}"
2070,7.456974029541016,Trans,1927.0,24.747825622558597,0.3812422454357147,1372.1785888671875,1.114670862217939,35.04307494296353,0.4823502004146576,862.4269409179688,1.0,2024,7.456974029541016,"{""type"":""Point"",""coordinates"":[35.04307494296353,1.1146708622179393]}"
2075,6.474680423736572,Trans,1794.0,22.09130477905273,0.3993185460567474,1472.4818115234375,0.9807286315444682,34.87896915583278,0.5864469408988953,941.492431640625,1.0,2024,6.474680423736572,"{""type"":""Point"",""coordinates"":[34.87896915583278,0.9807286315444682]}"
2078,7.735371112823486,Trans,1831.0,21.069564819335938,0.3570351302623749,1311.3265380859375,1.0430322447974203,34.97843789947383,0.5038015246391296,1003.5731201171876,1.0,2024,7.735371112823486,"{""type"":""Point"",""coordinates"":[34.97843789947383,1.0430322447974203]}"
2080,7.139807224273682,Trans,1891.0,20.31304359436035,0.3275958299636841,1640.1566162109375,1.2193368529300428,34.85547996878692,0.4992082715034485,915.8572387695312,4.0,2024,7.139807224273682,"{""type"":""Point"",""coordinates"":[34.85547996878692,1.2193368529300428]}"
2081,6.023430824279785,Trans,1862.0,23.856521606445312,0.2166225165128708,1448.66259765625,1.036265396612771,35.152775233751974,0.3488131165504455,1005.9006958007812,1.0,2024,6.023430824279785,"{""type"":""Point"",""coordinates"":[35.152775233751974,1.036265396612771]}"
2083,7.02880334854126,Trans,1906.0,21.86956596374512,0.3682496547698974,1653.9757080078125,1.1929739437083022,34.83216373873928,0.4830240607261657,878.5647583007812,1.0,2024,7.02880334854126,"{""type"":""Point"",""coordinates"":[34.83216373873928,1.1929739437083022]}"
2084,7.064340591430664,Trans,1835.0,22.92173957824707,0.3993624746799469,1472.4818115234375,1.0176261193832112,34.92066724411854,0.6065762042999268,963.7658081054688,1.0,2024,7.064340591430664,"{""type"":""Point"",""coordinates"":[34.92066724411854,1.0176261193832112]}"
2085,6.179421424865723,Trans,2010.0,20.930435180664062,0.3529649972915649,1619.9417724609375,0.943432400655007,35.306738518882554,0.5355024337768555,992.7603759765624,4.0,2024,6.179421424865723,"{""type"":""Point"",""coordinates"":[35.306738518882554,0.943432400655007]}"
2087,6.646881103515625,Trans,1908.0,21.81304359436035,0.264328122138977,1309.0179443359375,1.053193129882534,35.095552456085485,0.4233671426773071,961.5752563476562,1.0,2024,6.646881103515625,"{""type"":""Point"",""coordinates"":[35.095552456085485,1.053193129882534]}"
2089,7.62293529510498,Trans,1846.0,22.865217208862305,0.3975431025028229,1372.1785888671875,1.1253298696666605,35.00470362505014,0.5867195725440979,862.4269409179688,1.0,2024,7.62293529510498,"{""type"":""Point"",""coordinates"":[35.00470362505014,1.1253298696666603]}"
2091,6.954784870147705,Trans,1863.0,22.53043556213379,0.4478335678577423,1472.4818115234375,1.0401303317720476,34.89637592780136,0.587593138217926,914.8713989257812,1.0,2024,6.954784870147705,"{""type"":""Point"",""coordinates"":[34.89637592780136,1.0401303317720476]}"
2092,7.247028827667236,Trans,1927.0,23.69565200805664,0.3390694856643677,1640.1566162109375,1.1970927950061572,34.94203873432535,0.4639977514743805,964.7963256835938,1.0,2024,7.247028827667236,"{""type"":""Point"",""coordinates"":[34.94203873432535,1.1970927950061572]}"
2093,7.12665319442749,Trans,2079.0,29.839130401611328,0.3464092016220093,1086.3765869140625,1.200836081807912,34.74947491791123,0.5319236516952515,986.7026977539062,1.0,2024,7.12665319442749,"{""type"":""Point"",""coordinates"":[34.74947491791123,1.200836081807912]}"
2094,6.432326316833496,Trans,2163.0,24.678260803222656,0.319677323102951,1653.9757080078125,1.1503207478485684,34.79006646948856,0.4627263844013214,878.0504150390625,1.0,2024,6.432326316833496,"{""type"":""Point"",""coordinates"":[34.79006646948856,1.1503207478485684]}"
2099,6.44236946105957,Trans,1892.0,22.734783172607425,0.3897748589515686,1309.0179443359375,1.0528510264340198,35.10794825158622,0.6039261817932129,1033.5059814453125,1.0,2024,6.44236946105957,"{""type"":""Point"",""coordinates"":[35.10794825158622,1.0528510264340198]}"
2100,6.786215782165527,Trans,1936.0,19.54347801208496,0.3825624287128448,1303.348388671875,1.2296151338020815,34.98675467852563,0.5067976713180542,1109.6043701171875,4.0,2024,6.786215782165527,"{""type"":""Point"",""coordinates"":[34.98675467852563,1.2296151338020815]}"
2101,6.663971424102783,Trans,1929.0,24.63478279113769,0.422679454088211,1448.66259765625,1.0045805794153466,35.247741594517194,0.6293045878410339,1040.30517578125,1.0,2024,6.663971424102783,"{""type"":""Point"",""coordinates"":[35.247741594517194,1.0045805794153466]}"
2103,5.876250267028809,Trans,2282.0,21.721738815307617,0.1920198500156402,1532.4256591796875,1.1164494114057917,34.77064623696754,0.3543933033943176,876.7874755859375,1.0,2024,5.876250267028809,"{""type"":""Point"",""coordinates"":[34.77064623696754,1.1164494114057915]}"
2104,6.062972545623779,Trans,1906.0,22.62173843383789,0.3358758389949798,1327.4505615234375,1.0064218345102598,35.13099820599095,0.5063437819480896,1019.4813842773438,1.0,2024,6.062972545623779,"{""type"":""Point"",""coordinates"":[35.13099820599095,1.0064218345102598]}"
2106,6.446943283081055,Trans,1951.0,24.92608642578125,0.3639011085033417,1217.0069580078125,1.1627932318741965,35.06258615751607,0.5018344521522522,1066.3682861328125,1.0,2024,6.446943283081055,"{""type"":""Point"",""coordinates"":[35.06258615751607,1.1627932318741963]}"
2108,6.9156341552734375,Trans,1980.0,21.00434875488281,0.2140687257051468,1303.348388671875,1.2136115013223558,34.976040904228846,0.2733219265937805,1109.6043701171875,1.0,2024,6.9156341552734375,"{""type"":""Point"",""coordinates"":[34.976040904228846,1.2136115013223558]}"
2110,6.839217185974121,Trans,1852.0,21.65217399597168,0.3333421945571899,1327.4505615234375,1.028805983425877,35.079581500504304,0.4855246543884277,969.0385131835938,1.0,2024,6.839217185974121,"{""type"":""Point"",""coordinates"":[35.079581500504304,1.028805983425877]}"
2116,7.533984184265137,Trans,1878.0,24.10869598388672,0.3760052323341369,1640.1566162109375,1.1577459841971456,34.915662097335,0.5501806735992432,964.7963256835938,1.0,2024,7.533984184265137,"{""type"":""Point"",""coordinates"":[34.915662097335,1.1577459841971456]}"
2117,6.229110240936279,Trans,2090.0,24.2608699798584,0.2337018102407455,1532.4256591796875,1.1102144196301893,34.7916451195258,0.4122869372367859,876.7874755859375,1.0,2024,6.229110240936279,"{""type"":""Point"",""coordinates"":[34.791645119525796,1.1102144196301893]}"
2118,7.478738784790039,Trans,1836.0,24.747825622558597,0.379937082529068,1311.3265380859375,0.9658264559807906,35.005687112050154,0.5371325612068176,943.7447509765624,1.0,2024,7.478738784790039,"{""type"":""Point"",""coordinates"":[35.005687112050154,0.9658264559807906]}"
2126,7.432060241699219,Trans,1860.0,20.84347915649414,0.4575877785682678,1303.348388671875,1.1694873133154922,34.95215855101225,0.5938079953193665,1049.634765625,1.0,2024,7.432060241699219,"{""type"":""Point"",""coordinates"":[34.95215855101225,1.1694873133154922]}"
2128,7.684463977813721,Trans,1848.0,22.7391300201416,0.4158945679664612,1587.5098876953125,1.093750237220624,34.94203030394943,0.5990042686462402,961.76513671875,1.0,2024,7.684463977813721,"{""type"":""Point"",""coordinates"":[34.94203030394943,1.093750237220624]}"
2129,7.590590000152588,Trans,1863.0,25.626087188720703,0.3043814599514007,1587.5098876953125,1.149347524246774,34.92625391160477,0.4207374155521393,960.1989135742188,1.0,2024,7.590590000152588,"{""type"":""Point"",""coordinates"":[34.92625391160477,1.149347524246774]}"
2131,7.198424816131592,Trans,2219.0,29.295652389526367,0.4075877070426941,1086.3765869140625,1.201891736369567,34.72517485749549,0.5824004411697388,986.7026977539062,4.0,2024,7.198424816131592,"{""type"":""Point"",""coordinates"":[34.72517485749549,1.201891736369567]}"
2133,6.888680934906006,Trans,1894.0,19.630434036254883,0.3763707280158996,1303.348388671875,1.2377157117400095,34.97087172370309,0.5132988095283508,1109.6043701171875,4.0,2024,6.888680934906006,"{""type"":""Point"",""coordinates"":[34.97087172370309,1.2377157117400095]}"
2135,7.771513938903809,Trans,1822.0,25.126087188720703,0.3409650027751922,1372.1785888671875,1.1124575271854669,34.98619893156573,0.5474637150764465,1015.1450805664062,1.0,2024,7.771513938903809,"{""type"":""Point"",""coordinates"":[34.98619893156573,1.1124575271854669]}"
2136,7.625320434570312,Trans,1841.0,26.0217399597168,0.3626125156879425,1587.5098876953125,1.0795842316507869,34.94088611153322,0.4446874856948852,961.76513671875,1.0,2024,7.625320434570312,"{""type"":""Point"",""coordinates"":[34.94088611153322,1.0795842316507869]}"
2141,7.149627208709717,Trans,1969.0,19.03043556213379,0.3906185626983642,1640.1566162109375,1.2168755016662138,34.92570902044329,0.3947270214557647,972.9393310546876,1.0,2024,7.149627208709717,"{""type"":""Point"",""coordinates"":[34.92570902044329,1.2168755016662138]}"
2149,6.929534912109375,Trans,1981.0,23.013044357299805,0.398194819688797,1653.9757080078125,1.189649561956026,34.813398849095776,0.4915330708026886,878.5647583007812,1.0,2024,6.929534912109375,"{""type"":""Point"",""coordinates"":[34.813398849095776,1.189649561956026]}"
2152,5.940878868103027,Trans,1910.0,21.68695640563965,0.3481201231479645,1309.0179443359375,1.0860349032999272,35.14203401528079,0.5427915453910828,1033.5059814453125,1.0,2024,5.940878868103027,"{""type"":""Point"",""coordinates"":[35.14203401528079,1.0860349032999272]}"
2154,7.443608283996582,Trans,1852.0,24.221738815307617,0.4306701719760895,1640.1566162109375,1.174791261911983,34.93144079868825,0.541897177696228,964.7963256835938,1.0,2024,7.443608283996582,"{""type"":""Point"",""coordinates"":[34.93144079868825,1.1747912619119827]}"
2157,6.2405686378479,Trans,1827.0,22.291303634643555,0.3833304643630981,1463.1514892578125,0.9469382039779106,35.17469497722546,0.5718668699264526,999.2210693359376,1.0,2024,6.2405686378479,"{""type"":""Point"",""coordinates"":[35.17469497722546,0.9469382039779106]}"
2158,6.630922317504883,Trans,1957.0,22.478260040283203,0.2574982643127441,1518.2637939453125,1.0136134289678786,35.2555111551505,0.4496409595012665,994.1923217773438,1.0,2024,6.630922317504883,"{""type"":""Point"",""coordinates"":[35.2555111551505,1.0136134289678786]}"
2163,7.45964241027832,Trans,1903.0,23.291303634643555,0.3388862907886505,1303.348388671875,1.1612925485972532,34.96238530315119,0.466151088476181,1049.634765625,1.0,2024,7.45964241027832,"{""type"":""Point"",""coordinates"":[34.96238530315119,1.1612925485972532]}"
2164,7.694025993347168,Trans,1850.0,21.747825622558597,0.3400606215000152,1372.1785888671875,1.1309756863518745,34.951504440744955,0.4683698117733001,1015.1450805664062,1.0,2024,7.694025993347168,"{""type"":""Point"",""coordinates"":[34.951504440744955,1.1309756863518745]}"
2169,6.303368091583252,Trans,2362.0,26.256521224975582,0.4720708727836609,1653.9757080078125,1.1571681458751104,34.76557054064103,0.6550235748291016,878.0504150390625,1.0,2024,6.303368091583252,"{""type"":""Point"",""coordinates"":[34.76557054064103,1.1571681458751104]}"
2170,7.043731689453125,Trans,1800.0,23.352174758911133,0.4340190589427948,1565.9140625,0.924674261865126,34.90806650093082,0.6312967538833618,1008.7112426757812,1.0,2024,7.043731689453125,"{""type"":""Point"",""coordinates"":[34.90806650093082,0.924674261865126]}"
2172,6.655740261077881,Trans,1919.0,23.639129638671875,0.2824165523052215,1532.4256591796875,1.074061575698411,34.81863683497976,0.4116158485412597,813.836669921875,1.0,2024,6.655740261077881,"{""type"":""Point"",""coordinates"":[34.81863683497976,1.074061575698411]}"
2178,6.617339134216309,Trans,1789.0,21.856521606445312,0.2219367921352386,1565.9140625,0.9415976943486212,34.87973760839014,0.3751439750194549,1014.7183227539062,1.0,2024,6.617339134216309,"{""type"":""Point"",""coordinates"":[34.87973760839014,0.9415976943486211]}"
2182,7.802298069000244,Trans,1819.0,25.160869598388672,0.3515874147415161,1372.1785888671875,1.1041947951583944,34.99075987067456,0.5308265089988708,1015.1450805664062,1.0,2024,7.802298069000244,"{""type"":""Point"",""coordinates"":[34.99075987067456,1.1041947951583944]}"
2183,5.664710998535156,Trans,1945.0,25.082609176635746,0.3700737655162811,1362.5670166015625,1.0744843460605196,35.184364470245754,0.5397030711174011,1080.9871826171875,1.0,2024,5.664710998535156,"{""type"":""Point"",""coordinates"":[35.184364470245754,1.0744843460605196]}"
2184,6.763329029083252,Trans,1946.0,22.12173843383789,0.3309979736804962,1303.348388671875,1.2011891875392768,34.99665485496222,0.4484705626964569,1109.6043701171875,1.0,2024,6.763329029083252,"{""type"":""Point"",""coordinates"":[34.99665485496222,1.2011891875392768]}"
2186,7.116828918457031,Trans,1876.0,21.53478240966797,0.3529818654060364,1653.9757080078125,1.2052011783140522,34.847067074719305,0.4892793297767639,881.7891235351562,1.0,2024,7.116828918457031,"{""type"":""Point"",""coordinates"":[34.847067074719305,1.2052011783140522]}"
2191,5.857109546661377,Trans,2237.0,21.082609176635746,0.3085897266864776,1518.2637939453125,0.9521934839339318,35.31964433670993,0.5030904412269592,1077.1812744140625,4.0,2024,5.857109546661377,"{""type"":""Point"",""coordinates"":[35.31964433670993,0.9521934839339318]}"
2194,7.1875762939453125,Trans,1839.0,18.560869216918945,0.2991314232349396,1653.9757080078125,1.246580370410448,34.847217375541106,0.4126789569854736,881.7891235351562,4.0,2024,7.1875762939453125,"{""type"":""Point"",""coordinates"":[34.847217375541106,1.2465803704104481]}"
2195,6.91903829574585,Trans,1834.0,23.643478393554688,0.360390156507492,1327.4505615234375,0.9864344208535796,35.067487235812806,0.5615550875663757,994.4949951171876,1.0,2024,6.91903829574585,"{""type"":""Point"",""coordinates"":[35.067487235812806,0.9864344208535795]}"
2196,5.961174488067627,Trans,1898.0,22.53043556213379,0.4833790361881256,1362.5670166015625,1.050759964304016,35.16604628103369,0.7369126677513123,1080.9871826171875,1.0,2024,5.961174488067627,"{""type"":""Point"",""coordinates"":[35.16604628103369,1.050759964304016]}"
2197,6.649808406829834,Trans,1903.0,22.569564819335938,0.3983292877674103,1309.0179443359375,1.1122490985453062,35.098793880416686,0.583977460861206,974.173583984375,1.0,2024,6.649808406829834,"{""type"":""Point"",""coordinates"":[35.098793880416686,1.1122490985453062]}"
2199,6.482169628143311,Trans,2001.0,18.669565200805664,0.3592115938663482,1518.2637939453125,0.9508747062436064,35.28832119951137,0.4954536259174347,998.7577514648438,1.0,2024,6.482169628143311,"{""type"":""Point"",""coordinates"":[35.28832119951137,0.9508747062436063]}"
2201,7.384915828704834,Trans,1899.0,24.265216827392575,0.3187642991542816,1372.1785888671875,1.143790224685196,35.00594541075412,0.4480051100254059,862.4269409179688,1.0,2024,7.384915828704834,"{""type"":""Point"",""coordinates"":[35.00594541075412,1.143790224685196]}"
2203,6.489761352539063,Trans,1957.0,24.278261184692383,0.4285630583763122,1518.2637939453125,1.03748217369013,35.26574058825401,0.6511392593383789,994.1923217773438,1.0,2024,6.489761352539063,"{""type"":""Point"",""coordinates"":[35.26574058825401,1.03748217369013]}"
2204,6.224286079406738,Trans,1902.0,21.865217208862305,0.1887082755565643,1327.4505615234375,1.0152611818304298,35.113780503757106,0.3584567010402679,1019.4813842773438,1.0,2024,6.224286079406738,"{""type"":""Point"",""coordinates"":[35.113780503757106,1.0152611818304298]}"
2206,7.505279064178467,Trans,1867.0,23.052173614501957,0.4050740003585815,1311.3265380859375,1.0259450297535235,35.03967219738583,0.543865978717804,895.3138427734375,1.0,2024,7.505279064178467,"{""type"":""Point"",""coordinates"":[35.03967219738583,1.0259450297535235]}"
2209,6.464861869812012,Trans,1869.0,25.208696365356445,0.4442900419235229,1451.5164794921875,0.943548152337392,34.846536206650285,0.638443648815155,1004.1910400390624,1.0,2024,6.464861869812012,"{""type"":""Point"",""coordinates"":[34.846536206650285,0.9435481523373921]}"
2213,6.754829406738281,Trans,1948.0,25.100000381469727,0.3385577499866485,1303.348388671875,1.1636799649734848,35.03654689407091,0.5103123188018799,860.8521118164062,1.0,2024,6.754829406738281,"{""type"":""Point"",""coordinates"":[35.03654689407091,1.1636799649734848]}"
2215,6.826799392700195,Trans,1835.0,23.373912811279297,0.4356781840324402,1388.3951416015625,0.919172084914645,35.04409894936446,0.5145619511604309,873.1403198242188,1.0,2024,6.826799392700195,"{""type"":""Point"",""coordinates"":[35.04409894936446,0.919172084914645]}"
2216,7.059425354003906,Trans,1920.0,22.71739196777344,0.3418431282043457,1303.348388671875,1.204737530397156,34.96443812079994,0.5113896131515503,1109.6043701171875,1.0,2024,7.059425354003906,"{""type"":""Point"",""coordinates"":[34.96443812079994,1.204737530397156]}"
2219,6.143668174743652,Trans,1875.0,21.58695602416992,0.3403682112693786,1448.66259765625,0.9698054120265258,35.16889124021837,0.4903987944126129,1027.66796875,1.0,2024,6.143668174743652,"{""type"":""Point"",""coordinates"":[35.16889124021837,0.9698054120265258]}"
2223,7.124972343444824,Trans,1927.0,20.22608757019043,0.3285719156265259,1640.1566162109375,1.222486624737748,34.91715953649992,0.4383511245250702,972.9393310546876,1.0,2024,7.124972343444824,"{""type"":""Point"",""coordinates"":[34.917159536499916,1.222486624737748]}"
2228,7.652554988861084,Trans,1827.0,23.517391204833984,0.442359447479248,1587.5098876953125,1.1270733905667605,34.926199853431285,0.5894632935523987,960.1989135742188,1.0,2024,7.652554988861084,"{""type"":""Point"",""coordinates"":[34.926199853431285,1.1270733905667603]}"
2231,7.354959964752197,Trans,1778.0,24.54347801208496,0.4385176599025726,1388.3951416015625,0.92224474488038,34.963144535674566,0.5978239178657532,1042.5777587890625,1.0,2024,7.354959964752197,"{""type"":""Point"",""coordinates"":[34.963144535674566,0.92224474488038]}"
2236,6.86784029006958,Trans,1755.0,23.256521224975582,0.3734408318996429,1687.8226318359375,0.842133087702465,34.87358298383632,0.5236961841583252,988.6344604492188,1.0,2024,6.86784029006958,"{""type"":""Point"",""coordinates"":[34.87358298383632,0.842133087702465]}"
2237,6.563290596008301,Trans,1917.0,22.778261184692383,0.3974285721778869,1448.66259765625,0.995020063410246,35.222857963758464,0.5617445707321167,1047.075927734375,1.0,2024,6.563290596008301,"{""type"":""Point"",""coordinates"":[35.222857963758464,0.9950200634102461]}"
2239,7.513094902038574,Trans,1848.0,22.18695640563965,0.3265025317668915,1587.5098876953125,1.1488417499520742,34.901278987853,0.4752443730831146,960.1989135742188,1.0,2024,7.513094902038574,"{""type"":""Point"",""coordinates"":[34.901278987853,1.1488417499520742]}"
2241,6.666024208068848,Trans,1916.0,21.67391395568848,0.2916038632392883,1532.4256591796875,1.0729442965938485,34.81904055194031,0.4240873456001282,813.836669921875,1.0,2024,6.666024208068848,"{""type"":""Point"",""coordinates"":[34.81904055194031,1.0729442965938485]}"
2242,6.223604202270508,Trans,1842.0,24.734783172607425,0.5445557832717896,1448.66259765625,1.0077681503352267,35.18304029852677,0.6954048871994019,1005.9006958007812,1.0,2024,6.223604202270508,"{""type"":""Point"",""coordinates"":[35.18304029852677,1.0077681503352267]}"
2244,6.396904468536377,Trans,1938.0,22.55652236938477,0.3332271873950958,1217.0069580078125,1.1698977040648515,35.056437789547985,0.4636540412902832,1066.3682861328125,1.0,2024,6.396904468536377,"{""type"":""Point"",""coordinates"":[35.056437789547985,1.1698977040648517]}"
2245,7.677770137786865,Trans,1829.0,26.03043556213379,0.3515098989009857,1587.5098876953125,1.1090408273697596,34.93371815576842,0.5255944728851318,960.1989135742188,1.0,2024,7.677770137786865,"{""type"":""Point"",""coordinates"":[34.93371815576842,1.1090408273697596]}"
2247,7.406470775604248,Trans,1945.0,23.22608757019043,0.371673583984375,1303.348388671875,1.1639468883916524,34.96752094418041,0.4918180704116821,1049.634765625,1.0,2024,7.406470775604248,"{""type"":""Point"",""coordinates"":[34.96752094418041,1.1639468883916524]}"
2249,7.140648365020752,Trans,1902.0,20.10869598388672,0.2917654812335968,1640.1566162109375,1.219874050348347,34.8521861154141,0.4416409134864807,915.8572387695312,4.0,2024,7.140648365020752,"{""type"":""Point"",""coordinates"":[34.8521861154141,1.219874050348347]}"
2250,7.059149742126465,Trans,1951.0,22.747825622558597,0.4038247168064117,1640.1566162109375,1.220758417172791,34.94966060303413,0.5530351996421814,972.9393310546876,1.0,2024,7.059149742126465,"{""type"":""Point"",""coordinates"":[34.94966060303413,1.220758417172791]}"
2252,6.484841823577881,Trans,1883.0,23.03043556213379,0.3640271723270416,1619.9417724609375,0.9218349147916164,35.28427255414905,0.5008353590965271,978.35693359375,4.0,2024,6.484841823577881,"{""type"":""Point"",""coordinates"":[35.28427255414905,0.9218349147916164]}"
2254,7.37380313873291,Trans,1872.0,23.96086883544922,0.3627130687236786,1640.1566162109375,1.1848642713426216,34.930628462921696,0.4714414477348327,964.7963256835938,1.0,2024,7.37380313873291,"{""type"":""Point"",""coordinates"":[34.930628462921696,1.1848642713426216]}"
2255,6.416747570037842,Trans,1988.0,20.71739196777344,0.3761252760887146,1518.2637939453125,0.9582742862585576,35.29225723760406,0.5225003957748413,998.7577514648438,1.0,2024,6.416747570037842,"{""type"":""Point"",""coordinates"":[35.29225723760406,0.9582742862585577]}"
2261,7.562396049499512,Trans,1836.0,23.452173233032227,0.4410759508609772,1587.5098876953125,1.1217888338334143,34.90694007219186,0.6153326630592346,960.1989135742188,1.0,2024,7.562396049499512,"{""type"":""Point"",""coordinates"":[34.90694007219186,1.1217888338334145]}"
2263,7.320775032043457,Trans,1848.0,23.265216827392575,0.369446188211441,1640.1566162109375,1.1925023196945237,34.90639051662658,0.5276268720626831,964.7963256835938,1.0,2024,7.320775032043457,"{""type"":""Point"",""coordinates"":[34.90639051662658,1.1925023196945235]}"
2264,5.624921798706055,Trans,1901.0,22.839130401611328,0.3655421137809753,1362.5670166015625,1.0793285783355795,35.17725750064237,0.5923991799354553,1080.9871826171875,1.0,2024,5.624921798706055,"{""type"":""Point"",""coordinates"":[35.17725750064237,1.0793285783355795]}"
2268,6.4708452224731445,Trans,1953.0,24.856521606445312,0.3590105772018432,1415.5245361328125,0.9677572579140588,34.82414856075323,0.5880098938941956,959.7871704101562,1.0,2024,6.4708452224731445,"{""type"":""Point"",""coordinates"":[34.82414856075323,0.9677572579140588]}"
2269,7.519260406494141,Trans,1857.0,23.204347610473636,0.3435607850551605,1587.5098876953125,1.095375941784519,34.91448045759934,0.4616299867630005,961.76513671875,1.0,2024,7.519260406494141,"{""type"":""Point"",""coordinates"":[34.91448045759934,1.095375941784519]}"
2271,6.660098075866699,Trans,1898.0,22.03043556213379,0.3877772092819214,1448.66259765625,0.9650695690980704,35.246574372996804,0.6004274487495422,1047.075927734375,1.0,2024,6.660098075866699,"{""type"":""Point"",""coordinates"":[35.246574372996804,0.9650695690980705]}"
2276,7.781185150146484,Trans,1823.0,24.221738815307617,0.3640010952949524,1372.1785888671875,1.1088832602631522,34.9921926968172,0.5758208632469177,1015.1450805664062,1.0,2024,7.781185150146484,"{""type"":""Point"",""coordinates"":[34.9921926968172,1.1088832602631522]}"
2280,7.201642036437988,Trans,1785.0,24.91304397583008,0.4079600572586059,1565.9140625,0.8998577000361813,34.90929452580411,0.6115197539329529,986.4015502929688,1.0,2024,7.201642036437988,"{""type"":""Point"",""coordinates"":[34.90929452580411,0.8998577000361813]}"
2283,7.260589599609375,Trans,1857.0,20.908695220947266,0.2548817098140716,1653.9757080078125,1.2434242246935294,34.834853676804656,0.4159127175807953,881.7891235351562,1.0,2024,7.260589599609375,"{""type"":""Point"",""coordinates"":[34.834853676804656,1.2434242246935294]}"
2285,6.031040668487549,Trans,1858.0,22.204347610473636,0.3340282440185547,1448.66259765625,1.031518893026403,35.153596829274605,0.5290987491607666,1005.9006958007812,1.0,2024,6.031040668487549,"{""type"":""Point"",""coordinates"":[35.153596829274605,1.031518893026403]}"
2288,6.07695198059082,Trans,1885.0,22.36956596374512,0.324950098991394,1327.4505615234375,1.0245191899893205,35.13163926148212,0.5346167683601379,1019.4813842773438,1.0,2024,6.07695198059082,"{""type"":""Point"",""coordinates"":[35.13163926148212,1.0245191899893205]}"
2291,7.103952884674072,Trans,1847.0,20.07826042175293,0.4108576476573944,1640.1566162109375,1.2280457406359375,34.88403348114407,0.5327883958816528,915.8572387695312,6.0,2024,7.103952884674072,"{""type"":""Point"",""coordinates"":[34.88403348114407,1.2280457406359377]}"
2293,7.1405415534973145,Trans,1809.0,18.03478240966797,0.2977162003517151,1794.15283203125,1.2687153002535512,34.85136668183404,0.4292337596416473,882.4627075195312,6.0,2024,7.1405415534973145,"{""type"":""Point"",""coordinates"":[34.85136668183404,1.2687153002535512]}"
2294,6.569361209869385,Trans,1941.0,20.486955642700195,0.4070490002632141,1303.348388671875,1.226852963339588,35.010791324712464,0.6099460124969482,1020.2589111328124,1.0,2024,6.569361209869385,"{""type"":""Point"",""coordinates"":[35.010791324712464,1.226852963339588]}"
2297,7.626046180725098,Trans,1853.0,22.756521224975582,0.3752461671829223,1372.1785888671875,1.131671975048449,34.990218351812594,0.4758861362934112,1015.1450805664062,1.0,2024,7.626046180725098,"{""type"":""Point"",""coordinates"":[34.990218351812594,1.131671975048449]}"
2298,7.115416049957275,Trans,1892.0,22.756521224975582,0.3458959758281708,1653.9757080078125,1.2114582432555652,34.83382442135148,0.4649526476860046,881.7891235351562,1.0,2024,7.115416049957275,"{""type"":""Point"",""coordinates"":[34.83382442135148,1.2114582432555652]}"
2300,5.725872993469238,Trans,1938.0,23.39130401611328,0.3867140710353851,1362.5670166015625,1.0733344054592646,35.20556528410607,0.5675469636917114,1157.1868896484375,1.0,2024,5.725872993469238,"{""type"":""Point"",""coordinates"":[35.20556528410607,1.0733344054592646]}"
2305,7.076403617858887,Trans,1770.0,20.60869598388672,0.3235112428665161,1640.1566162109375,1.2453105126988713,34.86916684486887,0.4772489070892334,915.8572387695312,6.0,2024,7.076403617858887,"{""type"":""Point"",""coordinates"":[34.86916684486887,1.2453105126988713]}"
2306,6.912744045257568,Trans,1874.0,24.756521224975582,0.4216849207878113,1472.4818115234375,1.0442453363869797,34.886515081315416,0.5673055648803711,914.8713989257812,1.0,2024,6.912744045257568,"{""type"":""Point"",""coordinates"":[34.886515081315416,1.0442453363869795]}"
2308,6.878134727478027,Trans,1841.0,25.1130428314209,0.4313531219959259,1472.4818115234375,1.0282960826885033,34.8984233811033,0.5564242005348206,914.8713989257812,1.0,2024,6.878134727478027,"{""type"":""Point"",""coordinates"":[34.8984233811033,1.0282960826885033]}"
2311,7.283318519592285,Trans,1872.0,23.6130428314209,0.4078506529331207,1640.1566162109375,1.1989973203910704,34.91753915302536,0.5506007075309753,964.7963256835938,1.0,2024,7.283318519592285,"{""type"":""Point"",""coordinates"":[34.91753915302536,1.1989973203910704]}"
2313,7.3595290184021,Trans,1913.0,24.265216827392575,0.3782328367233276,1372.1785888671875,1.146089254545113,35.00640374288084,0.5277367234230042,862.4269409179688,1.0,2024,7.3595290184021,"{""type"":""Point"",""coordinates"":[35.00640374288084,1.1460892545451127]}"
2317,6.075899600982666,Trans,1897.0,23.78695678710937,0.3772547841072082,1327.4505615234375,0.9834592645663592,35.1321112584802,0.5618072748184204,1042.0404052734375,4.0,2024,6.075899600982666,"{""type"":""Point"",""coordinates"":[35.1321112584802,0.9834592645663593]}"
2319,6.393362045288086,Trans,1938.0,22.713043212890625,0.3503077030181885,1448.66259765625,1.034913774979023,35.222609211343155,0.5466822385787964,1040.30517578125,1.0,2024,6.393362045288086,"{""type"":""Point"",""coordinates"":[35.222609211343155,1.034913774979023]}"
2320,7.547203063964844,Trans,1836.0,22.660869598388672,0.4246761500835418,1587.5098876953125,1.1128638462582163,34.90847717865035,0.6330962181091309,960.1989135742188,1.0,2024,7.547203063964844,"{""type"":""Point"",""coordinates"":[34.90847717865035,1.1128638462582165]}"
2322,6.64194393157959,Trans,2029.0,23.03043556213379,0.3844489157199859,1518.2637939453125,0.9850714639499488,35.27030676400402,0.5226126909255981,998.7577514648438,1.0,2024,6.64194393157959,"{""type"":""Point"",""coordinates"":[35.27030676400402,0.9850714639499487]}"
2324,7.162004470825195,Trans,1864.0,28.747825622558597,0.4180704057216644,1472.4818115234375,1.0464784476551894,34.91295916481174,0.5549795627593994,963.7658081054688,1.0,2024,7.162004470825195,"{""type"":""Point"",""coordinates"":[34.91295916481174,1.0464784476551894]}"
2326,6.526046276092529,Trans,1947.0,21.721738815307617,0.2758884727954864,1303.348388671875,1.2068190054223609,35.01417262431048,0.3585188686847687,1020.2589111328124,1.0,2024,6.526046276092529,"{""type"":""Point"",""coordinates"":[35.014172624310476,1.2068190054223609]}"
2329,7.104651927947998,Trans,1873.0,25.23043441772461,0.444663256406784,1587.5098876953125,1.0586843435620934,34.89557719528925,0.5772830247879028,908.87646484375,1.0,2024,7.104651927947998,"{""type"":""Point"",""coordinates"":[34.89557719528925,1.0586843435620934]}"
2335,6.8814873695373535,Trans,1924.0,22.826086044311523,0.3827190697193146,1532.4256591796875,1.1305878104009528,34.83387668618162,0.5256553292274475,853.085205078125,1.0,2024,6.8814873695373535,"{""type"":""Point"",""coordinates"":[34.83387668618162,1.1305878104009528]}"
2336,6.484175205230713,Trans,1856.0,23.13478279113769,0.3308464586734772,1327.4505615234375,0.9988132519215994,35.09447807497964,0.5065795183181763,994.4949951171876,1.0,2024,6.484175205230713,"{""type"":""Point"",""coordinates"":[35.09447807497964,0.9988132519215994]}"
2338,7.816786766052246,Trans,1849.0,22.973913192749023,0.3706740140914917,1372.1785888671875,1.0596538935634956,35.00640917041499,0.6119118332862854,885.8496704101562,1.0,2024,7.816786766052246,"{""type"":""Point"",""coordinates"":[35.00640917041499,1.0596538935634956]}"
2340,7.505461692810059,Trans,1919.0,24.21739196777344,0.3319835364818573,1372.1785888671875,1.11845115345667,35.032619525795305,0.4497392475605011,862.4269409179688,1.0,2024,7.505461692810059,"{""type"":""Point"",""coordinates"":[35.032619525795305,1.1184511534566701]}"
2342,6.585261821746826,Trans,1714.0,22.18260955810547,0.3599588871002197,1605.135986328125,0.8399266028461433,34.8203389319385,0.5180683732032776,968.0701904296876,1.0,2024,6.585261821746826,"{""type"":""Point"",""coordinates"":[34.8203389319385,0.8399266028461433]}"
2343,6.44159746170044,Trans,1907.0,25.2391300201416,0.3701185882091522,1217.0069580078125,1.155765494262437,35.073815795511564,0.5663578510284424,1066.3682861328125,1.0,2024,6.44159746170044,"{""type"":""Point"",""coordinates"":[35.073815795511564,1.155765494262437]}"
2349,7.126953125,Trans,1962.0,23.700000762939453,0.3529814481735229,1309.0179443359375,1.125502056089918,35.060583927698815,0.424037903547287,974.173583984375,1.0,2024,7.126953125,"{""type"":""Point"",""coordinates"":[35.060583927698815,1.125502056089918]}"
2351,6.218392372131348,Trans,2035.0,25.982608795166016,0.304006814956665,1532.4256591796875,1.0851230923442226,34.790989980991064,0.4920693933963775,888.1694946289062,1.0,2024,6.218392372131348,"{""type"":""Point"",""coordinates"":[34.790989980991064,1.0851230923442226]}"
2354,6.550748825073242,Trans,1926.0,22.81739044189453,0.3557166159152984,1619.9417724609375,0.9425465093168678,35.2800083215886,0.533312976360321,978.35693359375,4.0,2024,6.550748825073242,"{""type"":""Point"",""coordinates"":[35.280008321588596,0.9425465093168678]}"
2357,7.572673797607422,Trans,1829.0,23.452173233032227,0.3631596863269806,1587.5098876953125,1.1211015996568607,34.90916711574049,0.5890844464302063,960.1989135742188,1.0,2024,7.572673797607422,"{""type"":""Point"",""coordinates"":[34.90916711574049,1.1211015996568607]}"
2359,7.2901291847229,Trans,1874.0,23.6130428314209,0.3177420794963836,1640.1566162109375,1.1982661087044506,34.91592715823293,0.4432485997676849,964.7963256835938,1.0,2024,7.2901291847229,"{""type"":""Point"",""coordinates"":[34.91592715823293,1.1982661087044506]}"
2363,6.318752288818359,Trans,2163.0,24.126087188720703,0.3621757328510284,1451.5164794921875,0.926423816680378,34.78422860380348,0.6086292862892151,1013.508056640625,1.0,2024,6.318752288818359,"{""type"":""Point"",""coordinates"":[34.78422860380348,0.9264238166803779]}"
2369,7.202866554260254,Trans,1844.0,18.630434036254883,0.3088007271289825,1653.9757080078125,1.245276427141354,34.844611507874106,0.407995730638504,881.7891235351562,4.0,2024,7.202866554260254,"{""type"":""Point"",""coordinates"":[34.844611507874106,1.2452764271413541]}"
2370,6.865176200866699,Trans,1864.0,24.482608795166016,0.484073668718338,1327.4505615234375,0.9744590182118712,35.06756387794751,0.7322232127189636,994.4949951171876,1.0,2024,6.865176200866699,"{""type"":""Point"",""coordinates"":[35.06756387794751,0.9744590182118712]}"
2372,6.57167911529541,Trans,1970.0,22.978260040283203,0.3195253610610962,1303.348388671875,1.2166784899401153,35.00907415059771,0.5080560445785522,1020.2589111328124,1.0,2024,6.57167911529541,"{""type"":""Point"",""coordinates"":[35.00907415059771,1.2166784899401153]}"
2373,7.232838153839111,Trans,1851.0,19.204347610473636,0.230457916855812,1653.9757080078125,1.2420192641779857,34.837645622088665,0.3810493946075439,881.7891235351562,1.0,2024,7.232838153839111,"{""type"":""Point"",""coordinates"":[34.837645622088665,1.2420192641779857]}"
2377,6.40213680267334,Trans,2080.0,23.42173957824707,0.3477629721164703,1532.4256591796875,1.126041519917731,34.79969230868675,0.5242534279823303,876.7874755859375,1.0,2024,6.40213680267334,"{""type"":""Point"",""coordinates"":[34.79969230868675,1.126041519917731]}"
2381,6.913351058959961,Trans,1759.0,24.247825622558597,0.4026421904563904,1565.9140625,0.8644131028561962,34.85636405882159,0.5843115448951721,1008.7085571289062,1.0,2024,6.913351058959961,"{""type"":""Point"",""coordinates"":[34.85636405882159,0.8644131028561962]}"
2386,6.06736421585083,Trans,1906.0,22.11739158630371,0.419382631778717,1448.66259765625,0.9808013302175842,35.1528852519683,0.5301784873008728,1027.66796875,1.0,2024,6.06736421585083,"{""type"":""Point"",""coordinates"":[35.1528852519683,0.9808013302175842]}"
2387,7.068791389465332,Trans,1947.0,24.169565200805664,0.4022920727729797,1372.1785888671875,1.1484225940078567,35.032703473726386,0.4974347949028015,862.4269409179688,1.0,2024,7.068791389465332,"{""type"":""Point"",""coordinates"":[35.032703473726386,1.1484225940078567]}"
2392,6.679962158203125,Trans,2031.0,24.047826766967773,0.4189594089984894,1653.9757080078125,1.165025822459142,34.80468168161482,0.5805901885032654,878.5647583007812,1.0,2024,6.679962158203125,"{""type"":""Point"",""coordinates"":[34.80468168161482,1.1650258224591419]}"
2393,7.586741924285889,Trans,1827.0,22.978260040283203,0.4031523168087005,1372.1785888671875,1.0714312099636605,35.04330027102713,0.5699825286865234,885.8496704101562,1.0,2024,7.586741924285889,"{""type"":""Point"",""coordinates"":[35.04330027102713,1.0714312099636603]}"
2396,5.473328590393066,Trans,2365.0,25.56521797180176,0.5595902800559998,897.6917114257812,1.1244635963584784,34.745586828865584,0.6301491260528564,1047.058837890625,1.0,2024,5.473328590393066,"{""type"":""Point"",""coordinates"":[34.745586828865584,1.1244635963584784]}"
2400,7.50798225402832,Trans,1846.0,24.26956558227539,0.3760282695293426,1587.5098876953125,1.1038724478431472,34.90686829892334,0.540998101234436,960.1989135742188,1.0,2024,7.50798225402832,"{""type"":""Point"",""coordinates"":[34.90686829892334,1.1038724478431472]}"
2402,6.5518479347229,Trans,1804.0,25.352174758911133,0.3862287402153015,1339.5623779296875,0.9291815038697144,35.10736564813896,0.5552326440811157,964.28857421875,4.0,2024,6.5518479347229,"{""type"":""Point"",""coordinates"":[35.10736564813896,0.9291815038697145]}"
2403,6.594182968139648,Trans,1867.0,23.07826042175293,0.4600131809711456,1448.66259765625,0.9566890732750556,35.2383901535304,0.6409002542495728,1047.075927734375,1.0,2024,6.594182968139648,"{""type"":""Point"",""coordinates"":[35.2383901535304,0.9566890732750556]}"
2406,7.581031799316406,Trans,1841.0,24.278261184692383,0.3842050433158874,1587.5098876953125,1.0971154873700997,34.92261759613913,0.5223824977874756,961.76513671875,1.0,2024,7.581031799316406,"{""type"":""Point"",""coordinates"":[34.92261759613913,1.0971154873700997]}"
2407,7.5782294273376465,Trans,1843.0,22.50434875488281,0.3168772459030151,1587.5098876953125,1.0804789225112137,34.93456865090606,0.4927300810813904,961.76513671875,1.0,2024,7.5782294273376465,"{""type"":""Point"",""coordinates"":[34.93456865090606,1.0804789225112137]}"
2409,7.483563423156738,Trans,1857.0,22.40434837341309,0.3115729093551636,1640.1566162109375,1.151530849008398,34.89621250109466,0.4583684206008911,916.169677734375,1.0,2024,7.483563423156738,"{""type"":""Point"",""coordinates"":[34.89621250109466,1.151530849008398]}"
2410,6.320460319519043,Trans,1891.0,23.143478393554688,0.3563216030597687,1327.4505615234375,1.0330536635504957,35.1101270742928,0.5563236474990845,1019.4813842773438,1.0,2024,6.320460319519043,"{""type"":""Point"",""coordinates"":[35.1101270742928,1.0330536635504957]}"
2411,6.266748905181885,Trans,2044.0,24.052173614501957,0.3574113249778747,1362.5670166015625,1.0580543245914964,35.244492047110974,0.5624411106109619,1157.1868896484375,1.0,2024,6.266748905181885,"{""type"":""Point"",""coordinates"":[35.244492047110974,1.0580543245914964]}"
2412,7.284551620483398,Trans,1835.0,23.104347229003903,0.3706945478916168,1327.4505615234375,1.0332293223396662,35.05627957632536,0.6066500544548035,969.0385131835938,1.0,2024,7.284551620483398,"{""type"":""Point"",""coordinates"":[35.05627957632536,1.0332293223396662]}"
2413,6.5721540451049805,Trans,1947.0,23.873912811279297,0.3585396111011505,1303.348388671875,1.174543792252483,35.03696170035443,0.5346754193305969,860.8521118164062,1.0,2024,6.5721540451049805,"{""type"":""Point"",""coordinates"":[35.03696170035443,1.174543792252483]}"
2415,6.532137393951416,Trans,1867.0,23.352174758911133,0.3589968979358673,1309.0179443359375,1.1201807928431224,35.10200391572532,0.5514225363731384,1090.241455078125,1.0,2024,6.532137393951416,"{""type"":""Point"",""coordinates"":[35.10200391572532,1.1201807928431224]}"
2417,7.152880668640137,Trans,1868.0,26.31739044189453,0.3591354787349701,1640.1566162109375,1.1946447562823574,34.8574685618279,0.5186622142791748,916.169677734375,1.0,2024,7.152880668640137,"{""type"":""Point"",""coordinates"":[34.8574685618279,1.1946447562823574]}"
2419,7.566121101379394,Trans,1810.0,24.62173843383789,0.4454854726791382,1311.3265380859375,0.9873648219763452,34.97624025018922,0.6410502791404724,1077.162841796875,1.0,2024,7.566121101379394,"{""type"":""Point"",""coordinates"":[34.97624025018922,0.9873648219763452]}"
2420,7.84251594543457,Trans,1817.0,23.752174377441406,0.2905567586421966,1372.1785888671875,1.079288605577755,35.00088697114946,0.4605527520179748,885.8496704101562,1.0,2024,7.84251594543457,"{""type"":""Point"",""coordinates"":[35.00088697114946,1.079288605577755]}"
2422,6.907820701599121,Trans,1716.0,25.19130516052246,0.446926087141037,1565.9140625,0.8535010464765347,34.9086227594601,0.6746395230293274,986.4015502929688,1.0,2024,6.907820701599121,"{""type"":""Point"",""coordinates"":[34.9086227594601,0.8535010464765347]}"
2423,7.182961463928223,Trans,1860.0,20.17391395568848,0.3401342034339905,1653.9757080078125,1.2345128837009105,34.84461501348679,0.5000247359275818,881.7891235351562,4.0,2024,7.182961463928223,"{""type"":""Point"",""coordinates"":[34.84461501348679,1.2345128837009105]}"
2425,7.386261940002441,Trans,1852.0,22.626087188720703,0.3884797394275665,1587.5098876953125,1.077751287235524,34.911641693402906,0.4767990112304687,961.76513671875,1.0,2024,7.386261940002441,"{""type"":""Point"",""coordinates"":[34.911641693402906,1.077751287235524]}"
2426,6.828317165374756,Trans,1808.0,26.10869598388672,0.496904045343399,1327.4505615234375,1.0031865902608204,35.07525041877303,0.7113654613494873,969.0385131835938,1.0,2024,6.828317165374756,"{""type"":""Point"",""coordinates"":[35.07525041877303,1.0031865902608204]}"
2427,5.587806701660156,Trans,1926.0,24.38260841369629,0.3263797163963318,1362.5670166015625,1.0797738368150571,35.19130116982438,0.5611645579338074,1080.9871826171875,1.0,2024,5.587806701660156,"{""type"":""Point"",""coordinates"":[35.19130116982438,1.0797738368150573]}"
2430,6.45796012878418,Trans,1858.0,23.10869598388672,0.3579968512058258,1339.5623779296875,0.9332994345579216,35.12151519943867,0.5195390582084656,964.28857421875,1.0,2024,6.45796012878418,"{""type"":""Point"",""coordinates"":[35.12151519943867,0.9332994345579216]}"
2431,6.451827049255371,Trans,1964.0,23.552173614501957,0.3367373049259186,1415.5245361328125,0.9546736735701824,34.825597320249976,0.5060413479804993,959.7871704101562,1.0,2024,6.451827049255371,"{""type"":""Point"",""coordinates"":[34.825597320249976,0.9546736735701824]}"
2432,6.4997076988220215,Trans,1957.0,24.408695220947266,0.3875550031661987,1415.5245361328125,0.9758684893145888,34.81819456838602,0.5909287929534912,959.7871704101562,1.0,2024,6.4997076988220215,"{""type"":""Point"",""coordinates"":[34.81819456838602,0.9758684893145888]}"
2442,6.5658040046691895,Trans,1920.0,25.80434799194336,0.3752540946006775,1532.4256591796875,1.0745088109023306,34.81084873097087,0.5317084193229675,813.836669921875,1.0,2024,6.5658040046691895,"{""type"":""Point"",""coordinates"":[34.81084873097087,1.0745088109023306]}"
2443,6.602804660797119,Trans,2000.0,24.57391357421875,0.3494530022144317,1415.5245361328125,1.026827114563229,34.81355608221247,0.5106345415115356,849.1492919921875,1.0,2024,6.602804660797119,"{""type"":""Point"",""coordinates"":[34.81355608221247,1.026827114563229]}"
2446,7.713174819946289,Trans,1841.0,24.265216827392575,0.3347927331924438,1372.1785888671875,1.1258706019171685,34.969878777951806,0.4983782172203064,1015.1450805664062,1.0,2024,7.713174819946289,"{""type"":""Point"",""coordinates"":[34.969878777951806,1.1258706019171685]}"
2448,7.007154941558838,Trans,1773.0,22.17391395568848,0.3566609621047973,1565.9140625,0.8742209796535995,34.8664541124428,0.5094620585441589,1008.7085571289062,1.0,2024,7.007154941558838,"{""type"":""Point"",""coordinates"":[34.866454112442796,0.8742209796535995]}"
2451,6.967243671417236,Trans,1871.0,22.330434799194336,0.4323505461215973,1327.4505615234375,0.958474835271028,35.056654543709485,0.5242998600006104,994.4949951171876,1.0,2024,6.967243671417236,"{""type"":""Point"",""coordinates"":[35.056654543709485,0.9584748352710281]}"
2458,7.274660587310791,Trans,1849.0,23.752174377441406,0.2779400944709778,1587.5098876953125,1.1223720269487485,34.869746933950005,0.3693477213382721,896.3999633789062,1.0,2024,7.274660587310791,"{""type"":""Point"",""coordinates"":[34.869746933950005,1.1223720269487483]}"
2461,7.227070808410644,Trans,1830.0,23.447826385498047,0.3683275580406189,1309.0179443359375,1.0572901257314362,35.06491628022432,0.5313978791236877,961.5752563476562,1.0,2024,7.227070808410644,"{""type"":""Point"",""coordinates"":[35.06491628022432,1.0572901257314362]}"
2462,7.088669776916504,Trans,1852.0,24.69565200805664,0.4000006318092346,1472.4818115234375,1.0420999254470085,34.907984196944895,0.5389546155929565,963.7658081054688,1.0,2024,7.088669776916504,"{""type"":""Point"",""coordinates"":[34.907984196944895,1.0420999254470085]}"
2465,6.380441665649414,Trans,1889.0,22.84347915649414,0.4041914641857147,1448.66259765625,1.0229830633857293,35.20749970055319,0.6248134970664978,1040.30517578125,1.0,2024,6.380441665649414,"{""type"":""Point"",""coordinates"":[35.20749970055319,1.0229830633857293]}"
2473,6.204466342926025,Trans,1834.0,22.517391204833984,0.5060222744941711,1448.66259765625,0.9749071016032392,35.18053552794422,0.7083901166915894,1027.66796875,1.0,2024,6.204466342926025,"{""type"":""Point"",""coordinates"":[35.18053552794422,0.9749071016032391]}"
2474,5.673828601837158,Trans,2094.0,24.39130401611328,0.3725643157958984,1619.9417724609375,0.932028397085194,35.33446607752308,0.5310165882110596,992.7603759765624,4.0,2024,5.673828601837158,"{""type"":""Point"",""coordinates"":[35.33446607752308,0.932028397085194]}"
2484,6.608833312988281,Trans,1985.0,24.2608699798584,0.4192023873329162,1532.4256591796875,1.08002438130581,34.814750447844,0.5451642870903015,813.836669921875,1.0,2024,6.608833312988281,"{""type"":""Point"",""coordinates"":[34.814750447844,1.0800243813058101]}"
2485,6.694136142730713,Trans,1973.0,21.67391395568848,0.3703537285327911,1303.348388671875,1.1717712292821818,35.03052591428655,0.5378798842430115,860.8521118164062,1.0,2024,6.694136142730713,"{""type"":""Point"",""coordinates"":[35.03052591428655,1.1717712292821818]}"
2487,6.741558074951172,Trans,1797.0,23.930435180664062,0.4206939339637756,1565.9140625,0.92822678041873,34.87928119340823,0.5720707774162292,1014.7183227539062,1.0,2024,6.741558074951172,"{""type"":""Point"",""coordinates"":[34.87928119340823,0.9282267804187301]}"
2491,7.3615288734436035,Trans,1779.0,26.50434875488281,0.4087622761726379,1388.3951416015625,0.923859669286688,34.96232759922132,0.5412204265594482,1042.5777587890625,1.0,2024,7.3615288734436035,"{""type"":""Point"",""coordinates"":[34.96232759922132,0.923859669286688]}"
2492,7.21655797958374,Trans,1872.0,22.15652084350586,0.3530868291854858,1640.1566162109375,1.1860650709364446,34.86788482271692,0.5372516512870789,916.169677734375,1.0,2024,7.21655797958374,"{""type"":""Point"",""coordinates"":[34.86788482271692,1.1860650709364446]}"
2493,7.290041446685791,Trans,1869.0,22.704347610473636,0.3666099309921264,1587.5098876953125,1.052821223865989,34.920790908407454,0.6168800592422485,961.76513671875,1.0,2024,7.290041446685791,"{""type"":""Point"",""coordinates"":[34.920790908407454,1.052821223865989]}"
2494,7.716484069824219,Trans,1841.0,23.752174377441406,0.3118693232536316,1372.1785888671875,1.126319793443887,34.95998587212342,0.4525503814220428,1015.1450805664062,4.0,2024,7.716484069824219,"{""type"":""Point"",""coordinates"":[34.95998587212342,1.1263197934438873]}"
2502,5.669144630432129,Trans,1914.0,23.952173233032227,0.4340728223323822,1309.0179443359375,1.1321220303583623,35.141603773543665,0.6159651279449463,1090.241455078125,1.0,2024,5.669144630432129,"{""type"":""Point"",""coordinates"":[35.141603773543665,1.1321220303583623]}"
2503,6.858597278594971,Trans,2032.0,24.221738815307617,0.4428716599941253,1653.9757080078125,1.1816928225984615,34.8117242774508,0.5318514704704285,878.5647583007812,1.0,2024,6.858597278594971,"{""type"":""Point"",""coordinates"":[34.8117242774508,1.1816928225984615]}"
2504,6.457927703857422,Trans,1974.0,24.36956596374512,0.3645805418491363,1518.2637939453125,1.042944530977243,35.25737519577409,0.6105332374572754,994.1923217773438,1.0,2024,6.457927703857422,"{""type"":""Point"",""coordinates"":[35.25737519577409,1.042944530977243]}"
2506,7.562548637390137,Trans,1854.0,21.74347877502441,0.3232876062393188,1311.3265380859375,0.9768960668900843,34.99596957412091,0.4885052442550659,1077.162841796875,1.0,2024,7.562548637390137,"{""type"":""Point"",""coordinates"":[34.99596957412091,0.9768960668900843]}"
2508,7.756437301635742,Trans,1830.0,21.88260841369629,0.4184177815914154,1372.1785888671875,1.0742873092396583,34.96572429317321,0.5294679999351501,1014.598876953125,1.0,2024,7.756437301635742,"{""type"":""Point"",""coordinates"":[34.96572429317321,1.0742873092396583]}"
2513,6.361569404602051,Trans,2180.0,22.80434799194336,0.3310179710388183,1532.4256591796875,1.1489026317049242,34.784661624603025,0.4827080965042114,876.7874755859375,4.0,2024,6.361569404602051,"{""type"":""Point"",""coordinates"":[34.784661624603025,1.1489026317049242]}"
2515,6.351158618927002,Trans,1853.0,24.50434875488281,0.4474230110645294,1463.1514892578125,0.9286755965606998,35.20186697653431,0.6144809126853943,1050.580810546875,1.0,2024,6.351158618927002,"{""type"":""Point"",""coordinates"":[35.20186697653431,0.9286755965606998]}"
2516,6.662679672241211,Trans,1908.0,22.53478240966797,0.3561345636844635,1448.66259765625,0.9953112010506228,35.24003594851406,0.5323953032493591,1047.075927734375,1.0,2024,6.662679672241211,"{""type"":""Point"",""coordinates"":[35.24003594851406,0.9953112010506229]}"
2519,6.5814208984375,Trans,1860.0,27.517391204833984,0.4133590459823608,1472.4818115234375,1.0135402778748015,34.86677805352792,0.5863449573516846,914.8713989257812,1.0,2024,6.5814208984375,"{""type"":""Point"",""coordinates"":[34.86677805352792,1.0135402778748017]}"
2521,5.971504211425781,Trans,2366.0,23.995651245117188,0.3395083844661712,1227.42041015625,0.9398653149365712,34.74367185737198,0.5176747441291809,1105.9439697265625,1.0,2024,5.971504211425781,"{""type"":""Point"",""coordinates"":[34.74367185737198,0.9398653149365712]}"
2522,7.39610481262207,Trans,1819.0,21.69130516052246,0.3288603127002716,1388.3951416015625,0.941519928166106,34.9610030680878,0.4874902069568634,1042.5777587890625,1.0,2024,7.39610481262207,"{""type"":""Point"",""coordinates"":[34.9610030680878,0.9415199281661059]}"
2523,7.758003234863281,Trans,1821.0,23.3869571685791,0.3485749661922455,1372.1785888671875,1.1160402979184851,34.966449801568416,0.5804013013839722,1015.1450805664062,1.0,2024,7.758003234863281,"{""type"":""Point"",""coordinates"":[34.966449801568416,1.1160402979184851]}"
2524,6.10969352722168,Trans,1896.0,22.1130428314209,0.3580983877182007,1327.4505615234375,1.0178128974643268,35.12538148542711,0.4933398067951202,1019.4813842773438,1.0,2024,6.10969352722168,"{""type"":""Point"",""coordinates"":[35.12538148542711,1.0178128974643268]}"
2533,6.595480442047119,Trans,1722.0,24.069564819335938,0.3651965260505676,1605.135986328125,0.8360511684270274,34.82097230986257,0.5404582023620605,968.0701904296876,1.0,2024,6.595480442047119,"{""type"":""Point"",""coordinates"":[34.82097230986257,0.8360511684270274]}"
2534,7.806499481201172,Trans,1857.0,23.100000381469727,0.4117976427078247,1372.1785888671875,1.0528509437635452,35.00382821162913,0.5929891467094421,885.8496704101562,1.0,2024,7.806499481201172,"{""type"":""Point"",""coordinates"":[35.00382821162913,1.0528509437635452]}"
2537,7.407355308532715,Trans,1847.0,23.5,0.3556373715400696,1640.1566162109375,1.1792210238121914,34.908713414276804,0.4910869300365448,964.7963256835938,1.0,2024,7.407355308532715,"{""type"":""Point"",""coordinates"":[34.908713414276804,1.1792210238121914]}"
2538,7.272205352783203,Trans,1850.0,23.21739196777344,0.3384234011173248,1587.5098876953125,1.1155977654995104,34.87143781146857,0.461275964975357,896.3999633789062,1.0,2024,7.272205352783203,"{""type"":""Point"",""coordinates"":[34.87143781146857,1.1155977654995104]}"
2539,7.529521942138672,Trans,1834.0,23.30434799194336,0.421921819448471,1587.5098876953125,1.125570847598779,34.90067269612695,0.6006225943565369,960.1989135742188,1.0,2024,7.529521942138672,"{""type"":""Point"",""coordinates"":[34.90067269612695,1.125570847598779]}"
2541,6.357635974884033,Trans,1887.0,23.84347915649414,0.3951548933982849,1448.66259765625,1.013990728688166,35.199712349254646,0.5852046012878418,1040.30517578125,1.0,2024,6.357635974884033,"{""type"":""Point"",""coordinates"":[35.199712349254646,1.013990728688166]}"
2545,6.408996105194092,Trans,1864.0,20.74347877502441,0.3807210624217987,1463.1514892578125,0.9267785319470204,35.22110227979803,0.554585874080658,1050.580810546875,1.0,2024,6.408996105194092,"{""type"":""Point"",""coordinates"":[35.22110227979803,0.9267785319470205]}"
2546,6.142760276794434,Trans,1867.0,23.66521644592285,0.3370304703712463,1448.66259765625,0.9844206671222964,35.17153758615167,0.5586103796958923,1027.66796875,1.0,2024,6.142760276794434,"{""type"":""Point"",""coordinates"":[35.17153758615167,0.9844206671222963]}"
2548,6.857977867126465,Trans,2008.0,28.356521606445312,0.355789303779602,1653.9757080078125,1.1855231945355071,34.805866369774414,0.4768034517765045,878.5647583007812,1.0,2024,6.857977867126465,"{""type"":""Point"",""coordinates"":[34.805866369774414,1.1855231945355071]}"
2550,7.308653831481934,Trans,1868.0,22.67391395568848,0.1420933306217193,1640.1566162109375,1.1950734654055442,34.91426267115471,0.2172015458345413,964.7963256835938,1.0,2024,7.308653831481934,"{""type"":""Point"",""coordinates"":[34.91426267115471,1.1950734654055442]}"
2555,5.372609615325928,Trans,2078.0,24.00434875488281,0.344823271036148,1217.0069580078125,1.1722440020041855,35.14837329906954,0.5618171095848083,1211.0057373046875,1.0,2024,5.372609615325928,"{""type"":""Point"",""coordinates"":[35.14837329906954,1.1722440020041855]}"
2558,6.268856525421143,Trans,2262.0,24.19130516052246,0.3244863450527191,1451.5164794921875,0.9329407400555983,34.77138185217008,0.494218111038208,1013.508056640625,1.0,2024,6.268856525421143,"{""type"":""Point"",""coordinates"":[34.77138185217008,0.9329407400555985]}"
2561,6.064021587371826,Trans,2251.0,24.2608699798584,0.5371238589286804,1415.5245361328125,1.006787817641054,34.77232450995087,0.7395074963569641,954.0535278320312,1.0,2024,6.064021587371826,"{""type"":""Point"",""coordinates"":[34.77232450995087,1.006787817641054]}"
2563,7.202240943908691,Trans,1881.0,26.095651626586918,0.3737504184246063,1640.1566162109375,1.1754690047051757,34.86195485619603,0.4800335764884949,916.169677734375,1.0,2024,7.202240943908691,"{""type"":""Point"",""coordinates"":[34.86195485619603,1.1754690047051755]}"
2564,6.710455894470215,Trans,2010.0,22.54347801208496,0.3470685184001922,1532.4256591796875,1.1489338926387491,34.816712314746866,0.4738994836807251,853.085205078125,1.0,2024,6.710455894470215,"{""type"":""Point"",""coordinates"":[34.816712314746866,1.1489338926387493]}"
2570,7.689249515533447,Trans,1852.0,25.143478393554688,0.3884507119655609,1587.5098876953125,1.0921108045085202,34.94387962894956,0.5171295404434204,961.76513671875,4.0,2024,7.689249515533447,"{""type"":""Point"",""coordinates"":[34.94387962894956,1.0921108045085202]}"
2572,5.544400691986084,Trans,1870.0,24.92608642578125,0.4309820532798767,1362.5670166015625,1.103634165414127,35.159264343639094,0.5952653884887695,1263.162353515625,1.0,2024,5.544400691986084,"{""type"":""Point"",""coordinates"":[35.159264343639094,1.103634165414127]}"
2573,6.615931510925293,Trans,1895.0,23.600000381469727,0.338388055562973,1448.66259765625,0.99000342792023,35.230349132282825,0.5120809674263,1047.075927734375,1.0,2024,6.615931510925293,"{""type"":""Point"",""coordinates"":[35.230349132282825,0.9900034279202299]}"
2575,6.445641040802002,Trans,1871.0,22.399999618530277,0.379278689622879,1327.4505615234375,1.035825926291185,35.10336389254897,0.6100369691848755,1019.4813842773438,1.0,2024,6.445641040802002,"{""type"":""Point"",""coordinates"":[35.10336389254897,1.035825926291185]}"
2578,7.081138610839844,Trans,1879.0,24.486955642700195,0.4075682759284973,1653.9757080078125,1.1942679718855576,34.84265847893082,0.5225033760070801,878.5647583007812,1.0,2024,7.081138610839844,"{""type"":""Point"",""coordinates"":[34.84265847893082,1.1942679718855576]}"
2580,7.252649307250977,Trans,1852.0,22.895652770996094,0.3841492235660553,1640.1566162109375,1.2025800439253225,34.900538994259605,0.5496332049369812,972.9393310546876,1.0,2024,7.252649307250977,"{""type"":""Point"",""coordinates"":[34.900538994259605,1.2025800439253225]}"
2581,6.0329437255859375,Trans,1924.0,22.443477630615234,0.3191374242305755,1362.5670166015625,1.0546047402373748,35.20319744566243,0.5359424352645874,1157.1868896484375,1.0,2024,6.0329437255859375,"{""type"":""Point"",""coordinates"":[35.20319744566243,1.0546047402373748]}"
2582,6.042137145996094,Trans,1885.0,24.013044357299805,0.3588342070579529,1448.66259765625,1.002841307684085,35.15164547544153,0.5357025265693665,1005.9006958007812,1.0,2024,6.042137145996094,"{""type"":""Point"",""coordinates"":[35.15164547544153,1.002841307684085]}"
2584,7.151950836181641,Trans,1882.0,23.839130401611328,0.3199009597301483,1640.1566162109375,1.1659638003860149,34.854797164834935,0.4108579754829407,916.169677734375,1.0,2024,7.151950836181641,"{""type"":""Point"",""coordinates"":[34.854797164834935,1.1659638003860149]}"
2585,6.373333930969238,Trans,2073.0,23.0217399597168,0.2851400077342987,1451.5164794921875,0.9054894657538816,34.80690336169169,0.5002247095108032,1004.1910400390624,1.0,2024,6.373333930969238,"{""type"":""Point"",""coordinates"":[34.80690336169169,0.9054894657538815]}"
2587,6.50235652923584,Trans,1835.0,25.93913078308105,0.4093647301197052,1472.4818115234375,1.001044520252318,34.85853883723832,0.5643944144248962,914.8713989257812,1.0,2024,6.50235652923584,"{""type"":""Point"",""coordinates"":[34.85853883723832,1.001044520252318]}"
2588,6.554553508758545,Trans,1898.0,25.360870361328125,0.3824689090251922,1472.4818115234375,1.0090364948939898,34.85270784777719,0.5891602635383606,914.8713989257812,1.0,2024,6.554553508758545,"{""type"":""Point"",""coordinates"":[34.85270784777719,1.0090364948939898]}"
2591,7.676394462585449,Trans,1832.0,25.708696365356445,0.3625096678733825,1587.5098876953125,1.1033351127296358,34.9357549046762,0.4940305054187774,960.1989135742188,1.0,2024,7.676394462585449,"{""type"":""Point"",""coordinates"":[34.9357549046762,1.1033351127296358]}"
2594,6.094412326812744,Trans,1888.0,23.58695602416992,0.3361658751964569,1362.5670166015625,1.053896939427148,35.213162710685616,0.5315811038017273,1157.1868896484375,1.0,2024,6.094412326812744,"{""type"":""Point"",""coordinates"":[35.213162710685616,1.053896939427148]}"
2595,7.103120803833008,Trans,1884.0,25.66521644592285,0.3875865042209625,1587.5098876953125,1.1458963319051387,34.85043696741614,0.4786371290683746,896.3999633789062,1.0,2024,7.103120803833008,"{""type"":""Point"",""coordinates"":[34.85043696741614,1.1458963319051387]}"
2596,7.281430244445801,Trans,1842.0,26.830434799194336,0.3982353210449219,1472.4818115234375,1.0343872193186303,34.93024378833695,0.5619907975196838,963.7658081054688,1.0,2024,7.281430244445801,"{""type"":""Point"",""coordinates"":[34.93024378833695,1.0343872193186305]}"
2597,7.563340663909912,Trans,1901.0,21.30434799194336,0.3600476086139679,1311.3265380859375,0.9830653256313472,35.00748423653902,0.5189669728279114,943.7447509765624,1.0,2024,7.563340663909912,"{""type"":""Point"",""coordinates"":[35.00748423653902,0.9830653256313472]}"
2598,6.207768440246582,Trans,1892.0,23.3869571685791,0.4331226348876953,1217.0069580078125,1.187217379784309,35.05100858733151,0.5887972712516785,1066.3682861328125,1.0,2024,6.207768440246582,"{""type"":""Point"",""coordinates"":[35.05100858733151,1.187217379784309]}"
2599,7.682809352874756,Trans,1843.0,25.060869216918945,0.3708726763725281,1372.1785888671875,1.1259159910756862,34.98732654812224,0.513234555721283,1015.1450805664062,1.0,2024,7.682809352874756,"{""type"":""Point"",""coordinates"":[34.98732654812224,1.1259159910756862]}"
2600,6.437441825866699,Trans,1979.0,24.96521759033203,0.4078632593154907,1451.5164794921875,0.9084203534342332,34.81656637085418,0.5874965190887451,1004.1910400390624,1.0,2024,6.437441825866699,"{""type"":""Point"",""coordinates"":[34.81656637085418,0.9084203534342333]}"
2601,6.0298566818237305,Trans,2341.0,25.208696365356445,0.5950284600257874,1415.5245361328125,0.9541920531622304,34.75270189736057,0.7273605465888977,989.7182006835938,4.0,2024,6.0298566818237305,"{""type"":""Point"",""coordinates"":[34.75270189736057,0.9541920531622303]}"
2604,6.490619659423828,Trans,2029.0,25.356521606445312,0.3313611447811126,1415.5245361328125,0.9695416386744748,34.80882102914158,0.5414608716964722,959.7871704101562,1.0,2024,6.490619659423828,"{""type"":""Point"",""coordinates"":[34.80882102914158,0.9695416386744748]}"
2607,6.478427886962891,Trans,1945.0,23.373912811279297,0.4463265240192413,1448.66259765625,1.033176143650722,35.23545745839534,0.6555286049842834,1040.30517578125,1.0,2024,6.478427886962891,"{""type"":""Point"",""coordinates"":[35.23545745839534,1.033176143650722]}"
2608,6.489031791687012,Trans,1852.0,22.36956596374512,0.2049566209316253,1327.4505615234375,1.001344283911341,35.09428380654059,0.3534121215343475,969.0385131835938,1.0,2024,6.489031791687012,"{""type"":""Point"",""coordinates"":[35.09428380654059,1.0013442839113407]}"
2609,6.429346084594727,Trans,2003.0,20.752174377441406,0.3892596364021301,1518.2637939453125,0.959899412296906,35.29187281525896,0.5354620814323425,998.7577514648438,4.0,2024,6.429346084594727,"{""type"":""Point"",""coordinates"":[35.29187281525896,0.9598994122969061]}"
2613,6.3049821853637695,Trans,1873.0,23.178260803222656,0.342361569404602,1327.4505615234375,1.0189898348562167,35.10835799233885,0.51798015832901,1019.4813842773438,1.0,2024,6.3049821853637695,"{""type"":""Point"",""coordinates"":[35.10835799233885,1.0189898348562167]}"
2614,7.443910598754883,Trans,1896.0,24.09130477905273,0.4026111364364624,1303.348388671875,1.1574458598057469,34.97150779745781,0.5353483557701111,1049.634765625,1.0,2024,7.443910598754883,"{""type"":""Point"",""coordinates"":[34.97150779745781,1.1574458598057467]}"
2615,6.952584266662598,Trans,1853.0,19.09130477905273,0.3862471580505371,1794.15283203125,1.2518258792813068,34.91321192692033,0.4769782423973083,953.6435546875,6.0,2024,6.952584266662598,"{""type"":""Point"",""coordinates"":[34.91321192692033,1.2518258792813068]}"
2617,7.130882740020752,Trans,1883.0,22.30434799194336,0.3657848536968231,1653.9757080078125,1.2117831665871306,34.84982873122978,0.4849902391433716,881.7891235351562,1.0,2024,7.130882740020752,"{""type"":""Point"",""coordinates"":[34.84982873122978,1.2117831665871306]}"
2620,7.253156185150146,Trans,1934.0,21.973913192749023,0.2700502872467041,1640.1566162109375,1.1941256965096876,34.94570158197115,0.4236460030078888,964.7963256835938,1.0,2024,7.253156185150146,"{""type"":""Point"",""coordinates"":[34.94570158197115,1.1941256965096876]}"
2621,6.606550693511963,Trans,1926.0,26.21739196777344,0.369415819644928,1303.348388671875,1.165012079562749,35.04776399273772,0.5476248264312744,860.8521118164062,1.0,2024,6.606550693511963,"{""type"":""Point"",""coordinates"":[35.04776399273772,1.165012079562749]}"
2624,7.22789716720581,Trans,1936.0,23.76956558227539,0.3379822075366974,1640.1566162109375,1.2026551943907773,34.93561789830884,0.4495658576488495,972.9393310546876,1.0,2024,7.22789716720581,"{""type"":""Point"",""coordinates"":[34.93561789830884,1.2026551943907773]}"
2627,6.93607759475708,Trans,1890.0,25.978260040283203,0.3431067168712616,1532.4256591796875,1.0897743820751669,34.84427121330364,0.5335761904716492,813.836669921875,1.0,2024,6.93607759475708,"{""type"":""Point"",""coordinates"":[34.84427121330364,1.0897743820751669]}"
2628,7.225827693939209,Trans,1873.0,22.15652084350586,0.3804203867912292,1640.1566162109375,1.184490482376796,34.86858238959306,0.5320259928703308,916.169677734375,1.0,2024,7.225827693939209,"{""type"":""Point"",""coordinates"":[34.86858238959306,1.1844904823767959]}"
2630,7.44818115234375,Trans,1846.0,21.07391357421875,0.3617440462112427,1640.1566162109375,1.168803553623657,34.947592512625405,0.5239185094833374,964.7963256835938,1.0,2024,7.44818115234375,"{""type"":""Point"",""coordinates"":[34.947592512625405,1.168803553623657]}"
2633,5.327005386352539,Trans,2233.0,21.65217399597168,0.318796694278717,1518.2637939453125,0.9983979184663616,35.33118102636333,0.5047126412391663,1077.1812744140625,1.0,2024,5.327005386352539,"{""type"":""Point"",""coordinates"":[35.33118102636333,0.9983979184663616]}"
2634,6.833876609802246,Trans,1880.0,21.995651245117188,0.3951408267021179,1472.4818115234375,1.0447671083489554,34.871184693118025,0.5426506996154785,914.8713989257812,1.0,2024,6.833876609802246,"{""type"":""Point"",""coordinates"":[34.871184693118025,1.0447671083489554]}"
2635,7.294423103332519,Trans,2025.0,22.7391300201416,0.294112354516983,1653.9757080078125,1.2129214030724005,34.76766768106927,0.402659147977829,877.1436767578125,1.0,2024,7.294423103332519,"{""type"":""Point"",""coordinates"":[34.76766768106927,1.2129214030724005]}"
2647,6.812271595001221,Trans,1867.0,23.430435180664062,0.4213649034500122,1472.4818115234375,1.0416422662570166,34.87301181291098,0.5739439129829407,914.8713989257812,1.0,2024,6.812271595001221,"{""type"":""Point"",""coordinates"":[34.87301181291098,1.0416422662570166]}"
2650,6.901394844055176,Trans,1851.0,25.560869216918945,0.4575823545455932,1327.4505615234375,0.9769242060411896,35.06635701629228,0.6076131463050842,994.4949951171876,1.0,2024,6.901394844055176,"{""type"":""Point"",""coordinates"":[35.06635701629228,0.9769242060411896]}"
2651,7.620739459991455,Trans,1864.0,23.321739196777344,0.4078977108001709,1372.1785888671875,1.099379476006812,35.03629531169978,0.4328317940235138,885.8496704101562,1.0,2024,7.620739459991455,"{""type"":""Point"",""coordinates"":[35.03629531169978,1.099379476006812]}"
2656,6.975996494293213,Trans,1742.0,22.830434799194336,0.3705806732177734,1388.3951416015625,0.8809752874528751,34.96518716744349,0.5295095443725586,985.6636352539062,1.0,2024,6.975996494293213,"{""type"":""Point"",""coordinates"":[34.96518716744349,0.8809752874528751]}"
2657,7.102208137512207,Trans,1886.0,18.908695220947266,0.3866192400455475,1653.9757080078125,1.2057286122189126,34.83963932775469,0.5057268738746643,881.7891235351562,1.0,2024,7.102208137512207,"{""type"":""Point"",""coordinates"":[34.83963932775469,1.2057286122189126]}"
2663,6.512629985809326,Trans,1943.0,23.37826156616211,0.4055910110473633,1448.66259765625,1.0282756855271222,35.23365612653978,0.5543755888938904,1040.30517578125,1.0,2024,6.512629985809326,"{""type"":""Point"",""coordinates"":[35.23365612653978,1.0282756855271222]}"
2664,6.627294540405273,Trans,1712.0,26.81739044189453,0.3823223114013672,1605.135986328125,0.8189980191561066,34.83840668384862,0.5654677152633667,968.0701904296876,1.0,2024,6.627294540405273,"{""type"":""Point"",""coordinates"":[34.83840668384862,0.8189980191561066]}"
2665,7.209268093109131,Trans,1824.0,23.57826042175293,0.3108361959457397,1388.3951416015625,0.931023538043344,35.00822798094587,0.4402250349521637,873.1403198242188,1.0,2024,7.209268093109131,"{""type"":""Point"",""coordinates"":[35.00822798094587,0.9310235380433439]}"
2669,6.459972381591797,Trans,1823.0,21.856521606445312,0.4784948825836181,1327.4505615234375,0.955244839044214,35.09874105372831,0.5887948870658875,994.4949951171876,1.0,2024,6.459972381591797,"{""type"":""Point"",""coordinates"":[35.09874105372831,0.955244839044214]}"
2670,7.758510589599609,Trans,1841.0,22.63478279113769,0.3856538236141205,1372.1785888671875,1.0560956983597527,34.97587196600145,0.5019680261611938,1014.598876953125,1.0,2024,7.758510589599609,"{""type"":""Point"",""coordinates"":[34.97587196600145,1.0560956983597527]}"
2673,7.651759147644043,Trans,1818.0,20.660869598388672,0.3422183394432068,1311.3265380859375,1.008461107258789,34.98150651823652,0.4978235363960266,1003.5731201171876,1.0,2024,7.651759147644043,"{""type"":""Point"",""coordinates"":[34.98150651823652,1.008461107258789]}"
2675,5.739710330963135,Trans,1897.0,24.139129638671875,0.3483713567256927,1362.5670166015625,1.0716783466854682,35.17464672937699,0.4993686974048614,1080.9871826171875,1.0,2024,5.739710330963135,"{""type"":""Point"",""coordinates"":[35.17464672937699,1.0716783466854682]}"
2678,7.499415874481201,Trans,1852.0,21.247825622558597,0.4362066090106964,1372.1785888671875,1.1348532226309314,35.006813556519404,0.5908694863319397,862.4269409179688,1.0,2024,7.499415874481201,"{""type"":""Point"",""coordinates"":[35.006813556519404,1.1348532226309314]}"
2679,6.45239782333374,Trans,1974.0,26.55652236938477,0.3603354394435882,1415.5245361328125,0.95227172845323,34.82375602288272,0.6020528078079224,959.7871704101562,1.0,2024,6.45239782333374,"{""type"":""Point"",""coordinates"":[34.82375602288272,0.9522717284532299]}"
2680,7.71843957901001,Trans,1829.0,18.80434799194336,0.3545256555080414,1372.1785888671875,1.124065547349368,34.97573276254796,0.4910166561603546,1015.1450805664062,1.0,2024,7.71843957901001,"{""type"":""Point"",""coordinates"":[34.975732762547956,1.124065547349368]}"
2684,6.487246036529541,Trans,1881.0,24.72608757019043,0.3372310101985931,1415.5245361328125,0.9940806665916164,34.846947955410705,0.5480651259422302,959.7871704101562,1.0,2024,6.487246036529541,"{""type"":""Point"",""coordinates"":[34.846947955410705,0.9940806665916165]}"
2686,6.601086139678955,Trans,2049.0,23.96956443786621,0.3657718002796173,1653.9757080078125,1.1527276298721412,34.80464180885631,0.4800615310668945,878.5647583007812,1.0,2024,6.601086139678955,"{""type"":""Point"",""coordinates"":[34.80464180885631,1.1527276298721412]}"
2690,6.568634033203125,Trans,1930.0,23.947826385498047,0.3814490437507629,1303.348388671875,1.181574014947799,35.0284562528004,0.5464651584625244,860.8521118164062,1.0,2024,6.568634033203125,"{""type"":""Point"",""coordinates"":[35.028456252800396,1.1815740149477987]}"
2691,6.314406394958496,Trans,1881.0,23.143478393554688,0.3657812774181366,1327.4505615234375,1.030549609898644,35.10998508103976,0.4687861502170563,1019.4813842773438,1.0,2024,6.314406394958496,"{""type"":""Point"",""coordinates"":[35.10998508103976,1.030549609898644]}"
2695,6.032342433929443,Trans,1892.0,24.130434036254883,0.3268861174583435,1327.4505615234375,1.035863156193664,35.145195704058075,0.4869620203971863,1019.4813842773438,1.0,2024,6.032342433929443,"{""type"":""Point"",""coordinates"":[35.145195704058075,1.035863156193664]}"
2698,6.920470714569092,Trans,1926.0,20.991304397583008,0.4568726718425751,1532.4256591796875,1.141363720410468,34.835758139783,0.5521050095558167,853.085205078125,1.0,2024,6.920470714569092,"{""type"":""Point"",""coordinates"":[34.835758139783,1.141363720410468]}"
2703,6.892346858978272,Trans,1949.0,22.05652236938477,0.3768218457698822,1653.9757080078125,1.1543260182307424,34.83123473182083,0.441552996635437,878.5647583007812,1.0,2024,6.892346858978272,"{""type"":""Point"",""coordinates"":[34.83123473182083,1.1543260182307424]}"
2707,7.658576488494873,Trans,1838.0,26.908695220947266,0.4139849543571472,1372.1785888671875,1.0527089892680428,35.032754247529155,0.5541349649429321,885.8496704101562,1.0,2024,7.658576488494873,"{""type"":""Point"",""coordinates"":[35.032754247529155,1.0527089892680428]}"
2711,7.662014484405518,Trans,1852.0,20.88260841369629,0.407355397939682,1372.1785888671875,1.1355204173655409,34.960686692207524,0.5598387718200684,1015.1450805664062,1.0,2024,7.662014484405518,"{""type"":""Point"",""coordinates"":[34.960686692207524,1.1355204173655407]}"
2714,6.8319854736328125,Trans,1904.0,23.28695678710937,0.2860892713069916,1532.4256591796875,1.0615142187080435,34.84321823109961,0.4005683660507202,813.836669921875,1.0,2024,6.8319854736328125,"{""type"":""Point"",""coordinates"":[34.84321823109961,1.0615142187080437]}"
2715,7.526642799377441,Trans,1834.0,23.30434799194336,0.4032533466815948,1587.5098876953125,1.1277513840061786,34.900102693436864,0.6078885197639465,896.3999633789062,1.0,2024,7.526642799377441,"{""type"":""Point"",""coordinates"":[34.900102693436864,1.1277513840061786]}"
2718,6.186671257019043,Trans,2275.0,23.321739196777344,0.293635606765747,1415.5245361328125,0.9578391152484508,34.76455494002927,0.3916867673397064,989.7182006835938,1.0,2024,6.186671257019043,"{""type"":""Point"",""coordinates"":[34.76455494002927,0.9578391152484509]}"
2721,6.419405460357666,Trans,1862.0,24.799999237060547,0.3839478194713592,1415.5245361328125,0.963897490260382,34.84689414417973,0.5523119568824768,959.7871704101562,1.0,2024,6.419405460357666,"{""type"":""Point"",""coordinates"":[34.84689414417973,0.9638974902603821]}"
2723,6.644251823425293,Trans,1841.0,23.356521606445312,0.3910045027732849,1339.5623779296875,0.9299367623280578,35.08681285454018,0.563067615032196,951.3497924804688,1.0,2024,6.644251823425293,"{""type"":""Point"",""coordinates"":[35.08681285454018,0.9299367623280578]}"
2729,6.705175399780273,Trans,1748.0,24.704347610473636,0.4712969064712524,1687.8226318359375,0.8269937950332704,34.85699409279148,0.6613382697105408,988.6344604492188,1.0,2024,6.705175399780273,"{""type"":""Point"",""coordinates"":[34.85699409279148,0.8269937950332704]}"
2730,6.281002998352051,Trans,1823.0,22.80434799194336,0.3569050133228302,1463.1514892578125,0.9389090589743176,35.163444550758776,0.5356515049934387,999.2210693359376,1.0,2024,6.281002998352051,"{""type"":""Point"",""coordinates"":[35.163444550758776,0.9389090589743176]}"
2733,6.922163963317871,Trans,1794.0,25.69565200805664,0.4783269762992859,1687.8226318359375,0.847215290336222,34.88172730479387,0.5271468162536621,988.6344604492188,1.0,2024,6.922163963317871,"{""type"":""Point"",""coordinates"":[34.88172730479387,0.847215290336222]}"
2735,7.569148063659668,Trans,1868.0,22.03478240966797,0.4174029231071472,1372.1785888671875,1.0991237239273934,35.041855335149066,0.5922261476516724,885.8496704101562,1.0,2024,7.569148063659668,"{""type"":""Point"",""coordinates"":[35.041855335149066,1.0991237239273934]}"
2737,6.333293437957764,Trans,1873.0,23.452173233032227,0.310155987739563,1339.5623779296875,0.9431566408023108,35.12841893235809,0.5053043365478516,964.28857421875,1.0,2024,6.333293437957764,"{""type"":""Point"",""coordinates"":[35.12841893235809,0.9431566408023108]}"
2739,7.162117004394531,Trans,1905.0,25.443477630615234,0.4085632264614105,1372.1785888671875,1.1435479847636798,35.03322632586251,0.5038798451423645,862.4269409179688,1.0,2024,7.162117004394531,"{""type"":""Point"",""coordinates"":[35.03322632586251,1.1435479847636798]}"
2740,6.161008834838867,Trans,2039.0,25.295652389526367,0.3119480311870575,1532.4256591796875,1.0878780560931391,34.78871769341422,0.5310432314872742,888.1694946289062,1.0,2024,6.161008834838867,"{""type"":""Point"",""coordinates"":[34.78871769341422,1.0878780560931391]}"
2746,5.856848239898682,Trans,1887.0,24.90434837341309,0.4551723301410675,1309.0179443359375,1.142650096112837,35.126488897326915,0.6437109112739563,1090.241455078125,1.0,2024,5.856848239898682,"{""type"":""Point"",""coordinates"":[35.126488897326915,1.142650096112837]}"
2747,6.215972900390625,Trans,2155.0,26.795652389526367,0.2884591817855835,1532.4256591796875,1.0646590428598812,34.78918681260771,0.5229383707046509,888.1694946289062,1.0,2024,6.215972900390625,"{""type"":""Point"",""coordinates"":[34.78918681260771,1.0646590428598812]}"
2748,7.313843250274658,Trans,1861.0,21.830434799194336,0.3079103827476501,1653.9757080078125,1.2388153205856087,34.8223398113344,0.4381426572799682,881.7891235351562,1.0,2024,7.313843250274658,"{""type"":""Point"",""coordinates"":[34.8223398113344,1.2388153205856087]}"
2751,7.224406242370605,Trans,1830.0,22.895652770996094,0.4115646779537201,1388.3951416015625,0.9429465350403408,35.019921920159774,0.5863016843795776,873.1403198242188,1.0,2024,7.224406242370605,"{""type"":""Point"",""coordinates"":[35.019921920159774,0.9429465350403408]}"
2752,6.508181095123291,Trans,1907.0,23.752174377441406,0.4216855764389038,1448.66259765625,0.9519372981495002,35.22726284445202,0.6330132484436035,1047.075927734375,1.0,2024,6.508181095123291,"{""type"":""Point"",""coordinates"":[35.22726284445202,0.9519372981495002]}"
2755,6.633196830749512,Trans,2048.0,24.721738815307617,0.2911706268787384,1518.2637939453125,1.009098415843352,35.26134762249954,0.4959230720996856,994.1923217773438,1.0,2024,6.633196830749512,"{""type"":""Point"",""coordinates"":[35.26134762249954,1.009098415843352]}"
2756,6.812664031982422,Trans,1817.0,27.930435180664062,0.4045296907424927,1565.9140625,0.93329541627805,34.89184117607503,0.5198246240615845,1014.7183227539062,1.0,2024,6.812664031982422,"{""type"":""Point"",""coordinates"":[34.89184117607503,0.9332954162780501]}"
2758,6.56126880645752,Trans,1778.0,24.53913116455078,0.4025567770004272,1565.9140625,0.9477064425175572,34.87718713805596,0.5662477016448975,1014.7183227539062,1.0,2024,6.56126880645752,"{""type"":""Point"",""coordinates"":[34.87718713805596,0.9477064425175571]}"
2760,7.202858924865723,Trans,1844.0,20.65217399597168,0.3870058059692383,1653.9757080078125,1.2303019881387158,34.83521079522323,0.54768306016922,881.7891235351562,1.0,2024,7.202858924865723,"{""type"":""Point"",""coordinates"":[34.83521079522323,1.2303019881387158]}"
2762,7.719412326812744,Trans,1893.0,20.93913078308105,0.3346517384052276,1311.3265380859375,1.0287732983785818,35.01301476575028,0.5174029469490051,895.3138427734375,1.0,2024,7.719412326812744,"{""type"":""Point"",""coordinates"":[35.01301476575028,1.0287732983785818]}"
2763,6.096550941467285,Trans,1912.0,21.93913078308105,0.401213675737381,1362.5670166015625,1.0506319811052334,35.20564509921345,0.5706406235694885,1157.1868896484375,1.0,2024,6.096550941467285,"{""type"":""Point"",""coordinates"":[35.20564509921345,1.0506319811052334]}"
2767,6.598622798919678,Trans,1942.0,22.28260803222656,0.2563630044460296,1532.4256591796875,1.1195541502913469,34.814031262946635,0.4002222120761871,853.085205078125,1.0,2024,6.598622798919678,"{""type"":""Point"",""coordinates"":[34.814031262946635,1.1195541502913469]}"
2768,7.299296855926514,Trans,1781.0,23.10869598388672,0.445365697145462,1388.3951416015625,0.9087092913973074,34.959116760926946,0.5451047420501709,1042.5777587890625,1.0,2024,7.299296855926514,"{""type"":""Point"",""coordinates"":[34.959116760926946,0.9087092913973074]}"
2771,7.342150688171387,Trans,1883.0,24.234783172607425,0.403738409280777,1640.1566162109375,1.1883642291065215,34.93314520045556,0.5277566313743591,964.7963256835938,1.0,2024,7.342150688171387,"{""type"":""Point"",""coordinates"":[34.933145200455556,1.1883642291065215]}"
2773,6.637065410614014,Trans,1931.0,24.60869598388672,0.3665383160114288,1303.348388671875,1.1827607478424196,35.022259952100185,0.5437787175178528,860.8521118164062,1.0,2024,6.637065410614014,"{""type"":""Point"",""coordinates"":[35.022259952100185,1.1827607478424196]}"
2774,7.566648006439209,Trans,1836.0,22.22608757019043,0.3861691057682037,1587.5098876953125,1.1036861358313668,34.916304600524256,0.4910680651664734,960.1989135742188,1.0,2024,7.566648006439209,"{""type"":""Point"",""coordinates"":[34.916304600524256,1.1036861358313668]}"
2780,7.423379898071289,Trans,1835.0,21.91304397583008,0.4041613042354584,1587.5098876953125,1.0730988346002843,34.919402866577904,0.5834862589836121,961.76513671875,1.0,2024,7.423379898071289,"{""type"":""Point"",""coordinates"":[34.919402866577904,1.0730988346002845]}"
2782,7.049844741821289,Trans,1804.0,23.03478240966797,0.3839612603187561,1565.9140625,0.8967912081931365,34.883206947613,0.5741715431213379,1008.7085571289062,1.0,2024,7.049844741821289,"{""type"":""Point"",""coordinates"":[34.883206947613,0.8967912081931365]}"
2783,6.004417419433594,Trans,2114.0,28.082609176635746,0.3033857941627502,1532.4256591796875,1.087790285156766,34.78158657693747,0.5140542984008789,888.1694946289062,1.0,2024,6.004417419433594,"{""type"":""Point"",""coordinates"":[34.78158657693747,1.087790285156766]}"
2791,7.035614967346191,Trans,1926.0,22.517391204833984,0.3915516138076782,1309.0179443359375,1.13227790474678,35.06010153944569,0.5966269373893738,974.173583984375,1.0,2024,7.035614967346191,"{""type"":""Point"",""coordinates"":[35.06010153944569,1.13227790474678]}"
2794,7.234766960144043,Trans,1830.0,22.13478279113769,0.4027392566204071,1327.4505615234375,0.9965947549194374,35.050312916700214,0.6075602769851685,994.4949951171876,1.0,2024,7.234766960144043,"{""type"":""Point"",""coordinates"":[35.050312916700214,0.9965947549194374]}"
2797,7.399291515350342,Trans,1848.0,22.1130428314209,0.4110709428787231,1640.1566162109375,1.157130295687759,34.884635511137894,0.5116925835609436,916.169677734375,1.0,2024,7.399291515350342,"{""type"":""Point"",""coordinates"":[34.884635511137894,1.157130295687759]}"
2799,7.149111747741699,Trans,1784.0,22.895652770996094,0.445313423871994,1388.3951416015625,0.9067588115330912,34.9844323141382,0.602471113204956,1042.5777587890625,1.0,2024,7.149111747741699,"{""type"":""Point"",""coordinates"":[34.9844323141382,0.9067588115330911]}"
2800,7.12930154800415,Trans,1941.0,19.443477630615234,0.3804003894329071,1640.1566162109375,1.2174879708846806,34.93342392684527,0.4635453522205353,972.9393310546876,1.0,2024,7.12930154800415,"{""type"":""Point"",""coordinates"":[34.93342392684527,1.2174879708846806]}"
2801,6.533920764923096,Trans,1942.0,23.947826385498047,0.3873662650585174,1303.348388671875,1.1821650217399804,35.031080170808565,0.5900353789329529,860.8521118164062,1.0,2024,6.533920764923096,"{""type"":""Point"",""coordinates"":[35.031080170808565,1.1821650217399804]}"
2802,7.122653961181641,Trans,1871.0,22.10869598388672,0.348956823348999,1587.5098876953125,1.13365462874136,34.85358404838347,0.4649875462055206,896.3999633789062,1.0,2024,7.122653961181641,"{""type"":""Point"",""coordinates"":[34.85358404838347,1.13365462874136]}"
2804,6.493753433227539,Trans,1711.0,28.03913116455078,0.5294254422187805,1605.135986328125,0.8456546363727313,34.81037924393065,0.7241086363792419,968.0701904296876,1.0,2024,6.493753433227539,"{""type"":""Point"",""coordinates"":[34.81037924393065,0.8456546363727313]}"
2805,5.361212730407715,Trans,1890.0,25.352174758911133,0.4255471229553222,1362.5670166015625,1.1030885964657602,35.174064411460584,0.6826784014701843,1263.162353515625,1.0,2024,5.361212730407715,"{""type"":""Point"",""coordinates"":[35.174064411460584,1.1030885964657602]}"
2810,6.601288318634033,Trans,1957.0,25.0217399597168,0.289068192243576,1415.5245361328125,1.0128386276426236,34.83385860817242,0.4558587372303009,849.1492919921875,1.0,2024,6.601288318634033,"{""type"":""Point"",""coordinates"":[34.83385860817242,1.0128386276426236]}"
2812,6.437509059906006,Trans,1844.0,21.36956596374512,0.3804059028625488,1339.5623779296875,0.933829037418701,35.1245782481036,0.5987090468406677,964.28857421875,1.0,2024,6.437509059906006,"{""type"":""Point"",""coordinates"":[35.124578248103596,0.933829037418701]}"
2814,6.211884021759033,Trans,1829.0,24.0,0.3818430602550506,1448.66259765625,0.9512551026325872,35.16924807764377,0.5305423140525818,1027.66796875,1.0,2024,6.211884021759033,"{""type"":""Point"",""coordinates"":[35.16924807764377,0.9512551026325871]}"
2816,6.443169593811035,Trans,2070.0,24.373912811279297,0.470343142747879,1415.5245361328125,1.002131671091919,34.79435168120108,0.6807926893234253,954.0535278320312,1.0,2024,6.443169593811035,"{""type"":""Point"",""coordinates"":[34.79435168120108,1.002131671091919]}"
2818,6.516437530517578,Trans,1953.0,22.700000762939453,0.3350841403007507,1303.348388671875,1.1783240865428222,35.03685057482252,0.4859779477119446,860.8521118164062,1.0,2024,6.516437530517578,"{""type"":""Point"",""coordinates"":[35.03685057482252,1.1783240865428222]}"
2824,7.024271488189697,Trans,1754.0,22.252174377441406,0.2996019124984741,1565.9140625,0.8666013421791321,34.92445066478876,0.4335854053497314,986.4015502929688,1.0,2024,7.024271488189697,"{""type"":""Point"",""coordinates"":[34.92445066478876,0.8666013421791321]}"
2833,6.212081909179688,Trans,1899.0,21.017391204833984,0.3475313186645508,1327.4505615234375,0.9909756019246344,35.11328517664201,0.5639349222183228,1042.0404052734375,1.0,2024,6.212081909179688,"{""type"":""Point"",""coordinates"":[35.11328517664201,0.9909756019246343]}"
2834,6.896536350250244,Trans,1915.0,21.00434875488281,0.2483757585287094,1587.5098876953125,1.0611616249594384,34.85757564402291,0.3931758999824524,908.87646484375,1.0,2024,6.896536350250244,"{""type"":""Point"",""coordinates"":[34.85757564402291,1.0611616249594384]}"
2839,6.72006368637085,Trans,2081.0,20.595651626586918,0.2649669945240021,1653.9757080078125,1.178618311986616,34.78660736479543,0.398531973361969,878.0504150390625,1.0,2024,6.72006368637085,"{""type"":""Point"",""coordinates"":[34.78660736479543,1.178618311986616]}"
2842,6.919578552246094,Trans,1877.0,21.96521759033203,0.3921643197536468,1327.4505615234375,1.0473935494286597,35.07989003499286,0.5897026658058167,969.0385131835938,1.0,2024,6.919578552246094,"{""type"":""Point"",""coordinates"":[35.07989003499286,1.0473935494286595]}"
2846,6.779204368591309,Trans,1777.0,25.1130428314209,0.4865626096725464,1472.4818115234375,0.9874486025222182,34.90788046030909,0.6452323198318481,984.7139892578124,1.0,2024,6.779204368591309,"{""type"":""Point"",""coordinates"":[34.90788046030909,0.9874486025222182]}"
2848,7.31579065322876,Trans,1898.0,23.28260803222656,0.3401978611946106,1640.1566162109375,1.1888536879383362,34.940371810663144,0.4749365150928497,964.7963256835938,1.0,2024,7.31579065322876,"{""type"":""Point"",""coordinates"":[34.940371810663144,1.1888536879383362]}"
2851,6.000495433807373,Trans,1869.0,24.473913192749023,0.3644877076148987,1448.66259765625,1.0474760231599864,35.17794634730645,0.5412543416023254,1005.9006958007812,1.0,2024,6.000495433807373,"{""type"":""Point"",""coordinates"":[35.17794634730645,1.0474760231599864]}"
2852,6.083771705627441,Trans,1875.0,22.060869216918945,0.2581037282943725,1448.66259765625,1.0422303776571924,35.18560059175778,0.4299658536911011,1005.9006958007812,1.0,2024,6.083771705627441,"{""type"":""Point"",""coordinates"":[35.18560059175778,1.0422303776571924]}"
2858,7.091183185577393,Trans,1890.0,22.943477630615234,0.4289607405662536,1653.9757080078125,1.2066100752504287,34.83189988071866,0.5696864724159241,881.7891235351562,1.0,2024,7.091183185577393,"{""type"":""Point"",""coordinates"":[34.83189988071866,1.2066100752504287]}"
2859,5.719234466552734,Trans,2556.0,26.213043212890625,0.4610786139965057,897.6917114257812,1.137149690287768,34.74667464500144,0.5847481489181519,1047.058837890625,4.0,2024,5.719234466552734,"{""type"":""Point"",""coordinates"":[34.74667464500144,1.137149690287768]}"
2860,6.437406063079834,Trans,1916.0,23.04347801208496,0.3061902225017547,1448.66259765625,0.961369298540037,35.21310807731627,0.4897581338882446,1047.075927734375,1.0,2024,6.437406063079834,"{""type"":""Point"",""coordinates"":[35.21310807731627,0.961369298540037]}"
2862,7.271204948425293,Trans,2088.0,24.373912811279297,0.3473511636257171,1653.9757080078125,1.208604391218891,34.75506049361847,0.5507807731628418,877.1436767578125,1.0,2024,7.271204948425293,"{""type"":""Point"",""coordinates"":[34.75506049361847,1.208604391218891]}"
2863,7.519845008850098,Trans,1846.0,22.46086883544922,0.4062645435333252,1587.5098876953125,1.0917072824528349,34.9167178008916,0.5538479089736938,961.76513671875,1.0,2024,7.519845008850098,"{""type"":""Point"",""coordinates"":[34.9167178008916,1.0917072824528349]}"
2865,7.147782325744629,Trans,1903.0,21.356521606445312,0.4078811407089233,1653.9757080078125,1.216545182367902,34.82767123329526,0.5055215954780579,881.7891235351562,1.0,2024,7.147782325744629,"{""type"":""Point"",""coordinates"":[34.82767123329526,1.216545182367902]}"
2866,6.3277082443237305,Trans,1933.0,22.5217399597168,0.3886283040046692,1303.348388671875,1.214086098785362,35.02890650989752,0.5651273727416992,1020.2589111328124,1.0,2024,6.3277082443237305,"{""type"":""Point"",""coordinates"":[35.02890650989752,1.2140860987853621]}"
2874,6.966061115264893,Trans,1830.0,24.91304397583008,0.3215523660182953,1327.4505615234375,1.030613670520975,35.073595937912344,0.4629239737987518,969.0385131835938,1.0,2024,6.966061115264893,"{""type"":""Point"",""coordinates"":[35.073595937912344,1.030613670520975]}"
2877,5.666529655456543,Trans,2059.0,24.39130401611328,0.3066598773002624,1619.9417724609375,0.9312628398858624,35.33603971259573,0.456529825925827,992.7603759765624,4.0,2024,5.666529655456543,"{""type"":""Point"",""coordinates"":[35.33603971259573,0.9312628398858624]}"
2878,6.707246780395508,Trans,1838.0,24.660869598388672,0.3674911856651306,1327.4505615234375,0.9707575531580358,35.078042755294845,0.5420008897781372,994.4949951171876,1.0,2024,6.707246780395508,"{""type"":""Point"",""coordinates"":[35.078042755294845,0.9707575531580358]}"
2879,7.458346366882324,Trans,1851.0,24.721738815307617,0.3931572437286377,1640.1566162109375,1.1514818179074873,34.89154404064634,0.5260454416275024,916.169677734375,1.0,2024,7.458346366882324,"{""type"":""Point"",""coordinates"":[34.89154404064634,1.1514818179074873]}"
2880,7.698395252227783,Trans,1837.0,22.60869598388672,0.3829188644886017,1372.1785888671875,1.1075158339786495,35.019747040154144,0.5572552680969238,862.4269409179688,1.0,2024,7.698395252227783,"{""type"":""Point"",""coordinates"":[35.019747040154144,1.1075158339786495]}"
2884,6.08202075958252,Trans,1914.0,24.952173233032227,0.2841053903102875,1327.4505615234375,0.9956769894521575,35.12749087632227,0.4421546757221222,1042.0404052734375,1.0,2024,6.08202075958252,"{""type"":""Point"",""coordinates"":[35.12749087632227,0.9956769894521575]}"
2886,6.32135820388794,Trans,1837.0,23.34347915649414,0.3688189089298248,1463.1514892578125,0.9336277817384998,35.163965476305336,0.5650299191474915,999.2210693359376,1.0,2024,6.32135820388794,"{""type"":""Point"",""coordinates"":[35.163965476305336,0.9336277817384998]}"
2888,6.951685905456543,Trans,1912.0,22.7608699798584,0.3109512031078338,1532.4256591796875,1.132448376464896,34.839062036091484,0.4843811392784118,853.085205078125,1.0,2024,6.951685905456543,"{""type"":""Point"",""coordinates"":[34.839062036091484,1.132448376464896]}"
2901,7.259611129760742,Trans,1885.0,21.417390823364254,0.338346779346466,1640.1566162109375,1.2019509457115165,34.91172625566512,0.4891740381717682,972.9393310546876,1.0,2024,7.259611129760742,"{""type"":""Point"",""coordinates"":[34.911726255665116,1.2019509457115165]}"
2902,7.399869441986084,Trans,1839.0,21.89130401611328,0.3972226083278656,1311.3265380859375,0.9580580852781648,34.9590884238084,0.5682459473609924,1077.162841796875,1.0,2024,7.399869441986084,"{""type"":""Point"",""coordinates"":[34.9590884238084,0.9580580852781649]}"
2908,6.602344989776611,Trans,2199.0,20.626087188720703,0.229371502995491,1653.9757080078125,1.1707158033606806,34.78304564720905,0.4045253694057464,878.0504150390625,1.0,2024,6.602344989776611,"{""type"":""Point"",""coordinates"":[34.78304564720905,1.1707158033606806]}"
2910,6.750970363616943,Trans,1846.0,22.986955642700195,0.436497688293457,1339.5623779296875,0.9284320200069016,35.06726410812193,0.6259397268295288,951.3497924804688,1.0,2024,6.750970363616943,"{""type"":""Point"",""coordinates"":[35.06726410812193,0.9284320200069015]}"
2912,5.909809589385986,Trans,1896.0,22.72608757019043,0.3498750329017639,1362.5670166015625,1.0572955356000668,35.16752248382224,0.5559229850769043,1080.9871826171875,1.0,2024,5.909809589385986,"{""type"":""Point"",""coordinates"":[35.16752248382224,1.0572955356000668]}"
2913,6.417031764984131,Trans,1794.0,26.547826766967773,0.3468551635742187,1472.4818115234375,0.9778157253861052,34.86211027177938,0.5681964755058289,941.492431640625,1.0,2024,6.417031764984131,"{""type"":""Point"",""coordinates"":[34.86211027177938,0.9778157253861051]}"
2917,6.875618934631348,Trans,1945.0,19.547826766967773,0.365444004535675,1303.348388671875,1.2320989845758357,34.97436965717031,0.500010073184967,1109.6043701171875,6.0,2024,6.875618934631348,"{""type"":""Point"",""coordinates"":[34.97436965717031,1.2320989845758357]}"
2920,5.994746208190918,Trans,1917.0,22.36956596374512,0.3360478579998016,1309.0179443359375,1.146421329583111,35.114762705194494,0.5012373328208923,1090.241455078125,1.0,2024,5.994746208190918,"{""type"":""Point"",""coordinates"":[35.114762705194494,1.146421329583111]}"
2922,7.229727745056152,Trans,1878.0,24.23043441772461,0.383727103471756,1303.348388671875,1.18258115255964,34.96665848223315,0.5304688811302185,1049.634765625,1.0,2024,7.229727745056152,"{""type"":""Point"",""coordinates"":[34.96665848223315,1.18258115255964]}"
2931,7.744958877563477,Trans,1828.0,21.81304359436035,0.3395114839076996,1372.1785888671875,1.1201983884185769,34.972980424937155,0.4615025818347931,1015.1450805664062,1.0,2024,7.744958877563477,"{""type"":""Point"",""coordinates"":[34.972980424937155,1.1201983884185769]}"
2934,5.583146095275879,Trans,2220.0,20.80869483947754,0.3590697646141052,1532.4256591796875,1.082412482365309,34.764945824860256,0.5115013718605042,888.1694946289062,1.0,2024,5.583146095275879,"{""type"":""Point"",""coordinates"":[34.764945824860256,1.082412482365309]}"
2937,6.541925430297852,Trans,1891.0,24.647825241088867,0.3052952885627746,1472.4818115234375,1.0069331234469965,34.850306793530855,0.5065993070602417,914.8713989257812,1.0,2024,6.541925430297852,"{""type"":""Point"",""coordinates"":[34.850306793530855,1.0069331234469965]}"
2940,6.008810043334961,Trans,1894.0,22.45652198791504,0.4241440296173095,1448.66259765625,1.048563517872357,35.18300108744557,0.5919654369354248,1005.9006958007812,1.0,2024,6.008810043334961,"{""type"":""Point"",""coordinates"":[35.18300108744557,1.048563517872357]}"
2942,6.613564968109131,Trans,1851.0,22.71739196777344,0.3214165568351745,1339.5623779296875,0.9373363114749734,35.08822691988131,0.4595095813274383,951.3497924804688,1.0,2024,6.613564968109131,"{""type"":""Point"",""coordinates"":[35.08822691988131,0.9373363114749734]}"
2946,6.479679107666016,Trans,1917.0,26.208696365356445,0.4044463038444519,1451.5164794921875,0.9273290911333146,34.83010742279778,0.5779539942741394,1004.1910400390624,1.0,2024,6.479679107666016,"{""type"":""Point"",""coordinates"":[34.83010742279778,0.9273290911333146]}"
2952,6.5516462326049805,Trans,1986.0,25.943477630615234,0.3680157363414764,1532.4256591796875,1.0901810881981002,34.81149955854681,0.4566473662853241,813.836669921875,1.0,2024,6.5516462326049805,"{""type"":""Point"",""coordinates"":[34.81149955854681,1.0901810881981002]}"
2954,7.499289512634277,Trans,1852.0,23.03913116455078,0.4248117506504059,1311.3265380859375,0.9651862655991144,34.99892872303588,0.5498316884040833,1077.162841796875,1.0,2024,7.499289512634277,"{""type"":""Point"",""coordinates"":[34.99892872303588,0.9651862655991145]}"
2955,7.2860283851623535,Trans,1847.0,25.778261184692383,0.3909032940864563,1587.5098876953125,1.107945168432809,34.87574181327059,0.5071454644203186,896.3999633789062,1.0,2024,7.2860283851623535,"{""type"":""Point"",""coordinates"":[34.87574181327059,1.107945168432809]}"
2958,6.530279636383057,Trans,1909.0,23.508695602416992,0.4002631604671478,1309.0179443359375,1.1441714738142177,35.08279373404966,0.5551134943962097,974.173583984375,1.0,2024,6.530279636383057,"{""type"":""Point"",""coordinates"":[35.08279373404966,1.1441714738142175]}"
2965,7.316625595092773,Trans,1865.0,26.07391357421875,0.3784843683242798,1640.1566162109375,1.1742634421355296,34.87959751739341,0.5026567578315735,916.169677734375,1.0,2024,7.316625595092773,"{""type"":""Point"",""coordinates"":[34.87959751739341,1.1742634421355296]}"
2966,5.629316329956055,Trans,2225.0,23.19130516052246,0.3075278401374817,1518.2637939453125,1.011959954858917,35.321542646859946,0.5247685313224792,1062.2413330078125,1.0,2024,5.629316329956055,"{""type"":""Point"",""coordinates"":[35.321542646859946,1.011959954858917]}"
2967,7.06575345993042,Trans,2094.0,25.395652770996094,0.3359352052211761,1653.9757080078125,1.1995190492212724,34.76227333595626,0.5186337232589722,878.0504150390625,1.0,2024,7.06575345993042,"{""type"":""Point"",""coordinates"":[34.76227333595626,1.1995190492212724]}"
2972,5.11331844329834,Trans,2092.0,22.986955642700195,0.3521203100681305,1518.2637939453125,0.9750964912417972,35.33999615563912,0.5031629204750061,1077.1812744140625,4.0,2024,5.11331844329834,"{""type"":""Point"",""coordinates"":[35.33999615563912,0.9750964912417973]}"
2973,6.186538219451904,Trans,2143.0,23.07826042175293,0.3541997671127319,1532.4256591796875,1.135294530428442,34.78096387844169,0.4334430694580078,876.7874755859375,1.0,2024,6.186538219451904,"{""type"":""Point"",""coordinates"":[34.78096387844169,1.1352945304284419]}"
2975,7.239906311035156,Trans,1852.0,26.830434799194336,0.3678136169910431,1472.4818115234375,1.034437242270168,34.9266314355317,0.4799168407917022,963.7658081054688,1.0,2024,7.239906311035156,"{""type"":""Point"",""coordinates"":[34.9266314355317,1.034437242270168]}"
2983,7.452088356018066,Trans,1839.0,23.03913116455078,0.383753627538681,1587.5098876953125,1.1268959112369012,34.88936455398439,0.5851223468780518,896.3999633789062,1.0,2024,7.452088356018066,"{""type"":""Point"",""coordinates"":[34.88936455398439,1.1268959112369012]}"
2984,7.707746505737305,Trans,1850.0,25.143478393554688,0.4266440272331238,1587.5098876953125,1.093656772519532,34.94640442826324,0.5521904826164246,961.76513671875,1.0,2024,7.707746505737305,"{""type"":""Point"",""coordinates"":[34.946404428263236,1.0936567725195319]}"
2987,7.116002559661865,Trans,1764.0,25.50434875488281,0.4041250646114349,1565.9140625,0.8681638734124387,34.894786904005144,0.5553018450737,1008.7085571289062,1.0,2024,7.116002559661865,"{""type"":""Point"",""coordinates"":[34.894786904005144,0.8681638734124387]}"
2991,6.480834484100342,Trans,1993.0,26.06521797180176,0.4217697381973266,1415.5245361328125,0.9650942844594426,34.80755078620956,0.5245076417922974,959.7871704101562,1.0,2024,6.480834484100342,"{""type"":""Point"",""coordinates"":[34.80755078620956,0.9650942844594426]}"
2995,7.004180908203125,Trans,1900.0,20.19565200805664,0.3303550779819488,1640.1566162109375,1.2371915118945602,34.93674681366252,0.4400866031646728,972.9393310546876,6.0,2024,7.004180908203125,"{""type"":""Point"",""coordinates"":[34.93674681366252,1.2371915118945602]}"
2996,6.864009857177734,Trans,2059.0,19.747825622558597,0.2946851253509521,1653.9757080078125,1.1894115916865426,34.7865065752938,0.4209631681442261,878.0504150390625,1.0,2024,6.864009857177734,"{""type"":""Point"",""coordinates"":[34.7865065752938,1.1894115916865426]}"
2997,7.030787944793701,Trans,2207.0,30.28260803222656,0.3911804854869842,1086.3765869140625,1.1950698138401554,34.73104870348892,0.6031399369239807,1033.228759765625,1.0,2024,7.030787944793701,"{""type"":""Point"",""coordinates"":[34.73104870348892,1.1950698138401554]}"
2998,6.375241756439209,Trans,1875.0,21.59130477905273,0.3228240311145782,1463.1514892578125,0.9304226577041884,35.21061838904315,0.4701448678970337,1050.580810546875,4.0,2024,6.375241756439209,"{""type"":""Point"",""coordinates"":[35.21061838904315,0.9304226577041885]}"
3000,7.048274993896484,Trans,1820.0,22.7608699798584,0.3837412595748901,1388.3951416015625,0.9334954697748894,35.03132126240063,0.5283990502357483,873.1403198242188,1.0,2024,7.048274993896484,"{""type"":""Point"",""coordinates"":[35.03132126240063,0.9334954697748894]}"
3001,6.407757759094238,Trans,2098.0,26.30869483947754,0.3220182359218597,1415.5245361328125,1.0362887251381678,34.795955271035275,0.4261218309402466,954.0535278320312,1.0,2024,6.407757759094238,"{""type"":""Point"",""coordinates"":[34.795955271035275,1.0362887251381678]}"
3002,7.20707368850708,Trans,1868.0,22.57391357421875,0.3752052783966064,1640.1566162109375,1.152671215849058,34.860800738096415,0.5210303068161011,916.169677734375,1.0,2024,7.20707368850708,"{""type"":""Point"",""coordinates"":[34.860800738096415,1.152671215849058]}"
3003,7.186982154846191,Trans,1805.0,21.54347801208496,0.3364019095897674,1472.4818115234375,1.00456745491944,34.93428838145808,0.471477597951889,963.7658081054688,4.0,2024,7.186982154846191,"{""type"":""Point"",""coordinates"":[34.93428838145808,1.00456745491944]}"
3006,6.586979866027832,Trans,2212.0,25.15217399597168,0.3844887912273407,1653.9757080078125,1.1749739459540969,34.76252359523195,0.5589745044708252,878.0504150390625,1.0,2024,6.586979866027832,"{""type"":""Point"",""coordinates"":[34.76252359523195,1.1749739459540967]}"
3014,7.116280555725098,Trans,1879.0,25.96521759033203,0.4101216495037079,1640.1566162109375,1.187333235240039,34.85067980763152,0.5076056122779846,916.169677734375,1.0,2024,7.116280555725098,"{""type"":""Point"",""coordinates"":[34.85067980763152,1.187333235240039]}"
3015,7.556803226470947,Trans,1890.0,23.356521606445312,0.3131430149078369,1372.1785888671875,1.1227721662515582,35.02138002455659,0.468961089849472,862.4269409179688,1.0,2024,7.556803226470947,"{""type"":""Point"",""coordinates"":[35.02138002455659,1.1227721662515582]}"
3016,7.70697546005249,Trans,1842.0,24.265216827392575,0.3235236704349518,1372.1785888671875,1.1272523356206654,34.971276566336925,0.4830685257911682,1015.1450805664062,1.0,2024,7.70697546005249,"{""type"":""Point"",""coordinates"":[34.971276566336925,1.1272523356206654]}"
3023,7.212003707885742,Trans,1803.0,21.930435180664062,0.3520785570144653,1472.4818115234375,1.0082280120953937,34.93518549390974,0.504188060760498,963.7658081054688,1.0,2024,7.212003707885742,"{""type"":""Point"",""coordinates"":[34.93518549390974,1.0082280120953937]}"
3024,7.3287458419799805,Trans,1847.0,24.53913116455078,0.3696791231632232,1587.5098876953125,1.124122912765014,34.87493958005811,0.4896278083324432,896.3999633789062,1.0,2024,7.3287458419799805,"{""type"":""Point"",""coordinates"":[34.87493958005811,1.1241229127650139]}"
3026,6.511288166046143,Trans,1905.0,23.752174377441406,0.4595406055450439,1448.66259765625,0.9512948825697972,35.22829512220321,0.647642970085144,1047.075927734375,1.0,2024,6.511288166046143,"{""type"":""Point"",""coordinates"":[35.22829512220321,0.9512948825697971]}"
3027,7.169199466705322,Trans,1779.0,23.46521759033203,0.3666991293430328,1565.9140625,0.8761593431329786,34.900629171258174,0.515636682510376,986.4015502929688,1.0,2024,7.169199466705322,"{""type"":""Point"",""coordinates"":[34.900629171258174,0.8761593431329786]}"
3029,7.429698944091797,Trans,1821.0,23.12173843383789,0.3835393488407135,1388.3951416015625,0.9460335659862068,34.98519277850142,0.5294600129127502,1042.5777587890625,1.0,2024,7.429698944091797,"{""type"":""Point"",""coordinates"":[34.98519277850142,0.9460335659862069]}"
3032,6.977046012878418,Trans,1869.0,25.069564819335938,0.3539555966854095,1327.4505615234375,0.9713901847570235,35.05985133541374,0.5476223230361938,994.4949951171876,1.0,2024,6.977046012878418,"{""type"":""Point"",""coordinates"":[35.05985133541374,0.9713901847570235]}"
3034,7.131561756134033,Trans,1908.0,23.291303634643555,0.5225750207901001,1303.348388671875,1.2049519081167783,34.95388970337292,0.497038722038269,1109.6043701171875,1.0,2024,7.131561756134033,"{""type"":""Point"",""coordinates"":[34.953889703372916,1.2049519081167783]}"
3035,6.889517307281494,Trans,1951.0,22.5,0.371014654636383,1653.9757080078125,1.1702830652100942,34.82524813119831,0.5225875377655029,878.5647583007812,1.0,2024,6.889517307281494,"{""type"":""Point"",""coordinates"":[34.82524813119831,1.1702830652100942]}"
3037,5.273568630218506,Trans,2090.0,21.517391204833984,0.4694947004318237,1518.2637939453125,0.9718586773820642,35.33544110538355,0.6220455765724182,1077.1812744140625,1.0,2024,5.273568630218506,"{""type"":""Point"",""coordinates"":[35.33544110538355,0.9718586773820642]}"
3038,6.671967029571533,Trans,1942.0,22.130434036254883,0.3169761002063751,1518.2637939453125,1.0017180617705317,35.2520136759832,0.509131669998169,994.1923217773438,1.0,2024,6.671967029571533,"{""type"":""Point"",""coordinates"":[35.2520136759832,1.0017180617705315]}"
3039,7.144448757171631,Trans,1777.0,23.265216827392575,0.3813601732254028,1565.9140625,0.9035196670885388,34.90220541228484,0.5876982808113098,1008.7112426757812,1.0,2024,7.144448757171631,"{""type"":""Point"",""coordinates"":[34.90220541228484,0.9035196670885389]}"
3040,7.109745979309082,Trans,1927.0,19.443477630615234,0.3811410069465637,1640.1566162109375,1.2206117594411776,34.9340143822311,0.5232776999473572,972.9393310546876,1.0,2024,7.109745979309082,"{""type"":""Point"",""coordinates"":[34.9340143822311,1.2206117594411776]}"
3045,7.479708671569824,Trans,1892.0,23.23043441772461,0.3284046053886413,1303.348388671875,1.159691381981677,34.960972942564005,0.454388827085495,1049.634765625,1.0,2024,7.479708671569824,"{""type"":""Point"",""coordinates"":[34.960972942564005,1.159691381981677]}"
3053,7.77099609375,Trans,1886.0,23.6130428314209,0.3552104234695434,1311.3265380859375,1.049188711380853,35.01451555056713,0.4940133392810821,895.3138427734375,1.0,2024,7.77099609375,"{""type"":""Point"",""coordinates"":[35.01451555056713,1.049188711380853]}"
3055,7.084882736206055,Trans,1876.0,22.31739044189453,0.3408654630184173,1653.9757080078125,1.196182390354486,34.84223345148875,0.5301498174667358,878.5647583007812,1.0,2024,7.084882736206055,"{""type"":""Point"",""coordinates"":[34.84223345148875,1.1961823903544861]}"
3060,7.309892654418945,Trans,1771.0,22.46086883544922,0.3732579052448272,1565.9140625,0.9115828128429696,34.94127672838772,0.555713951587677,1008.7112426757812,1.0,2024,7.309892654418945,"{""type"":""Point"",""coordinates"":[34.94127672838772,0.9115828128429697]}"
3061,6.533728122711182,Trans,1876.0,22.43913078308105,0.3229540586471557,1327.4505615234375,1.0355938969890643,35.09786160230913,0.4883158504962921,969.0385131835938,1.0,2024,6.533728122711182,"{""type"":""Point"",""coordinates"":[35.09786160230913,1.0355938969890643]}"
3066,6.654689788818359,Trans,1940.0,22.604347229003903,0.3484408855438232,1518.2637939453125,1.0085305853076505,35.25120147272671,0.5462179780006409,994.1923217773438,1.0,2024,6.654689788818359,"{""type"":""Point"",""coordinates"":[35.25120147272671,1.0085305853076505]}"
3067,7.071707248687744,Trans,1889.0,22.447826385498047,0.3064091503620147,1532.4256591796875,1.1443228983448273,34.84771103378645,0.3612735271453857,853.085205078125,1.0,2024,7.071707248687744,"{""type"":""Point"",""coordinates"":[34.84771103378645,1.1443228983448273]}"
3069,7.0160064697265625,Trans,1884.0,20.830434799194336,0.3751244843006134,1640.1566162109375,1.237930540451904,34.92500356512134,0.4944493472576141,972.9393310546876,4.0,2024,7.0160064697265625,"{""type"":""Point"",""coordinates"":[34.92500356512134,1.2379305404519039]}"
3070,7.4294514656066895,Trans,1838.0,22.795652389526367,0.3660352528095245,1327.4505615234375,1.0485399377065243,35.05134703863939,0.5274104475975037,969.0385131835938,1.0,2024,7.4294514656066895,"{""type"":""Point"",""coordinates"":[35.05134703863939,1.0485399377065245]}"
3074,6.6269402503967285,Trans,1919.0,26.81739044189453,0.4288329184055328,1303.348388671875,1.1809919029569869,35.0246684059878,0.6685252785682678,860.8521118164062,1.0,2024,6.6269402503967285,"{""type"":""Point"",""coordinates"":[35.024668405987796,1.1809919029569869]}"
3077,5.267381191253662,Trans,2087.0,22.61739158630371,0.415123850107193,1518.2637939453125,0.953287858693134,35.34063218384203,0.5590916275978088,1077.1812744140625,4.0,2024,5.267381191253662,"{""type"":""Point"",""coordinates"":[35.34063218384203,0.953287858693134]}"
3081,5.881062030792236,Trans,1921.0,22.74347877502441,0.3551539480686188,1362.5670166015625,1.0610174434276232,35.19493238944174,0.538066029548645,1080.9871826171875,1.0,2024,5.881062030792236,"{""type"":""Point"",""coordinates"":[35.19493238944174,1.0610174434276232]}"
3084,7.130135536193848,Trans,1820.0,22.917390823364254,0.3857139647006988,1388.3951416015625,0.9473868269341804,35.03478505405406,0.5410098433494568,873.1403198242188,1.0,2024,7.130135536193848,"{""type"":""Point"",""coordinates"":[35.03478505405406,0.9473868269341803]}"
3085,7.113084316253662,Trans,1795.0,24.473913192749023,0.321609765291214,1388.3951416015625,0.9318566102614326,35.02134630476096,0.4737023413181305,873.1403198242188,1.0,2024,7.113084316253662,"{""type"":""Point"",""coordinates"":[35.02134630476096,0.9318566102614326]}"
3087,6.832726001739502,Trans,1778.0,26.46086883544922,0.3575034141540527,1565.9140625,0.8922463679310688,34.85529497749707,0.5936238765716553,1008.7085571289062,1.0,2024,6.832726001739502,"{""type"":""Point"",""coordinates"":[34.85529497749707,0.8922463679310688]}"
3090,6.631168842315674,Trans,2032.0,24.54347801208496,0.3204835653305053,1532.4256591796875,1.0579404249579498,34.81533674827998,0.4712744951248169,813.836669921875,1.0,2024,6.631168842315674,"{""type"":""Point"",""coordinates"":[34.81533674827998,1.0579404249579498]}"
3093,6.887302398681641,Trans,1986.0,24.28695678710937,0.3638007044792175,1303.348388671875,1.1593634200799037,35.03208027616085,0.5659782886505127,860.8521118164062,1.0,2024,6.887302398681641,"{""type"":""Point"",""coordinates"":[35.03208027616085,1.1593634200799035]}"
3094,7.152830123901367,Trans,1864.0,28.747825622558597,0.3760516047477722,1472.4818115234375,1.0462145371764462,34.91175197667089,0.5182917714118958,963.7658081054688,1.0,2024,7.152830123901367,"{""type"":""Point"",""coordinates"":[34.91175197667089,1.0462145371764462]}"
3102,7.414366722106934,Trans,1852.0,24.095651626586918,0.4151276648044586,1587.5098876953125,1.0633293924103118,34.925934935394515,0.4852801561355591,961.76513671875,1.0,2024,7.414366722106934,"{""type"":""Point"",""coordinates"":[34.925934935394515,1.0633293924103118]}"
3105,5.212696075439453,Trans,2050.0,21.05652236938477,0.2868452072143554,1518.2637939453125,0.961770062855148,35.340588736898056,0.5008739829063416,1077.1812744140625,1.0,2024,5.212696075439453,"{""type"":""Point"",""coordinates"":[35.340588736898056,0.961770062855148]}"
3110,7.771873950958252,Trans,1819.0,22.126087188720703,0.4101390540599823,1372.1785888671875,1.1136132563191807,34.97923618603844,0.6033892631530762,1015.1450805664062,1.0,2024,7.771873950958252,"{""type"":""Point"",""coordinates"":[34.97923618603844,1.1136132563191807]}"
3112,6.135117530822754,Trans,1857.0,24.013044357299805,0.4188860654830932,1327.4505615234375,0.9657079714190454,35.13225316818558,0.5720412135124207,1042.0404052734375,1.0,2024,6.135117530822754,"{""type"":""Point"",""coordinates"":[35.13225316818558,0.9657079714190454]}"
3113,6.641650676727295,Trans,1913.0,25.569564819335938,0.3204489052295685,1518.2637939453125,0.956342950161569,35.26807742050745,0.4726084172725677,998.7577514648438,1.0,2024,6.641650676727295,"{""type"":""Point"",""coordinates"":[35.26807742050745,0.956342950161569]}"
3116,6.603360652923584,Trans,1817.0,24.517391204833984,0.3382879495620727,1327.4505615234375,0.9612412792279194,35.08501549530657,0.5260744094848633,994.4949951171876,1.0,2024,6.603360652923584,"{""type"":""Point"",""coordinates"":[35.08501549530657,0.9612412792279194]}"
3117,7.38911247253418,Trans,1843.0,22.7608699798584,0.3922136127948761,1587.5098876953125,1.1237532706180031,34.882112180185835,0.5540339350700378,896.3999633789062,1.0,2024,7.38911247253418,"{""type"":""Point"",""coordinates"":[34.882112180185835,1.1237532706180033]}"
3118,6.437135696411133,Trans,1790.0,26.013044357299805,0.4612440466880798,1472.4818115234375,0.9564351856098858,34.861244494372336,0.7017822861671448,941.492431640625,1.0,2024,6.437135696411133,"{""type"":""Point"",""coordinates"":[34.861244494372336,0.9564351856098858]}"
3120,6.384850025177002,Trans,1901.0,21.169565200805664,0.3418148159980774,1619.9417724609375,0.9186170926328466,35.29736252855368,0.4474604427814483,978.35693359375,1.0,2024,6.384850025177002,"{""type"":""Point"",""coordinates"":[35.29736252855368,0.9186170926328466]}"
3122,5.761771202087402,Trans,1912.0,24.7391300201416,0.4657491445541382,1362.5670166015625,1.076222571981709,35.21951996874362,0.6775640845298767,1157.1868896484375,1.0,2024,5.761771202087402,"{""type"":""Point"",""coordinates"":[35.21951996874362,1.0762225719817087]}"
3123,7.387284755706787,Trans,1858.0,22.74347877502441,-0.1982473284006118,1587.5098876953125,1.145188281256603,34.880174688101626,0.4059524238109588,896.3999633789062,1.0,2024,7.387284755706787,"{""type"":""Point"",""coordinates"":[34.880174688101626,1.145188281256603]}"
3128,6.79643440246582,Trans,1972.0,23.57391357421875,0.3818907141685486,1532.4256591796875,1.1348541999254618,34.82598489296272,0.5120688080787659,853.085205078125,4.0,2024,6.79643440246582,"{""type"":""Point"",""coordinates"":[34.82598489296272,1.1348541999254618]}"
3129,7.667598724365234,Trans,1848.0,24.821739196777344,0.3723810613155365,1372.1785888671875,1.1303022647882346,34.97944490957099,0.5123418569564819,1015.1450805664062,1.0,2024,7.667598724365234,"{""type"":""Point"",""coordinates"":[34.97944490957099,1.1303022647882346]}"
3132,7.177969932556152,Trans,1843.0,19.1130428314209,0.3327652215957641,1653.9757080078125,1.238275081414856,34.84659670852291,0.5118860006332397,881.7891235351562,4.0,2024,7.177969932556152,"{""type"":""Point"",""coordinates"":[34.84659670852291,1.238275081414856]}"
3133,6.813864707946777,Trans,1895.0,23.96521759033203,0.3660402297973633,1309.0179443359375,1.0531576951373325,35.08715297447689,0.5279980301856995,961.5752563476562,1.0,2024,6.813864707946777,"{""type"":""Point"",""coordinates"":[35.08715297447689,1.0531576951373325]}"
3136,6.4418487548828125,Trans,1939.0,23.560869216918945,0.3881164789199829,1415.5245361328125,0.9576511420932418,34.833852302665754,0.6089228987693787,959.7871704101562,1.0,2024,6.4418487548828125,"{""type"":""Point"",""coordinates"":[34.833852302665754,0.9576511420932418]}"
3143,6.560800552368164,Trans,1947.0,22.3869571685791,0.3155130445957184,1448.66259765625,1.023855810847779,35.237357546292536,0.4772791564464569,1040.30517578125,1.0,2024,6.560800552368164,"{""type"":""Point"",""coordinates"":[35.237357546292536,1.023855810847779]}"
3144,6.950826644897461,Trans,1895.0,22.73043441772461,0.2516174912452698,1309.0179443359375,1.069265112528402,35.083623995719854,0.4402588903903961,961.5752563476562,1.0,2024,6.950826644897461,"{""type"":""Point"",""coordinates"":[35.083623995719854,1.069265112528402]}"
3145,6.448675155639648,Trans,1876.0,22.71739196777344,0.342337965965271,1415.5245361328125,0.966661878294394,34.83352658058671,0.545952320098877,959.7871704101562,1.0,2024,6.448675155639648,"{""type"":""Point"",""coordinates"":[34.83352658058671,0.966661878294394]}"
3146,6.444737911224365,Trans,1937.0,22.00434875488281,0.3862753510475158,1303.348388671875,1.1991686454744654,35.02408583120911,0.5229390859603882,860.8521118164062,1.0,2024,6.444737911224365,"{""type"":""Point"",""coordinates"":[35.02408583120911,1.1991686454744654]}"
3147,6.428811550140381,Trans,1892.0,23.395652770996094,0.3672102987766266,1415.5245361328125,0.9596499118199392,34.84129638648134,0.5907465815544128,959.7871704101562,1.0,2024,6.428811550140381,"{""type"":""Point"",""coordinates"":[34.84129638648134,0.9596499118199392]}"
3152,7.400278091430664,Trans,1989.0,22.92173957824707,0.3902670443058014,1303.348388671875,1.1531704832521874,34.98690447660934,0.502362847328186,1049.634765625,1.0,2024,7.400278091430664,"{""type"":""Point"",""coordinates"":[34.98690447660934,1.1531704832521874]}"
3153,6.396904468536377,Trans,1938.0,22.55652236938477,0.3332271873950958,1217.0069580078125,1.1702780173160725,35.05586541913294,0.4636540412902832,1066.3682861328125,1.0,2024,6.396904468536377,"{""type"":""Point"",""coordinates"":[35.05586541913294,1.1702780173160725]}"
3154,7.227075576782227,Trans,1821.0,23.060869216918945,0.3897717893123626,1327.4505615234375,1.034808942788654,35.06014280898629,0.5838618874549866,969.0385131835938,1.0,2024,7.227075576782227,"{""type"":""Point"",""coordinates"":[35.06014280898629,1.034808942788654]}"
3158,7.762803077697754,Trans,1829.0,24.83478355407715,0.4035312831401825,1372.1785888671875,1.0916480295312834,35.02012904594921,0.5522817969322205,885.8496704101562,1.0,2024,7.762803077697754,"{""type"":""Point"",""coordinates"":[35.02012904594921,1.0916480295312834]}"
3159,6.72581958770752,Trans,1941.0,22.92173957824707,0.3590618371963501,1303.348388671875,1.1948544735263475,35.00399683451441,0.5468453764915466,860.8521118164062,1.0,2024,6.72581958770752,"{""type"":""Point"",""coordinates"":[35.00399683451441,1.1948544735263475]}"
3162,7.244162559509277,Trans,1773.0,21.53478240966797,0.3532226085662842,1565.9140625,0.8909137134473231,34.93126279890444,0.5560195446014404,986.4015502929688,1.0,2024,7.244162559509277,"{""type"":""Point"",""coordinates"":[34.93126279890444,0.8909137134473231]}"
3165,7.1295270919799805,Trans,1795.0,22.65217399597168,0.4114537239074707,1472.4818115234375,0.9564400840003856,34.93277044963533,0.5795105695724487,984.7139892578124,1.0,2024,7.1295270919799805,"{""type"":""Point"",""coordinates"":[34.93277044963533,0.9564400840003855]}"
3167,6.642974853515625,Trans,2038.0,22.24347877502441,0.3115887939929962,1532.4256591796875,1.1351673034228589,34.81427415838218,0.4597331881523132,853.085205078125,1.0,2024,6.642974853515625,"{""type"":""Point"",""coordinates"":[34.81427415838218,1.1351673034228589]}"
3169,6.954300403594971,Trans,1886.0,22.865217208862305,0.4380982220172882,1309.0179443359375,1.106293958306814,35.08300703563915,0.67563396692276,974.173583984375,1.0,2024,6.954300403594971,"{""type"":""Point"",""coordinates"":[35.08300703563915,1.1062939583068139]}"
3172,6.341567993164063,Trans,1883.0,22.2391300201416,0.3195343017578125,1448.66259765625,1.005693747160591,35.196394403055464,0.5108212232589722,1005.9006958007812,1.0,2024,6.341567993164063,"{""type"":""Point"",""coordinates"":[35.196394403055464,1.005693747160591]}"
3173,6.987102031707764,Trans,1888.0,22.22608757019043,0.3926130831241607,1309.0179443359375,1.0540226803045072,35.07769670721502,0.5441513657569885,961.5752563476562,1.0,2024,6.987102031707764,"{""type"":""Point"",""coordinates"":[35.07769670721502,1.0540226803045072]}"
3177,6.911036968231201,Trans,1896.0,19.713043212890625,0.3691430687904358,1303.348388671875,1.237612866303082,34.966347216496864,0.5297936201095581,1109.6043701171875,6.0,2024,6.911036968231201,"{""type"":""Point"",""coordinates"":[34.966347216496864,1.2376128663030819]}"
3178,7.726768970489502,Trans,1830.0,23.05652236938477,0.2144877761602401,1587.5098876953125,1.1189632264442468,34.94943101063203,0.3366104662418365,960.1989135742188,4.0,2024,7.726768970489502,"{""type"":""Point"",""coordinates"":[34.94943101063203,1.1189632264442468]}"
3179,7.331010818481445,Trans,1813.0,23.147825241088867,0.3496367931365967,1472.4818115234375,0.9987320078872962,34.94696378879834,0.4952814877033233,984.7139892578124,1.0,2024,7.331010818481445,"{""type"":""Point"",""coordinates"":[34.94696378879834,0.9987320078872962]}"
3182,7.120393753051758,Trans,1768.0,25.139129638671875,0.3588738739490509,1388.3951416015625,0.8885668356750489,34.96079584071203,0.5624165534973145,985.6636352539062,1.0,2024,7.120393753051758,"{""type"":""Point"",""coordinates"":[34.96079584071203,0.8885668356750489]}"
3183,6.501976013183594,Trans,1991.0,24.082609176635746,0.2897998690605163,1415.5245361328125,0.9752881379604528,34.81140786539765,0.4326650500297546,959.7871704101562,1.0,2024,6.501976013183594,"{""type"":""Point"",""coordinates"":[34.81140786539765,0.9752881379604528]}"
3191,6.438806056976318,Trans,1839.0,26.734783172607425,0.4592277705669403,1472.4818115234375,0.9868438245270468,34.86290830892088,0.6312503218650818,941.492431640625,1.0,2024,6.438806056976318,"{""type"":""Point"",""coordinates"":[34.86290830892088,0.9868438245270467]}"
3194,7.369285583496094,Trans,1852.0,20.517391204833984,0.4009365141391754,1640.1566162109375,1.1862253860192415,34.91537032267592,0.5175667405128479,964.7963256835938,1.0,2024,7.369285583496094,"{""type"":""Point"",""coordinates"":[34.91537032267592,1.1862253860192415]}"
3195,7.29045295715332,Trans,1877.0,24.8869571685791,0.3564340472221374,1640.1566162109375,1.1809983425428436,34.87855009693681,0.4862904846668243,916.169677734375,1.0,2024,7.29045295715332,"{""type"":""Point"",""coordinates"":[34.87855009693681,1.1809983425428436]}"
3202,6.816339492797852,Trans,1887.0,25.03913116455078,0.435087502002716,1532.4256591796875,1.1158917363427536,34.830287639093235,0.5129134058952332,853.085205078125,1.0,2024,6.816339492797852,"{""type"":""Point"",""coordinates"":[34.830287639093235,1.1158917363427536]}"
3206,6.051999092102051,Trans,1884.0,22.365217208862305,0.3339953422546386,1448.66259765625,1.0143094026963342,35.1560077501691,0.5526085495948792,1005.9006958007812,1.0,2024,6.051999092102051,"{""type"":""Point"",""coordinates"":[35.1560077501691,1.0143094026963342]}"
3207,5.96625566482544,Trans,2390.0,23.995651245117188,0.4108791053295135,1227.42041015625,0.9411221745872252,34.744024811736594,0.5392873287200928,1105.9439697265625,4.0,2024,5.96625566482544,"{""type"":""Point"",""coordinates"":[34.744024811736594,0.9411221745872251]}"
3208,7.206183433532715,Trans,1924.0,22.991304397583008,0.383914589881897,1640.1566162109375,1.201286315601206,34.943970670499574,0.5151457190513611,972.9393310546876,1.0,2024,7.206183433532715,"{""type"":""Point"",""coordinates"":[34.943970670499574,1.201286315601206]}"
3210,7.364336013793945,Trans,1783.0,26.50434875488281,0.4085111320018768,1388.3951416015625,0.9246231828769468,34.962010975521416,0.5603956580162048,1042.5777587890625,1.0,2024,7.364336013793945,"{""type"":""Point"",""coordinates"":[34.962010975521416,0.9246231828769468]}"
3212,6.268866062164307,Trans,1871.0,23.626087188720703,0.3643055260181427,1309.0179443359375,1.0547995554445144,35.119610328788525,0.5129945874214172,1033.5059814453125,1.0,2024,6.268866062164307,"{""type"":""Point"",""coordinates"":[35.119610328788525,1.0547995554445144]}"
3220,7.40519905090332,Trans,1835.0,22.77391242980957,0.3710674941539764,1311.3265380859375,0.9592216768185384,35.011058807780216,0.5314940214157104,943.7447509765624,1.0,2024,7.40519905090332,"{""type"":""Point"",""coordinates"":[35.011058807780216,0.9592216768185385]}"
3222,6.083901405334473,Trans,1895.0,24.68695640563965,0.3590092957019806,1327.4505615234375,0.9835284223192756,35.130262940653466,0.5206485390663147,1042.0404052734375,4.0,2024,6.083901405334473,"{""type"":""Point"",""coordinates"":[35.130262940653466,0.9835284223192757]}"
3223,7.828023910522461,Trans,1830.0,23.39130401611328,0.3356354236602783,1372.1785888671875,1.066808570182993,34.990010033917,0.4622381329536438,1014.598876953125,1.0,2024,7.828023910522461,"{""type"":""Point"",""coordinates"":[34.990010033917,1.066808570182993]}"
3224,6.510180950164795,Trans,1952.0,24.013044357299805,0.3770056366920471,1518.2637939453125,1.0325286913416505,35.26671589982532,0.5901415348052979,994.1923217773438,1.0,2024,6.510180950164795,"{""type"":""Point"",""coordinates"":[35.26671589982532,1.0325286913416505]}"
3225,6.891023635864258,Trans,1800.0,22.53043556213379,0.3704186677932739,1472.4818115234375,0.9975130630657923,34.91397675716219,0.5335650444030762,984.7139892578124,1.0,2024,6.891023635864258,"{""type"":""Point"",""coordinates"":[34.91397675716219,0.9975130630657923]}"
3227,7.430030822753906,Trans,1876.0,23.130434036254883,0.400403082370758,1309.0179443359375,1.0802804296601505,35.05647293741881,0.5813246369361877,961.5752563476562,1.0,2024,7.430030822753906,"{""type"":""Point"",""coordinates"":[35.05647293741881,1.0802804296601503]}"
3229,6.296491146087647,Trans,1864.0,22.71739196777344,0.3876535296440124,1463.1514892578125,0.9362558943120745,35.17335050868243,0.5486057996749878,999.2210693359376,1.0,2024,6.296491146087647,"{""type"":""Point"",""coordinates"":[35.17335050868243,0.9362558943120743]}"
3231,6.052942752838135,Trans,1871.0,23.356521606445312,0.3467614650726318,1327.4505615234375,1.021411293247814,35.136633040976115,0.49679896235466,1019.4813842773438,1.0,2024,6.052942752838135,"{""type"":""Point"",""coordinates"":[35.136633040976115,1.0214112932478139]}"
3233,7.00731372833252,Trans,1974.0,22.908695220947266,0.3771527111530304,1303.348388671875,1.214753508174623,34.96363402470133,0.550600528717041,1109.6043701171875,1.0,2024,7.00731372833252,"{""type"":""Point"",""coordinates"":[34.96363402470133,1.214753508174623]}"
3235,7.414218902587891,Trans,1775.0,18.373912811279297,0.2560727596282959,1854.9388427734373,1.2584647581476445,34.82131283914458,0.3677910268306732,855.2916870117188,4.0,2024,7.414218902587891,"{""type"":""Point"",""coordinates"":[34.82131283914458,1.2584647581476445]}"
3237,6.808413982391357,Trans,1778.0,23.517391204833984,0.3790092766284942,1687.8226318359375,0.8372289574471118,34.87049640661318,0.5359811186790466,988.6344604492188,1.0,2024,6.808413982391357,"{""type"":""Point"",""coordinates"":[34.87049640661318,0.8372289574471118]}"
3239,6.304085731506348,Trans,2196.0,23.54347801208496,0.4310965836048126,1518.2637939453125,1.0309991274460657,35.29047582510629,0.539640486240387,994.1923217773438,1.0,2024,6.304085731506348,"{""type"":""Point"",""coordinates"":[35.29047582510629,1.0309991274460657]}"
3241,7.040460586547852,Trans,1844.0,25.09130477905273,0.3262529969215393,1327.4505615234375,0.9915447140810864,35.060813355426376,0.5172791481018066,994.4949951171876,1.0,2024,7.040460586547852,"{""type"":""Point"",""coordinates"":[35.060813355426376,0.9915447140810865]}"
3246,7.14536714553833,Trans,1827.0,18.65217399597168,0.3080635666847229,1640.1566162109375,1.2487457864031648,34.85402858482389,0.4158376157283783,915.8572387695312,6.0,2024,7.14536714553833,"{""type"":""Point"",""coordinates"":[34.85402858482389,1.2487457864031648]}"
3249,7.662014484405518,Trans,1852.0,20.88260841369629,0.407355397939682,1372.1785888671875,1.135707516465903,34.96072603874279,0.5598387718200684,1015.1450805664062,1.0,2024,7.662014484405518,"{""type"":""Point"",""coordinates"":[34.96072603874279,1.135707516465903]}"
3251,7.070629596710205,Trans,1895.0,20.356521606445312,0.3758541047573089,1640.1566162109375,1.2333754785615734,34.89925706323932,0.4833467602729797,915.8572387695312,6.0,2024,7.070629596710205,"{""type"":""Point"",""coordinates"":[34.89925706323932,1.2333754785615734]}"
3252,6.74410343170166,Trans,2046.0,23.0,0.4271817207336426,1653.9757080078125,1.175599166346366,34.80133108501232,0.5143133997917175,878.5647583007812,1.0,2024,6.74410343170166,"{""type"":""Point"",""coordinates"":[34.80133108501232,1.175599166346366]}"
3259,6.594052791595459,Trans,1791.0,22.45652198791504,0.3853397667407989,1472.4818115234375,0.9641629452982264,34.891532825466385,0.5209300518035889,941.492431640625,1.0,2024,6.594052791595459,"{""type"":""Point"",""coordinates"":[34.891532825466385,0.9641629452982263]}"
3262,7.074096202850342,Trans,1799.0,18.704347610473636,0.2377320379018783,1640.1566162109375,1.2359061915264409,34.88300606828003,0.3464299738407135,915.8572387695312,6.0,2024,7.074096202850342,"{""type"":""Point"",""coordinates"":[34.88300606828003,1.2359061915264407]}"
3263,6.823855400085449,Trans,1803.0,24.73043441772461,0.4139125049114227,1472.4818115234375,1.004189731029553,34.907367255898706,0.6499621272087097,963.7658081054688,1.0,2024,6.823855400085449,"{""type"":""Point"",""coordinates"":[34.907367255898706,1.0041897310295527]}"
3267,6.962644577026367,Trans,1879.0,24.8869571685791,0.3861876428127289,1472.4818115234375,1.0468063643344858,34.889764458561004,0.5234609246253967,914.8713989257812,1.0,2024,6.962644577026367,"{""type"":""Point"",""coordinates"":[34.889764458561004,1.0468063643344858]}"
3268,7.032102584838867,Trans,1843.0,22.552173614501957,0.4336737394332886,1472.4818115234375,1.011326496902915,34.92096762391546,0.5855759978294373,963.7658081054688,1.0,2024,7.032102584838867,"{""type"":""Point"",""coordinates"":[34.92096762391546,1.011326496902915]}"
3270,7.232220649719238,Trans,1870.0,21.05652236938477,0.3517276346683502,1653.9757080078125,1.2308146497842904,34.8288050485804,0.4419795274734497,881.7891235351562,1.0,2024,7.232220649719238,"{""type"":""Point"",""coordinates"":[34.8288050485804,1.2308146497842904]}"
3271,6.8717803955078125,Trans,1710.0,25.19130516052246,0.3267208635807037,1565.9140625,0.8516279506649798,34.90961706111341,0.4779932200908661,986.4015502929688,1.0,2024,6.8717803955078125,"{""type"":""Point"",""coordinates"":[34.90961706111341,0.8516279506649798]}"
3272,6.420723915100098,Trans,2063.0,23.46521759033203,0.4281782805919647,1451.5164794921875,0.9405185461608776,34.802747530289025,0.5203315019607544,1004.1910400390624,1.0,2024,6.420723915100098,"{""type"":""Point"",""coordinates"":[34.802747530289025,0.9405185461608776]}"
3273,6.36086893081665,Trans,1830.0,24.00434875488281,0.3599668145179748,1339.5623779296875,0.935801763706122,35.13983498931739,0.5194714665412903,964.28857421875,1.0,2024,6.36086893081665,"{""type"":""Point"",""coordinates"":[35.13983498931739,0.9358017637061221]}"
3276,7.389923095703125,Trans,1844.0,25.604347229003903,0.4262858033180237,1587.5098876953125,1.1084979842911196,34.888530359258965,0.5761458277702332,896.3999633789062,1.0,2024,7.389923095703125,"{""type"":""Point"",""coordinates"":[34.888530359258965,1.1084979842911196]}"
3277,5.524402141571045,Trans,1896.0,25.660869598388672,0.3271431028842926,1217.0069580078125,1.1706568718554506,35.12965441871529,0.4619633257389068,1211.0057373046875,1.0,2024,5.524402141571045,"{""type"":""Point"",""coordinates"":[35.12965441871529,1.1706568718554506]}"
3279,4.85753059387207,Trans,2592.0,24.21739196777344,0.4302517771720886,897.6917114257812,1.1135377521806105,34.7288594739969,0.6981112957000732,1047.058837890625,4.0,2024,4.85753059387207,"{""type"":""Point"",""coordinates"":[34.7288594739969,1.1135377521806105]}"
3280,6.323781967163086,Trans,1864.0,22.160869598388672,0.3706559836864471,1463.1514892578125,0.9322014773534272,35.17428275410758,0.5375530123710632,999.2210693359376,1.0,2024,6.323781967163086,"{""type"":""Point"",""coordinates"":[35.17428275410758,0.9322014773534271]}"
3281,6.872520923614502,Trans,1759.0,22.03478240966797,0.4034721553325653,1565.9140625,0.8659623581587063,34.85133872142192,0.5867265462875366,1008.7085571289062,1.0,2024,6.872520923614502,"{""type"":""Point"",""coordinates"":[34.85133872142192,0.8659623581587063]}"
3283,7.150859355926514,Trans,1891.0,18.256521224975582,0.3032808601856231,1653.9757080078125,1.2223029835576724,34.845587387985255,0.4588858783245086,881.7891235351562,1.0,2024,7.150859355926514,"{""type"":""Point"",""coordinates"":[34.845587387985255,1.2223029835576724]}"
3285,5.66801118850708,Trans,2593.0,28.821739196777344,0.5014524459838867,897.6917114257812,1.1387137859269172,34.74117700119719,0.7046838402748108,1047.058837890625,4.0,2024,5.66801118850708,"{""type"":""Point"",""coordinates"":[34.74117700119719,1.1387137859269172]}"
3286,7.159104347229004,Trans,1827.0,21.478260040283203,0.4059642851352691,1388.3951416015625,0.9197906361969984,34.999753100574104,0.5578901171684265,1042.5777587890625,1.0,2024,7.159104347229004,"{""type"":""Point"",""coordinates"":[34.999753100574104,0.9197906361969985]}"
3287,7.127962589263916,Trans,1911.0,21.36956596374512,0.4243109226226806,1653.9757080078125,1.2130476736776654,34.81997310593832,0.4732042849063873,881.7891235351562,1.0,2024,7.127962589263916,"{""type"":""Point"",""coordinates"":[34.81997310593832,1.2130476736776654]}"
3289,6.671812534332275,Trans,1737.0,23.234783172607425,0.3608172535896301,1605.135986328125,0.8470142630305679,34.830848647958724,0.5118506550788879,968.0701904296876,1.0,2024,6.671812534332275,"{""type"":""Point"",""coordinates"":[34.830848647958724,0.8470142630305679]}"
3290,6.484841346740723,Trans,1968.0,26.03043556213379,0.4022198021411896,1415.5245361328125,0.9682303482272075,34.815543192277325,0.5175238847732544,959.7871704101562,1.0,2024,6.484841346740723,"{""type"":""Point"",""coordinates"":[34.815543192277325,0.9682303482272077]}"
3292,6.539148807525635,Trans,1864.0,22.96086883544922,0.4284102916717529,1327.4505615234375,1.024549714240099,35.09474227488883,0.5932120084762573,969.0385131835938,1.0,2024,6.539148807525635,"{""type"":""Point"",""coordinates"":[35.09474227488883,1.024549714240099]}"
3297,6.138643264770508,Trans,1889.0,25.65217399597168,0.4813044965267181,1309.0179443359375,1.0809478400019916,35.13030317071819,0.6965329051017761,1033.5059814453125,1.0,2024,6.138643264770508,"{""type"":""Point"",""coordinates"":[35.13030317071819,1.0809478400019916]}"
3298,7.578105926513672,Trans,1875.0,23.04347801208496,0.328854352235794,1372.1785888671875,1.124270344274498,35.01538319748075,0.4838403463363647,862.4269409179688,1.0,2024,7.578105926513672,"{""type"":""Point"",""coordinates"":[35.01538319748075,1.1242703442744981]}"
3302,7.299477577209473,Trans,1836.0,21.991304397583008,0.3991925418376922,1472.4818115234375,0.9578539902874468,34.94772509237146,0.5689418315887451,984.7139892578124,1.0,2024,7.299477577209473,"{""type"":""Point"",""coordinates"":[34.94772509237146,0.9578539902874469]}"
3303,7.252649307250977,Trans,1852.0,22.895652770996094,0.3841492235660553,1640.1566162109375,1.2021896772354372,34.90086489125463,0.5496332049369812,972.9393310546876,1.0,2024,7.252649307250977,"{""type"":""Point"",""coordinates"":[34.90086489125463,1.2021896772354372]}"
3308,7.370728492736816,Trans,1869.0,23.96086883544922,0.3686482310295105,1640.1566162109375,1.1846192963285702,34.93248156484832,0.4974458813667297,964.7963256835938,1.0,2024,7.370728492736816,"{""type"":""Point"",""coordinates"":[34.93248156484832,1.1846192963285702]}"
3309,7.208750247955322,Trans,1881.0,26.095651626586918,0.3900389373302459,1640.1566162109375,1.175516564702931,34.86357539223279,0.5094793438911438,916.169677734375,1.0,2024,7.208750247955322,"{""type"":""Point"",""coordinates"":[34.86357539223279,1.175516564702931]}"
3311,7.394554615020752,Trans,1836.0,22.600000381469727,0.350197434425354,1587.5098876953125,1.072180097100115,34.91689038132084,0.5358175039291382,961.76513671875,1.0,2024,7.394554615020752,"{""type"":""Point"",""coordinates"":[34.91689038132084,1.072180097100115]}"
3312,7.745749950408935,Trans,1848.0,24.59130477905273,0.3306067287921905,1372.1785888671875,1.0863941147758878,34.957685066239435,0.4966122806072235,1014.598876953125,1.0,2024,7.745749950408935,"{""type"":""Point"",""coordinates"":[34.957685066239435,1.0863941147758878]}"
3316,6.102870941162109,Trans,2250.0,23.33478355407715,0.361085444688797,1518.2637939453125,0.9924505299814996,35.30415237668752,0.5681021213531494,1077.1812744140625,1.0,2024,6.102870941162109,"{""type"":""Point"",""coordinates"":[35.30415237668752,0.9924505299814996]}"
3317,7.577304840087891,Trans,1835.0,22.360870361328125,0.3309437930583954,1587.5098876953125,1.109782254660679,34.913998386014164,0.4895738065242767,960.1989135742188,1.0,2024,7.577304840087891,"{""type"":""Point"",""coordinates"":[34.913998386014164,1.109782254660679]}"
3318,6.579242706298828,Trans,1734.0,22.18260955810547,0.4478625655174255,1605.135986328125,0.8394543881629274,34.81929191892377,0.6993009448051453,968.0701904296876,1.0,2024,6.579242706298828,"{""type"":""Point"",""coordinates"":[34.81929191892377,0.8394543881629274]}"
3323,7.771873950958252,Trans,1819.0,22.126087188720703,0.4101390540599823,1372.1785888671875,1.113858206345765,34.97873776209617,0.6033892631530762,1015.1450805664062,1.0,2024,7.771873950958252,"{""type"":""Point"",""coordinates"":[34.97873776209617,1.113858206345765]}"
3324,6.948966026306152,Trans,1878.0,22.22608757019043,0.3120945394039154,1309.0179443359375,1.056815581769817,35.080192556258275,0.4723058938980102,961.5752563476562,1.0,2024,6.948966026306152,"{""type"":""Point"",""coordinates"":[35.080192556258275,1.056815581769817]}"
3326,6.833186626434326,Trans,1829.0,23.06521797180176,0.4401585459709167,1388.3951416015625,0.9223078164785976,35.04630312058202,0.5539124608039856,873.1403198242188,1.0,2024,6.833186626434326,"{""type"":""Point"",""coordinates"":[35.04630312058202,0.9223078164785975]}"
3333,6.108699798583984,Trans,1968.0,23.41304397583008,0.2556586861610412,1619.9417724609375,0.9243436419234528,35.31633837590953,0.39145228266716,992.7603759765624,4.0,2024,6.108699798583984,"{""type"":""Point"",""coordinates"":[35.31633837590953,0.9243436419234529]}"
3335,6.999840259552002,Trans,1773.0,23.352174758911133,0.4042609632015228,1565.9140625,0.9364115882207906,34.91292779568644,0.5340648293495178,1008.7112426757812,1.0,2024,6.999840259552002,"{""type"":""Point"",""coordinates"":[34.912927795686436,0.9364115882207906]}"
3339,6.92921257019043,Trans,1840.0,24.752174377441406,0.3489628136157989,1339.5623779296875,0.94660725989172,35.05479147854584,0.5276176929473877,951.3497924804688,1.0,2024,6.92921257019043,"{""type"":""Point"",""coordinates"":[35.05479147854584,0.9466072598917199]}"
3342,6.494248390197754,Trans,1990.0,24.28260803222656,0.3917718231678009,1518.2637939453125,0.9584416393141454,35.28717589311246,0.5219663381576538,998.7577514648438,1.0,2024,6.494248390197754,"{""type"":""Point"",""coordinates"":[35.28717589311246,0.9584416393141454]}"
3348,7.168204307556152,Trans,1789.0,24.62173843383789,0.4492560029029846,1565.9140625,0.908296204610006,34.90950069345762,0.5828486084938049,1008.7112426757812,1.0,2024,7.168204307556152,"{""type"":""Point"",""coordinates"":[34.90950069345762,0.908296204610006]}"
3353,6.083117485046387,Trans,1872.0,24.39130401611328,0.3730446994304657,1448.66259765625,1.0132930893261507,35.163293370956964,0.6001962423324585,1005.9006958007812,1.0,2024,6.083117485046387,"{""type"":""Point"",""coordinates"":[35.163293370956964,1.0132930893261507]}"
3355,7.49612283706665,Trans,1834.0,24.204347610473636,0.360291451215744,1311.3265380859375,1.0114486462940704,34.958656401542555,0.4611965119838714,1003.5731201171876,1.0,2024,7.49612283706665,"{""type"":""Point"",""coordinates"":[34.958656401542555,1.0114486462940704]}"
3358,6.832379341125488,Trans,1759.0,24.147825241088867,0.4863153994083404,1687.8226318359375,0.843955398657959,34.89337110589255,0.6267322301864624,988.6344604492188,1.0,2024,6.832379341125488,"{""type"":""Point"",""coordinates"":[34.89337110589255,0.843955398657959]}"
3361,7.003460884094238,Trans,1921.0,22.221738815307617,0.3507891595363617,1532.4256591796875,1.1382035647865691,34.84290379877503,0.45323246717453,853.085205078125,1.0,2024,7.003460884094238,"{""type"":""Point"",""coordinates"":[34.84290379877503,1.1382035647865691]}"
3363,7.07653284072876,Trans,1917.0,22.200000762939453,0.3192200362682342,1640.1566162109375,1.2306850068841702,34.91319734270469,0.4553606212139129,972.9393310546876,4.0,2024,7.07653284072876,"{""type"":""Point"",""coordinates"":[34.91319734270469,1.2306850068841702]}"
3364,7.347188949584961,Trans,1893.0,24.008695602416992,0.3990964889526367,1372.1785888671875,1.141523970615653,35.01562206444591,0.4977179765701294,862.4269409179688,1.0,2024,7.347188949584961,"{""type"":""Point"",""coordinates"":[35.01562206444591,1.141523970615653]}"
3365,7.457496643066406,Trans,1835.0,24.09130477905273,0.3811842203140259,1587.5098876953125,1.0715328343113697,34.925481108807816,0.5793481469154358,961.76513671875,1.0,2024,7.457496643066406,"{""type"":""Point"",""coordinates"":[34.925481108807816,1.0715328343113697]}"
3368,6.941802024841309,Trans,1925.0,24.22608757019043,0.3781733512878418,1309.0179443359375,1.1451664123477472,35.049567890798166,0.5577375292778015,974.173583984375,1.0,2024,6.941802024841309,"{""type"":""Point"",""coordinates"":[35.049567890798166,1.1451664123477472]}"
3370,6.817344665527344,Trans,1901.0,24.65217399597168,0.2733520865440368,1532.4256591796875,1.0641819417310798,34.83891717469306,0.4482798874378204,813.836669921875,1.0,2024,6.817344665527344,"{""type"":""Point"",""coordinates"":[34.83891717469306,1.0641819417310798]}"
3379,6.2165374755859375,Trans,1864.0,21.873912811279297,0.3458422720432281,1463.1514892578125,0.9481973050596963,35.155929603119155,0.4866189956665039,999.2210693359376,1.0,2024,6.2165374755859375,"{""type"":""Point"",""coordinates"":[35.155929603119155,0.9481973050596963]}"
3382,7.343601703643799,Trans,1973.0,21.821739196777344,0.3587852716445923,1653.9757080078125,1.2170125412765689,34.77096629898997,0.5452232956886292,877.1436767578125,1.0,2024,7.343601703643799,"{""type"":""Point"",""coordinates"":[34.77096629898997,1.2170125412765687]}"
3383,7.267836570739746,Trans,1761.0,23.16521644592285,0.3592990040779114,1565.9140625,0.9037520792200948,34.92735369747529,0.5382037162780762,1008.7112426757812,1.0,2024,7.267836570739746,"{""type"":""Point"",""coordinates"":[34.92735369747529,0.9037520792200947]}"
3384,6.144819259643555,Trans,2330.0,22.947826385498047,0.3402907848358154,1415.5245361328125,0.9530544801823232,34.7601093802806,0.5030854940414429,989.7182006835938,4.0,2024,6.144819259643555,"{""type"":""Point"",""coordinates"":[34.7601093802806,0.9530544801823231]}"
3386,6.387924671173096,Trans,2200.0,25.365217208862305,0.3208230137825012,1653.9757080078125,1.1514716886897487,34.78527674280141,0.4870077669620514,878.0504150390625,1.0,2024,6.387924671173096,"{""type"":""Point"",""coordinates"":[34.78527674280141,1.1514716886897487]}"
3391,7.540835857391357,Trans,1828.0,23.213043212890625,0.3620239198207855,1372.1785888671875,1.0559687336587071,35.044307470746475,0.5829232335090637,885.8496704101562,1.0,2024,7.540835857391357,"{""type"":""Point"",""coordinates"":[35.044307470746475,1.0559687336587071]}"
3398,5.993287086486816,Trans,1897.0,22.45652198791504,0.3346030712127685,1448.66259765625,1.0497002700515372,35.18151045147865,0.5306257605552673,1005.9006958007812,1.0,2024,5.993287086486816,"{""type"":""Point"",""coordinates"":[35.18151045147865,1.0497002700515372]}"
3401,7.063031196594238,Trans,1888.0,20.08695602416992,0.333128958940506,1640.1566162109375,1.229821608688336,34.92567626335508,0.4766934216022491,972.9393310546876,1.0,2024,7.063031196594238,"{""type"":""Point"",""coordinates"":[34.92567626335508,1.229821608688336]}"
3402,5.546364784240723,Trans,2123.0,21.017391204833984,0.3332648873329162,1518.2637939453125,0.97112359549458,35.32687657039651,0.4640853703022003,1077.1812744140625,4.0,2024,5.546364784240723,"{""type"":""Point"",""coordinates"":[35.32687657039651,0.9711235954945799]}"
3405,6.068972587585449,Trans,1908.0,20.200000762939453,0.3121203184127807,1448.66259765625,0.983857805737514,35.15572218664924,0.4766318798065185,1027.66796875,1.0,2024,6.068972587585449,"{""type"":""Point"",""coordinates"":[35.155722186649236,0.9838578057375141]}"
3412,6.211476802825928,Trans,1905.0,21.943477630615234,0.2430460155010223,1327.4505615234375,1.0147284929737734,35.11483608468189,0.4369755089282989,1019.4813842773438,1.0,2024,6.211476802825928,"{""type"":""Point"",""coordinates"":[35.11483608468189,1.0147284929737734]}"
3419,5.065861225128174,Trans,2250.0,21.017391204833984,0.3672016859054565,1518.2637939453125,1.01451943298227,35.34003721665733,0.4775284826755523,1062.2413330078125,1.0,2024,5.065861225128174,"{""type"":""Point"",""coordinates"":[35.34003721665733,1.01451943298227]}"
3420,6.537798881530762,Trans,1934.0,21.06521797180176,0.3991306722164154,1303.348388671875,1.23128609186409,35.01559054969013,0.5170470476150513,1020.2589111328124,4.0,2024,6.537798881530762,"{""type"":""Point"",""coordinates"":[35.01559054969013,1.23128609186409]}"
3421,7.194480419158936,Trans,1911.0,21.669565200805664,0.342055469751358,1640.1566162109375,1.201330688112486,34.94697889400401,0.5188918709754944,972.9393310546876,1.0,2024,7.194480419158936,"{""type"":""Point"",""coordinates"":[34.94697889400401,1.2013306881124861]}"
3429,7.527017116546631,Trans,1836.0,21.84782600402832,0.412641316652298,1587.5098876953125,1.123408356797242,34.90056239190221,0.557598888874054,960.1989135742188,1.0,2024,7.527017116546631,"{""type"":""Point"",""coordinates"":[34.90056239190221,1.123408356797242]}"
3430,6.785245895385742,Trans,1762.0,23.708696365356445,0.3638289272785187,1472.4818115234375,0.9698971798412344,34.909162316215415,0.5743820667266846,984.7139892578124,1.0,2024,6.785245895385742,"{""type"":""Point"",""coordinates"":[34.909162316215415,0.9698971798412344]}"
3431,6.281891822814941,Trans,1850.0,24.30434799194336,0.3645037114620209,1448.66259765625,0.9737409517547247,35.19063189835568,0.5339764356613159,1027.66796875,1.0,2024,6.281891822814941,"{""type"":""Point"",""coordinates"":[35.190631898355676,0.9737409517547249]}"
3434,7.531833171844482,Trans,1864.0,21.68260955810547,0.3434788584709167,1311.3265380859375,0.9730762707530408,35.00201650346921,0.5236100554466248,943.7447509765624,1.0,2024,7.531833171844482,"{""type"":""Point"",""coordinates"":[35.00201650346921,0.9730762707530409]}"
3437,7.271674156188965,Trans,1848.0,22.69565200805664,0.3797636330127716,1309.0179443359375,1.0608751032175143,35.06313198895522,0.5644718408584595,961.5752563476562,1.0,2024,7.271674156188965,"{""type"":""Point"",""coordinates"":[35.06313198895522,1.0608751032175145]}"
3438,7.043936252593994,Trans,1897.0,22.30869483947754,0.3985626399517059,1653.9757080078125,1.1949711117990554,34.83330695468884,0.5575788617134094,878.5647583007812,1.0,2024,7.043936252593994,"{""type"":""Point"",""coordinates"":[34.83330695468884,1.1949711117990554]}"
3442,7.237259864807129,Trans,1971.0,25.17391395568848,0.4257084429264068,1653.9757080078125,1.215976039466794,34.788999003223964,0.6156033277511597,877.1436767578125,1.0,2024,7.237259864807129,"{""type"":""Point"",""coordinates"":[34.788999003223964,1.215976039466794]}"
3444,7.527973651885986,Trans,1863.0,25.18695640563965,0.4035843908786773,1587.5098876953125,1.097236378542357,34.91441004609867,0.5448265671730042,961.76513671875,1.0,2024,7.527973651885986,"{""type"":""Point"",""coordinates"":[34.91441004609867,1.0972363785423567]}"
3445,6.336599349975586,Trans,1853.0,24.360870361328125,0.3392707109451294,1339.5623779296875,0.9388735404534816,35.1365237710464,0.5073949098587036,964.28857421875,1.0,2024,6.336599349975586,"{""type"":""Point"",""coordinates"":[35.1365237710464,0.9388735404534815]}"
3448,6.370004653930664,Trans,2125.0,27.10869598388672,0.2849073708057403,1415.5245361328125,1.0338341072847064,34.793452001010905,0.5363348126411438,954.0535278320312,1.0,2024,6.370004653930664,"{""type"":""Point"",""coordinates"":[34.793452001010905,1.0338341072847064]}"
3451,7.724672317504883,Trans,1852.0,24.7391300201416,0.3648580908775329,1587.5098876953125,1.0979002182378066,34.9488736838734,0.5048967003822327,961.76513671875,1.0,2024,7.724672317504883,"{""type"":""Point"",""coordinates"":[34.9488736838734,1.0979002182378066]}"
3457,7.681186676025391,Trans,1826.0,23.40434837341309,0.392259418964386,1587.5098876953125,1.1239865920398573,34.93382386664307,0.5473925471305847,960.1989135742188,1.0,2024,7.681186676025391,"{""type"":""Point"",""coordinates"":[34.93382386664307,1.1239865920398573]}"
3459,7.164875984191895,Trans,1914.0,22.139129638671875,0.3167509436607361,1640.1566162109375,1.2166886513370083,34.907970006547444,0.4819606244564056,972.9393310546876,1.0,2024,7.164875984191895,"{""type"":""Point"",""coordinates"":[34.907970006547444,1.2166886513370083]}"
3460,7.494300842285156,Trans,1850.0,23.204347610473636,0.2978474497795105,1587.5098876953125,1.0917227175716224,34.91377410759689,0.4222145676612854,961.76513671875,1.0,2024,7.494300842285156,"{""type"":""Point"",""coordinates"":[34.91377410759689,1.0917227175716224]}"
3462,6.954189300537109,Trans,1952.0,22.92608642578125,0.390803724527359,1303.348388671875,1.2258171066394483,34.964851591395515,0.5940036177635193,1109.6043701171875,1.0,2024,6.954189300537109,"{""type"":""Point"",""coordinates"":[34.964851591395515,1.2258171066394485]}"
3464,6.8285322189331055,Trans,1716.0,23.60869598388672,0.4862047135829925,1565.9140625,0.8520183722843439,34.91649691136412,0.6162794232368469,986.4015502929688,4.0,2024,6.8285322189331055,"{""type"":""Point"",""coordinates"":[34.91649691136412,0.8520183722843439]}"
3465,6.59276008605957,Trans,1865.0,23.339130401611328,0.4545271098613739,1619.9417724609375,0.937047137475854,35.264179853875234,0.6727969646453857,978.35693359375,1.0,2024,6.59276008605957,"{""type"":""Point"",""coordinates"":[35.264179853875234,0.9370471374758539]}"
3469,6.114092826843262,Trans,2323.0,23.408695220947266,0.3694150149822235,1415.5245361328125,0.9567906383870846,34.75901376321908,0.4925551116466522,989.7182006835938,1.0,2024,6.114092826843262,"{""type"":""Point"",""coordinates"":[34.75901376321908,0.9567906383870846]}"
3472,7.180096626281738,Trans,1880.0,20.27391242980957,0.3187478184700012,1640.1566162109375,1.2063177628227209,34.87245035748405,0.4515354633331299,915.8572387695312,1.0,2024,7.180096626281738,"{""type"":""Point"",""coordinates"":[34.87245035748405,1.2063177628227209]}"
3473,6.395725727081299,Trans,1886.0,24.56521797180176,0.3968689143657684,1309.0179443359375,1.0982987061727212,35.11448340052076,0.6226245164871216,1033.5059814453125,1.0,2024,6.395725727081299,"{""type"":""Point"",""coordinates"":[35.11448340052076,1.0982987061727212]}"
3475,7.142313957214356,Trans,1888.0,22.830434799194336,0.3149745762348175,1653.9757080078125,1.2177372327952642,34.84006765203548,0.4431901574134826,881.7891235351562,1.0,2024,7.142313957214356,"{""type"":""Point"",""coordinates"":[34.84006765203548,1.2177372327952642]}"
3479,5.766107559204102,Trans,2274.0,22.478260040283203,0.2395244985818863,1532.4256591796875,1.1132386738365123,34.76635140155513,0.4006559252738952,876.7874755859375,1.0,2024,5.766107559204102,"{""type"":""Point"",""coordinates"":[34.76635140155513,1.1132386738365123]}"
3483,6.222719669342041,Trans,1822.0,22.07826042175293,0.329576700925827,1448.66259765625,0.9633289749945266,35.18218005103706,0.4897162616252899,1027.66796875,1.0,2024,6.222719669342041,"{""type"":""Point"",""coordinates"":[35.18218005103706,0.9633289749945266]}"
3484,7.441987037658691,Trans,1841.0,27.104347229003903,0.4267793595790863,1587.5098876953125,1.104230181862277,34.89703145006668,0.5602443814277649,896.3999633789062,1.0,2024,7.441987037658691,"{""type"":""Point"",""coordinates"":[34.89703145006668,1.104230181862277]}"
3485,7.483186721801758,Trans,1854.0,26.60869598388672,0.3220695555210113,1587.5098876953125,1.055043130949893,34.93880371957102,0.47710981965065,961.76513671875,1.0,2024,7.483186721801758,"{""type"":""Point"",""coordinates"":[34.93880371957102,1.0550431309498933]}"
3488,5.878042221069336,Trans,2148.0,23.68695640563965,0.2998099625110626,1532.4256591796875,1.0982679993931113,34.77499221347474,0.5112149715423584,888.1694946289062,1.0,2024,5.878042221069336,"{""type"":""Point"",""coordinates"":[34.77499221347474,1.0982679993931113]}"
3492,7.034392356872559,Trans,1926.0,21.80434799194336,0.9862799644470216,1303.348388671875,1.2021542486207029,34.97032516519736,0.489797294139862,1109.6043701171875,1.0,2024,7.034392356872559,"{""type"":""Point"",""coordinates"":[34.97032516519736,1.2021542486207029]}"
3493,7.413715362548828,Trans,1968.0,22.3869571685791,0.420132964849472,1372.1785888671875,1.1489092477222071,34.99359211941568,0.5202481150627136,1015.1450805664062,1.0,2024,7.413715362548828,"{""type"":""Point"",""coordinates"":[34.99359211941568,1.1489092477222071]}"
3496,7.333324432373047,Trans,1810.0,24.15217399597168,0.1997499316930771,1472.4818115234375,1.0102377182023654,34.94435741104168,0.2908865809440613,963.7658081054688,1.0,2024,7.333324432373047,"{""type"":""Point"",""coordinates"":[34.94435741104168,1.0102377182023654]}"
3497,6.932270050048828,Trans,1782.0,23.43478202819824,0.4203918576240539,1472.4818115234375,0.963468316864906,34.91930423045229,0.5608829855918884,984.7139892578124,1.0,2024,6.932270050048828,"{""type"":""Point"",""coordinates"":[34.91930423045229,0.9634683168649059]}"
3502,6.252109527587891,Trans,2169.0,21.76956558227539,0.3235659003257751,1532.4256591796875,1.1417636366239154,34.780686410564265,0.5289878249168396,876.7874755859375,1.0,2024,6.252109527587891,"{""type"":""Point"",""coordinates"":[34.780686410564265,1.1417636366239154]}"
3504,7.056953430175781,Trans,1724.0,23.03043556213379,0.4035910964012146,1565.9140625,0.8606344563764653,34.8900485154331,0.5952497720718384,1008.7085571289062,1.0,2024,7.056953430175781,"{""type"":""Point"",""coordinates"":[34.8900485154331,0.8606344563764653]}"
3506,7.33262825012207,Trans,1856.0,22.678260803222656,0.3452383577823639,1640.1566162109375,1.1912257336982175,34.913742991461795,0.4626898169517517,964.7963256835938,1.0,2024,7.33262825012207,"{""type"":""Point"",""coordinates"":[34.913742991461795,1.1912257336982177]}"
3509,7.027427673339844,Trans,1914.0,21.552173614501957,0.2925636768341064,1653.9757080078125,1.1989502288504688,34.823352934292814,0.4401317834854126,878.5647583007812,1.0,2024,7.027427673339844,"{""type"":""Point"",""coordinates"":[34.823352934292814,1.1989502288504688]}"
3514,7.082333087921143,Trans,1907.0,22.447826385498047,0.284675657749176,1309.0179443359375,1.1045864246742565,35.07609690027792,0.4247706830501556,974.173583984375,1.0,2024,7.082333087921143,"{""type"":""Point"",""coordinates"":[35.07609690027792,1.1045864246742563]}"
3516,7.7393317222595215,Trans,1845.0,26.12173843383789,0.4239500164985657,1372.1785888671875,1.112829132443375,34.95118718182941,0.5499782562255859,1015.1450805664062,1.0,2024,7.7393317222595215,"{""type"":""Point"",""coordinates"":[34.95118718182941,1.112829132443375]}"
3517,6.359963417053223,Trans,1852.0,23.365217208862305,0.2945138216018677,1463.1514892578125,0.9264863809686624,35.205820645975955,0.428649753332138,1050.580810546875,1.0,2024,6.359963417053223,"{""type"":""Point"",""coordinates"":[35.205820645975955,0.9264863809686625]}"
3519,7.065983772277832,Trans,1856.0,24.07826042175293,0.432547003030777,1472.4818115234375,1.0346692064794194,34.91196398789859,0.6058277487754822,963.7658081054688,1.0,2024,7.065983772277832,"{""type"":""Point"",""coordinates"":[34.91196398789859,1.0346692064794194]}"
3521,7.096685886383057,Trans,1883.0,18.908695220947266,0.3939499855041504,1653.9757080078125,1.205540293205114,34.837073221839496,0.4988434910774231,881.7891235351562,1.0,2024,7.096685886383057,"{""type"":""Point"",""coordinates"":[34.837073221839496,1.205540293205114]}"
3523,7.231770038604736,Trans,1892.0,26.77391242980957,0.353504478931427,1372.1785888671875,1.133326505601982,35.0419140955313,0.5290833115577698,862.4269409179688,1.0,2024,7.231770038604736,"{""type"":""Point"",""coordinates"":[35.0419140955313,1.133326505601982]}"
3529,7.020627975463867,Trans,1885.0,22.37826156616211,0.4030281007289886,1309.0179443359375,1.0542750883852323,35.07612101762144,0.5490456223487854,961.5752563476562,1.0,2024,7.020627975463867,"{""type"":""Point"",""coordinates"":[35.07612101762144,1.0542750883852323]}"
3530,7.0885210037231445,Trans,1882.0,21.07826042175293,0.3519306480884552,1653.9757080078125,1.190734127810317,34.84530135126218,0.4583226144313812,878.5647583007812,1.0,2024,7.0885210037231445,"{""type"":""Point"",""coordinates"":[34.84530135126218,1.190734127810317]}"
3531,6.731051921844482,Trans,1948.0,22.92173957824707,0.3169601261615753,1303.348388671875,1.1930635413237038,35.00508759742954,0.4990164637565613,860.8521118164062,1.0,2024,6.731051921844482,"{""type"":""Point"",""coordinates"":[35.00508759742954,1.1930635413237038]}"
3534,7.1471686363220215,Trans,1887.0,22.92173957824707,0.2890595197677612,1653.9757080078125,1.2198877178300491,34.84151500285297,0.3901384770870209,881.7891235351562,1.0,2024,7.1471686363220215,"{""type"":""Point"",""coordinates"":[34.84151500285297,1.2198877178300491]}"
3535,7.060915946960449,Trans,1761.0,17.895652770996094,0.2501530349254608,1794.15283203125,1.2661090671986166,34.86351128026033,0.354455828666687,882.4627075195312,6.0,2024,7.060915946960449,"{""type"":""Point"",""coordinates"":[34.86351128026033,1.2661090671986166]}"
3544,7.685037612915039,Trans,1835.0,19.639129638671875,0.3753085732460022,1311.3265380859375,1.0090814274794198,34.99383727498392,0.4767957925796509,1003.5731201171876,1.0,2024,7.685037612915039,"{""type"":""Point"",""coordinates"":[34.99383727498392,1.0090814274794198]}"
3545,6.320035457611084,Trans,2157.0,20.600000381469727,0.289409875869751,1532.4256591796875,1.1437724759776182,34.78498949909591,0.4414682686328888,876.7874755859375,1.0,2024,6.320035457611084,"{""type"":""Point"",""coordinates"":[34.78498949909591,1.1437724759776182]}"
3550,6.461969375610352,Trans,1797.0,24.852174758911133,0.4126921594142914,1472.4818115234375,0.9788021064525996,34.87743563171368,0.6080822348594666,941.492431640625,1.0,2024,6.461969375610352,"{""type"":""Point"",""coordinates"":[34.87743563171368,0.9788021064525995]}"
3553,6.296228885650635,Trans,2501.0,25.013044357299805,0.351424366235733,1086.3765869140625,1.165788805305617,34.740752525152224,0.6010617017745972,1033.228759765625,4.0,2024,6.296228885650635,"{""type"":""Point"",""coordinates"":[34.740752525152224,1.1657888053056167]}"
3562,6.858950138092041,Trans,1776.0,18.547826766967773,0.3240906596183777,1794.15283203125,1.2762238147220788,34.9038962507362,0.4449421465396881,953.6435546875,6.0,2024,6.858950138092041,"{""type"":""Point"",""coordinates"":[34.9038962507362,1.2762238147220788]}"
3565,7.217236518859863,Trans,1901.0,22.200000762939453,0.4175421297550201,1653.9757080078125,1.2234804011041904,34.81752456271797,0.4907408058643341,881.7891235351562,1.0,2024,7.217236518859863,"{""type"":""Point"",""coordinates"":[34.81752456271797,1.2234804011041904]}"
3567,6.310189247131348,Trans,1865.0,25.04347801208496,0.307677298784256,1463.1514892578125,0.9384955926771656,35.191101221457984,0.459596186876297,999.2210693359376,1.0,2024,6.310189247131348,"{""type"":""Point"",""coordinates"":[35.191101221457984,0.9384955926771656]}"
3568,7.306356430053711,Trans,1844.0,22.169565200805664,0.3871348202228546,1388.3951416015625,0.9235174429908108,34.982989094999986,0.5352961421012878,1042.5777587890625,1.0,2024,7.306356430053711,"{""type"":""Point"",""coordinates"":[34.982989094999986,0.9235174429908108]}"
3569,7.517495632171631,Trans,1901.0,24.747825622558597,0.3812845051288605,1372.1785888671875,1.1467239029700935,34.97907133141329,0.4862982928752899,1015.1450805664062,1.0,2024,7.517495632171631,"{""type"":""Point"",""coordinates"":[34.97907133141329,1.1467239029700937]}"
3571,6.669888019561768,Trans,1816.0,25.669565200805664,0.3938387036323547,1565.9140625,0.9235383853432632,34.86421386794377,0.5823438167572021,1014.7183227539062,1.0,2024,6.669888019561768,"{""type"":""Point"",""coordinates"":[34.86421386794377,0.9235383853432632]}"
3573,6.225729942321777,Trans,2078.0,24.765216827392575,0.3372974991798401,1532.4256591796875,1.1084224700355176,34.790863926167134,0.5076379776000977,876.7874755859375,1.0,2024,6.225729942321777,"{""type"":""Point"",""coordinates"":[34.790863926167134,1.1084224700355176]}"
3574,6.487381458282471,Trans,1691.0,25.247825622558597,0.4240450859069824,1605.135986328125,0.8405670927023277,34.80772000114666,0.6171198487281799,968.0701904296876,1.0,2024,6.487381458282471,"{""type"":""Point"",""coordinates"":[34.80772000114666,0.8405670927023277]}"
3575,6.402256488800049,Trans,2066.0,23.46086883544922,0.3488176763057709,1532.4256591796875,1.1219736886692513,34.800545173933784,0.4996732175350189,853.085205078125,1.0,2024,6.402256488800049,"{""type"":""Point"",""coordinates"":[34.800545173933784,1.1219736886692513]}"
3578,6.986447334289551,Trans,1875.0,23.59130477905273,0.2694907188415527,1587.5098876953125,1.0861148030481182,34.851167025837064,0.3958283066749573,908.87646484375,1.0,2024,6.986447334289551,"{""type"":""Point"",""coordinates"":[34.851167025837064,1.0861148030481182]}"
3579,6.279394626617432,Trans,2233.0,23.30869483947754,0.4523971974849701,1415.5245361328125,0.9532277609696306,34.77178163480199,0.6420145034790039,989.7182006835938,1.0,2024,6.279394626617432,"{""type"":""Point"",""coordinates"":[34.77178163480199,0.9532277609696306]}"
3584,6.473877906799316,Trans,1885.0,24.36956596374512,0.428065538406372,1415.5245361328125,0.9910429268809616,34.84750824227216,0.6418304443359375,959.7871704101562,1.0,2024,6.473877906799316,"{""type"":""Point"",""coordinates"":[34.84750824227216,0.9910429268809616]}"
3586,6.430882453918457,Trans,1827.0,23.67391395568848,0.5016796588897705,1472.4818115234375,0.983621761913532,34.866286294097456,0.6259990334510803,941.492431640625,1.0,2024,6.430882453918457,"{""type"":""Point"",""coordinates"":[34.866286294097456,0.9836217619135321]}"
3587,6.7412214279174805,Trans,1782.0,24.53043556213379,0.4257187843322754,1472.4818115234375,1.011283200542138,34.896028585503466,0.60416579246521,914.8713989257812,1.0,2024,6.7412214279174805,"{""type"":""Point"",""coordinates"":[34.896028585503466,1.011283200542138]}"
3588,7.0611066818237305,Trans,1875.0,23.40434837341309,0.3633692562580108,1587.5098876953125,1.0660439050485306,34.881699463758466,0.5091536641120911,908.87646484375,1.0,2024,7.0611066818237305,"{""type"":""Point"",""coordinates"":[34.881699463758466,1.0660439050485306]}"
3591,6.357920169830322,Trans,1973.0,25.88260841369629,0.4123166799545288,1451.5164794921875,0.8768663042461312,34.803603423250934,0.5824207663536072,985.6239013671876,1.0,2024,6.357920169830322,"{""type"":""Point"",""coordinates"":[34.803603423250934,0.8768663042461312]}"
3594,6.571647644042969,Trans,1797.0,26.06521797180176,0.3325971066951751,1472.4818115234375,1.0040770790819666,34.88097478875194,0.497562050819397,914.8713989257812,1.0,2024,6.571647644042969,"{""type"":""Point"",""coordinates"":[34.88097478875194,1.0040770790819666]}"
3596,6.680014610290527,Trans,1740.0,23.234783172607425,0.3506289422512054,1605.135986328125,0.8497906734315188,34.83208485621033,0.5140023231506348,968.0701904296876,1.0,2024,6.680014610290527,"{""type"":""Point"",""coordinates"":[34.83208485621033,0.8497906734315188]}"
3598,6.607369899749756,Trans,1929.0,22.88260841369629,0.3403549492359161,1532.4256591796875,1.12498033119743,34.814073473984415,0.4700071513652801,853.085205078125,1.0,2024,6.607369899749756,"{""type"":""Point"",""coordinates"":[34.814073473984415,1.12498033119743]}"
3599,7.427304267883301,Trans,1875.0,23.15652084350586,0.3329407870769501,1311.3265380859375,0.989125338115511,35.03246237625276,0.5525566935539246,943.7447509765624,1.0,2024,7.427304267883301,"{""type"":""Point"",""coordinates"":[35.03246237625276,0.989125338115511]}"
3600,6.79454517364502,Trans,1910.0,24.778261184692383,0.3658559918403625,1532.4256591796875,1.08369925159817,34.83123656355004,0.5540757775306702,813.836669921875,1.0,2024,6.79454517364502,"{""type"":""Point"",""coordinates"":[34.83123656355004,1.08369925159817]}"
3602,6.875763416290283,Trans,1943.0,22.5,0.3049868643283844,1309.0179443359375,1.1159204646323135,35.084048358016084,0.4739820957183838,974.173583984375,1.0,2024,6.875763416290283,"{""type"":""Point"",""coordinates"":[35.084048358016084,1.1159204646323135]}"
3604,6.447137832641602,Trans,1882.0,25.83478355407715,0.4072980880737304,1619.9417724609375,0.9188443194749378,35.289843682370524,0.6075200438499451,978.35693359375,1.0,2024,6.447137832641602,"{""type"":""Point"",""coordinates"":[35.289843682370524,0.9188443194749378]}"
3605,7.623445510864258,Trans,1854.0,25.778261184692383,0.4149744212627411,1587.5098876953125,1.0839628158924686,34.937500281051435,0.5119677186012268,961.76513671875,1.0,2024,7.623445510864258,"{""type"":""Point"",""coordinates"":[34.937500281051435,1.0839628158924686]}"
3606,6.8180437088012695,Trans,1920.0,24.24347877502441,0.3319720923900604,1587.5098876953125,1.0525598761123556,34.850504594154586,0.4906025826931,908.87646484375,1.0,2024,6.8180437088012695,"{""type"":""Point"",""coordinates"":[34.850504594154586,1.0525598761123556]}"
3607,6.578063488006592,Trans,1938.0,22.126087188720703,0.2785075008869171,1303.348388671875,1.1916572709414202,35.01878213550852,0.3684206306934356,860.8521118164062,1.0,2024,6.578063488006592,"{""type"":""Point"",""coordinates"":[35.01878213550852,1.1916572709414202]}"
3608,6.795158386230469,Trans,2020.0,21.856521606445312,0.3794427514076233,1653.9757080078125,1.1682527980380155,34.81511592930852,0.5484126806259155,878.5647583007812,1.0,2024,6.795158386230469,"{""type"":""Point"",""coordinates"":[34.81511592930852,1.1682527980380155]}"
3611,6.400233268737793,Trans,2037.0,23.03478240966797,0.3006328642368316,1532.4256591796875,1.1130954178814978,34.80102813270222,0.5014810562133789,853.085205078125,1.0,2024,6.400233268737793,"{""type"":""Point"",""coordinates"":[34.80102813270222,1.1130954178814978]}"
3613,7.150801658630371,Trans,1864.0,25.05652236938477,0.3741280734539032,1587.5098876953125,1.0753419229934564,34.88397349388595,0.5291780233383179,908.87646484375,1.0,2024,7.150801658630371,"{""type"":""Point"",""coordinates"":[34.88397349388595,1.0753419229934564]}"
3616,7.186078071594238,Trans,1818.0,23.57826042175293,0.3551476299762726,1388.3951416015625,0.9289146959521096,35.009081613438994,0.4836578965187073,873.1403198242188,1.0,2024,7.186078071594238,"{""type"":""Point"",""coordinates"":[35.009081613438994,0.9289146959521096]}"
3619,6.955577850341797,Trans,1773.0,21.852174758911133,0.270240306854248,1472.4818115234375,0.9813159157874976,34.921629920773384,0.4510611593723297,984.7139892578124,1.0,2024,6.955577850341797,"{""type"":""Point"",""coordinates"":[34.921629920773384,0.9813159157874977]}"
3622,6.484060287475586,Trans,1937.0,22.43478202819824,0.3794816434383392,1303.348388671875,1.1772294360811066,35.03971416032166,0.5566474199295044,860.8521118164062,1.0,2024,6.484060287475586,"{""type"":""Point"",""coordinates"":[35.03971416032166,1.1772294360811066]}"
3625,7.29937744140625,Trans,1839.0,18.791303634643555,0.2742367386817932,1854.9388427734373,1.2501864302875707,34.8317467262445,0.4143795669078827,855.2916870117188,1.0,2024,7.29937744140625,"{""type"":""Point"",""coordinates"":[34.8317467262445,1.2501864302875707]}"
3627,7.384331703186035,Trans,1823.0,23.60869598388672,0.3356549143791199,1311.3265380859375,0.9986885521826152,34.95085576341092,0.5096529126167297,1077.162841796875,1.0,2024,7.384331703186035,"{""type"":""Point"",""coordinates"":[34.95085576341092,0.9986885521826151]}"
3629,6.414468288421631,Trans,1996.0,24.96521759033203,0.3519028127193451,1451.5164794921875,0.9088802592374844,34.813078930879634,0.5253024101257324,1004.1910400390624,1.0,2024,6.414468288421631,"{""type"":""Point"",""coordinates"":[34.813078930879634,0.9088802592374843]}"
3630,6.774384498596191,Trans,1964.0,24.486955642700195,0.4301422238349914,1653.9757080078125,1.1631643912716876,34.8167828891608,0.6189978718757629,878.5647583007812,1.0,2024,6.774384498596191,"{""type"":""Point"",""coordinates"":[34.8167828891608,1.1631643912716876]}"
3633,5.6278395652771,Trans,2268.0,22.095651626586918,0.3539301455020904,1532.4256591796875,1.0891112038521618,34.765733812540844,0.451440691947937,888.1694946289062,1.0,2024,5.6278395652771,"{""type"":""Point"",""coordinates"":[34.765733812540844,1.0891112038521618]}"
3637,7.560970306396484,Trans,1906.0,20.795652389526367,0.3751503825187683,1311.3265380859375,0.985418320770388,35.0106807929032,0.5129391551017761,943.7447509765624,1.0,2024,7.560970306396484,"{""type"":""Point"",""coordinates"":[35.0106807929032,0.985418320770388]}"
3639,6.426578521728516,Trans,2117.0,24.68260955810547,0.3949936926364898,1415.5245361328125,0.99328599303286,34.7912797763534,0.5772411227226257,989.7182006835938,1.0,2024,6.426578521728516,"{""type"":""Point"",""coordinates"":[34.7912797763534,0.9932859930328599]}"
3641,7.091692924499512,Trans,1910.0,23.0,0.3536185026168823,1303.348388671875,1.2024932408669502,34.9628335330634,0.5854191184043884,1109.6043701171875,1.0,2024,7.091692924499512,"{""type"":""Point"",""coordinates"":[34.962833533063396,1.2024932408669502]}"
3642,6.03764533996582,Trans,1908.0,22.895652770996094,0.4025164544582367,1327.4505615234375,1.0026441976979743,35.13808454344008,0.5590599775314331,1019.4813842773438,1.0,2024,6.03764533996582,"{""type"":""Point"",""coordinates"":[35.13808454344008,1.0026441976979743]}"
3646,5.194940567016602,Trans,2052.0,24.852174758911133,0.3431662917137146,1619.9417724609375,0.9463815446021796,35.34764955811692,0.4859013259410858,992.7603759765624,4.0,2024,5.194940567016602,"{""type"":""Point"",""coordinates"":[35.34764955811692,0.9463815446021797]}"
3647,6.546122550964356,Trans,1914.0,20.24347877502441,0.2591444253921509,1448.66259765625,0.9754283202688184,35.2231766489053,0.4008223712444305,1047.075927734375,1.0,2024,6.546122550964356,"{""type"":""Point"",""coordinates"":[35.2231766489053,0.9754283202688185]}"
3648,6.83100700378418,Trans,1958.0,19.747825622558597,0.3041330277919769,1303.348388671875,1.2268624475936392,34.981413385880884,0.41872039437294,1109.6043701171875,1.0,2024,6.83100700378418,"{""type"":""Point"",""coordinates"":[34.981413385880884,1.2268624475936392]}"
3649,7.092365264892578,Trans,1890.0,24.295652389526367,0.3973413705825805,1653.9757080078125,1.1609047262259469,34.84857393207775,0.5027894377708435,878.5647583007812,1.0,2024,7.092365264892578,"{""type"":""Point"",""coordinates"":[34.84857393207775,1.1609047262259469]}"
3650,7.140817165374756,Trans,1898.0,23.60869598388672,0.3318334221839905,1640.1566162109375,1.1769920588287224,34.85383318387006,0.4892214238643646,916.169677734375,1.0,2024,7.140817165374756,"{""type"":""Point"",""coordinates"":[34.85383318387006,1.1769920588287224]}"
3651,7.70137882232666,Trans,1840.0,24.595651626586918,0.3908210694789886,1372.1785888671875,1.122804198896073,34.99111128225059,0.5591704249382019,1015.1450805664062,1.0,2024,7.70137882232666,"{""type"":""Point"",""coordinates"":[34.99111128225059,1.122804198896073]}"
3659,6.254240989685059,Trans,1835.0,21.73043441772461,0.3586836755275726,1463.1514892578125,0.9439198475818432,35.172612621854526,0.519080638885498,999.2210693359376,1.0,2024,6.254240989685059,"{""type"":""Point"",""coordinates"":[35.172612621854526,0.9439198475818432]}"
3660,6.46500301361084,Trans,1940.0,23.21739196777344,0.3819040060043335,1415.5245361328125,0.9682591737598476,34.827576820455626,0.5861126780509949,959.7871704101562,1.0,2024,6.46500301361084,"{""type"":""Point"",""coordinates"":[34.827576820455626,0.9682591737598477]}"
3661,6.266841888427734,Trans,2053.0,24.356521606445312,0.3597483038902282,1532.4256591796875,1.0903733699405975,34.79390073648948,0.5480064749717712,888.1694946289062,1.0,2024,6.266841888427734,"{""type"":""Point"",""coordinates"":[34.79390073648948,1.0903733699405975]}"
3662,6.535006523132324,Trans,1809.0,24.069564819335938,0.4128409624099731,1472.4818115234375,0.95960616059398,34.88402546735173,0.5987246036529541,941.492431640625,1.0,2024,6.535006523132324,"{""type"":""Point"",""coordinates"":[34.88402546735173,0.9596061605939799]}"
3664,6.790643215179443,Trans,1941.0,24.747825622558597,0.3722133934497833,1303.348388671875,1.176081409900568,35.01704923703582,0.543594241142273,860.8521118164062,1.0,2024,6.790643215179443,"{""type"":""Point"",""coordinates"":[35.01704923703582,1.176081409900568]}"
3673,7.335938930511475,Trans,1777.0,24.795652389526367,0.402664303779602,1388.3951416015625,0.9192662465138778,34.967401449974574,0.5613170266151428,1042.5777587890625,1.0,2024,7.335938930511475,"{""type"":""Point"",""coordinates"":[34.967401449974574,0.9192662465138778]}"
3674,6.737883567810059,Trans,2210.0,26.71739196777344,0.4889459311962127,1086.3765869140625,1.18338812200085,34.74022603337967,0.7256413102149963,1033.228759765625,1.0,2024,6.737883567810059,"{""type"":""Point"",""coordinates"":[34.74022603337967,1.18338812200085]}"
3675,6.850293159484863,Trans,1952.0,23.069564819335938,0.3094675540924072,1303.348388671875,1.2150650955269051,34.98261044596515,0.5451473593711853,1109.6043701171875,1.0,2024,6.850293159484863,"{""type"":""Point"",""coordinates"":[34.98261044596515,1.2150650955269053]}"
3676,7.686285018920898,Trans,1828.0,24.0217399597168,0.3908555805683136,1587.5098876953125,1.1264984942509424,34.937337437673186,0.5554862022399902,960.1989135742188,1.0,2024,7.686285018920898,"{""type"":""Point"",""coordinates"":[34.937337437673186,1.1264984942509424]}"
3683,7.1558990478515625,Trans,1875.0,22.143478393554688,0.3094297647476196,1640.1566162109375,1.2040188358974075,34.86163289503507,0.4212749898433685,915.8572387695312,1.0,2024,7.1558990478515625,"{""type"":""Point"",""coordinates"":[34.86163289503507,1.2040188358974075]}"
3688,7.613731384277344,Trans,1843.0,22.865217208862305,0.3830218315124511,1372.1785888671875,1.1264316410646589,35.00505663716609,0.5395670533180237,862.4269409179688,1.0,2024,7.613731384277344,"{""type"":""Point"",""coordinates"":[35.00505663716609,1.1264316410646587]}"
3689,7.3690080642700195,Trans,1869.0,23.65652084350586,0.3533432781696319,1640.1566162109375,1.184813904509641,34.9336742062281,0.4832686483860016,964.7963256835938,1.0,2024,7.3690080642700195,"{""type"":""Point"",""coordinates"":[34.9336742062281,1.184813904509641]}"
3691,7.604794979095459,Trans,1853.0,22.11739158630371,0.4699513912200928,1311.3265380859375,1.0438188988871786,35.03548967162188,0.6606424450874329,895.3138427734375,1.0,2024,7.604794979095459,"{""type"":""Point"",""coordinates"":[35.03548967162188,1.0438188988871786]}"
3695,7.049169063568115,Trans,1848.0,18.365217208862305,0.3162384033203125,1640.1566162109375,1.238446538573112,34.892162473974,0.3745839893817901,915.8572387695312,6.0,2024,7.049169063568115,"{""type"":""Point"",""coordinates"":[34.892162473974,1.238446538573112]}"
3699,7.067179203033447,Trans,1760.0,20.626087188720703,0.3499239683151245,1640.1566162109375,1.2467068114628883,34.871331743008,0.5024417638778687,915.8572387695312,6.0,2024,7.067179203033447,"{""type"":""Point"",""coordinates"":[34.871331743008,1.2467068114628885]}"
3700,7.27878475189209,Trans,1852.0,23.62173843383789,0.3396686613559723,1587.5098876953125,1.129633254980642,34.8683000738213,0.469102531671524,896.3999633789062,1.0,2024,7.27878475189209,"{""type"":""Point"",""coordinates"":[34.8683000738213,1.129633254980642]}"
3707,7.026654243469238,Trans,1928.0,21.65217399597168,0.3955892324447632,1303.348388671875,1.2022293800560604,34.971392228729044,0.498508870601654,1109.6043701171875,1.0,2024,7.026654243469238,"{""type"":""Point"",""coordinates"":[34.971392228729044,1.2022293800560604]}"
3708,7.032620906829834,Trans,1903.0,21.86956596374512,0.3931581676006317,1653.9757080078125,1.1941776886840527,34.831448047897496,0.5169880390167236,878.5647583007812,1.0,2024,7.032620906829834,"{""type"":""Point"",""coordinates"":[34.831448047897496,1.1941776886840527]}"
3709,7.091947078704834,Trans,1776.0,18.143478393554688,0.323632150888443,1794.15283203125,1.25441677444934,34.862670408302336,0.4131283164024353,882.4627075195312,6.0,2024,7.091947078704834,"{""type"":""Point"",""coordinates"":[34.862670408302336,1.25441677444934]}"
3713,6.244783878326416,Trans,1882.0,22.130434036254883,0.3722966015338897,1448.66259765625,1.0212903053181113,35.18953197088115,0.5187652111053467,1005.9006958007812,1.0,2024,6.244783878326416,"{""type"":""Point"",""coordinates"":[35.18953197088115,1.0212903053181113]}"
3715,6.580610752105713,Trans,1907.0,22.76956558227539,0.3604009449481964,1448.66259765625,0.9983412642941752,35.22510180923779,0.5803325772285461,1047.075927734375,1.0,2024,6.580610752105713,"{""type"":""Point"",""coordinates"":[35.22510180923779,0.9983412642941752]}"
3717,7.570198059082031,Trans,1873.0,22.17391395568848,0.3237272500991821,1372.1785888671875,1.141946941808086,34.977581083362146,0.4706279337406158,1015.1450805664062,1.0,2024,7.570198059082031,"{""type"":""Point"",""coordinates"":[34.977581083362146,1.1419469418080859]}"
3718,7.280330181121826,Trans,1894.0,25.865217208862305,0.451419323682785,1372.1785888671875,1.146943981653071,35.0138246075343,0.5931596755981445,862.4269409179688,1.0,2024,7.280330181121826,"{""type"":""Point"",""coordinates"":[35.0138246075343,1.1469439816530713]}"
3719,7.039565563201904,Trans,1933.0,22.326086044311523,0.3845231533050537,1309.0179443359375,1.099621215736183,35.08007105370598,0.5588161945343018,961.5752563476562,1.0,2024,7.039565563201904,"{""type"":""Point"",""coordinates"":[35.08007105370598,1.0996212157361833]}"
3721,7.094017028808594,Trans,1873.0,24.60869598388672,0.3993364870548248,1587.5098876953125,1.067101991068239,34.885903860345806,0.5454615950584412,908.87646484375,1.0,2024,7.094017028808594,"{""type"":""Point"",""coordinates"":[34.885903860345806,1.067101991068239]}"
3729,6.03560209274292,Trans,1880.0,21.778261184692383,0.2811475992202759,1327.4505615234375,1.0180641691337895,35.14881091495773,0.4666106402873993,1019.4813842773438,4.0,2024,6.03560209274292,"{""type"":""Point"",""coordinates"":[35.14881091495773,1.0180641691337895]}"
3731,7.249123573303223,Trans,1800.0,23.84347915649414,0.4223885834217071,1388.3951416015625,0.9400551730538124,35.01287303135992,0.5970017313957214,873.1403198242188,1.0,2024,7.249123573303223,"{""type"":""Point"",""coordinates"":[35.01287303135992,0.9400551730538124]}"
3733,6.97723913192749,Trans,1956.0,21.430435180664062,0.2494909167289734,1303.348388671875,1.1937795240637583,34.98339911866399,0.4013293981552124,1049.634765625,1.0,2024,6.97723913192749,"{""type"":""Point"",""coordinates"":[34.98339911866399,1.1937795240637585]}"
3734,6.646023750305176,Trans,1941.0,23.69565200805664,0.3668183386325836,1415.5245361328125,1.0238118399392238,34.830198165764266,0.5414730906486511,849.1492919921875,1.0,2024,6.646023750305176,"{""type"":""Point"",""coordinates"":[34.830198165764266,1.0238118399392238]}"
3736,7.228045463562012,Trans,1852.0,22.00434875488281,0.2721301615238189,1640.1566162109375,1.2006213545286275,34.883088124326065,0.507734477519989,915.8572387695312,1.0,2024,7.228045463562012,"{""type"":""Point"",""coordinates"":[34.883088124326065,1.2006213545286277]}"
3739,7.020305633544922,Trans,1759.0,24.03913116455078,0.4281603395938873,1565.9140625,0.9060602967508976,34.887251093384755,0.5902824997901917,1014.7183227539062,1.0,2024,7.020305633544922,"{""type"":""Point"",""coordinates"":[34.887251093384755,0.9060602967508977]}"
3741,6.634795188903809,Trans,1906.0,24.373912811279297,0.3237893283367157,1451.5164794921875,0.8988152002297768,34.83759719766845,0.5386449694633484,985.6239013671876,1.0,2024,6.634795188903809,"{""type"":""Point"",""coordinates"":[34.83759719766845,0.8988152002297768]}"
3742,6.803699493408203,Trans,1806.0,27.930435180664062,0.5074401497840881,1565.9140625,0.930923910143876,34.889641178873404,0.6372911930084229,1014.7183227539062,1.0,2024,6.803699493408203,"{""type"":""Point"",""coordinates"":[34.889641178873404,0.930923910143876]}"
3744,6.377191543579102,Trans,1837.0,22.865217208862305,0.4329807162284851,1463.1514892578125,0.9255982791601466,35.16798482233532,0.5982545018196106,999.2210693359376,1.0,2024,6.377191543579102,"{""type"":""Point"",""coordinates"":[35.16798482233532,0.9255982791601466]}"
3745,6.461674690246582,Trans,1936.0,25.92173957824707,0.4183632433414459,1451.5164794921875,0.9212357041401718,34.823078426179016,0.5369584560394287,1004.1910400390624,1.0,2024,6.461674690246582,"{""type"":""Point"",""coordinates"":[34.823078426179016,0.9212357041401718]}"
3746,6.4938154220581055,Trans,1821.0,24.81304359436035,0.373517781496048,1472.4818115234375,0.9631409833468324,34.88065477146025,0.5119737982749939,941.492431640625,1.0,2024,6.4938154220581055,"{""type"":""Point"",""coordinates"":[34.88065477146025,0.9631409833468325]}"
3750,7.103929042816162,Trans,1753.0,24.40434837341309,0.330595850944519,1565.9140625,0.8676043991535842,34.90411353328009,0.5565937757492065,986.4015502929688,1.0,2024,7.103929042816162,"{""type"":""Point"",""coordinates"":[34.90411353328009,0.8676043991535842]}"
3755,7.578218460083008,Trans,1867.0,22.03478240966797,0.3466927409172058,1372.1785888671875,1.099122454170138,35.04077442461937,0.5087653994560242,885.8496704101562,1.0,2024,7.578218460083008,"{""type"":""Point"",""coordinates"":[35.04077442461937,1.0991224541701379]}"
3759,7.752312660217285,Trans,1843.0,23.299999237060547,0.4797891676425934,1372.1785888671875,1.1082034945701176,34.954383489991415,0.6109227538108826,1015.1450805664062,4.0,2024,7.752312660217285,"{""type"":""Point"",""coordinates"":[34.954383489991415,1.1082034945701176]}"
3763,7.286534309387207,Trans,1841.0,22.13478279113769,0.3275003731250763,1311.3265380859375,0.9989926744280332,35.047658000294966,0.4642265737056732,943.7447509765624,1.0,2024,7.286534309387207,"{""type"":""Point"",""coordinates"":[35.047658000294966,0.9989926744280331]}"
3765,6.969160556793213,Trans,1768.0,22.07391357421875,0.3818458914756775,1472.4818115234375,0.9821055469752455,34.92249913077388,0.5692277550697327,984.7139892578124,1.0,2024,6.969160556793213,"{""type"":""Point"",""coordinates"":[34.92249913077388,0.9821055469752457]}"
3767,6.731195449829102,Trans,1804.0,25.513044357299805,0.3911387920379638,1565.9140625,0.9224564000724004,34.870107133805966,0.5890339612960815,1014.7183227539062,1.0,2024,6.731195449829102,"{""type"":""Point"",""coordinates"":[34.870107133805966,0.9224564000724005]}"
3770,6.904445171356201,Trans,1944.0,22.15652084350586,0.4087236225605011,1653.9757080078125,1.1545474833605178,34.83184095707781,0.4394134879112243,878.5647583007812,1.0,2024,6.904445171356201,"{""type"":""Point"",""coordinates"":[34.83184095707781,1.1545474833605178]}"
3774,7.752958297729492,Trans,1813.0,21.278261184692383,0.4427112936973572,1372.1785888671875,1.0758283175206242,35.02615274489008,0.6032271981239319,885.8496704101562,1.0,2024,7.752958297729492,"{""type"":""Point"",""coordinates"":[35.02615274489008,1.0758283175206242]}"
3775,6.557533264160156,Trans,1671.0,23.839130401611328,0.4142014384269714,1605.135986328125,0.8127129418392051,34.81378229366398,0.614949107170105,968.0701904296876,1.0,2024,6.557533264160156,"{""type"":""Point"",""coordinates"":[34.81378229366398,0.8127129418392051]}"
3777,6.941298961639404,Trans,1903.0,23.78260803222656,0.4314404428005218,1309.0179443359375,1.117157782497279,35.079810051923566,0.5860026478767395,974.173583984375,1.0,2024,6.941298961639404,"{""type"":""Point"",""coordinates"":[35.079810051923566,1.117157782497279]}"
3783,6.447140693664551,Trans,1893.0,24.221738815307617,0.4240410029888153,1309.0179443359375,1.0620196739570138,35.10897967847436,0.608113706111908,1033.5059814453125,1.0,2024,6.447140693664551,"{""type"":""Point"",""coordinates"":[35.10897967847436,1.0620196739570138]}"
3785,6.096463203430176,Trans,1918.0,24.00434875488281,0.3810756802558899,1327.4505615234375,1.0296793171943528,35.1302738200949,0.5150533318519592,1019.4813842773438,1.0,2024,6.096463203430176,"{""type"":""Point"",""coordinates"":[35.1302738200949,1.0296793171943528]}"
3791,7.295525550842285,Trans,2104.0,24.73043441772461,0.3673686981201172,1086.3765869140625,1.2084836545045774,34.750071643310505,0.5469262003898621,986.7026977539062,1.0,2024,7.295525550842285,"{""type"":""Point"",""coordinates"":[34.750071643310505,1.2084836545045774]}"
3792,6.168856143951416,Trans,2173.0,24.15217399597168,0.3809731900691986,1518.2637939453125,1.0002527281345552,35.30076780406648,0.4926307797431946,1062.2413330078125,1.0,2024,6.168856143951416,"{""type"":""Point"",""coordinates"":[35.30076780406648,1.0002527281345552]}"
3794,6.237407207489014,Trans,1858.0,21.96521759033203,0.3129052221775055,1327.4505615234375,0.9512138550343924,35.13339460940794,0.4634516835212707,1042.0404052734375,1.0,2024,6.237407207489014,"{""type"":""Point"",""coordinates"":[35.13339460940794,0.9512138550343924]}"
3808,7.528448104858398,Trans,1834.0,21.63478279113769,0.3604711890220642,1587.5098876953125,1.1322385318970951,34.90005577111998,0.5239571332931519,896.3999633789062,1.0,2024,7.528448104858398,"{""type"":""Point"",""coordinates"":[34.90005577111998,1.1322385318970951]}"
3816,6.032962799072266,Trans,1903.0,24.00434875488281,0.3594251573085785,1362.5670166015625,1.0594566468064677,35.21747673980788,0.5014205574989319,1157.1868896484375,1.0,2024,6.032962799072266,"{""type"":""Point"",""coordinates"":[35.21747673980788,1.0594566468064675]}"
3819,7.387106895446777,Trans,1810.0,22.495651245117188,0.562316358089447,1472.4818115234375,1.010602609839137,34.94841020758874,0.7139142155647278,963.7658081054688,1.0,2024,7.387106895446777,"{""type"":""Point"",""coordinates"":[34.94841020758874,1.010602609839137]}"
3820,6.751511573791504,Trans,1869.0,25.147825241088867,0.44607874751091,1309.0179443359375,1.1002013111795417,35.09555917224646,0.6949484944343567,961.5752563476562,1.0,2024,6.751511573791504,"{""type"":""Point"",""coordinates"":[35.09555917224646,1.1002013111795415]}"
3826,6.426332473754883,Trans,2043.0,24.57391357421875,0.3697371780872345,1451.5164794921875,0.886940781523002,34.812778503430934,0.557372510433197,985.6239013671876,1.0,2024,6.426332473754883,"{""type"":""Point"",""coordinates"":[34.812778503430934,0.886940781523002]}"
3830,7.569771766662598,Trans,1854.0,25.0,0.3878364264965057,1587.5098876953125,1.083201535949566,34.93033054923558,0.5484578609466553,961.76513671875,1.0,2024,7.569771766662598,"{""type"":""Point"",""coordinates"":[34.93033054923558,1.0832015359495661]}"
3832,6.988471031188965,Trans,1797.0,23.252174377441406,0.2958064675331116,1565.9140625,0.8996050265844654,34.87756296354824,0.5047035813331604,1008.7085571289062,1.0,2024,6.988471031188965,"{""type"":""Point"",""coordinates"":[34.87756296354824,0.8996050265844654]}"
3834,6.926333904266357,Trans,1722.0,22.89130401611328,0.3402027487754822,1565.9140625,0.8520595895688433,34.89982672751716,0.5194493532180786,1008.7085571289062,1.0,2024,6.926333904266357,"{""type"":""Point"",""coordinates"":[34.89982672751716,0.8520595895688433]}"
3845,6.375035762786865,Trans,1951.0,19.352174758911133,0.3463772535324096,1303.348388671875,1.2275237300971746,35.03044187384477,0.4797529876232147,1020.2589111328124,1.0,2024,6.375035762786865,"{""type"":""Point"",""coordinates"":[35.03044187384477,1.2275237300971746]}"
3846,7.084238052368164,Trans,1787.0,21.03478240966797,0.3380384147167206,1640.1566162109375,1.237938713118554,34.87340612381912,0.5093328952789307,915.8572387695312,4.0,2024,7.084238052368164,"{""type"":""Point"",""coordinates"":[34.873406123819116,1.237938713118554]}"
3849,6.33966064453125,Trans,1907.0,21.778261184692383,0.3516836762428283,1309.0179443359375,1.1329311651853975,35.105026320797585,0.561021089553833,1090.241455078125,1.0,2024,6.33966064453125,"{""type"":""Point"",""coordinates"":[35.105026320797585,1.1329311651853977]}"
3850,6.160445213317871,Trans,2072.0,25.278261184692383,0.3388711810111999,1532.4256591796875,1.0926305532393286,34.78825375220161,0.5431433916091919,888.1694946289062,1.0,2024,6.160445213317871,"{""type"":""Point"",""coordinates"":[34.78825375220161,1.0926305532393286]}"
3851,6.219076633453369,Trans,2044.0,25.03478240966797,0.3349375426769256,1532.4256591796875,1.127327836881583,34.7869005721737,0.5120294094085693,876.7874755859375,1.0,2024,6.219076633453369,"{""type"":""Point"",""coordinates"":[34.7869005721737,1.127327836881583]}"
3852,7.219897270202637,Trans,1844.0,20.104347229003903,0.3068419992923736,1653.9757080078125,1.238954033445492,34.83874074642795,0.4299542903900146,881.7891235351562,1.0,2024,7.219897270202637,"{""type"":""Point"",""coordinates"":[34.83874074642795,1.238954033445492]}"
3853,6.493598937988281,Trans,1979.0,24.80434799194336,0.3897164165973663,1415.5245361328125,0.9719931438356274,34.81607083184996,0.5291874408721924,959.7871704101562,1.0,2024,6.493598937988281,"{""type"":""Point"",""coordinates"":[34.81607083184996,0.9719931438356274]}"
3854,7.684463977813721,Trans,1848.0,22.7391300201416,0.4158945679664612,1587.5098876953125,1.0934286364389052,34.94212494161088,0.5990042686462402,961.76513671875,1.0,2024,7.684463977813721,"{""type"":""Point"",""coordinates"":[34.94212494161088,1.0934286364389052]}"
3857,6.383846282958984,Trans,1852.0,26.204347610473636,0.4363628327846527,1451.5164794921875,0.86173951401851,34.803231995121386,0.6593483090400696,985.6239013671876,1.0,2024,6.383846282958984,"{""type"":""Point"",""coordinates"":[34.803231995121386,0.86173951401851]}"
3862,7.009429931640625,Trans,1929.0,22.826086044311523,0.3608063459396362,1653.9757080078125,1.1995185857572233,34.81281451556596,0.4506182372570038,878.5647583007812,1.0,2024,7.009429931640625,"{""type"":""Point"",""coordinates"":[34.81281451556596,1.1995185857572233]}"
3863,7.498602390289307,Trans,1856.0,23.74347877502441,0.2723085880279541,1587.5098876953125,1.081903292590332,34.92112646631259,0.4289168119430542,961.76513671875,1.0,2024,7.498602390289307,"{""type"":""Point"",""coordinates"":[34.92112646631259,1.081903292590332]}"
3864,6.746796607971191,Trans,1797.0,24.278261184692383,0.342767596244812,1327.4505615234375,0.9911741771723244,35.07806695805113,0.5543674826622009,994.4949951171876,1.0,2024,6.746796607971191,"{""type"":""Point"",""coordinates"":[35.07806695805113,0.9911741771723245]}"
3865,7.142482757568359,Trans,1900.0,19.58695602416992,0.3173852860927582,1640.1566162109375,1.2170433046374962,34.86328284104949,0.4510941207408905,915.8572387695312,4.0,2024,7.142482757568359,"{""type"":""Point"",""coordinates"":[34.86328284104949,1.2170433046374962]}"
3866,6.60384464263916,Trans,1982.0,24.57391357421875,0.4127150177955627,1415.5245361328125,1.028393633148272,34.81364275938759,0.5266438722610474,849.1492919921875,1.0,2024,6.60384464263916,"{""type"":""Point"",""coordinates"":[34.81364275938759,1.0283936331482721]}"
3868,6.667747974395752,Trans,1951.0,24.19130516052246,0.3030732572078705,1518.2637939453125,1.0037542497110314,35.251376300319826,0.4867199659347534,994.1923217773438,1.0,2024,6.667747974395752,"{""type"":""Point"",""coordinates"":[35.251376300319826,1.0037542497110314]}"
3871,7.504781723022461,Trans,1835.0,24.204347610473636,0.3342610001564026,1311.3265380859375,1.010754784780411,34.95918326751781,0.4483867287635803,1003.5731201171876,1.0,2024,7.504781723022461,"{""type"":""Point"",""coordinates"":[34.95918326751781,1.010754784780411]}"
3878,6.256380081176758,Trans,1864.0,24.495651245117188,0.3323613405227661,1339.5623779296875,0.9487926817626944,35.13262398316614,0.4947490394115448,964.28857421875,1.0,2024,6.256380081176758,"{""type"":""Point"",""coordinates"":[35.13262398316614,0.9487926817626945]}"
3880,7.200446605682373,Trans,1800.0,22.12173843383789,0.3281005918979645,1388.3951416015625,0.9334719169501884,35.012260413667065,0.4666354656219482,873.1403198242188,1.0,2024,7.200446605682373,"{""type"":""Point"",""coordinates"":[35.012260413667065,0.9334719169501883]}"
3882,5.649134635925293,Trans,1902.0,24.07391357421875,0.3248459696769714,1309.0179443359375,1.1349053419740431,35.14157451658777,0.5081367492675781,1090.241455078125,1.0,2024,5.649134635925293,"{""type"":""Point"",""coordinates"":[35.14157451658777,1.1349053419740431]}"
3886,6.590633392333984,Trans,1852.0,24.982608795166016,0.3537646830081939,1472.4818115234375,1.0144488073036595,34.86860563406873,0.5582424402236938,914.8713989257812,1.0,2024,6.590633392333984,"{""type"":""Point"",""coordinates"":[34.86860563406873,1.0144488073036597]}"
3891,6.669163703918457,Trans,1884.0,19.595651626586918,0.3538622558116913,1303.348388671875,1.2342209510273745,35.00198341519463,0.4984306395053863,1020.2589111328124,4.0,2024,6.669163703918457,"{""type"":""Point"",""coordinates"":[35.00198341519463,1.2342209510273745]}"
3892,6.4683027267456055,Trans,1879.0,24.41304397583008,0.4013549387454986,1463.1514892578125,0.9336239747510646,35.229396424817025,0.5509161949157715,1050.580810546875,1.0,2024,6.4683027267456055,"{""type"":""Point"",""coordinates"":[35.229396424817025,0.9336239747510646]}"
3899,7.180515289306641,Trans,1836.0,19.1130428314209,0.3122496604919433,1653.9757080078125,1.240036650354982,34.84728506603689,0.4876513481140136,881.7891235351562,4.0,2024,7.180515289306641,"{""type"":""Point"",""coordinates"":[34.84728506603689,1.240036650354982]}"
3907,5.237457752227783,Trans,2061.0,21.05652236938477,0.349608838558197,1518.2637939453125,0.958990095112736,35.34040596609452,0.5424510836601257,1077.1812744140625,4.0,2024,5.237457752227783,"{""type"":""Point"",""coordinates"":[35.34040596609452,0.958990095112736]}"
3909,7.132389545440674,Trans,1833.0,19.92608642578125,0.3348093330860138,1640.1566162109375,1.239487005864303,34.85741425035491,0.477878212928772,915.8572387695312,6.0,2024,7.132389545440674,"{""type"":""Point"",""coordinates"":[34.85741425035491,1.239487005864303]}"
3914,6.112029075622559,Trans,1874.0,22.082609176635746,0.3289022743701935,1448.66259765625,0.9927117900068044,35.16665519551083,0.4981346428394317,1027.66796875,1.0,2024,6.112029075622559,"{""type"":""Point"",""coordinates"":[35.16665519551083,0.9927117900068045]}"
3916,6.880335807800293,Trans,1967.0,23.069564819335938,0.3494206666946411,1303.348388671875,1.2159896658721427,34.97935514925862,0.4980563819408417,1109.6043701171875,1.0,2024,6.880335807800293,"{""type"":""Point"",""coordinates"":[34.97935514925862,1.2159896658721427]}"
3919,6.87305212020874,Trans,1888.0,27.78695678710937,0.3418022990226745,1532.4256591796875,1.0762359716703969,34.8420016972567,0.5380314588546753,813.836669921875,1.0,2024,6.87305212020874,"{""type"":""Point"",""coordinates"":[34.8420016972567,1.0762359716703969]}"
3920,7.564844131469727,Trans,1845.0,22.83478355407715,0.425672322511673,1372.1785888671875,1.1297787353692483,35.006820038105296,0.5193420052528381,862.4269409179688,1.0,2024,7.564844131469727,"{""type"":""Point"",""coordinates"":[35.006820038105296,1.1297787353692483]}"
3922,6.61881160736084,Trans,2120.0,25.560869216918945,0.2902413308620453,1653.9757080078125,1.1663801614853233,34.79452173601706,0.5014709234237671,878.0504150390625,1.0,2024,6.61881160736084,"{""type"":""Point"",""coordinates"":[34.79452173601706,1.1663801614853233]}"
3928,7.670073986053467,Trans,1845.0,23.37826156616211,0.417287141084671,1587.5098876953125,1.095688012705229,34.93872179562269,0.5407375693321228,961.76513671875,4.0,2024,7.670073986053467,"{""type"":""Point"",""coordinates"":[34.93872179562269,1.095688012705229]}"
3930,6.056416034698486,Trans,1871.0,22.16521644592285,0.3564707040786743,1448.66259765625,1.0458673121209292,35.18702826208281,0.5214040279388428,1005.9006958007812,1.0,2024,6.056416034698486,"{""type"":""Point"",""coordinates"":[35.18702826208281,1.0458673121209292]}"
3931,6.283726692199707,Trans,2461.0,25.208696365356445,0.4788857400417328,1086.3765869140625,1.1631840444441643,34.74792859574691,0.5551578998565674,1033.228759765625,4.0,2024,6.283726692199707,"{""type"":""Point"",""coordinates"":[34.74792859574691,1.1631840444441643]}"
3932,6.789198875427246,Trans,1891.0,23.76956558227539,0.4209048151969909,1472.4818115234375,1.0429345137363988,34.86431053536774,0.5890942811965942,914.8713989257812,1.0,2024,6.789198875427246,"{""type"":""Point"",""coordinates"":[34.86431053536774,1.0429345137363988]}"
3933,7.42066478729248,Trans,1846.0,25.547826766967773,0.4012833535671234,1587.5098876953125,1.107015546494393,34.89270657158136,0.5735478401184082,896.3999633789062,1.0,2024,7.42066478729248,"{""type"":""Point"",""coordinates"":[34.89270657158136,1.107015546494393]}"
3935,6.954660415649414,Trans,2285.0,30.495651245117188,0.4957640767097473,1086.3765869140625,1.1925153858369804,34.72483672284585,0.7145220041275024,1033.228759765625,1.0,2024,6.954660415649414,"{""type"":""Point"",""coordinates"":[34.72483672284585,1.1925153858369804]}"
3936,7.074493885040283,Trans,1949.0,24.21739196777344,0.3481625318527221,1372.1785888671875,1.1447927542709644,35.038020112313724,0.5168610215187073,862.4269409179688,1.0,2024,7.074493885040283,"{""type"":""Point"",""coordinates"":[35.038020112313724,1.1447927542709644]}"
3940,7.08885383605957,Trans,1745.0,23.700000762939453,0.4061239063739776,1565.9140625,0.9347659484387572,34.91942438757838,0.5847002863883972,1008.7112426757812,1.0,2024,7.08885383605957,"{""type"":""Point"",""coordinates"":[34.91942438757838,0.9347659484387573]}"
3941,6.650614261627197,Trans,2234.0,30.0217399597168,0.5813722610473633,1086.3765869140625,1.1807577156309834,34.73270677009401,0.7704893946647644,1033.228759765625,4.0,2024,6.650614261627197,"{""type"":""Point"",""coordinates"":[34.73270677009401,1.1807577156309834]}"
3942,6.423393249511719,Trans,1889.0,25.978260040283203,0.3772101700305938,1463.1514892578125,0.931954912194512,35.2219225705243,0.5316609144210815,1050.580810546875,1.0,2024,6.423393249511719,"{""type"":""Point"",""coordinates"":[35.2219225705243,0.9319549121945119]}"
3944,7.038938999176025,Trans,1759.0,23.291303634643555,0.4164920449256897,1565.9140625,0.9363450591491004,34.916063242373994,0.5547177195549011,1008.7112426757812,1.0,2024,7.038938999176025,"{""type"":""Point"",""coordinates"":[34.916063242373994,0.9363450591491004]}"
3945,7.438030242919922,Trans,1847.0,23.60869598388672,0.3729173839092254,1587.5098876953125,1.139249348667968,34.88675967409407,0.4520055651664734,896.3999633789062,1.0,2024,7.438030242919922,"{""type"":""Point"",""coordinates"":[34.88675967409407,1.139249348667968]}"
3947,6.791200637817383,Trans,2164.0,24.05652236938477,0.2713249027729034,1653.9757080078125,1.185659951017505,34.7746190610085,0.4667670726776123,878.0504150390625,1.0,2024,6.791200637817383,"{""type"":""Point"",""coordinates"":[34.7746190610085,1.185659951017505]}"
3950,6.322292327880859,Trans,2120.0,24.626087188720703,0.3191131353378296,1532.4256591796875,1.1221255875278782,34.79508099011141,0.4993523061275482,876.7874755859375,1.0,2024,6.322292327880859,"{""type"":""Point"",""coordinates"":[34.79508099011141,1.1221255875278782]}"
3954,6.849329948425293,Trans,1851.0,23.630434036254883,0.4565904438495636,1472.4818115234375,1.0322275904361762,34.89137105427403,0.6369674801826477,914.8713989257812,1.0,2024,6.849329948425293,"{""type"":""Point"",""coordinates"":[34.89137105427403,1.0322275904361762]}"
3958,6.899367332458496,Trans,1774.0,22.18260955810547,0.4079393148422241,1472.4818115234375,0.9867481296190398,34.917199358492866,0.5779809355735779,984.7139892578124,1.0,2024,6.899367332458496,"{""type"":""Point"",""coordinates"":[34.917199358492866,0.9867481296190398]}"
3960,6.882319450378418,Trans,1950.0,22.05652236938477,0.3960602879524231,1653.9757080078125,1.154291634905815,34.82984186287006,0.4326782524585724,878.5647583007812,1.0,2024,6.882319450378418,"{""type"":""Point"",""coordinates"":[34.82984186287006,1.154291634905815]}"
3964,7.303264617919922,Trans,1909.0,22.026086807250977,0.4192237854003906,1303.348388671875,1.1736389417149422,34.968687796724375,0.5302409529685974,1049.634765625,1.0,2024,7.303264617919922,"{""type"":""Point"",""coordinates"":[34.968687796724375,1.1736389417149422]}"
3968,7.092799186706543,Trans,1894.0,20.43913078308105,0.2852469980716705,1640.1566162109375,1.2290182164178007,34.895787479740044,0.4128674864768982,915.8572387695312,1.0,2024,7.092799186706543,"{""type"":""Point"",""coordinates"":[34.895787479740044,1.2290182164178007]}"
3970,7.698431491851807,Trans,1830.0,23.895652770996094,0.4006126821041107,1372.1785888671875,1.0799911051128068,34.95201968718254,0.5461262464523315,1014.598876953125,1.0,2024,7.698431491851807,"{""type"":""Point"",""coordinates"":[34.95201968718254,1.0799911051128068]}"
3972,6.612815856933594,Trans,1805.0,27.43478202819824,0.372501939535141,1472.4818115234375,1.0053966423059144,34.88582435752583,0.5353027582168579,914.8713989257812,1.0,2024,6.612815856933594,"{""type"":""Point"",""coordinates"":[34.88582435752583,1.0053966423059144]}"
3976,7.070535659790039,Trans,1985.0,24.360870361328125,0.4543657898902893,1303.348388671875,1.1696079133721928,34.99995584399492,0.5495787262916565,1049.634765625,1.0,2024,7.070535659790039,"{""type"":""Point"",""coordinates"":[34.99995584399492,1.1696079133721928]}"
3980,6.533847808837891,Trans,2049.0,24.2391300201416,0.2995385229587555,1415.5245361328125,1.0153029160200686,34.80522559147577,0.4817156195640564,849.1492919921875,1.0,2024,6.533847808837891,"{""type"":""Point"",""coordinates"":[34.80522559147577,1.0153029160200686]}"
3981,7.285539627075195,Trans,1846.0,23.356521606445312,0.3484665155410766,1640.1566162109375,1.1969157518403464,34.90088398637535,0.4745530188083648,964.7963256835938,1.0,2024,7.285539627075195,"{""type"":""Point"",""coordinates"":[34.90088398637535,1.1969157518403464]}"
3982,6.669567108154297,Trans,1921.0,22.86956596374512,0.2874781787395477,1518.2637939453125,0.9622336467271656,35.26238768435125,0.4416566491127014,998.7577514648438,1.0,2024,6.669567108154297,"{""type"":""Point"",""coordinates"":[35.26238768435125,0.9622336467271655]}"
3983,6.422030448913574,Trans,2060.0,23.973913192749023,0.3445023894309997,1532.4256591796875,1.0967780368559414,34.80297204684173,0.5471176505088806,813.836669921875,1.0,2024,6.422030448913574,"{""type"":""Point"",""coordinates"":[34.80297204684173,1.0967780368559414]}"
3986,7.151015281677246,Trans,2046.0,22.417390823364254,0.2828870117664337,1653.9757080078125,1.2054405311811147,34.76709485227129,0.3825203478336334,877.1436767578125,1.0,2024,7.151015281677246,"{""type"":""Point"",""coordinates"":[34.76709485227129,1.2054405311811147]}"
3988,6.080820083618164,Trans,1867.0,22.7608699798584,0.335664689540863,1327.4505615234375,0.9758473031934491,35.1361191253051,0.482655793428421,1042.0404052734375,1.0,2024,6.080820083618164,"{""type"":""Point"",""coordinates"":[35.1361191253051,0.9758473031934493]}"
3990,6.713879585266113,Trans,1832.0,23.013044357299805,0.3936797082424164,1303.348388671875,1.238242389082654,34.99897555838934,0.4974016547203064,1109.6043701171875,1.0,2024,6.713879585266113,"{""type"":""Point"",""coordinates"":[34.99897555838934,1.238242389082654]}"
3992,7.6997528076171875,Trans,1824.0,23.5217399597168,0.3331658542156219,1587.5098876953125,1.1251148302203944,34.942128238422974,0.5144809484481812,960.1989135742188,1.0,2024,7.6997528076171875,"{""type"":""Point"",""coordinates"":[34.942128238422974,1.1251148302203944]}"
3994,6.308579921722412,Trans,2165.0,22.060869216918945,0.2605702579021454,1532.4256591796875,1.0507536126450805,34.792047501332696,0.4430114030838012,888.1694946289062,1.0,2024,6.308579921722412,"{""type"":""Point"",""coordinates"":[34.792047501332696,1.0507536126450805]}"
3995,7.433180332183838,Trans,1825.0,21.452173233032227,0.4136328399181366,1311.3265380859375,0.9779684069197244,34.960068355847,0.5416208505630493,1077.162841796875,1.0,2024,7.433180332183838,"{""type"":""Point"",""coordinates"":[34.960068355847,0.9779684069197243]}"
3997,7.516043663024902,Trans,1838.0,21.339130401611328,0.3115962147712707,1587.5098876953125,1.1179865172401855,34.90054164953478,0.4534594714641571,960.1989135742188,1.0,2024,7.516043663024902,"{""type"":""Point"",""coordinates"":[34.90054164953478,1.1179865172401857]}"
4000,7.144658088684082,Trans,1896.0,20.917390823364254,0.2643926739692688,1640.1566162109375,1.2223709434287753,34.8507584065456,0.4190850853919983,915.8572387695312,4.0,2024,7.144658088684082,"{""type"":""Point"",""coordinates"":[34.8507584065456,1.2223709434287753]}"
4004,7.680144786834717,Trans,1827.0,22.28695678710937,0.4506906270980835,1587.5098876953125,1.1296803314309378,34.93750842562568,0.6467547416687012,960.1989135742188,1.0,2024,7.680144786834717,"{""type"":""Point"",""coordinates"":[34.93750842562568,1.1296803314309378]}"
4008,7.644506454467773,Trans,1833.0,22.147825241088867,0.3968467116355896,1587.5098876953125,1.1057666402584565,34.92844108817889,0.5631335377693176,960.1989135742188,1.0,2024,7.644506454467773,"{""type"":""Point"",""coordinates"":[34.92844108817889,1.1057666402584565]}"
4009,6.427995681762695,Trans,1808.0,24.96956443786621,0.4259611070156097,1472.4818115234375,0.9809138221948576,34.867846287140665,0.588542103767395,941.492431640625,1.0,2024,6.427995681762695,"{""type"":""Point"",""coordinates"":[34.867846287140665,0.9809138221948575]}"
4012,6.395872116088867,Trans,1972.0,22.78695678710937,0.4146351218223572,1532.4256591796875,1.0780942697637514,34.80040594281903,0.5520817637443542,813.836669921875,1.0,2024,6.395872116088867,"{""type"":""Point"",""coordinates"":[34.80040594281903,1.0780942697637514]}"
4016,7.453338623046875,Trans,1844.0,23.139129638671875,0.3451409935951233,1640.1566162109375,1.1738520897445737,34.92704492075519,0.4678990542888641,964.7963256835938,1.0,2024,7.453338623046875,"{""type"":""Point"",""coordinates"":[34.92704492075519,1.1738520897445737]}"
4019,6.409525871276856,Trans,2162.0,22.7391300201416,0.3961098790168762,1518.2637939453125,1.0157251280868973,35.285580716535385,0.5244197845458984,994.1923217773438,1.0,2024,6.409525871276856,"{""type"":""Point"",""coordinates"":[35.285580716535385,1.0157251280868973]}"
4022,6.636712551116943,Trans,1885.0,24.486955642700195,0.4245297610759735,1309.0179443359375,1.136463124789712,35.08290416180008,0.7020981311798096,974.173583984375,1.0,2024,6.636712551116943,"{""type"":""Point"",""coordinates"":[35.08290416180008,1.1364631247897121]}"
4023,6.923916339874268,Trans,1908.0,22.326086044311523,0.1881280690431594,1587.5098876953125,1.062806896491843,34.86111145136143,0.3932031393051147,908.87646484375,1.0,2024,6.923916339874268,"{""type"":""Point"",""coordinates"":[34.86111145136143,1.0628068964918427]}"
4025,7.609517574310303,Trans,1842.0,22.630434036254883,0.3646624982357025,1587.5098876953125,1.0947896580993697,34.928703885963806,0.5291348099708557,961.76513671875,1.0,2024,7.609517574310303,"{""type"":""Point"",""coordinates"":[34.928703885963806,1.0947896580993697]}"
4026,7.340986728668213,Trans,1848.0,22.12173843383789,0.2953613996505737,1640.1566162109375,1.1897167461923317,34.90899866901185,0.4161138832569122,964.7963256835938,1.0,2024,7.340986728668213,"{""type"":""Point"",""coordinates"":[34.90899866901185,1.1897167461923315]}"
4029,6.6709160804748535,Trans,1993.0,22.74347877502441,0.3156421184539795,1532.4256591796875,1.1402912832624983,34.81558651753656,0.423505425453186,853.085205078125,1.0,2024,6.6709160804748535,"{""type"":""Point"",""coordinates"":[34.81558651753656,1.1402912832624985]}"
4032,6.577905654907227,Trans,1996.0,24.221738815307617,0.3924171328544616,1415.5245361328125,1.0083231651631563,34.81545176375337,0.4935336410999298,849.1492919921875,1.0,2024,6.577905654907227,"{""type"":""Point"",""coordinates"":[34.81545176375337,1.0083231651631563]}"
4033,6.537765502929688,Trans,2237.0,21.66521644592285,0.3424838185310364,1653.9757080078125,1.1673159951943477,34.779614476505,0.5114041566848755,878.0504150390625,1.0,2024,6.537765502929688,"{""type"":""Point"",""coordinates"":[34.779614476504996,1.1673159951943477]}"
4034,7.097222805023193,Trans,1943.0,22.517391204833984,0.3381645381450653,1309.0179443359375,1.130574230533545,35.056937097108815,0.4996060729026794,974.173583984375,1.0,2024,7.097222805023193,"{""type"":""Point"",""coordinates"":[35.056937097108815,1.1305742305335453]}"
4042,6.818197250366211,Trans,1922.0,22.669565200805664,0.3851363658905029,1309.0179443359375,1.075223004877365,35.09162504350946,0.5910243988037109,961.5752563476562,1.0,2024,6.818197250366211,"{""type"":""Point"",""coordinates"":[35.09162504350946,1.075223004877365]}"
4045,6.584986686706543,Trans,1863.0,21.13478279113769,0.3885001242160797,1463.1514892578125,0.94633749562316,35.243093711498126,0.5912021398544312,1050.580810546875,4.0,2024,6.584986686706543,"{""type"":""Point"",""coordinates"":[35.243093711498126,0.94633749562316]}"
4048,5.969536304473877,Trans,1896.0,25.05652236938477,0.3458746671676636,1309.0179443359375,1.0668984964662114,35.1447970626112,0.5342523455619812,1033.5059814453125,1.0,2024,5.969536304473877,"{""type"":""Point"",""coordinates"":[35.1447970626112,1.0668984964662114]}"
4050,6.114135265350342,Trans,1843.0,23.19130516052246,0.4129048585891723,1448.66259765625,1.0166984529330263,35.16945945827366,0.5976550579071045,1005.9006958007812,1.0,2024,6.114135265350342,"{""type"":""Point"",""coordinates"":[35.16945945827366,1.0166984529330263]}"
4052,7.130784511566162,Trans,1813.0,19.552173614501957,0.3518146574497223,1640.1566162109375,1.241477554215599,34.85747185862571,0.4481295049190521,915.8572387695312,6.0,2024,7.130784511566162,"{""type"":""Point"",""coordinates"":[34.85747185862571,1.241477554215599]}"
4053,6.591655731201172,Trans,1896.0,24.12173843383789,0.3992862999439239,1619.9417724609375,0.9442071268319838,35.27361140556906,0.618032693862915,978.35693359375,1.0,2024,6.591655731201172,"{""type"":""Point"",""coordinates"":[35.27361140556906,0.9442071268319838]}"
4054,7.111387729644775,Trans,1846.0,20.299999237060547,0.3274360001087188,1640.1566162109375,1.2271860723426158,34.87816618751877,0.4646174609661102,915.8572387695312,4.0,2024,7.111387729644775,"{""type"":""Point"",""coordinates"":[34.87816618751877,1.2271860723426158]}"
4058,5.554285526275635,Trans,2246.0,23.31739044189453,0.3005912601947784,1518.2637939453125,0.9942692661556488,35.32374447644397,0.4422082304954529,1077.1812744140625,1.0,2024,5.554285526275635,"{""type"":""Point"",""coordinates"":[35.32374447644397,0.9942692661556488]}"
4059,7.004203796386719,Trans,1857.0,22.08695602416992,0.4057404696941376,1327.4505615234375,1.04654197365856,35.07533350966403,0.578978955745697,969.0385131835938,1.0,2024,7.004203796386719,"{""type"":""Point"",""coordinates"":[35.07533350966403,1.04654197365856]}"
4063,6.036214828491211,Trans,2123.0,23.126087188720703,0.3152066767215729,1362.5670166015625,1.0676150794546917,35.23346677281394,0.4692894220352173,1157.1868896484375,1.0,2024,6.036214828491211,"{""type"":""Point"",""coordinates"":[35.23346677281394,1.0676150794546917]}"
4064,7.469959259033203,Trans,1815.0,22.278261184692383,0.3804864883422851,1311.3265380859375,0.9558508769386144,34.99049630430805,0.5512896776199341,1077.162841796875,1.0,2024,7.469959259033203,"{""type"":""Point"",""coordinates"":[34.99049630430805,0.9558508769386143]}"
4067,6.788984298706055,Trans,2196.0,25.78260803222656,0.4460490047931671,1086.3765869140625,1.1852435405529007,34.749821163442874,0.5664936304092407,1033.228759765625,1.0,2024,6.788984298706055,"{""type"":""Point"",""coordinates"":[34.749821163442874,1.1852435405529007]}"
4072,7.319131851196289,Trans,1805.0,24.15217399597168,0.4434637427330017,1472.4818115234375,1.0095582406770796,34.94322676719025,0.5718793869018555,963.7658081054688,1.0,2024,7.319131851196289,"{""type"":""Point"",""coordinates"":[34.94322676719025,1.0095582406770796]}"
4077,5.449920654296875,Trans,1925.0,24.88260841369629,0.3302220106124878,1217.0069580078125,1.1865212649285162,35.12847495809762,0.489373505115509,1211.0057373046875,1.0,2024,5.449920654296875,"{""type"":""Point"",""coordinates"":[35.12847495809762,1.1865212649285162]}"
4079,7.470085620880127,Trans,1823.0,22.008695602416992,0.3937329053878784,1311.3265380859375,0.9749344173770832,34.96530842404447,0.5396080613136292,1077.162841796875,1.0,2024,7.470085620880127,"{""type"":""Point"",""coordinates"":[34.96530842404447,0.9749344173770831]}"
4081,6.364495754241943,Trans,2154.0,21.795652389526367,0.2573348581790924,1532.4256591796875,1.1382415566254516,34.79251628007578,0.4230915307998657,876.7874755859375,1.0,2024,6.364495754241943,"{""type"":""Point"",""coordinates"":[34.79251628007578,1.1382415566254516]}"
4085,6.064133644104004,Trans,1906.0,23.5,0.4190040826797485,1309.0179443359375,1.081789934091376,35.13485968804269,0.6312623023986816,1033.5059814453125,1.0,2024,6.064133644104004,"{""type"":""Point"",""coordinates"":[35.13485968804269,1.0817899340913761]}"
4087,6.849429130554199,Trans,2181.0,25.34347915649414,0.4065801799297333,1086.3765869140625,1.1881323165675972,34.74146927453195,0.5686009526252747,1033.228759765625,1.0,2024,6.849429130554199,"{""type"":""Point"",""coordinates"":[34.74146927453195,1.1881323165675972]}"
4088,5.9826202392578125,Trans,1912.0,23.89130401611328,0.348002940416336,1309.0179443359375,1.097751214135105,35.13650364657392,0.4868278205394745,1033.5059814453125,1.0,2024,5.9826202392578125,"{""type"":""Point"",""coordinates"":[35.13650364657392,1.0977512141351047]}"
4090,6.958196640014648,Trans,1876.0,21.72608757019043,0.3839423656463623,1587.5098876953125,1.0773462503571594,34.853405623109154,0.5367567539215088,908.87646484375,1.0,2024,6.958196640014648,"{""type"":""Point"",""coordinates"":[34.853405623109154,1.0773462503571594]}"
4091,7.430736541748047,Trans,1961.0,24.821739196777344,0.399115651845932,1372.1785888671875,1.1192205105861672,35.041060516456305,0.5519191026687622,862.4269409179688,1.0,2024,7.430736541748047,"{""type"":""Point"",""coordinates"":[35.041060516456305,1.1192205105861672]}"
4092,7.486629962921143,Trans,1880.0,23.895652770996094,0.3127740919589996,1303.348388671875,1.1627726547643455,34.951277329837474,0.4773746728897095,1049.634765625,1.0,2024,7.486629962921143,"{""type"":""Point"",""coordinates"":[34.951277329837474,1.1627726547643455]}"
4097,7.088459968566895,Trans,1923.0,19.952173233032227,0.3581413924694061,1640.1566162109375,1.2228165225520973,34.93588712645765,0.5251421332359314,972.9393310546876,1.0,2024,7.088459968566895,"{""type"":""Point"",""coordinates"":[34.93588712645765,1.2228165225520973]}"
4098,7.523513793945312,Trans,1856.0,22.31304359436035,0.3573283851146698,1587.5098876953125,1.086339425186193,34.921146489568606,0.5059459805488586,961.76513671875,1.0,2024,7.523513793945312,"{""type"":""Point"",""coordinates"":[34.921146489568606,1.086339425186193]}"
4100,7.118622779846191,Trans,1758.0,24.21739196777344,0.3890374004840851,1565.9140625,0.8696188125732113,34.88964918955527,0.580146074295044,1008.7085571289062,1.0,2024,7.118622779846191,"{""type"":""Point"",""coordinates"":[34.88964918955527,0.8696188125732113]}"
4105,7.78541374206543,Trans,1822.0,22.639129638671875,0.3453142046928406,1372.1785888671875,1.107602174695964,34.99499891415114,0.5163207650184631,1015.1450805664062,1.0,2024,7.78541374206543,"{""type"":""Point"",""coordinates"":[34.99499891415114,1.107602174695964]}"
4106,6.534432888031006,Trans,1893.0,22.752174377441406,0.3207204341888428,1415.5245361328125,0.99177056336368,34.80974756039613,0.4832746088504791,959.7871704101562,1.0,2024,6.534432888031006,"{""type"":""Point"",""coordinates"":[34.80974756039613,0.9917705633636801]}"
4108,6.988685131072998,Trans,1831.0,24.630434036254883,0.3035063445568084,1327.4505615234375,1.0284512339350418,35.07113894988409,0.4312436580657959,969.0385131835938,1.0,2024,6.988685131072998,"{""type"":""Point"",""coordinates"":[35.07113894988409,1.0284512339350418]}"
4111,6.470264911651611,Trans,1804.0,25.978260040283203,0.3675419688224792,1472.4818115234375,0.9634606734205946,34.876274726385105,0.5325133800506592,941.492431640625,1.0,2024,6.470264911651611,"{""type"":""Point"",""coordinates"":[34.876274726385105,0.9634606734205946]}"
4116,6.110250473022461,Trans,1860.0,22.508695602416992,0.3495682179927826,1448.66259765625,1.0103156322624938,35.16778849025337,0.587618887424469,1005.9006958007812,1.0,2024,6.110250473022461,"{""type"":""Point"",""coordinates"":[35.16778849025337,1.0103156322624938]}"
4119,6.016071319580078,Trans,1868.0,23.03913116455078,0.3348601460456848,1448.66259765625,1.0419753798791866,35.16456872567512,0.5465360283851624,1005.9006958007812,1.0,2024,6.016071319580078,"{""type"":""Point"",""coordinates"":[35.16456872567512,1.0419753798791866]}"
4120,5.762768268585205,Trans,2193.0,25.08695602416992,0.31726935505867,1532.4256591796875,1.104789651966847,34.76900244734028,0.5190657377243042,876.7874755859375,1.0,2024,5.762768268585205,"{""type"":""Point"",""coordinates"":[34.76900244734028,1.104789651966847]}"
4121,6.758028984069824,Trans,1960.0,22.46086883544922,0.3607515096664428,1303.348388671875,1.221628346232736,34.990458551059845,0.5032857656478882,1109.6043701171875,1.0,2024,6.758028984069824,"{""type"":""Point"",""coordinates"":[34.990458551059845,1.221628346232736]}"
4123,5.9351911544799805,Trans,2096.0,23.28695678710937,0.3028626143932342,1532.4256591796875,1.1036471319699206,34.776940595749515,0.4892526268959045,876.7874755859375,1.0,2024,5.9351911544799805,"{""type"":""Point"",""coordinates"":[34.776940595749515,1.1036471319699206]}"
4129,6.351292133331299,Trans,1916.0,23.05652236938477,0.2956057786941528,1217.0069580078125,1.1701283325461185,35.060255599021055,0.4482558071613312,1066.3682861328125,1.0,2024,6.351292133331299,"{""type"":""Point"",""coordinates"":[35.060255599021055,1.1701283325461185]}"
4132,7.294619560241699,Trans,1850.0,25.45652198791504,0.3903689086437225,1587.5098876953125,1.137535429104262,34.8693379608689,0.5781601667404175,896.3999633789062,1.0,2024,7.294619560241699,"{""type"":""Point"",""coordinates"":[34.8693379608689,1.1375354291042619]}"
4135,6.588899612426758,Trans,1941.0,24.234783172607425,0.2719126045703888,1532.4256591796875,1.1089300659171428,34.81416100138362,0.4411224722862243,853.085205078125,1.0,2024,6.588899612426758,"{""type"":""Point"",""coordinates"":[34.81416100138362,1.1089300659171428]}"
4136,6.14318323135376,Trans,1863.0,25.71739196777344,0.372178703546524,1448.66259765625,0.9723860332131942,35.169391144346065,0.5265343189239502,1027.66796875,1.0,2024,6.14318323135376,"{""type"":""Point"",""coordinates"":[35.169391144346065,0.9723860332131942]}"
4139,6.028929233551025,Trans,1919.0,23.482608795166016,0.3517685532569885,1309.0179443359375,1.08450025321803,35.13637828387132,0.4881452023983001,1033.5059814453125,1.0,2024,6.028929233551025,"{""type"":""Point"",""coordinates"":[35.136378283871316,1.0845002532180301]}"
4140,7.191696166992188,Trans,1853.0,24.765216827392575,0.3804628551006317,1587.5098876953125,1.1041204567364291,34.86670007336552,0.5045132637023926,896.3999633789062,1.0,2024,7.191696166992188,"{""type"":""Point"",""coordinates"":[34.86670007336552,1.1041204567364291]}"
4141,7.037391185760498,Trans,1924.0,19.952173233032227,0.3849533200263977,1640.1566162109375,1.2306396629689658,34.93966930232504,0.5445101261138916,972.9393310546876,6.0,2024,7.037391185760498,"{""type"":""Point"",""coordinates"":[34.939669302325036,1.2306396629689658]}"
4143,7.272372722625732,Trans,1851.0,23.05652236938477,0.4004617035388946,1640.1566162109375,1.2000292744674004,34.903304141456815,0.5480802059173584,964.7963256835938,1.0,2024,7.272372722625732,"{""type"":""Point"",""coordinates"":[34.903304141456815,1.2000292744674004]}"
4145,6.472315311431885,Trans,1959.0,25.013044357299805,0.3749156594276428,1415.5245361328125,0.9629565681848388,34.81772925903184,0.5100703239440918,959.7871704101562,1.0,2024,6.472315311431885,"{""type"":""Point"",""coordinates"":[34.817729259031836,0.9629565681848387]}"
4146,6.753113269805908,Trans,1789.0,24.082609176635746,0.2071305960416793,1339.5623779296875,0.899269032962361,35.11011160877661,0.3798329532146454,974.6353759765624,1.0,2024,6.753113269805908,"{""type"":""Point"",""coordinates"":[35.11011160877661,0.899269032962361]}"
4148,7.7498674392700195,Trans,1823.0,22.430435180664062,0.3933240175247192,1372.1785888671875,1.1165786262288244,34.95907400519405,0.5869542956352234,1015.1450805664062,4.0,2024,7.7498674392700195,"{""type"":""Point"",""coordinates"":[34.95907400519405,1.1165786262288244]}"
4149,6.261956691741943,Trans,1866.0,23.952173233032227,0.3000033497810364,1448.66259765625,0.9506467641617656,35.18562206322824,0.4992611706256866,1027.66796875,1.0,2024,6.261956691741943,"{""type"":""Point"",""coordinates"":[35.18562206322824,0.9506467641617656]}"
4150,7.439606666564941,Trans,1951.0,24.821739196777344,0.4026659727096557,1372.1785888671875,1.1186800083574548,35.039745065863244,0.5702403783798218,862.4269409179688,1.0,2024,7.439606666564941,"{""type"":""Point"",""coordinates"":[35.039745065863244,1.1186800083574548]}"
4152,6.507458686828613,Trans,1927.0,22.18695640563965,0.3934751152992248,1448.66259765625,1.008842890815576,35.21731953135704,0.6269742846488953,1040.30517578125,1.0,2024,6.507458686828613,"{""type"":""Point"",""coordinates"":[35.21731953135704,1.008842890815576]}"
4155,7.048178195953369,Trans,1953.0,23.017391204833984,0.3229730427265167,1303.348388671875,1.2175390631136624,34.955007944182576,0.5012171268463135,1109.6043701171875,1.0,2024,7.048178195953369,"{""type"":""Point"",""coordinates"":[34.955007944182576,1.2175390631136624]}"
4158,7.200003623962402,Trans,1776.0,23.04347801208496,0.3864579498767853,1565.9140625,0.8989852622255269,34.90830160176891,0.5834718942642212,986.4015502929688,1.0,2024,7.200003623962402,"{""type"":""Point"",""coordinates"":[34.90830160176891,0.8989852622255269]}"
4159,7.130473136901856,Trans,1876.0,23.265216827392575,0.3730368614196777,1587.5098876953125,1.1425520591850602,34.853163706342684,0.5170130133628845,896.3999633789062,1.0,2024,7.130473136901856,"{""type"":""Point"",""coordinates"":[34.853163706342684,1.1425520591850602]}"
4161,7.165752410888672,Trans,1956.0,23.160869598388672,0.3878585696220398,1640.1566162109375,1.2156770789358722,34.91778388928452,0.5453945994377136,972.9393310546876,1.0,2024,7.165752410888672,"{""type"":""Point"",""coordinates"":[34.91778388928452,1.2156770789358722]}"
4163,6.017857551574707,Trans,2297.0,22.143478393554688,0.2981668412685394,1532.4256591796875,1.1239632808158349,34.77537338749542,0.4654650390148163,876.7874755859375,1.0,2024,6.017857551574707,"{""type"":""Point"",""coordinates"":[34.77537338749542,1.1239632808158349]}"
4171,7.104827880859375,Trans,1899.0,23.11739158630371,0.3463917672634125,1303.348388671875,1.200130890929914,34.963459531319444,0.5538690686225891,1049.634765625,1.0,2024,7.104827880859375,"{""type"":""Point"",""coordinates"":[34.963459531319444,1.200130890929914]}"
4172,7.194738864898682,Trans,1730.0,23.986955642700195,0.411967009305954,1388.3951416015625,0.8918479342146668,34.952989162456625,0.6092490553855896,985.6636352539062,1.0,2024,7.194738864898682,"{""type"":""Point"",""coordinates"":[34.952989162456625,0.8918479342146668]}"
4173,7.6997528076171875,Trans,1824.0,23.5217399597168,0.3331658542156219,1587.5098876953125,1.1251073894503922,34.941969307276146,0.5144809484481812,960.1989135742188,1.0,2024,7.6997528076171875,"{""type"":""Point"",""coordinates"":[34.941969307276146,1.1251073894503922]}"
4174,6.94173526763916,Trans,1786.0,25.69565200805664,0.4688589572906494,1687.8226318359375,0.8491856739312548,34.882787711945326,0.6300901770591736,988.6344604492188,1.0,2024,6.94173526763916,"{""type"":""Point"",""coordinates"":[34.882787711945326,0.8491856739312548]}"
4176,5.921343803405762,Trans,1898.0,21.68695640563965,0.4069792330265045,1309.0179443359375,1.0841624307434747,35.14328424561561,0.6238545179367065,1033.5059814453125,1.0,2024,5.921343803405762,"{""type"":""Point"",""coordinates"":[35.14328424561561,1.0841624307434747]}"
4179,7.059144973754883,Trans,2107.0,26.291303634643555,0.3884799778461456,1653.9757080078125,1.1990463952129815,34.759361080701915,0.613042414188385,878.0504150390625,1.0,2024,7.059144973754883,"{""type"":""Point"",""coordinates"":[34.759361080701915,1.1990463952129817]}"
4187,6.180309295654297,Trans,1863.0,24.569564819335938,0.3811444640159607,1448.66259765625,1.023903989997077,35.18234683497092,0.522623598575592,1005.9006958007812,1.0,2024,6.180309295654297,"{""type"":""Point"",""coordinates"":[35.18234683497092,1.023903989997077]}"
4188,6.5593671798706055,Trans,1966.0,25.56521797180176,0.392800509929657,1415.5245361328125,0.9998448402383008,34.82607287210906,0.5388444662094116,849.1492919921875,1.0,2024,6.5593671798706055,"{""type"":""Point"",""coordinates"":[34.82607287210906,0.9998448402383007]}"
4194,7.701793193817139,Trans,1822.0,21.80869483947754,0.3346870839595794,1587.5098876953125,1.121827811432802,34.940040784027886,0.4859367609024048,960.1989135742188,1.0,2024,7.701793193817139,"{""type"":""Point"",""coordinates"":[34.940040784027886,1.121827811432802]}"
4196,7.260398387908935,Trans,1832.0,26.526086807250977,0.371349960565567,1472.4818115234375,1.024327624680356,34.9330088505362,0.504135012626648,963.7658081054688,1.0,2024,7.260398387908935,"{""type"":""Point"",""coordinates"":[34.9330088505362,1.024327624680356]}"
4198,6.746381759643555,Trans,1911.0,22.839130401611328,0.374227911233902,1309.0179443359375,1.0792487816352243,35.095494636597635,0.550155520439148,961.5752563476562,1.0,2024,6.746381759643555,"{""type"":""Point"",""coordinates"":[35.095494636597635,1.0792487816352243]}"
4202,6.632023811340332,Trans,2034.0,23.752174377441406,0.4775232374668121,1415.5245361328125,1.03794367026085,34.81657698696821,0.6801965832710266,849.1492919921875,1.0,2024,6.632023811340332,"{""type"":""Point"",""coordinates"":[34.81657698696821,1.03794367026085]}"
4205,6.583304405212402,Trans,1856.0,26.18260955810547,0.4182433485984802,1451.5164794921875,0.9127741397293035,34.8394466113741,0.6561721563339233,1004.1910400390624,1.0,2024,6.583304405212402,"{""type"":""Point"",""coordinates"":[34.8394466113741,0.9127741397293035]}"
4206,6.727439880371094,Trans,2085.0,23.513044357299805,0.4514246881008148,1653.9757080078125,1.180517730391142,34.77936592967546,0.6207942962646484,878.0504150390625,1.0,2024,6.727439880371094,"{""type"":""Point"",""coordinates"":[34.77936592967546,1.180517730391142]}"
4207,6.522443771362305,Trans,1982.0,23.34347915649414,0.3444079160690307,1532.4256591796875,1.1315075824418872,34.807004973365736,0.4644167125225067,853.085205078125,1.0,2024,6.522443771362305,"{""type"":""Point"",""coordinates"":[34.807004973365736,1.1315075824418872]}"
4209,7.255591869354248,Trans,1863.0,24.365217208862305,0.3721910715103149,1587.5098876953125,1.0598655182794332,34.91189339999462,0.5313633680343628,961.76513671875,1.0,2024,7.255591869354248,"{""type"":""Point"",""coordinates"":[34.91189339999462,1.0598655182794332]}"
4210,6.801239967346191,Trans,1891.0,24.7391300201416,0.4065023362636566,1309.0179443359375,1.0543501278937877,35.08799115160474,0.544284462928772,961.5752563476562,1.0,2024,6.801239967346191,"{""type"":""Point"",""coordinates"":[35.08799115160474,1.0543501278937875]}"
4214,6.918216705322266,Trans,1885.0,25.93913078308105,0.3482265174388885,1532.4256591796875,1.0863866428312774,34.8434918105718,0.4919471740722656,813.836669921875,1.0,2024,6.918216705322266,"{""type"":""Point"",""coordinates"":[34.8434918105718,1.0863866428312774]}"
4216,6.772158622741699,Trans,1887.0,22.839130401611328,0.3899717628955841,1309.0179443359375,1.0833616114369613,35.09526307317357,0.5969699025154114,961.5752563476562,1.0,2024,6.772158622741699,"{""type"":""Point"",""coordinates"":[35.09526307317357,1.0833616114369613]}"
4217,7.836336135864258,Trans,1814.0,24.18695640563965,0.3765433430671692,1372.1785888671875,1.0803977501851754,35.005520582017645,0.5308743119239807,885.8496704101562,1.0,2024,7.836336135864258,"{""type"":""Point"",""coordinates"":[35.005520582017645,1.0803977501851754]}"
4218,7.592118263244629,Trans,1852.0,24.78260803222656,0.4078107476234436,1587.5098876953125,1.1446309644183936,34.919235950953734,0.5356742739677429,960.1989135742188,1.0,2024,7.592118263244629,"{""type"":""Point"",""coordinates"":[34.919235950953734,1.1446309644183936]}"
4223,7.31877326965332,Trans,1846.0,24.095651626586918,0.3688086867332458,1587.5098876953125,1.1279230818411168,34.87315770708721,0.5108550190925598,896.3999633789062,1.0,2024,7.31877326965332,"{""type"":""Point"",""coordinates"":[34.87315770708721,1.1279230818411168]}"
4224,6.602631092071533,Trans,1892.0,23.18260955810547,0.4113616049289703,1619.9417724609375,0.9444477789463392,35.27110912340977,0.5651864409446716,978.35693359375,1.0,2024,6.602631092071533,"{""type"":""Point"",""coordinates"":[35.27110912340977,0.9444477789463391]}"
4225,6.605058670043945,Trans,1923.0,25.447826385498047,0.3887344598770141,1451.5164794921875,0.8869759070205089,34.8307932152257,0.5828555226325989,985.6239013671876,1.0,2024,6.605058670043945,"{""type"":""Point"",""coordinates"":[34.8307932152257,0.8869759070205089]}"
4227,5.963244438171387,Trans,1934.0,22.28260803222656,0.4062339067459106,1362.5670166015625,1.0581964793044285,35.200747483496905,0.5837597250938416,1157.1868896484375,1.0,2024,5.963244438171387,"{""type"":""Point"",""coordinates"":[35.200747483496905,1.0581964793044283]}"
4229,6.501717567443848,Trans,1961.0,19.704347610473636,0.3520343005657196,1303.348388671875,1.2320971533254494,35.02051258442236,0.457183301448822,1020.2589111328124,1.0,2024,6.501717567443848,"{""type"":""Point"",""coordinates"":[35.020512584422356,1.2320971533254494]}"
4230,7.416998863220215,Trans,1867.0,22.12173843383789,0.4158179759979248,1640.1566162109375,1.1748457301757451,34.94382473005698,0.5386973023414612,964.7963256835938,1.0,2024,7.416998863220215,"{""type"":""Point"",""coordinates"":[34.94382473005698,1.1748457301757453]}"
4232,7.263491153717041,Trans,1882.0,25.908695220947266,0.3739746510982513,1372.1785888671875,1.142547385037293,35.02403277951221,0.4900694489479065,862.4269409179688,1.0,2024,7.263491153717041,"{""type"":""Point"",""coordinates"":[35.02403277951221,1.142547385037293]}"
4234,6.590712547302246,Trans,2047.0,26.80869483947754,0.3728238940238952,1532.4256591796875,1.1477427985279451,34.80690831278275,0.4755372703075409,853.085205078125,1.0,2024,6.590712547302246,"{""type"":""Point"",""coordinates"":[34.80690831278275,1.1477427985279451]}"
4235,6.6324567794799805,Trans,1896.0,25.37826156616211,0.3705156743526459,1472.4818115234375,1.0216547599417305,34.85179738630252,0.5619765520095825,914.8713989257812,1.0,2024,6.6324567794799805,"{""type"":""Point"",""coordinates"":[34.85179738630252,1.0216547599417305]}"
4238,7.129488468170166,Trans,1839.0,22.2391300201416,0.2468838095664978,1327.4505615234375,1.0412498668392756,35.067223712629044,0.385532796382904,969.0385131835938,1.0,2024,7.129488468170166,"{""type"":""Point"",""coordinates"":[35.067223712629044,1.0412498668392756]}"
4242,7.31634521484375,Trans,1906.0,19.7391300201416,0.442647248506546,1640.1566162109375,1.1844184948445449,34.94939802823422,0.5831299424171448,964.7963256835938,1.0,2024,7.31634521484375,"{""type"":""Point"",""coordinates"":[34.94939802823422,1.1844184948445449]}"
4243,7.279389381408691,Trans,1825.0,24.16521644592285,0.4124157130718231,1472.4818115234375,1.0188593622314503,34.93721653605378,0.5243189930915833,963.7658081054688,4.0,2024,7.279389381408691,"{""type"":""Point"",""coordinates"":[34.93721653605378,1.0188593622314503]}"
4245,6.383647918701172,Trans,2033.0,25.356521606445312,0.3886242806911468,1451.5164794921875,0.9021858425580528,34.807936025525464,0.5595407485961914,1004.1910400390624,1.0,2024,6.383647918701172,"{""type"":""Point"",""coordinates"":[34.807936025525464,0.9021858425580529]}"
4248,7.233230590820312,Trans,1893.0,23.947826385498047,0.4108876585960388,1640.1566162109375,1.2059040807735024,34.9180060850277,0.5257217884063721,972.9393310546876,1.0,2024,7.233230590820312,"{""type"":""Point"",""coordinates"":[34.9180060850277,1.2059040807735024]}"
4252,6.726913928985596,Trans,1840.0,23.05652236938477,0.4172692000865936,1339.5623779296875,0.8970897483753363,35.09585643997952,0.6208873391151428,951.44384765625,1.0,2024,6.726913928985596,"{""type"":""Point"",""coordinates"":[35.09585643997952,0.8970897483753363]}"
4253,6.661061763763428,Trans,1776.0,21.952173233032227,0.3159521222114563,1339.5623779296875,0.8899448134988043,35.08186012241859,0.4694477617740631,951.44384765625,1.0,2024,6.661061763763428,"{""type"":""Point"",""coordinates"":[35.08186012241859,0.8899448134988043]}"
4254,7.355019569396973,Trans,1863.0,21.895652770996094,0.299166589975357,1653.9757080078125,1.241249820842896,34.81858525611639,0.4497200548648834,881.7891235351562,1.0,2024,7.355019569396973,"{""type"":""Point"",""coordinates"":[34.81858525611639,1.241249820842896]}"
4256,6.660617828369141,Trans,1940.0,23.856521606445312,0.3857690989971161,1303.348388671875,1.2179416231448774,35.00093648215566,0.5733174085617065,1020.2589111328124,1.0,2024,6.660617828369141,"{""type"":""Point"",""coordinates"":[35.00093648215566,1.2179416231448774]}"
4264,6.979952335357666,Trans,1807.0,21.28260803222656,0.3831233978271484,1472.4818115234375,0.9724701871942424,34.92343167153889,0.5627415776252747,984.7139892578124,4.0,2024,6.979952335357666,"{""type"":""Point"",""coordinates"":[34.92343167153889,0.9724701871942425]}"
4267,6.057028293609619,Trans,2359.0,24.63478279113769,0.332548052072525,1227.42041015625,0.9346110468260076,34.74791355096216,0.5475274920463562,1105.9439697265625,1.0,2024,6.057028293609619,"{""type"":""Point"",""coordinates"":[34.74791355096216,0.9346110468260077]}"
4271,5.717710494995117,Trans,2151.0,22.139129638671875,0.2869139909744262,1518.2637939453125,0.9551159764235342,35.324389553744005,0.4952370226383209,1077.1812744140625,4.0,2024,5.717710494995117,"{""type"":""Point"",""coordinates"":[35.324389553744005,0.9551159764235342]}"
4272,7.740768909454346,Trans,1813.0,21.256521224975582,0.4303593337535858,1372.1785888671875,1.0755076363940093,35.02729719802416,0.5669137835502625,885.8496704101562,1.0,2024,7.740768909454346,"{""type"":""Point"",""coordinates"":[35.02729719802416,1.0755076363940093]}"
4273,7.740612506866455,Trans,1829.0,22.04347801208496,0.3444270491600036,1311.3265380859375,1.0495356678610432,34.97513983667922,0.5348081588745117,1003.5731201171876,1.0,2024,7.740612506866455,"{""type"":""Point"",""coordinates"":[34.97513983667922,1.0495356678610432]}"
4276,7.546443939208984,Trans,1868.0,24.052173614501957,0.3834038972854614,1640.1566162109375,1.1560322919485562,34.949849974018804,0.5159283876419067,964.7963256835938,1.0,2024,7.546443939208984,"{""type"":""Point"",""coordinates"":[34.949849974018804,1.1560322919485562]}"
4278,6.557826995849609,Trans,1918.0,23.03913116455078,0.4348653554916382,1448.66259765625,1.0028975193110037,35.22290365488099,0.6311085224151611,1040.30517578125,1.0,2024,6.557826995849609,"{""type"":""Point"",""coordinates"":[35.22290365488099,1.0028975193110035]}"
4281,6.355350494384766,Trans,2141.0,22.600000381469727,0.3541573286056518,1451.5164794921875,0.9217756156781302,34.79671995856556,0.5810393691062927,1013.508056640625,1.0,2024,6.355350494384766,"{""type"":""Point"",""coordinates"":[34.79671995856556,0.9217756156781302]}"
4286,6.600908756256104,Trans,2019.0,22.24347877502441,0.3010111153125763,1532.4256591796875,1.1367382580077616,34.81119761303315,0.510751485824585,853.085205078125,1.0,2024,6.600908756256104,"{""type"":""Point"",""coordinates"":[34.81119761303315,1.1367382580077616]}"
4287,7.567399978637695,Trans,1806.0,22.42608642578125,0.3831105232238769,1311.3265380859375,1.0114661937185043,34.96643203731836,0.5304444432258606,1003.5731201171876,1.0,2024,7.567399978637695,"{""type"":""Point"",""coordinates"":[34.966432037318356,1.0114661937185043]}"
4288,6.293585300445557,Trans,1954.0,25.517391204833984,0.4473868012428283,1451.5164794921875,0.8777226954087533,34.7955022463708,0.6386568546295166,969.8295288085938,1.0,2024,6.293585300445557,"{""type"":""Point"",""coordinates"":[34.7955022463708,0.8777226954087533]}"
4292,7.764214515686035,Trans,1822.0,22.126087188720703,0.4066869914531708,1372.1785888671875,1.1153919300463684,34.978351997265705,0.5926321744918823,1015.1450805664062,1.0,2024,7.764214515686035,"{""type"":""Point"",""coordinates"":[34.978351997265705,1.1153919300463684]}"
4293,6.68332576751709,Trans,1938.0,23.100000381469727,0.3483548760414123,1518.2637939453125,0.9794953797133644,35.261591124984086,0.5132113099098206,998.7577514648438,1.0,2024,6.68332576751709,"{""type"":""Point"",""coordinates"":[35.261591124984086,0.9794953797133643]}"
4299,6.880349636077881,Trans,1937.0,26.013044357299805,0.3779674172401428,1372.1785888671875,1.1496578117559726,35.04865926357543,0.493014931678772,862.4269409179688,1.0,2024,6.880349636077881,"{""type"":""Point"",""coordinates"":[35.04865926357543,1.1496578117559726]}"
4301,6.5450119972229,Trans,1867.0,23.77391242980957,0.3278909027576446,1309.0179443359375,1.1248793552076328,35.098908528362784,0.499625563621521,974.173583984375,1.0,2024,6.5450119972229,"{""type"":""Point"",""coordinates"":[35.098908528362784,1.1248793552076328]}"
4302,6.906680107116699,Trans,1745.0,23.26956558227539,0.3700474500656128,1565.9140625,0.8606120765291523,34.92836683542054,0.5176421403884888,986.4015502929688,1.0,2024,6.906680107116699,"{""type"":""Point"",""coordinates"":[34.92836683542054,0.8606120765291523]}"
4304,6.80695915222168,Trans,2213.0,26.19565200805664,0.2716552317142486,1653.9757080078125,1.185873841076118,34.76226222999556,0.421624094247818,878.0504150390625,1.0,2024,6.80695915222168,"{""type"":""Point"",""coordinates"":[34.76226222999556,1.185873841076118]}"
4305,7.254876613616943,Trans,1881.0,23.299999237060547,0.3665803968906402,1303.348388671875,1.1848987507273845,34.959301886096874,0.5266401171684265,1049.634765625,1.0,2024,7.254876613616943,"{""type"":""Point"",""coordinates"":[34.959301886096874,1.1848987507273843]}"
4310,7.143409729003906,Trans,1801.0,24.139129638671875,0.4246051013469696,1472.4818115234375,0.97982453737782,34.93529431822224,0.5408704280853271,984.7139892578124,1.0,2024,7.143409729003906,"{""type"":""Point"",""coordinates"":[34.93529431822224,0.97982453737782]}"
4311,6.604588031768799,Trans,1824.0,22.756521224975582,0.389004111289978,1327.4505615234375,0.9890594018771892,35.08581414522605,0.6018349528312683,994.4949951171876,1.0,2024,6.604588031768799,"{""type"":""Point"",""coordinates"":[35.08581414522605,0.9890594018771891]}"
4312,7.030849456787109,Trans,1829.0,18.365217208862305,0.2730576992034912,1640.1566162109375,1.2409501249955657,34.89572930237819,0.3135424852371216,915.8572387695312,6.0,2024,7.030849456787109,"{""type"":""Point"",""coordinates"":[34.89572930237819,1.2409501249955657]}"
4316,7.586237907409668,Trans,1851.0,22.13478279113769,0.3365006148815155,1311.3265380859375,0.983235480579574,34.98705608840896,0.5399710536003113,1077.162841796875,1.0,2024,7.586237907409668,"{""type"":""Point"",""coordinates"":[34.987056088408956,0.9832354805795739]}"
4319,7.187906265258789,Trans,1840.0,19.100000381469727,0.2974081039428711,1653.9757080078125,1.23926806957998,34.84555702394213,0.4491198658943176,881.7891235351562,4.0,2024,7.187906265258789,"{""type"":""Point"",""coordinates"":[34.84555702394213,1.23926806957998]}"
4321,6.490139484405518,Trans,1952.0,19.704347610473636,0.3270258605480194,1303.348388671875,1.2302942330118245,35.02020370306021,0.419174313545227,1020.2589111328124,1.0,2024,6.490139484405518,"{""type"":""Point"",""coordinates"":[35.02020370306021,1.2302942330118243]}"
4323,6.574508666992188,Trans,1774.0,24.53913116455078,0.3699730634689331,1565.9140625,0.9461663494089174,34.87879236076678,0.5235177874565125,1014.7183227539062,1.0,2024,6.574508666992188,"{""type"":""Point"",""coordinates"":[34.87879236076678,0.9461663494089174]}"
4324,6.034202575683594,Trans,2022.0,23.34347915649414,0.2995910346508026,1619.9417724609375,0.9259305288671524,35.319668757229806,0.4376188814640045,992.7603759765624,4.0,2024,6.034202575683594,"{""type"":""Point"",""coordinates"":[35.319668757229806,0.9259305288671524]}"
4328,6.7571539878845215,Trans,1960.0,22.46086883544922,0.3219282329082489,1303.348388671875,1.221885901328653,34.9903070637637,0.4762409925460815,1109.6043701171875,1.0,2024,6.7571539878845215,"{""type"":""Point"",""coordinates"":[34.9903070637637,1.221885901328653]}"
4329,6.884799957275391,Trans,1720.0,23.408695220947266,0.4251599311828613,1687.8226318359375,0.8490799815880802,34.8997164469075,0.6222660541534424,988.6344604492188,1.0,2024,6.884799957275391,"{""type"":""Point"",""coordinates"":[34.8997164469075,0.8490799815880802]}"
4330,7.38381290435791,Trans,1869.0,22.008695602416992,0.4159900546073913,1309.0179443359375,1.0748817798412391,35.05914430062946,0.6112416386604309,961.5752563476562,1.0,2024,7.38381290435791,"{""type"":""Point"",""coordinates"":[35.05914430062946,1.0748817798412393]}"
4331,4.933827877044678,Trans,2628.0,26.58695602416992,0.3754309415817261,897.6917114257812,1.1220862272451326,34.7242902708166,0.5835792422294617,1047.058837890625,4.0,2024,4.933827877044678,"{""type"":""Point"",""coordinates"":[34.7242902708166,1.1220862272451326]}"
4333,6.696795463562012,Trans,1889.0,19.7391300201416,0.399493932723999,1303.348388671875,1.230218353065743,34.9983145198081,0.5732452273368835,1109.6043701171875,4.0,2024,6.696795463562012,"{""type"":""Point"",""coordinates"":[34.9983145198081,1.2302183530657427]}"
4336,6.981081485748291,Trans,1961.0,20.513044357299805,0.3801543414592743,1303.348388671875,1.223416989641143,34.96169078876073,0.5277622938156128,1109.6043701171875,1.0,2024,6.981081485748291,"{""type"":""Point"",""coordinates"":[34.96169078876073,1.223416989641143]}"
4337,6.613527297973633,Trans,1890.0,23.18260955810547,0.4218242466449737,1619.9417724609375,0.94579352812648,35.26814237590452,0.6053016185760498,978.35693359375,1.0,2024,6.613527297973633,"{""type"":""Point"",""coordinates"":[35.26814237590452,0.9457935281264799]}"
4338,7.123472690582275,Trans,1853.0,20.513044357299805,0.2981254756450653,1640.1566162109375,1.225731326880413,34.87023048529818,0.4194267690181732,915.8572387695312,4.0,2024,7.123472690582275,"{""type"":""Point"",""coordinates"":[34.87023048529818,1.225731326880413]}"
4343,7.368710517883301,Trans,1864.0,24.560869216918945,0.3966446816921234,1640.1566162109375,1.1833064230597592,34.90260480944583,0.5633066296577454,964.7963256835938,1.0,2024,7.368710517883301,"{""type"":""Point"",""coordinates"":[34.90260480944583,1.1833064230597592]}"
4344,7.123764991760254,Trans,1768.0,25.213043212890625,0.3093625605106354,1565.9140625,0.8690958096211486,34.897026208534605,0.5187578201293945,1008.7085571289062,1.0,2024,7.123764991760254,"{""type"":""Point"",""coordinates"":[34.897026208534605,0.8690958096211486]}"
4345,6.987060546875,Trans,1814.0,22.33478355407715,0.3434140682220459,1388.3951416015625,0.9315141239383022,35.03526615943448,0.4978472590446472,873.1403198242188,1.0,2024,6.987060546875,"{""type"":""Point"",""coordinates"":[35.03526615943448,0.9315141239383022]}"
4347,6.7403059005737305,Trans,1910.0,23.517391204833984,0.3653132021427154,1532.4256591796875,1.1106047327017636,34.82424370339599,0.5330645442008972,853.085205078125,1.0,2024,6.7403059005737305,"{""type"":""Point"",""coordinates"":[34.82424370339599,1.1106047327017636]}"
4348,6.635303974151611,Trans,1789.0,22.78260803222656,0.3986173570156097,1472.4818115234375,0.9903389148550544,34.89544049692505,0.5970668792724609,941.492431640625,1.0,2024,6.635303974151611,"{""type"":""Point"",""coordinates"":[34.89544049692505,0.9903389148550545]}"
4350,6.4693803787231445,Trans,1939.0,24.973913192749023,0.3098804056644439,1303.348388671875,1.1745907194223593,35.04485351292481,0.4410750567913055,860.8521118164062,1.0,2024,6.4693803787231445,"{""type"":""Point"",""coordinates"":[35.04485351292481,1.1745907194223593]}"
4351,6.70526123046875,Trans,1773.0,23.321739196777344,0.3935500383377075,1472.4818115234375,1.0027206852439148,34.897227322434695,0.5989850759506226,914.8713989257812,1.0,2024,6.70526123046875,"{""type"":""Point"",""coordinates"":[34.897227322434695,1.0027206852439148]}"
4354,7.379619598388672,Trans,1840.0,22.595651626586918,0.3998633027076721,1309.0179443359375,1.0668400104801583,35.05800176625639,0.5813391208648682,961.5752563476562,1.0,2024,7.379619598388672,"{""type"":""Point"",""coordinates"":[35.05800176625639,1.0668400104801585]}"
4355,6.152334690093994,Trans,1912.0,22.495651245117188,0.2715049684047699,1448.66259765625,1.0450201655090403,35.20296421188246,0.437583327293396,1040.30517578125,1.0,2024,6.152334690093994,"{""type"":""Point"",""coordinates"":[35.20296421188246,1.0450201655090405]}"
4362,7.069863796234131,Trans,1866.0,23.821739196777344,0.3535395264625549,1587.5098876953125,1.0893150793462596,34.860737312837905,0.473370760679245,908.87646484375,1.0,2024,7.069863796234131,"{""type"":""Point"",""coordinates"":[34.860737312837905,1.0893150793462596]}"
4365,7.09343147277832,Trans,1778.0,20.873912811279297,0.2897243797779083,1640.1566162109375,1.2411987195180376,34.86739401955124,0.4109537899494171,915.8572387695312,6.0,2024,7.09343147277832,"{""type"":""Point"",""coordinates"":[34.86739401955124,1.2411987195180376]}"
4377,6.610818386077881,Trans,1980.0,22.78695678710937,0.3693337142467499,1518.2637939453125,0.97579113287019,35.27565062129446,0.5386897921562195,998.7577514648438,1.0,2024,6.610818386077881,"{""type"":""Point"",""coordinates"":[35.27565062129446,0.9757911328701899]}"
4384,7.006868839263916,Trans,1923.0,22.81739044189453,0.3878400325775146,1653.9757080078125,1.1883447595008707,34.83197563615319,0.5551933646202087,878.5647583007812,1.0,2024,7.006868839263916,"{""type"":""Point"",""coordinates"":[34.83197563615319,1.1883447595008707]}"
4385,6.568480491638184,Trans,2068.0,24.860870361328125,0.3209925293922424,1653.9757080078125,1.1587685599660338,34.79766487416205,0.431537926197052,878.0504150390625,4.0,2024,6.568480491638184,"{""type"":""Point"",""coordinates"":[34.79766487416205,1.1587685599660338]}"
4387,6.097676753997803,Trans,1855.0,24.908695220947266,0.4477502405643463,1327.4505615234375,0.9716198991261318,35.13608848732146,0.633907675743103,1042.0404052734375,1.0,2024,6.097676753997803,"{""type"":""Point"",""coordinates"":[35.13608848732146,0.9716198991261318]}"
4388,6.751387119293213,Trans,1896.0,24.61739158630371,0.3785113394260406,1309.0179443359375,1.105284792663796,35.094528115074944,0.5731959342956543,974.173583984375,1.0,2024,6.751387119293213,"{""type"":""Point"",""coordinates"":[35.094528115074944,1.1052847926637959]}"
4392,6.319010257720947,Trans,2135.0,25.27391242980957,0.5107230544090271,1415.5245361328125,0.9957039286324526,34.78295324783898,0.6904529929161072,989.7182006835938,1.0,2024,6.319010257720947,"{""type"":""Point"",""coordinates"":[34.78295324783898,0.9957039286324526]}"
4400,7.3354811668396,Trans,1889.0,26.560869216918945,0.4045485258102417,1372.1785888671875,1.130751756538814,35.03556917339226,0.5183296203613281,862.4269409179688,1.0,2024,7.3354811668396,"{""type"":""Point"",""coordinates"":[35.03556917339226,1.130751756538814]}"
4402,7.665514469146728,Trans,1857.0,24.46521759033203,0.3742680847644806,1372.1785888671875,1.1128997995400192,35.01844473140733,0.5249329209327698,862.4269409179688,1.0,2024,7.665514469146728,"{""type"":""Point"",""coordinates"":[35.01844473140733,1.1128997995400192]}"
4404,7.239326477050781,Trans,1733.0,24.552173614501957,0.3957147896289825,1565.9140625,0.9156750207472372,34.92577549338138,0.5142996311187744,1008.7112426757812,1.0,2024,7.239326477050781,"{""type"":""Point"",""coordinates"":[34.92577549338138,0.9156750207472371]}"
4408,6.868876457214356,Trans,1888.0,22.34782600402832,0.289249837398529,1309.0179443359375,1.053742324621096,35.084424823111334,0.4468711018562317,961.5752563476562,1.0,2024,6.868876457214356,"{""type"":""Point"",""coordinates"":[35.084424823111334,1.053742324621096]}"
4411,6.733170509338379,Trans,2291.0,25.55652236938477,0.3726203143596649,1653.9757080078125,1.1828634298246945,34.75421888451083,0.4847775399684906,878.0504150390625,1.0,2024,6.733170509338379,"{""type"":""Point"",""coordinates"":[34.75421888451083,1.1828634298246945]}"
4413,6.843254566192627,Trans,1909.0,22.53043556213379,0.3732114434242248,1309.0179443359375,1.1463615290888167,35.0554715839534,0.5397048592567444,974.173583984375,1.0,2024,6.843254566192627,"{""type"":""Point"",""coordinates"":[35.0554715839534,1.1463615290888167]}"
4414,6.449642181396484,Trans,1992.0,25.295652389526367,0.3661008775234222,1451.5164794921875,0.9468249365437564,34.82513572185311,0.5478363633155823,1004.1910400390624,1.0,2024,6.449642181396484,"{""type"":""Point"",""coordinates"":[34.82513572185311,0.9468249365437564]}"
4415,7.689917087554932,Trans,1850.0,19.639129638671875,0.2970770299434662,1311.3265380859375,1.0101613482570828,34.99602099159959,0.4096137881278991,1003.5731201171876,4.0,2024,7.689917087554932,"{""type"":""Point"",""coordinates"":[34.99602099159959,1.0101613482570828]}"
4416,7.500643730163574,Trans,1875.0,23.09130477905273,0.3647926747798919,1303.348388671875,1.15919857886481,34.95550045785838,0.5069020986557007,1049.634765625,1.0,2024,7.500643730163574,"{""type"":""Point"",""coordinates"":[34.95550045785838,1.15919857886481]}"
4426,6.978226184844971,Trans,1916.0,21.508695602416992,0.28792405128479,1653.9757080078125,1.1837521277931566,34.829553859687,0.4660520553588867,878.5647583007812,1.0,2024,6.978226184844971,"{""type"":""Point"",""coordinates"":[34.829553859687,1.1837521277931566]}"
4428,6.397912979125977,Trans,1945.0,23.50434875488281,0.3523403108119964,1303.348388671875,1.1986149013258365,35.0271577186648,0.5448290109634399,860.8521118164062,1.0,2024,6.397912979125977,"{""type"":""Point"",""coordinates"":[35.027157718664796,1.1986149013258363]}"
4431,7.319610595703125,Trans,1847.0,24.247825622558597,0.3907021880149841,1587.5098876953125,1.1008032273072546,34.883401999565905,0.5174949765205383,896.3999633789062,1.0,2024,7.319610595703125,"{""type"":""Point"",""coordinates"":[34.883401999565905,1.1008032273072546]}"
4435,7.294148445129394,Trans,1866.0,24.139129638671875,0.3108012080192566,1388.3951416015625,0.9295563465506874,34.992220872562825,0.4412810206413269,1042.5777587890625,1.0,2024,7.294148445129394,"{""type"":""Point"",""coordinates"":[34.992220872562825,0.9295563465506874]}"
4436,6.600285530090332,Trans,2000.0,23.92608642578125,0.40041384100914,1532.4256591796875,1.098314428371696,34.81464855319952,0.5158808827400208,813.836669921875,1.0,2024,6.600285530090332,"{""type"":""Point"",""coordinates"":[34.81464855319952,1.098314428371696]}"
4440,5.968189239501953,Trans,1898.0,22.095651626586918,0.3171998560428619,1448.66259765625,1.050021014655146,35.16790944343063,0.5349038243293762,1005.9006958007812,1.0,2024,5.968189239501953,"{""type"":""Point"",""coordinates"":[35.16790944343063,1.050021014655146]}"
4442,6.028650283813477,Trans,1889.0,24.799999237060547,0.3887899816036224,1309.0179443359375,1.0597589391456277,35.140331378452245,0.5623869895935059,1033.5059814453125,1.0,2024,6.028650283813477,"{""type"":""Point"",""coordinates"":[35.140331378452245,1.0597589391456275]}"
4450,7.417900085449219,Trans,1868.0,24.03478240966797,0.3700337707996368,1640.1566162109375,1.1752750246916568,34.90423356099452,0.5020714402198792,964.7963256835938,1.0,2024,7.417900085449219,"{""type"":""Point"",""coordinates"":[34.90423356099452,1.1752750246916568]}"
4455,7.141824722290039,Trans,1900.0,21.96521759033203,0.3374754190444946,1653.9757080078125,1.218937603514685,34.8458802009507,0.4850926995277405,881.7891235351562,1.0,2024,7.141824722290039,"{""type"":""Point"",""coordinates"":[34.8458802009507,1.218937603514685]}"
4459,6.700100898742676,Trans,1838.0,23.330434799194336,0.4850809276103973,1339.5623779296875,0.9174905183524148,35.07304625212571,0.6310418844223022,951.3497924804688,1.0,2024,6.700100898742676,"{""type"":""Point"",""coordinates"":[35.07304625212571,0.9174905183524149]}"
4460,7.153279781341553,Trans,1881.0,25.330434799194336,0.3536026775836944,1640.1566162109375,1.1594895955684932,34.85509435760265,0.5080474019050598,916.169677734375,1.0,2024,7.153279781341553,"{""type"":""Point"",""coordinates"":[34.85509435760265,1.1594895955684932]}"
4462,6.85554313659668,Trans,1913.0,22.19565200805664,0.252500981092453,1587.5098876953125,1.0572402197233386,34.85425809022461,0.3579239249229431,908.87646484375,1.0,2024,6.85554313659668,"{""type"":""Point"",""coordinates"":[34.85425809022461,1.0572402197233386]}"
4463,7.372331142425537,Trans,1859.0,22.74347877502441,0.492979347705841,1587.5098876953125,1.145722220222083,34.878210398669424,0.4856503903865814,896.3999633789062,1.0,2024,7.372331142425537,"{""type"":""Point"",""coordinates"":[34.878210398669424,1.145722220222083]}"
4465,7.696464061737059,Trans,1853.0,24.899999618530277,0.3753977715969085,1311.3265380859375,1.0499811197894793,35.02730457242315,0.5487661957740784,895.3138427734375,1.0,2024,7.696464061737059,"{""type"":""Point"",""coordinates"":[35.02730457242315,1.0499811197894793]}"
4468,6.626620292663574,Trans,1957.0,22.74347877502441,0.2822573482990265,1518.2637939453125,0.9734642333779988,35.27351007469416,0.4656992256641388,998.7577514648438,1.0,2024,6.626620292663574,"{""type"":""Point"",""coordinates"":[35.27351007469416,0.9734642333779989]}"
4476,7.053681373596191,Trans,1876.0,22.7608699798584,0.3467157781124115,1587.5098876953125,1.069967090635086,34.87588698083235,0.5530909299850464,908.87646484375,1.0,2024,7.053681373596191,"{""type"":""Point"",""coordinates"":[34.87588698083235,1.069967090635086]}"
4479,7.737759590148926,Trans,1824.0,24.30869483947754,0.4577178061008453,1372.1785888671875,1.1210467993055888,34.959976031200775,0.5299554467201233,1015.1450805664062,1.0,2024,7.737759590148926,"{""type"":""Point"",""coordinates"":[34.959976031200775,1.1210467993055888]}"
4481,6.512699127197266,Trans,1939.0,23.095651626586918,0.396527349948883,1448.66259765625,1.0153815082447737,35.220403477529,0.5969643592834473,1040.30517578125,1.0,2024,6.512699127197266,"{""type"":""Point"",""coordinates"":[35.220403477529,1.0153815082447735]}"
4487,6.799619674682617,Trans,1865.0,23.96086883544922,0.4634799361228943,1339.5623779296875,0.9425971909810028,35.065896234535465,0.6283420324325562,951.3497924804688,1.0,2024,6.799619674682617,"{""type"":""Point"",""coordinates"":[35.065896234535465,0.9425971909810028]}"
4488,5.633342266082764,Trans,2266.0,26.169565200805664,0.368459403514862,1532.4256591796875,1.1137219199113988,34.759498515963635,0.5515486001968384,876.7874755859375,1.0,2024,5.633342266082764,"{""type"":""Point"",""coordinates"":[34.759498515963635,1.1137219199113988]}"
4495,7.470222473144531,Trans,1832.0,24.204347610473636,0.3635949790477752,1311.3265380859375,1.0084763139150954,34.95645355355971,0.5351983308792114,1003.5731201171876,1.0,2024,7.470222473144531,"{""type"":""Point"",""coordinates"":[34.95645355355971,1.0084763139150954]}"
4497,7.632488250732422,Trans,1832.0,25.213043212890625,0.4212878048419952,1587.5098876953125,1.108193574716066,34.92480830835811,0.5926732420921326,960.1989135742188,1.0,2024,7.632488250732422,"{""type"":""Point"",""coordinates"":[34.92480830835811,1.108193574716066]}"
4499,7.274296283721924,Trans,1942.0,19.452173233032227,0.40072101354599,1640.1566162109375,1.1912379881002215,34.9456372471721,0.5207476019859314,964.7963256835938,1.0,2024,7.274296283721924,"{""type"":""Point"",""coordinates"":[34.9456372471721,1.1912379881002215]}"
4501,6.045574188232422,Trans,2030.0,23.704347610473636,0.3942964076995849,1619.9417724609375,0.9335508337838132,35.31594033700281,0.5668544173240662,992.7603759765624,4.0,2024,6.045574188232422,"{""type"":""Point"",""coordinates"":[35.31594033700281,0.9335508337838131]}"
4503,6.772136211395264,Trans,1791.0,24.42608642578125,0.3263722956180572,1565.9140625,0.9386237322136144,34.892904557759465,0.4774594008922577,1014.7183227539062,1.0,2024,6.772136211395264,"{""type"":""Point"",""coordinates"":[34.892904557759465,0.9386237322136145]}"
4505,5.716844081878662,Trans,2251.0,24.747825622558597,0.4278168678283691,1415.5245361328125,1.0089422822035246,34.76009254076003,0.5951586365699768,954.0535278320312,1.0,2024,5.716844081878662,"{""type"":""Point"",""coordinates"":[34.76009254076003,1.0089422822035246]}"
4506,5.330915451049805,Trans,1915.0,25.16521644592285,0.467833548784256,1362.5670166015625,1.1172342047459976,35.166873346113114,0.6632174849510193,1263.162353515625,1.0,2024,5.330915451049805,"{""type"":""Point"",""coordinates"":[35.166873346113114,1.1172342047459976]}"
4513,7.499498844146728,Trans,1834.0,24.204347610473636,0.3653151988983154,1311.3265380859375,1.0091919492834447,34.95966571684881,0.4840983152389526,1003.5731201171876,1.0,2024,7.499498844146728,"{""type"":""Point"",""coordinates"":[34.95966571684881,1.0091919492834447]}"
4515,6.239132404327393,Trans,1935.0,24.21739196777344,0.3827925622463226,1303.348388671875,1.2092426906465998,35.03613407644734,0.5917593240737915,1020.2589111328124,1.0,2024,6.239132404327393,"{""type"":""Point"",""coordinates"":[35.03613407644734,1.2092426906465998]}"
4519,5.984129905700684,Trans,2136.0,25.052173614501957,0.3193338513374328,1532.4256591796875,1.0799603204393249,34.7802407082182,0.5299442410469055,888.1694946289062,1.0,2024,5.984129905700684,"{""type"":""Point"",""coordinates"":[34.7802407082182,1.0799603204393247]}"
4520,6.722856521606445,Trans,1859.0,21.547826766967773,0.3813478946685791,1327.4505615234375,1.0251536746150225,35.08542673641444,0.5755903720855713,969.0385131835938,1.0,2024,6.722856521606445,"{""type"":""Point"",""coordinates"":[35.08542673641444,1.0251536746150225]}"
4521,7.285084724426269,Trans,2024.0,22.7391300201416,0.2442435026168823,1653.9757080078125,1.2130535532127755,34.769406656158814,0.384335309267044,877.1436767578125,1.0,2024,7.285084724426269,"{""type"":""Point"",""coordinates"":[34.769406656158814,1.2130535532127755]}"
4528,7.199606895446777,Trans,1851.0,21.356521606445312,0.3549726605415344,1653.9757080078125,1.2332976588386426,34.838955768590324,0.5039609670639038,881.7891235351562,1.0,2024,7.199606895446777,"{""type"":""Point"",""coordinates"":[34.838955768590324,1.2332976588386426]}"
4530,6.10042667388916,Trans,1893.0,22.930435180664062,0.3002953827381134,1448.66259765625,0.970653004984431,35.1568686171982,0.4621978998184204,1027.66796875,1.0,2024,6.10042667388916,"{""type"":""Point"",""coordinates"":[35.1568686171982,0.970653004984431]}"
4534,6.517438411712647,Trans,1861.0,23.791303634643555,0.4100700616836548,1463.1514892578125,0.9403655722637382,35.235518378038854,0.5825601816177368,1050.580810546875,1.0,2024,6.517438411712647,"{""type"":""Point"",""coordinates"":[35.235518378038854,0.9403655722637382]}"
4538,6.586549282073975,Trans,1952.0,24.630434036254883,0.4551918506622314,1532.4256591796875,1.0783122242391043,34.81280153107555,0.5562407374382019,813.836669921875,1.0,2024,6.586549282073975,"{""type"":""Point"",""coordinates"":[34.81280153107555,1.0783122242391043]}"
4546,6.797661781311035,Trans,1910.0,24.65217399597168,0.2930220663547516,1532.4256591796875,1.06478588276887,34.835023645399644,0.4312317073345184,813.836669921875,1.0,2024,6.797661781311035,"{""type"":""Point"",""coordinates"":[34.835023645399644,1.06478588276887]}"
4548,6.470922470092773,Trans,1781.0,25.047826766967773,0.3353081941604614,1472.4818115234375,0.9588604754390416,34.87399953760492,0.5256950855255127,941.492431640625,1.0,2024,6.470922470092773,"{""type"":""Point"",""coordinates"":[34.87399953760492,0.9588604754390415]}"
4554,7.612472534179687,Trans,1840.0,22.31739044189453,0.3477802574634552,1587.5098876953125,1.1465343685515708,34.93532821935796,0.4699022769927978,960.1989135742188,1.0,2024,7.612472534179687,"{""type"":""Point"",""coordinates"":[34.93532821935796,1.1465343685515708]}"
4556,7.677412033081055,Trans,1840.0,26.339130401611328,0.3800247013568878,1587.5098876953125,1.0825447374524604,34.94653913651408,0.5745459198951721,961.76513671875,1.0,2024,7.677412033081055,"{""type"":""Point"",""coordinates"":[34.946539136514076,1.0825447374524604]}"
4557,6.556768894195557,Trans,2018.0,26.208696365356445,0.3688288629055023,1415.5245361328125,1.0037841450784497,34.81133286385005,0.5518599152565002,849.1492919921875,1.0,2024,6.556768894195557,"{""type"":""Point"",""coordinates"":[34.81133286385005,1.0037841450784497]}"
4559,5.526066780090332,Trans,1886.0,25.660869598388672,0.3981331884860992,1217.0069580078125,1.1715912608888115,35.12943399869928,0.5632845163345337,1211.0057373046875,1.0,2024,5.526066780090332,"{""type"":""Point"",""coordinates"":[35.12943399869928,1.1715912608888115]}"
4561,6.468870639801025,Trans,1807.0,22.09130477905273,0.3552278578281402,1472.4818115234375,0.9829095662461572,34.87755328881035,0.5609042048454285,941.492431640625,1.0,2024,6.468870639801025,"{""type"":""Point"",""coordinates"":[34.87755328881035,0.9829095662461571]}"
4562,6.273181438446045,Trans,2056.0,24.765216827392575,0.2738916575908661,1532.4256591796875,1.108266655722053,34.79432194114525,0.4626144170761108,876.7874755859375,1.0,2024,6.273181438446045,"{""type"":""Point"",""coordinates"":[34.79432194114525,1.108266655722053]}"
4565,6.588714599609375,Trans,2055.0,25.569564819335938,0.4264409840106964,1415.5245361328125,1.0476974833730328,34.81089878332163,0.650992751121521,849.1492919921875,1.0,2024,6.588714599609375,"{""type"":""Point"",""coordinates"":[34.81089878332163,1.0476974833730328]}"
4568,6.690184593200684,Trans,1816.0,25.669565200805664,0.4083808362483978,1565.9140625,0.922703763193684,34.866290295528245,0.6041988134384155,1014.7183227539062,1.0,2024,6.690184593200684,"{""type"":""Point"",""coordinates"":[34.866290295528245,0.9227037631936839]}"
4570,6.194362163543701,Trans,2124.0,24.291303634643555,0.3850204348564148,1532.4256591796875,1.1186523461332611,34.78753585031283,0.4966910779476166,876.7874755859375,1.0,2024,6.194362163543701,"{""type"":""Point"",""coordinates"":[34.78753585031283,1.1186523461332611]}"
4572,6.415789604187012,Trans,1852.0,24.799999237060547,0.4800414443016052,1415.5245361328125,0.9656598989996588,34.84938554637236,0.6488965749740601,959.7871704101562,1.0,2024,6.415789604187012,"{""type"":""Point"",""coordinates"":[34.84938554637236,0.9656598989996589]}"
4574,6.647385597229004,Trans,1891.0,22.84782600402832,0.2823891043663025,1448.66259765625,0.9803895094050034,35.23805651985059,0.4228438436985016,1047.075927734375,1.0,2024,6.647385597229004,"{""type"":""Point"",""coordinates"":[35.23805651985059,0.9803895094050034]}"
4577,6.927728652954102,Trans,1970.0,22.93913078308105,0.2994335889816284,1303.348388671875,1.1762873606791335,35.004856722654864,0.4783640801906585,860.8521118164062,1.0,2024,6.927728652954102,"{""type"":""Point"",""coordinates"":[35.004856722654864,1.1762873606791335]}"
4580,5.416386127471924,Trans,2105.0,24.11739158630371,0.3627604246139526,1518.2637939453125,0.9512418446598556,35.33624241101625,0.4906057119369507,1077.1812744140625,4.0,2024,5.416386127471924,"{""type"":""Point"",""coordinates"":[35.33624241101625,0.9512418446598557]}"
4583,7.338242530822754,Trans,1780.0,24.795652389526367,0.5006693005561829,1388.3951416015625,0.9202232694415112,34.96793187503475,0.7219721078872681,1042.5777587890625,1.0,2024,7.338242530822754,"{""type"":""Point"",""coordinates"":[34.96793187503475,0.9202232694415112]}"
4586,7.246165752410889,Trans,1922.0,23.221738815307617,0.2828917801380157,1640.1566162109375,1.1985737616400831,34.9386319637986,0.4271788895130157,964.7963256835938,1.0,2024,7.246165752410889,"{""type"":""Point"",""coordinates"":[34.9386319637986,1.1985737616400831]}"
4587,6.531190872192383,Trans,1898.0,23.356521606445312,0.3155818581581116,1448.66259765625,0.9553361969410366,35.22920698704132,0.5124273300170898,1047.075927734375,1.0,2024,6.531190872192383,"{""type"":""Point"",""coordinates"":[35.229206987041316,0.9553361969410366]}"
4589,6.212765693664551,Trans,1824.0,23.799999237060547,0.3787113130092621,1448.66259765625,0.9689106593878328,35.181523414627925,0.5552457571029663,1027.66796875,1.0,2024,6.212765693664551,"{""type"":""Point"",""coordinates"":[35.181523414627925,0.9689106593878329]}"
4592,7.261318206787109,Trans,1848.0,21.77391242980957,0.3509067595005035,1587.5098876953125,1.0917736407058174,34.88286867853959,0.5426669120788574,908.87646484375,1.0,2024,7.261318206787109,"{""type"":""Point"",""coordinates"":[34.88286867853959,1.0917736407058174]}"
4595,7.21784496307373,Trans,1926.0,24.265216827392575,0.3874343931674957,1653.9757080078125,1.2182805049345895,34.80265253752376,0.4618663489818573,881.7891235351562,1.0,2024,7.21784496307373,"{""type"":""Point"",""coordinates"":[34.80265253752376,1.2182805049345895]}"
4599,7.755830764770508,Trans,1830.0,22.430435180664062,0.3783076107501983,1372.1785888671875,1.113121549912825,34.95884446547647,0.5344790816307068,1015.1450805664062,4.0,2024,7.755830764770508,"{""type"":""Point"",""coordinates"":[34.95884446547647,1.113121549912825]}"
4603,6.518507957458496,Trans,2104.0,23.630434036254883,0.3193167150020599,1532.4256591796875,1.148014794615345,34.80033278244686,0.409139484167099,853.085205078125,1.0,2024,6.518507957458496,"{""type"":""Point"",""coordinates"":[34.80033278244686,1.148014794615345]}"
4606,6.367576599121094,Trans,1909.0,23.6130428314209,0.2764613330364227,1217.0069580078125,1.1583407734071272,35.07503885812915,0.4679800271987915,1066.3682861328125,1.0,2024,6.367576599121094,"{""type"":""Point"",""coordinates"":[35.07503885812915,1.1583407734071272]}"
4609,6.324105262756348,Trans,1869.0,23.408695220947266,0.4341870844364166,1448.66259765625,0.9793939583164248,35.19556498116959,0.6097505688667297,1027.66796875,1.0,2024,6.324105262756348,"{""type"":""Point"",""coordinates"":[35.19556498116959,0.9793939583164247]}"
4611,7.279641151428223,Trans,1862.0,23.895652770996094,0.3661519289016723,1640.1566162109375,1.1554810174989951,34.86894945648548,0.491300493478775,916.169677734375,1.0,2024,7.279641151428223,"{""type"":""Point"",""coordinates"":[34.86894945648548,1.1554810174989951]}"
4612,7.068216800689697,Trans,1951.0,22.90434837341309,0.3752409219741821,1309.0179443359375,1.0939218987489356,35.07899585707395,0.579043447971344,961.5752563476562,1.0,2024,7.068216800689697,"{""type"":""Point"",""coordinates"":[35.07899585707395,1.0939218987489356]}"
4615,6.923831939697266,Trans,1889.0,22.34782600402832,0.3656965792179107,1309.0179443359375,1.0548156410827492,35.08108373043311,0.5256432890892029,961.5752563476562,1.0,2024,6.923831939697266,"{""type"":""Point"",""coordinates"":[35.08108373043311,1.0548156410827492]}"
4617,7.587831497192383,Trans,1862.0,23.669565200805664,0.391905128955841,1640.1566162109375,1.1506794390994226,34.92721996836782,0.5038710832595825,964.7963256835938,1.0,2024,7.587831497192383,"{""type"":""Point"",""coordinates"":[34.92721996836782,1.1506794390994226]}"
4619,7.245431900024414,Trans,1850.0,25.07391357421875,0.4064855277538299,1587.5098876953125,1.092704485980306,34.88041646051709,0.6083506345748901,908.87646484375,1.0,2024,7.245431900024414,"{""type"":""Point"",""coordinates"":[34.88041646051709,1.0927044859803061]}"
4620,7.005037307739258,Trans,1890.0,19.630434036254883,0.3708038330078125,1640.1566162109375,1.242694743603484,34.909493091040574,0.4630762636661529,972.9393310546876,6.0,2024,7.005037307739258,"{""type"":""Point"",""coordinates"":[34.909493091040574,1.242694743603484]}"
4622,6.853878021240234,Trans,1869.0,23.06521797180176,0.4074093103408813,1327.4505615234375,0.9750343457536874,35.06908593449694,0.5797117948532104,994.4949951171876,1.0,2024,6.853878021240234,"{""type"":""Point"",""coordinates"":[35.06908593449694,0.9750343457536874]}"
4624,7.506289005279541,Trans,1838.0,21.81739044189453,0.4120309352874756,1587.5098876953125,1.112823788131449,34.90211782430808,0.5457867383956909,960.1989135742188,1.0,2024,7.506289005279541,"{""type"":""Point"",""coordinates"":[34.90211782430808,1.1128237881314493]}"
4625,7.227391719818115,Trans,1922.0,24.265216827392575,0.4687482416629791,1653.9757080078125,1.2189816017740762,34.80023488113088,0.5745563507080078,881.7891235351562,1.0,2024,7.227391719818115,"{""type"":""Point"",""coordinates"":[34.800234881130876,1.2189816017740762]}"
4629,6.881327629089356,Trans,1998.0,22.76956558227539,0.2505769729614258,1303.348388671875,1.1884336667199715,34.99709255905896,0.3958759903907776,1049.634765625,1.0,2024,6.881327629089356,"{""type"":""Point"",""coordinates"":[34.997092559058956,1.1884336667199715]}"
4638,7.62122106552124,Trans,1853.0,24.68260955810547,0.1562781035900116,1587.5098876953125,1.1442414716622828,34.931636867395724,0.505434513092041,960.1989135742188,1.0,2024,7.62122106552124,"{""type"":""Point"",""coordinates"":[34.931636867395724,1.1442414716622828]}"
4639,6.489154815673828,Trans,1876.0,24.57391357421875,0.3957169651985168,1415.5245361328125,0.9866609610455064,34.83600579469722,0.6089529395103455,959.7871704101562,1.0,2024,6.489154815673828,"{""type"":""Point"",""coordinates"":[34.83600579469722,0.9866609610455064]}"
4640,6.11146879196167,Trans,2145.0,22.256521224975582,0.3199555575847626,1532.4256591796875,1.0999575399075392,34.78634023186842,0.5340098738670349,888.1694946289062,1.0,2024,6.11146879196167,"{""type"":""Point"",""coordinates"":[34.78634023186842,1.0999575399075392]}"
4641,7.091427326202393,Trans,1868.0,24.513044357299805,0.3326295912265777,1587.5098876953125,1.125340667726184,34.85170812172614,0.4630025625228882,896.3999633789062,1.0,2024,7.091427326202393,"{""type"":""Point"",""coordinates"":[34.85170812172614,1.125340667726184]}"
4645,6.946166038513184,Trans,1963.0,19.278261184692383,0.3721711933612823,1303.348388671875,1.2246157212443531,34.96621193508992,0.5525646805763245,1109.6043701171875,1.0,2024,6.946166038513184,"{""type"":""Point"",""coordinates"":[34.966211935089916,1.2246157212443531]}"
4646,7.1390156745910645,Trans,1833.0,23.791303634643555,0.3734498023986816,1311.3265380859375,0.956893447733005,35.04131491178159,0.517428994178772,943.7447509765624,1.0,2024,7.1390156745910645,"{""type"":""Point"",""coordinates"":[35.04131491178159,0.956893447733005]}"
4647,7.628710269927978,Trans,1854.0,24.10869598388672,0.3822913467884063,1372.1785888671875,1.127423588412517,34.997932724211246,0.5314270853996277,1015.1450805664062,1.0,2024,7.628710269927978,"{""type"":""Point"",""coordinates"":[34.997932724211246,1.127423588412517]}"
4651,7.306344509124756,Trans,1821.0,21.69565200805664,0.2983405292034149,1472.4818115234375,0.9661156297992104,34.94887730320932,0.4414611458778381,984.7139892578124,1.0,2024,7.306344509124756,"{""type"":""Point"",""coordinates"":[34.94887730320932,0.9661156297992103]}"
4654,6.649388313293457,Trans,1952.0,21.791303634643555,0.2773032784461975,1303.348388671875,1.2020292428457091,35.00580977399571,0.3877836167812347,1020.2589111328124,1.0,2024,6.649388313293457,"{""type"":""Point"",""coordinates"":[35.00580977399571,1.2020292428457091]}"
4655,6.825849533081055,Trans,1920.0,24.24347877502441,0.2628360688686371,1587.5098876953125,1.053100761092658,34.85157368383883,0.4082958400249481,908.87646484375,1.0,2024,6.825849533081055,"{""type"":""Point"",""coordinates"":[34.85157368383883,1.053100761092658]}"
4656,6.483092308044434,Trans,2082.0,24.352174758911133,0.2564609348773956,1415.5245361328125,1.006754368310606,34.7987566612758,0.4794197380542755,954.0535278320312,1.0,2024,6.483092308044434,"{""type"":""Point"",""coordinates"":[34.7987566612758,1.006754368310606]}"
4657,6.831936836242676,Trans,1930.0,22.53043556213379,0.3796561360359192,1309.0179443359375,1.1486161886561312,35.05402739017798,0.5123408436775208,974.173583984375,1.0,2024,6.831936836242676,"{""type"":""Point"",""coordinates"":[35.05402739017798,1.1486161886561312]}"
4660,7.580056190490723,Trans,1862.0,24.58695602416992,0.379395455121994,1372.1785888671875,1.116679636218646,35.02555471263852,0.5711038112640381,862.4269409179688,1.0,2024,7.580056190490723,"{""type"":""Point"",""coordinates"":[35.02555471263852,1.116679636218646]}"
4663,7.082061290740967,Trans,1812.0,23.752174377441406,0.4017845392227173,1565.9140625,0.8928012309405728,34.88393614119024,0.6018157005310059,1008.7085571289062,1.0,2024,7.082061290740967,"{""type"":""Point"",""coordinates"":[34.88393614119024,0.8928012309405728]}"
4669,6.350119590759277,Trans,2142.0,21.53913116455078,0.2407683134078979,1532.4256591796875,1.1409117423825863,34.78913574323323,0.3858146369457245,876.7874755859375,1.0,2024,6.350119590759277,"{""type"":""Point"",""coordinates"":[34.78913574323323,1.1409117423825863]}"
4670,7.051469802856445,Trans,1822.0,22.930435180664062,0.3350146114826202,1472.4818115234375,1.0266707694424844,34.91523585113549,0.480461448431015,963.7658081054688,1.0,2024,7.051469802856445,"{""type"":""Point"",""coordinates"":[34.91523585113549,1.0266707694424844]}"
4672,6.935320854187012,Trans,1794.0,23.721738815307617,0.3905302286148071,1388.3951416015625,0.918468400738653,35.02650426387045,0.5000146627426147,873.1403198242188,1.0,2024,6.935320854187012,"{""type"":""Point"",""coordinates"":[35.02650426387045,0.918468400738653]}"
4675,7.581596851348877,Trans,1857.0,21.41304397583008,0.3737463057041168,1311.3265380859375,0.9811093293919408,34.99696200379809,0.5885732173919678,1077.162841796875,1.0,2024,7.581596851348877,"{""type"":""Point"",""coordinates"":[34.99696200379809,0.9811093293919407]}"
4676,6.420040607452393,Trans,1809.0,24.26956558227539,0.337158054113388,1472.4818115234375,0.9767251013290364,34.853235714350056,0.5245909094810486,941.492431640625,1.0,2024,6.420040607452393,"{""type"":""Point"",""coordinates"":[34.853235714350056,0.9767251013290363]}"
4677,6.890459537506104,Trans,1757.0,18.68695640563965,0.3233863711357116,1794.15283203125,1.2670034569568602,34.905064987213684,0.3529838621616363,953.6435546875,6.0,2024,6.890459537506104,"{""type"":""Point"",""coordinates"":[34.905064987213684,1.2670034569568602]}"
4681,7.226024150848389,Trans,1744.0,24.58695602416992,0.6244091391563416,1565.9140625,0.9146987582553222,34.923612778527705,0.5569354891777039,1008.7112426757812,1.0,2024,7.226024150848389,"{""type"":""Point"",""coordinates"":[34.923612778527705,0.9146987582553222]}"
4688,7.243659496307373,Trans,1870.0,23.630434036254883,0.3455421924591064,1640.1566162109375,1.19400571928595,34.879450344416526,0.4574412405490875,916.169677734375,1.0,2024,7.243659496307373,"{""type"":""Point"",""coordinates"":[34.879450344416526,1.19400571928595]}"
4691,6.294925689697266,Trans,2253.0,25.03043556213379,0.3073531985282898,1451.5164794921875,0.937996616199512,34.77430188986838,0.5084494948387146,1013.508056640625,1.0,2024,6.294925689697266,"{""type"":""Point"",""coordinates"":[34.77430188986838,0.9379966161995121]}"
4697,6.788227558135986,Trans,1796.0,22.860870361328125,0.3500542342662811,1565.9140625,0.9218939747360726,34.87764233224764,0.5395874977111816,1014.7183227539062,1.0,2024,6.788227558135986,"{""type"":""Point"",""coordinates"":[34.87764233224764,0.9218939747360726]}"
4700,7.089522361755371,Trans,1899.0,20.517391204833984,0.3565756976604461,1640.1566162109375,1.229420240283064,34.901916378077935,0.4716268479824066,972.9393310546876,4.0,2024,7.089522361755371,"{""type"":""Point"",""coordinates"":[34.901916378077935,1.229420240283064]}"
4704,7.062631607055664,Trans,1820.0,20.87826156616211,0.3819340467453003,1472.4818115234375,0.9654299219467376,34.92917682135834,0.5471091270446777,984.7139892578124,4.0,2024,7.062631607055664,"{""type"":""Point"",""coordinates"":[34.92917682135834,0.9654299219467377]}"
4705,6.68776798248291,Trans,1762.0,25.321739196777344,0.4503691494464874,1472.4818115234375,0.9785417366899728,34.90175882298686,0.6540295481681824,984.7139892578124,1.0,2024,6.68776798248291,"{""type"":""Point"",""coordinates"":[34.90175882298686,0.9785417366899727]}"
4710,7.297567367553711,Trans,1808.0,21.92608642578125,0.3547061383724212,1472.4818115234375,0.9935405434027929,34.94484284678529,0.5042793154716492,984.7139892578124,1.0,2024,7.297567367553711,"{""type"":""Point"",""coordinates"":[34.94484284678529,0.9935405434027927]}"
4713,7.152268886566162,Trans,1822.0,23.43478202819824,0.3562501668930053,1388.3951416015625,0.919053916467664,35.00054489370908,0.4793906807899475,873.1403198242188,1.0,2024,7.152268886566162,"{""type"":""Point"",""coordinates"":[35.000544893709076,0.919053916467664]}"
4715,6.586682796478272,Trans,1878.0,25.13478279113769,0.3855475783348083,1448.66259765625,0.9704634070696584,35.23058263958777,0.5587851405143738,1047.075927734375,1.0,2024,6.586682796478272,"{""type"":""Point"",""coordinates"":[35.23058263958777,0.9704634070696584]}"
4718,6.70172119140625,Trans,1916.0,23.0217399597168,0.3048716485500335,1309.0179443359375,1.1426389221659452,35.07245639856429,0.4776448309421539,974.173583984375,1.0,2024,6.70172119140625,"{""type"":""Point"",""coordinates"":[35.07245639856429,1.1426389221659452]}"
4720,7.417316913604736,Trans,1850.0,23.65652084350586,0.372261106967926,1640.1566162109375,1.1673659730646495,34.89391811468104,0.4584971070289612,916.169677734375,1.0,2024,7.417316913604736,"{""type"":""Point"",""coordinates"":[34.893918114681036,1.1673659730646497]}"
4723,7.542187690734863,Trans,1846.0,25.734783172607425,0.3502902686595917,1587.5098876953125,1.1021816103183375,34.91370260215859,0.4539123773574829,960.1989135742188,1.0,2024,7.542187690734863,"{""type"":""Point"",""coordinates"":[34.91370260215859,1.1021816103183375]}"
4725,7.469897747039795,Trans,1840.0,24.221738815307617,0.3909575045108795,1640.1566162109375,1.1707450811973108,34.92973175015515,0.4703459441661834,964.7963256835938,1.0,2024,7.469897747039795,"{""type"":""Point"",""coordinates"":[34.92973175015515,1.1707450811973108]}"
4730,5.576770782470703,Trans,1938.0,24.74347877502441,0.4663468599319458,1362.5670166015625,1.084256753357097,35.214296039930296,0.6740842461585999,1157.1868896484375,1.0,2024,5.576770782470703,"{""type"":""Point"",""coordinates"":[35.214296039930296,1.084256753357097]}"
4731,6.52495002746582,Trans,1845.0,23.299999237060547,0.4257580041885376,1327.4505615234375,1.0157205290225886,35.0940324176554,0.568104088306427,969.0385131835938,1.0,2024,6.52495002746582,"{""type"":""Point"",""coordinates"":[35.0940324176554,1.0157205290225886]}"
4733,7.548378944396973,Trans,1867.0,23.734783172607425,0.3649375140666961,1640.1566162109375,1.1560701472070931,34.94882796541666,0.4849764108657837,964.7963256835938,1.0,2024,7.548378944396973,"{""type"":""Point"",""coordinates"":[34.94882796541666,1.1560701472070931]}"
4736,6.770837306976318,Trans,1985.0,22.008695602416992,0.4296310245990753,1303.348388671875,1.169595320347782,35.027951486986765,0.5657076239585876,860.8521118164062,1.0,2024,6.770837306976318,"{""type"":""Point"",""coordinates"":[35.027951486986765,1.169595320347782]}"
4741,6.70090389251709,Trans,1837.0,23.495651245117188,0.377975732088089,1339.5623779296875,0.9080628376858833,35.10000619659661,0.5778706073760986,964.28857421875,4.0,2024,6.70090389251709,"{""type"":""Point"",""coordinates"":[35.10000619659661,0.9080628376858831]}"
4743,6.87142276763916,Trans,1882.0,23.18260955810547,0.3862254917621612,1532.4256591796875,1.114572402688778,34.834154321268095,0.4689908623695373,853.085205078125,1.0,2024,6.87142276763916,"{""type"":""Point"",""coordinates"":[34.834154321268095,1.114572402688778]}"
4746,7.164518356323242,Trans,1837.0,24.256521224975582,0.3925562798976898,1388.3951416015625,0.9159109358614116,34.99422893020896,0.5373882055282593,1042.5777587890625,1.0,2024,7.164518356323242,"{""type"":""Point"",""coordinates"":[34.99422893020896,0.9159109358614115]}"
4749,7.620456695556641,Trans,1869.0,24.45652198791504,0.3499148786067962,1372.1785888671875,1.1120316104633785,35.026988244388505,0.4842745363712311,862.4269409179688,1.0,2024,7.620456695556641,"{""type"":""Point"",""coordinates"":[35.026988244388505,1.1120316104633785]}"
4750,7.66000509262085,Trans,1838.0,24.15217399597168,0.3825510740280151,1587.5098876953125,1.138003250958476,34.94639312770575,0.519294261932373,960.1989135742188,1.0,2024,7.66000509262085,"{""type"":""Point"",""coordinates"":[34.94639312770575,1.1380032509584759]}"
4753,7.739290237426758,Trans,1833.0,22.42608642578125,0.3274546861648559,1372.1785888671875,1.0906881849386514,35.02505689536575,0.4844042062759399,885.8496704101562,1.0,2024,7.739290237426758,"{""type"":""Point"",""coordinates"":[35.02505689536575,1.0906881849386514]}"
4759,7.3587822914123535,Trans,1774.0,26.50434875488281,0.4325429499149322,1388.3951416015625,0.9231455578976522,34.961503142168,0.5737436413764954,1042.5777587890625,1.0,2024,7.3587822914123535,"{""type"":""Point"",""coordinates"":[34.961503142168,0.9231455578976522]}"
4760,6.491619110107422,Trans,1984.0,24.80434799194336,0.398790568113327,1415.5245361328125,0.971175777066372,34.81641871312943,0.5406474471092224,959.7871704101562,1.0,2024,6.491619110107422,"{""type"":""Point"",""coordinates"":[34.81641871312943,0.9711757770663719]}"
4761,6.947185516357422,Trans,1949.0,26.095651626586918,0.4338506162166595,1653.9757080078125,1.1951486948926902,34.802115904333554,0.5545839667320251,878.5647583007812,1.0,2024,6.947185516357422,"{""type"":""Point"",""coordinates"":[34.802115904333554,1.1951486948926902]}"
4762,6.6741790771484375,Trans,1928.0,22.895652770996094,0.3838978707790375,1309.0179443359375,1.1307167527023962,35.08715985653723,0.5315829515457153,974.173583984375,1.0,2024,6.6741790771484375,"{""type"":""Point"",""coordinates"":[35.08715985653723,1.1307167527023962]}"
4763,6.295432090759277,Trans,1826.0,25.50434875488281,0.3574057519435882,1463.1514892578125,0.9369795689739758,35.16223846577451,0.5450618267059326,999.2210693359376,1.0,2024,6.295432090759277,"{""type"":""Point"",""coordinates"":[35.16223846577451,0.9369795689739758]}"
4764,6.376295566558838,Trans,2047.0,23.58695602416992,0.3907230794429779,1327.3070068359375,1.0561778055459854,35.26474330835536,0.5469217300415039,1108.3787841796875,1.0,2024,6.376295566558838,"{""type"":""Point"",""coordinates"":[35.26474330835536,1.0561778055459854]}"
4765,6.438778877258301,Trans,1952.0,23.865217208862305,0.3998396396636963,1415.5245361328125,0.9525374160159028,34.83924950841883,0.56593918800354,959.7871704101562,1.0,2024,6.438778877258301,"{""type"":""Point"",""coordinates"":[34.83924950841883,0.9525374160159029]}"
4766,5.671477317810059,Trans,2243.0,21.100000381469727,0.2747032046318054,1532.4256591796875,1.0948158966253148,34.767291597064975,0.4284276068210602,888.1694946289062,1.0,2024,5.671477317810059,"{""type"":""Point"",""coordinates"":[34.767291597064975,1.0948158966253148]}"
4768,6.942932605743408,Trans,1837.0,19.443477630615234,0.3883272707462311,1640.1566162109375,1.2452872491091225,34.94955762983693,0.5611985921859741,972.9393310546876,4.0,2024,6.942932605743408,"{""type"":""Point"",""coordinates"":[34.94955762983693,1.2452872491091225]}"
4770,6.381289482116699,Trans,2130.0,27.72608757019043,0.3868864774703979,1415.5245361328125,1.0476751935087212,34.79588953192304,0.4857637882232666,954.0535278320312,1.0,2024,6.381289482116699,"{""type"":""Point"",""coordinates"":[34.79588953192304,1.0476751935087212]}"
4773,7.148074150085449,Trans,1906.0,20.600000381469727,0.351959228515625,1640.1566162109375,1.2194215552960512,34.90645729801035,0.4706768095493316,972.9393310546876,1.0,2024,7.148074150085449,"{""type"":""Point"",""coordinates"":[34.90645729801035,1.2194215552960512]}"
4774,6.753550052642822,Trans,1918.0,23.582609176635746,0.3250966668128967,1309.0179443359375,1.1160025982304915,35.09099125594843,0.5330743789672852,974.173583984375,1.0,2024,6.753550052642822,"{""type"":""Point"",""coordinates"":[35.09099125594843,1.1160025982304915]}"
4781,7.350711822509766,Trans,1793.0,18.6130428314209,0.2788748145103454,1854.9388427734373,1.2555683618593414,34.82719964019164,0.4033381938934326,855.2916870117188,4.0,2024,7.350711822509766,"{""type"":""Point"",""coordinates"":[34.82719964019164,1.2555683618593414]}"
4782,6.598401069641113,Trans,1827.0,22.88260841369629,0.3873185515403747,1565.9140625,0.9370166084796442,34.871489086886704,0.5302238464355469,1014.7183227539062,1.0,2024,6.598401069641113,"{""type"":""Point"",""coordinates"":[34.871489086886704,0.9370166084796442]}"
4786,6.069850444793701,Trans,1990.0,23.53043556213379,0.313772588968277,1619.9417724609375,0.9214527017619608,35.319219717076656,0.4530689120292663,992.7603759765624,4.0,2024,6.069850444793701,"{""type"":""Point"",""coordinates"":[35.319219717076656,0.9214527017619607]}"
4788,7.193991661071777,Trans,1828.0,23.299999237060547,0.4156339466571808,1472.4818115234375,1.0241833583518238,34.92784008579487,0.5563569068908691,963.7658081054688,1.0,2024,7.193991661071777,"{""type"":""Point"",""coordinates"":[34.92784008579487,1.0241833583518238]}"
4790,7.569717884063721,Trans,1834.0,22.92608642578125,0.3897605836391449,1587.5098876953125,1.116753860757747,34.90944968100696,0.6029149293899536,960.1989135742188,1.0,2024,7.569717884063721,"{""type"":""Point"",""coordinates"":[34.90944968100696,1.116753860757747]}"
4791,7.072188854217529,Trans,1906.0,21.23043441772461,0.3473965227603912,1653.9757080078125,1.168758086681082,34.84589829697757,0.4643910825252533,878.5647583007812,1.0,2024,7.072188854217529,"{""type"":""Point"",""coordinates"":[34.84589829697757,1.168758086681082]}"
4793,6.518874168395996,Trans,2047.0,24.365217208862305,0.3400681316852569,1415.5245361328125,1.0069284007364196,34.80305130764746,0.5559850335121155,849.1492919921875,1.0,2024,6.518874168395996,"{""type"":""Point"",""coordinates"":[34.80305130764746,1.0069284007364196]}"
4796,7.082968711853027,Trans,2053.0,20.76956558227539,0.236314907670021,1653.9757080078125,1.2024169675091765,34.77256422244959,0.4602377116680145,877.1436767578125,1.0,2024,7.082968711853027,"{""type"":""Point"",""coordinates"":[34.77256422244959,1.2024169675091765]}"
4797,7.000783920288086,Trans,1777.0,23.395652770996094,0.4320006668567657,1565.9140625,0.8718867689269713,34.86588495094239,0.6020306944847107,1008.7085571289062,1.0,2024,7.000783920288086,"{""type"":""Point"",""coordinates"":[34.86588495094239,0.8718867689269713]}"
4807,7.442249774932861,Trans,1832.0,24.09130477905273,0.3445622324943542,1587.5098876953125,1.0708056443481178,34.92318530335692,0.5228378772735596,961.76513671875,1.0,2024,7.442249774932861,"{""type"":""Point"",""coordinates"":[34.92318530335692,1.0708056443481178]}"
4808,6.97205924987793,Trans,1798.0,24.81304359436035,0.3835379779338836,1565.9140625,0.933836492098316,34.90809396598403,0.5280098915100098,1008.7112426757812,1.0,2024,6.97205924987793,"{""type"":""Point"",""coordinates"":[34.90809396598403,0.9338364920983159]}"
4809,7.243945121765137,Trans,1919.0,20.486955642700195,0.3758879005908966,1640.1566162109375,1.2017798672639908,34.93214318489957,0.4798253774642944,972.9393310546876,1.0,2024,7.243945121765137,"{""type"":""Point"",""coordinates"":[34.93214318489957,1.2017798672639908]}"
4813,6.769872665405273,Trans,1965.0,25.095651626586918,0.4067597687244415,1653.9757080078125,1.161598719074003,34.81671014212473,0.5684144496917725,878.5647583007812,1.0,2024,6.769872665405273,"{""type"":""Point"",""coordinates"":[34.81671014212473,1.161598719074003]}"
4814,6.699369430541992,Trans,1979.0,22.96521759033203,0.382108598947525,1532.4256591796875,1.1418906188446476,34.81749005396131,0.4370618164539337,853.085205078125,1.0,2024,6.699369430541992,"{""type"":""Point"",""coordinates"":[34.81749005396131,1.1418906188446476]}"
4815,6.4471845626831055,Trans,1887.0,27.00434875488281,0.3690724968910217,1463.1514892578125,0.931250805249964,35.226581260223455,0.5569689869880676,1050.580810546875,1.0,2024,6.4471845626831055,"{""type"":""Point"",""coordinates"":[35.226581260223455,0.931250805249964]}"
4818,6.598447799682617,Trans,1811.0,27.61739158630371,0.4136852920055389,1472.4818115234375,1.0083536881893558,34.881106140992294,0.5828742980957031,914.8713989257812,1.0,2024,6.598447799682617,"{""type"":""Point"",""coordinates"":[34.881106140992294,1.0083536881893558]}"
4819,5.267381191253662,Trans,2087.0,22.61739158630371,0.415123850107193,1518.2637939453125,0.9536356398459284,35.34141202813604,0.5590916275978088,1077.1812744140625,4.0,2024,5.267381191253662,"{""type"":""Point"",""coordinates"":[35.34141202813604,0.9536356398459283]}"
4823,7.189383506774902,Trans,1752.0,27.234783172607425,0.3506450951099396,1565.9140625,0.9205737808657346,34.92122622717173,0.4756644070148468,1008.7112426757812,1.0,2024,7.189383506774902,"{""type"":""Point"",""coordinates"":[34.92122622717173,0.9205737808657346]}"
4824,5.846591472625732,Trans,1930.0,22.756521224975582,0.3922728300094604,1362.5670166015625,1.0626332490423889,35.174915851712655,0.5663490891456604,1080.9871826171875,1.0,2024,5.846591472625732,"{""type"":""Point"",""coordinates"":[35.174915851712655,1.0626332490423889]}"
4825,6.982362747192383,Trans,1944.0,26.22608757019043,0.3712069094181061,1372.1785888671875,1.1462888974128065,35.04330506354079,0.5112091898918152,862.4269409179688,1.0,2024,6.982362747192383,"{""type"":""Point"",""coordinates"":[35.04330506354079,1.1462888974128063]}"
4826,7.707566261291504,Trans,1829.0,22.23043441772461,0.4240191280841827,1587.5098876953125,1.1093105639588945,34.94127866013876,0.5707927942276001,960.1989135742188,1.0,2024,7.707566261291504,"{""type"":""Point"",""coordinates"":[34.94127866013876,1.1093105639588943]}"
4827,5.502573013305664,Trans,2003.0,24.07826042175293,0.3889349699020386,1619.9417724609375,0.93095721921506,35.34378890705329,0.5838006734848022,992.7603759765624,4.0,2024,5.502573013305664,"{""type"":""Point"",""coordinates"":[35.34378890705329,0.9309572192150599]}"
4828,7.550065517425537,Trans,1836.0,21.982608795166016,0.4076985418796539,1587.5098876953125,1.1118352476397977,34.90939912498489,0.5770619511604309,960.1989135742188,1.0,2024,7.550065517425537,"{""type"":""Point"",""coordinates"":[34.90939912498489,1.1118352476397977]}"
4830,7.079722881317139,Trans,1935.0,23.31739044189453,0.3466863334178924,1303.348388671875,1.211119609134604,34.95606546810834,0.5281023979187012,1109.6043701171875,1.0,2024,7.079722881317139,"{""type"":""Point"",""coordinates"":[34.95606546810834,1.211119609134604]}"
4832,6.329159259796143,Trans,2018.0,25.908695220947266,0.3650243282318115,1532.4256591796875,1.08051750684458,34.796918887735416,0.5585065484046936,888.1694946289062,1.0,2024,6.329159259796143,"{""type"":""Point"",""coordinates"":[34.796918887735416,1.08051750684458]}"
4836,7.163762092590332,Trans,1790.0,26.295652389526367,0.3902904689311981,1565.9140625,0.9049750010946762,34.906440127179124,0.5795279145240784,1008.7112426757812,1.0,2024,7.163762092590332,"{""type"":""Point"",""coordinates"":[34.906440127179124,0.9049750010946762]}"
4840,6.37955904006958,Trans,1928.0,24.326086044311523,0.3587161302566528,1303.348388671875,1.1948580776694735,35.031201898376125,0.4500800371170044,860.8521118164062,1.0,2024,6.37955904006958,"{""type"":""Point"",""coordinates"":[35.031201898376125,1.1948580776694737]}"
4841,7.155607223510742,Trans,1863.0,23.200000762939453,0.3905803561210632,1472.4818115234375,1.0327358200837766,34.92057369968164,0.4875915646553039,963.7658081054688,1.0,2024,7.155607223510742,"{""type"":""Point"",""coordinates"":[34.92057369968164,1.0327358200837766]}"
4842,6.43674898147583,Trans,2055.0,23.973913192749023,0.2982684373855591,1532.4256591796875,1.0967259987249478,34.80421262785169,0.4828604757785797,813.836669921875,1.0,2024,6.43674898147583,"{""type"":""Point"",""coordinates"":[34.80421262785169,1.0967259987249478]}"
4843,7.18043327331543,Trans,1732.0,23.821739196777344,0.4197871685028076,1565.9140625,0.9250977605499884,34.92365483426773,0.5894117951393127,1008.7112426757812,1.0,2024,7.18043327331543,"{""type"":""Point"",""coordinates"":[34.92365483426773,0.9250977605499885]}"
4844,7.444625377655029,Trans,1855.0,22.952173233032227,0.3713096380233764,1587.5098876953125,1.0856647740952303,34.911602972925664,0.4979058802127838,961.76513671875,1.0,2024,7.444625377655029,"{""type"":""Point"",""coordinates"":[34.911602972925664,1.0856647740952303]}"
4847,7.178184509277344,Trans,1855.0,22.582609176635746,0.328990638256073,1587.5098876953125,1.1100385259668475,34.86347667220761,0.4558322429656982,896.3999633789062,1.0,2024,7.178184509277344,"{""type"":""Point"",""coordinates"":[34.86347667220761,1.1100385259668477]}"
4848,7.160885810852051,Trans,1898.0,22.973913192749023,0.38662189245224,1303.348388671875,1.202714132282901,34.952252694475376,0.5480119585990906,1109.6043701171875,1.0,2024,7.160885810852051,"{""type"":""Point"",""coordinates"":[34.952252694475376,1.202714132282901]}"
4849,6.982461929321289,Trans,1789.0,23.221738815307617,0.3579317033290863,1565.9140625,0.9015947249971412,34.87867051762144,0.521422266960144,1014.7183227539062,1.0,2024,6.982461929321289,"{""type"":""Point"",""coordinates"":[34.87867051762144,0.9015947249971411]}"
4850,7.083616733551025,Trans,1788.0,25.495651245117188,0.3967999815940857,1472.4818115234375,0.982269707006912,34.93033476758426,0.5338923335075378,984.7139892578124,4.0,2024,7.083616733551025,"{""type"":""Point"",""coordinates"":[34.93033476758426,0.9822697070069119]}"
4851,7.226602554321289,Trans,1853.0,25.39130401611328,0.3531630039215088,1587.5098876953125,1.120262653278432,34.86460643477511,0.5251051187515259,896.3999633789062,1.0,2024,7.226602554321289,"{""type"":""Point"",""coordinates"":[34.86460643477511,1.1202626532784319]}"
4853,7.221879005432129,Trans,1863.0,21.05652236938477,0.4152394533157348,1653.9757080078125,1.2292652005862006,34.829440890468604,0.471314936876297,881.7891235351562,1.0,2024,7.221879005432129,"{""type"":""Point"",""coordinates"":[34.829440890468604,1.2292652005862006]}"
4858,6.697516918182373,Trans,1808.0,25.991304397583008,0.4236248731613159,1565.9140625,0.9259316616906932,34.86992892660256,0.6617416143417358,1014.7183227539062,1.0,2024,6.697516918182373,"{""type"":""Point"",""coordinates"":[34.86992892660256,0.9259316616906932]}"
4859,6.695291519165039,Trans,1807.0,23.93478202819824,0.4053475260734558,1565.9140625,0.930089537176557,34.87612173019119,0.5568526983261108,1014.7183227539062,1.0,2024,6.695291519165039,"{""type"":""Point"",""coordinates"":[34.87612173019119,0.930089537176557]}"
4865,7.762618064880371,Trans,1827.0,24.865217208862305,0.4352942705154419,1372.1785888671875,1.0970757968092557,35.0169232208211,0.549211859703064,885.8496704101562,1.0,2024,7.762618064880371,"{""type"":""Point"",""coordinates"":[35.0169232208211,1.0970757968092555]}"
4866,6.280827522277832,Trans,1886.0,21.952173233032227,0.3720335066318512,1448.66259765625,1.0206256086284782,35.19389488852399,0.5137818455696106,1005.9006958007812,1.0,2024,6.280827522277832,"{""type"":""Point"",""coordinates"":[35.19389488852399,1.0206256086284782]}"
4871,7.259943008422852,Trans,1859.0,24.7391300201416,0.4290461540222168,1388.3951416015625,0.925886684189421,34.9931441826647,0.6072691082954407,1042.5777587890625,1.0,2024,7.259943008422852,"{""type"":""Point"",""coordinates"":[34.9931441826647,0.925886684189421]}"
4873,7.18082332611084,Trans,1994.0,21.234783172607425,0.4109492301940918,1303.348388671875,1.1708958633623487,34.98755651339405,0.5127655863761902,1049.634765625,1.0,2024,7.18082332611084,"{""type"":""Point"",""coordinates"":[34.98755651339405,1.1708958633623487]}"
4875,5.930876731872559,Trans,1904.0,21.68695640563965,0.3219597637653351,1309.0179443359375,1.084493457139255,35.14237159269235,0.5326001048088074,1033.5059814453125,1.0,2024,5.930876731872559,"{""type"":""Point"",""coordinates"":[35.14237159269235,1.084493457139255]}"
4876,6.191580772399902,Trans,1888.0,24.06521797180176,0.3658251464366913,1327.4505615234375,1.0402001677922637,35.121667029538024,0.5651962757110596,1019.4813842773438,1.0,2024,6.191580772399902,"{""type"":""Point"",""coordinates"":[35.121667029538024,1.0402001677922637]}"
4877,6.905000686645508,Trans,1777.0,18.05652236938477,0.2955423891544342,1794.15283203125,1.2645261633394178,34.90348933055618,0.3985830545425415,953.6435546875,6.0,2024,6.905000686645508,"{""type"":""Point"",""coordinates"":[34.90348933055618,1.2645261633394178]}"
4878,6.634765625,Trans,1860.0,21.15652084350586,0.3389526903629303,1339.5623779296875,0.9364775431503938,35.086273406929145,0.5378183126449585,951.3497924804688,1.0,2024,6.634765625,"{""type"":""Point"",""coordinates"":[35.086273406929145,0.9364775431503938]}"
4881,7.034689903259277,Trans,1915.0,22.17391395568848,0.3654188811779022,1653.9757080078125,1.2006645520846828,34.82172949263519,0.4944055378437042,881.7891235351562,1.0,2024,7.034689903259277,"{""type"":""Point"",""coordinates"":[34.82172949263519,1.2006645520846828]}"
4885,6.434054374694824,Trans,1951.0,27.77391242980957,0.4675672650337219,1451.5164794921875,0.9195331537188504,34.81663370686363,0.6127503514289856,1004.1910400390624,1.0,2024,6.434054374694824,"{""type"":""Point"",""coordinates"":[34.81663370686363,0.9195331537188504]}"
4886,6.465616226196289,Trans,2035.0,23.917390823364254,0.4618121087551117,1448.66259765625,1.0403697905988698,35.2485105653282,0.6385207176208496,1040.30517578125,4.0,2024,6.465616226196289,"{""type"":""Point"",""coordinates"":[35.248510565328196,1.0403697905988698]}"
4887,6.339531898498535,Trans,1847.0,23.21739196777344,0.3391910195350647,1463.1514892578125,0.9314913047678436,35.1655997591108,0.5249908566474915,999.2210693359376,1.0,2024,6.339531898498535,"{""type"":""Point"",""coordinates"":[35.1655997591108,0.9314913047678437]}"
4889,6.74819278717041,Trans,1768.0,24.752174377441406,0.4079085886478424,1472.4818115234375,0.9829092477119546,34.90634605545871,0.6461898684501648,984.7139892578124,1.0,2024,6.74819278717041,"{""type"":""Point"",""coordinates"":[34.90634605545871,0.9829092477119546]}"
4891,6.987299919128418,Trans,1976.0,20.713043212890625,0.3956067562103271,1303.348388671875,1.2202198108209283,34.96320696780434,0.5770493745803833,1109.6043701171875,1.0,2024,6.987299919128418,"{""type"":""Point"",""coordinates"":[34.96320696780434,1.2202198108209283]}"
4894,7.106480121612549,Trans,1912.0,25.126087188720703,0.4282832443714142,1653.9757080078125,1.176407897632207,34.849740843306975,0.521445631980896,878.5647583007812,1.0,2024,7.106480121612549,"{""type"":""Point"",""coordinates"":[34.849740843306975,1.176407897632207]}"
4895,7.63530683517456,Trans,1849.0,24.247825622558597,0.3965891003608703,1587.5098876953125,1.1420196476242466,34.949668164583095,0.4894120991230011,960.1989135742188,1.0,2024,7.63530683517456,"{""type"":""Point"",""coordinates"":[34.949668164583095,1.1420196476242466]}"
4899,6.490126609802246,Trans,1969.0,23.478260040283203,0.4216215312480926,1451.5164794921875,0.8752314169853799,34.81700314795686,0.6397980451583862,985.6239013671876,1.0,2024,6.490126609802246,"{""type"":""Point"",""coordinates"":[34.81700314795686,0.8752314169853799]}"
4907,6.4049458503723145,Trans,1904.0,22.2391300201416,0.3210749328136444,1448.66259765625,1.0191995171611687,35.20809813518297,0.4626641571521759,1040.30517578125,1.0,2024,6.4049458503723145,"{""type"":""Point"",""coordinates"":[35.20809813518297,1.0191995171611687]}"
4909,6.395398139953613,Trans,2114.0,24.81304359436035,0.365104466676712,1415.5245361328125,1.022986052350541,34.79273445446009,0.5101662874221802,954.0535278320312,1.0,2024,6.395398139953613,"{""type"":""Point"",""coordinates"":[34.79273445446009,1.022986052350541]}"
4910,6.678399085998535,Trans,1793.0,25.30869483947754,0.3407554924488067,1565.9140625,0.9404647700382816,34.884319156491046,0.4993863999843597,1014.7183227539062,1.0,2024,6.678399085998535,"{""type"":""Point"",""coordinates"":[34.884319156491046,0.9404647700382817]}"
4911,7.070803165435791,Trans,1765.0,18.326086044311523,0.2655290067195892,1794.15283203125,1.2673622282300572,34.861094190971805,0.3788988888263702,882.4627075195312,6.0,2024,7.070803165435791,"{""type"":""Point"",""coordinates"":[34.861094190971805,1.2673622282300572]}"
4916,7.2006425857543945,Trans,1865.0,25.0217399597168,0.4215873777866363,1653.9757080078125,1.2260287268877603,34.82868700422743,0.4792145490646362,881.7891235351562,1.0,2024,7.2006425857543945,"{""type"":""Point"",""coordinates"":[34.82868700422743,1.2260287268877603]}"
4917,6.882319450378418,Trans,1950.0,22.05652236938477,0.3960602879524231,1653.9757080078125,1.154005274004268,34.83029906503918,0.4326782524585724,878.5647583007812,1.0,2024,6.882319450378418,"{""type"":""Point"",""coordinates"":[34.83029906503918,1.1540052740042681]}"
4918,6.9948906898498535,Trans,1758.0,23.33478355407715,0.3777278363704681,1565.9140625,0.8830539132790773,34.86758282568618,0.5800241231918335,1008.7085571289062,1.0,2024,6.9948906898498535,"{""type"":""Point"",""coordinates"":[34.86758282568618,0.8830539132790773]}"
4921,7.69050121307373,Trans,1812.0,22.46086883544922,0.3262903392314911,1372.1785888671875,1.0620737869350996,35.03248761870321,0.5189350843429565,885.8496704101562,1.0,2024,7.69050121307373,"{""type"":""Point"",""coordinates"":[35.03248761870321,1.0620737869350996]}"
4922,6.532970428466797,Trans,1888.0,24.734783172607425,0.284234344959259,1415.5245361328125,1.001160602543635,34.84152120176369,0.4787067770957947,849.1492919921875,1.0,2024,6.532970428466797,"{""type"":""Point"",""coordinates"":[34.84152120176369,1.001160602543635]}"
4928,7.015933036804199,Trans,1821.0,23.11739158630371,0.4372426569461822,1388.3951416015625,0.9189913054427826,35.0180489126186,0.5650500059127808,873.1403198242188,1.0,2024,7.015933036804199,"{""type"":""Point"",""coordinates"":[35.0180489126186,0.9189913054427826]}"
4933,5.743119716644287,Trans,2497.0,23.55652236938477,0.3120458424091339,898.4467163085938,0.9634987548993365,34.741903822904014,0.4499123990535736,1086.8260498046875,4.0,2024,5.743119716644287,"{""type"":""Point"",""coordinates"":[34.741903822904014,0.9634987548993363]}"
4934,7.136597156524658,Trans,1801.0,26.295652389526367,0.4049572050571441,1565.9140625,0.9079901517058112,34.9040894453139,0.5091713666915894,1008.7112426757812,4.0,2024,7.136597156524658,"{""type"":""Point"",""coordinates"":[34.9040894453139,0.9079901517058111]}"
4940,7.152320861816406,Trans,1899.0,19.38260841369629,0.2453752905130386,1640.1566162109375,1.2170540814769992,34.878647114853365,0.3309320211410522,915.8572387695312,1.0,2024,7.152320861816406,"{""type"":""Point"",""coordinates"":[34.878647114853365,1.2170540814769992]}"
4943,7.1796417236328125,Trans,1872.0,22.852174758911133,0.4267350137233734,1587.5098876953125,1.1440910247843747,34.858206441921155,0.5883992910385132,896.3999633789062,1.0,2024,7.1796417236328125,"{""type"":""Point"",""coordinates"":[34.858206441921155,1.1440910247843747]}"
4944,6.473130702972412,Trans,1823.0,23.443477630615234,0.3754008412361145,1472.4818115234375,0.9891815841000606,34.87520837327913,0.5800124406814575,941.492431640625,1.0,2024,6.473130702972412,"{""type"":""Point"",""coordinates"":[34.87520837327913,0.9891815841000606]}"
4945,7.020961761474609,Trans,1722.0,23.756521224975582,0.4114670157432556,1565.9140625,0.8733467247536735,34.9435762646564,0.5237897634506226,986.4015502929688,1.0,2024,7.020961761474609,"{""type"":""Point"",""coordinates"":[34.9435762646564,0.8733467247536735]}"
4948,7.787586212158203,Trans,1888.0,21.93913078308105,0.297798603773117,1311.3265380859375,1.0477792628347578,35.00816362999017,0.5062127709388733,895.3138427734375,1.0,2024,7.787586212158203,"{""type"":""Point"",""coordinates"":[35.00816362999017,1.0477792628347578]}"
4951,6.269223690032959,Trans,1855.0,23.53043556213379,0.4029111266136169,1327.4505615234375,0.9705750906140734,35.11085020843614,0.6074610352516174,1042.0404052734375,1.0,2024,6.269223690032959,"{""type"":""Point"",""coordinates"":[35.11085020843614,0.9705750906140734]}"
4953,6.21772575378418,Trans,1824.0,22.07826042175293,0.3555813431739807,1448.66259765625,0.9636044912933904,35.18112937381974,0.5151668787002563,1027.66796875,4.0,2024,6.21772575378418,"{""type"":""Point"",""coordinates"":[35.18112937381974,0.9636044912933904]}"
4959,7.366052627563477,Trans,1846.0,23.482608795166016,0.3637394905090332,1388.3951416015625,0.9473310372760304,34.95468524222765,0.5890863537788391,1042.5777587890625,1.0,2024,7.366052627563477,"{""type"":""Point"",""coordinates"":[34.95468524222765,0.9473310372760305]}"
4967,6.726511001586914,Trans,1768.0,25.59130477905273,0.4275195598602295,1472.4818115234375,0.9845128914909256,34.90412548120087,0.6497515439987183,984.7139892578124,1.0,2024,6.726511001586914,"{""type"":""Point"",""coordinates"":[34.90412548120087,0.9845128914909255]}"
4974,6.054612159729004,Trans,2180.0,22.552173614501957,0.3365381062030792,1532.4256591796875,1.0630785679138193,34.782230652517654,0.4840773642063141,888.1694946289062,4.0,2024,6.054612159729004,"{""type"":""Point"",""coordinates"":[34.782230652517654,1.0630785679138193]}"
4977,6.989621639251709,Trans,1884.0,19.917390823364254,0.3601351380348205,1640.1566162109375,1.2428706297940737,34.92613144531731,0.4709716141223907,972.9393310546876,4.0,2024,6.989621639251709,"{""type"":""Point"",""coordinates"":[34.92613144531731,1.2428706297940737]}"
4981,7.805295467376709,Trans,1872.0,21.560869216918945,0.363254189491272,1372.1785888671875,1.052638119263793,34.994405807882586,0.5289518237113953,1014.598876953125,1.0,2024,7.805295467376709,"{""type"":""Point"",""coordinates"":[34.994405807882586,1.052638119263793]}"
4982,7.226264476776123,Trans,1803.0,23.047826766967773,0.4047756791114807,1327.4505615234375,1.0376950211389375,35.06094563690596,0.5829927921295166,969.0385131835938,1.0,2024,7.226264476776123,"{""type"":""Point"",""coordinates"":[35.06094563690596,1.0376950211389375]}"
4983,7.209592342376709,Trans,1919.0,24.8869571685791,0.4044025838375091,1372.1785888671875,1.1471654107499236,35.02077392052146,0.5639014840126038,862.4269409179688,1.0,2024,7.209592342376709,"{""type"":""Point"",""coordinates"":[35.02077392052146,1.1471654107499236]}"
4984,6.551732063293457,Trans,1899.0,24.299999237060547,0.2854525446891784,1448.66259765625,0.9645130342179034,35.228028928832096,0.3952171802520752,1047.075927734375,1.0,2024,6.551732063293457,"{""type"":""Point"",""coordinates"":[35.228028928832096,0.9645130342179034]}"
4987,6.380676746368408,Trans,2142.0,24.15217399597168,0.4097292125225067,1415.5245361328125,1.0170748492922554,34.79164803716186,0.4368723034858703,954.0535278320312,1.0,2024,6.380676746368408,"{""type"":""Point"",""coordinates"":[34.79164803716186,1.0170748492922554]}"
4991,6.8918280601501465,Trans,1988.0,24.026086807250977,0.3955784440040588,1303.348388671875,1.1535090620877089,35.03984671800375,0.5134411454200745,860.8521118164062,1.0,2024,6.8918280601501465,"{""type"":""Point"",""coordinates"":[35.03984671800375,1.1535090620877089]}"
4994,6.57656717300415,Trans,1907.0,24.81304359436035,0.4113542735576629,1415.5245361328125,1.0118102929660606,34.84770588763406,0.6358451247215271,849.1492919921875,1.0,2024,6.57656717300415,"{""type"":""Point"",""coordinates"":[34.84770588763406,1.0118102929660606]}"
4997,6.215761184692383,Trans,1873.0,23.80869483947754,0.3306907415390014,1448.66259765625,1.0166490046784695,35.18427365016085,0.4732520580291748,1005.9006958007812,1.0,2024,6.215761184692383,"{""type"":""Point"",""coordinates"":[35.18427365016085,1.0166490046784697]}"
4999,7.572495460510254,Trans,1870.0,25.295652389526367,0.3537238240242004,1372.1785888671875,1.1065052624665497,35.03728603988537,0.5859628319740295,862.4269409179688,1.0,2024,7.572495460510254,"{""type"":""Point"",""coordinates"":[35.03728603988537,1.1065052624665497]}"
