system:index,actual_yield_baseline,county,elevation,et_mean,evi,gdd_total,latitude,longitude,ndvi,precip_total,soil,year,yield_value,.geo
5,7.504786491394043,Nakuru,1917.0,19.204347610473633,0.2602654695510864,1270.390380859375,-0.1287569775018359,35.82291711137917,0.4050580859184265,910.8822631835938,4.0,2024,7.504786491394043,"{""type"":""Point"",""coordinates"":[35.82291711137917,-0.1287569775018359]}"
7,3.4185266494750977,Nakuru,2341.0,23.62173843383789,0.3326723873615265,801.3780517578125,-0.5504510487109336,36.0401472436887,0.5416562557220459,956.3734130859375,4.0,2024,3.4185266494750977,"{""type"":""Point"",""coordinates"":[36.0401472436887,-0.5504510487109336]}"
8,6.532328128814697,Nakuru,2361.0,22.700000762939453,0.3717431128025055,924.5313110351562,-0.28412061820558804,35.811632499643174,0.6167652010917664,1008.7403564453125,4.0,2024,6.532328128814697,"{""type"":""Point"",""coordinates"":[35.811632499643174,-0.28412061820558804]}"
9,4.664446830749512,Nakuru,2345.0,20.939130783081055,0.21787063777446747,1088.5662841796875,-0.05260488519364256,36.20184425545979,0.37900662422180176,1058.868408203125,1.0,2024,4.664446830749512,"{""type"":""Point"",""coordinates"":[36.20184425545979,-0.05260488519364256]}"
16,4.642046928405762,Nakuru,2086.0,22.46086883544922,0.4071643650531769,931.31884765625,-0.6992414697968761,36.466250419074406,0.6074249744415283,1014.9779052734375,4.0,2024,4.642046928405762,"{""type"":""Point"",""coordinates"":[36.466250419074406,-0.6992414697968761]}"
20,6.291368007659912,Nakuru,1755.0,18.065217971801758,0.24198071658611298,1772.631103515625,-0.13077176087962677,35.97122789708278,0.37452271580696106,848.7538452148438,4.0,2024,6.291368007659912,"{""type"":""Point"",""coordinates"":[35.97122789708278,-0.13077176087962677]}"
26,5.168389320373535,Nakuru,2739.0,21.330434799194336,0.30656546354293823,694.8674926757812,-0.37783468459956154,35.68554052684891,0.3949311673641205,1036.11962890625,4.0,2024,5.168389320373535,"{""type"":""Point"",""coordinates"":[35.68554052684891,-0.37783468459956154]}"
27,3.9991888999938965,Nakuru,1906.0,21.669565200805664,0.37144625186920166,1310.0338134765625,-0.6684089767506587,36.38248959280405,0.5327134728431702,681.583740234375,1.0,2024,3.9991888999938965,"{""type"":""Point"",""coordinates"":[36.38248959280405,-0.6684089767506587]}"
29,5.991808891296387,Nakuru,1869.0,19.80869483947754,0.2837269604206085,1489.7117919921875,-0.329956034000833,36.035979714092505,0.48095765709877014,767.5543212890625,4.0,2024,5.991808891296387,"{""type"":""Point"",""coordinates"":[36.035979714092505,-0.329956034000833]}"
32,5.3371686935424805,Nakuru,2049.0,21.169565200805664,0.3120957911014557,945.5843505859375,-0.7529901000037489,36.45896840952967,0.49171167612075806,895.4133911132812,4.0,2024,5.3371686935424805,"{""type"":""Point"",""coordinates"":[36.45896840952967,-0.7529901000037489]}"
39,3.9032692909240723,Nakuru,2272.0,21.643478393554688,0.2994040846824646,945.5843505859375,-0.8275800641884214,36.50293624901321,0.48592570424079895,1194.972900390625,4.0,2024,3.9032692909240723,"{""type"":""Point"",""coordinates"":[36.50293624901321,-0.8275800641884214]}"
43,3.0782735347747803,Nakuru,2384.0,23.173913955688477,0.3220875561237335,1078.94775390625,-0.5716109314603575,36.05965795802736,0.5288878679275513,874.90576171875,4.0,2024,3.0782735347747803,"{""type"":""Point"",""coordinates"":[36.05965795802736,-0.5716109314603575]}"
46,4.4402546882629395,Nakuru,2551.0,23.447826385498047,0.4120989441871643,891.9224243164062,-0.5583946961466221,35.67773702903244,0.6184722781181335,957.4605102539062,4.0,2024,4.4402546882629395,"{""type"":""Point"",""coordinates"":[35.67773702903244,-0.5583946961466221]}"
50,6.124892711639404,Nakuru,2604.0,20.1130428314209,0.3221376836299896,923.3309936523438,-0.2056906049264076,35.68164513954415,0.4485427141189575,1002.68896484375,4.0,2024,6.124892711639404,"{""type"":""Point"",""coordinates"":[35.68164513954415,-0.2056906049264076]}"
56,6.612863063812256,Nakuru,2639.0,22.19130516052246,0.3806912899017334,893.533935546875,-0.33314949755724044,35.57950424574964,0.4668290615081787,1015.4908447265625,4.0,2024,6.612863063812256,"{""type"":""Point"",""coordinates"":[35.57950424574964,-0.33314949755724044]}"
59,3.8265557289123535,Nakuru,2117.0,22.18695640563965,0.31596478819847107,1109.161865234375,-0.8867552623964206,36.50494259268819,0.4784581959247589,1136.390625,4.0,2024,3.8265557289123535,"{""type"":""Point"",""coordinates"":[36.50494259268819,-0.8867552623964206]}"
66,6.23032283782959,Nakuru,2051.0,20.65652084350586,0.37049156427383423,1489.7117919921875,-0.3490563654744363,35.989642247177464,0.5756760835647583,949.3353881835938,1.0,2024,6.23032283782959,"{""type"":""Point"",""coordinates"":[35.989642247177464,-0.3490563654744363]}"
71,2.6560373306274414,Nakuru,2553.0,22.330434799194336,0.4346132278442383,945.5843505859375,-0.8433085425235406,36.54614122406477,0.6316478252410889,1194.972900390625,4.0,2024,2.6560373306274414,"{""type"":""Point"",""coordinates"":[36.54614122406477,-0.8433085425235406]}"
73,5.290987968444824,Nakuru,2702.0,21.026086807250977,-1.4209285974502563,758.80322265625,-0.3155826991197381,35.691998811733306,0.5339371562004089,1003.6137084960938,4.0,2024,5.290987968444824,"{""type"":""Point"",""coordinates"":[35.691998811733306,-0.3155826991197381]}"
84,3.526294469833374,Nakuru,2323.0,21.673913955688477,0.32980266213417053,1171.51220703125,-0.5775964724190703,36.44524830997653,0.5239306092262268,852.4989624023438,4.0,2024,3.526294469833374,"{""type"":""Point"",""coordinates"":[36.44524830997653,-0.5775964724190703]}"
92,6.615550994873047,Nakuru,2465.0,19.65217399597168,0.2538517415523529,758.80322265625,-0.26553281873258,35.74544557736297,0.42805731296539307,1132.0721435546875,4.0,2024,6.615550994873047,"{""type"":""Point"",""coordinates"":[35.74544557736297,-0.26553281873258]}"
98,3.466489553451538,Nakuru,1705.0,20.765216827392578,0.3285678029060364,1385.095458984375,-1.019978454056024,36.50578876387744,0.4756340980529785,929.6365356445312,4.0,2024,3.466489553451538,"{""type"":""Point"",""coordinates"":[36.50578876387744,-1.019978454056024]}"
102,4.153814792633057,Nakuru,1822.0,20.369565963745117,0.2568511366844177,1484.5091552734375,-0.4994550116140681,36.09311762810642,0.39494970440864563,764.689208984375,1.0,2024,4.153814792633057,"{""type"":""Point"",""coordinates"":[36.09311762810642,-0.4994550116140681]}"
105,3.110032558441162,Nakuru,2409.0,23.082609176635742,0.35223066806793213,1078.94775390625,-0.5684579621649001,36.05495676840422,0.5492541193962097,874.90576171875,4.0,2024,3.110032558441162,"{""type"":""Point"",""coordinates"":[36.05495676840422,-0.5684579621649001]}"
134,5.305910110473633,Nakuru,2710.0,20.53913116455078,0.2949813902378082,893.533935546875,-0.3035172559035299,35.64734748595329,0.40689340233802795,952.67431640625,4.0,2024,5.305910110473633,"{""type"":""Point"",""coordinates"":[35.64734748595329,-0.3035172559035299]}"
140,6.685995101928711,Nakuru,2480.0,20.600000381469727,0.317035049200058,923.3309936523438,-0.1953931197599036,35.70546802917674,0.5189014673233032,1134.2620849609375,4.0,2024,6.685995101928711,"{""type"":""Point"",""coordinates"":[35.70546802917674,-0.1953931197599036]}"
141,6.468039512634277,Nakuru,2149.0,20.482608795166016,0.3058665096759796,1489.7117919921875,-0.34721351431704806,35.95833984342021,0.5209919810295105,949.3353881835938,4.0,2024,6.468039512634277,"{""type"":""Point"",""coordinates"":[35.95833984342021,-0.34721351431704806]}"
149,4.1606364250183105,Nakuru,1908.0,20.626087188720703,0.27842840552330017,1310.0338134765625,-0.6616941291775982,36.39526788803844,0.38171297311782837,681.583740234375,1.0,2024,4.1606364250183105,"{""type"":""Point"",""coordinates"":[36.39526788803844,-0.6616941291775982]}"
150,6.112140655517578,Nakuru,1978.0,20.1130428314209,0.2968115210533142,1308.805908203125,-0.5137403125872896,36.33743553547039,0.45281821489334106,595.9387817382812,4.0,2024,6.112140655517578,"{""type"":""Point"",""coordinates"":[36.33743553547039,-0.5137403125872896]}"
155,6.038269519805908,Nakuru,2561.0,23.521739959716797,0.4208731949329376,792.1693115234375,-0.45168585004300527,35.654819787007476,0.5170016288757324,1002.8358764648438,4.0,2024,6.038269519805908,"{""type"":""Point"",""coordinates"":[35.654819787007476,-0.45168585004300527]}"
157,6.271758556365967,Nakuru,1738.0,17.10869598388672,0.27030330896377563,1772.631103515625,-0.12196282864291755,35.97529408623915,0.39286360144615173,848.7538452148438,1.0,2024,6.271758556365967,"{""type"":""Point"",""coordinates"":[35.97529408623915,-0.12196282864291755]}"
172,3.3975462913513184,Nakuru,2561.0,22.913043975830078,0.3428824245929718,801.3780517578125,-0.5733117656536582,36.012075219400934,0.5727602243423462,956.3734130859375,4.0,2024,3.3975462913513184,"{""type"":""Point"",""coordinates"":[36.012075219400934,-0.5733117656536582]}"
179,4.702842712402344,Nakuru,1865.0,21.939130783081055,0.2612375319004059,1521.494384765625,-0.5332168803625235,36.18716319176874,0.43404367566108704,658.0870361328125,4.0,2024,4.702842712402344,"{""type"":""Point"",""coordinates"":[36.18716319176874,-0.5332168803625235]}"
183,4.834128379821777,Nakuru,2439.0,22.46086883544922,0.28548336029052734,922.11181640625,-0.3665292014305843,35.87907550755975,0.48264607787132263,1100.89599609375,4.0,2024,4.834128379821777,"{""type"":""Point"",""coordinates"":[35.87907550755975,-0.3665292014305843]}"
184,7.878373146057129,Nakuru,2531.0,23.404348373413086,0.39162594079971313,831.6529541015625,-0.4420066392799431,35.57596232969435,0.4868970811367035,892.9230346679688,4.0,2024,7.878373146057129,"{""type"":""Point"",""coordinates"":[35.57596232969435,-0.4420066392799431]}"
189,5.681861877441406,Nakuru,1658.0,17.30434799194336,0.31022918224334717,1523.544189453125,-0.08683979934464722,36.05792536481397,0.4769092798233032,789.4463500976562,1.0,2024,5.681861877441406,"{""type"":""Point"",""coordinates"":[36.05792536481397,-0.08683979934464722]}"
191,3.0718448162078857,Nakuru,2240.0,23.204347610473633,0.38525739312171936,1132.2017822265625,-0.8387873711914859,36.18661425359913,0.5770117044448853,1001.2666015625,4.0,2024,3.0718448162078857,"{""type"":""Point"",""coordinates"":[36.18661425359913,-0.8387873711914859]}"
194,3.972187042236328,Nakuru,2802.0,21.208696365356445,0.27079787850379944,600.9398193359375,-0.6836381918333061,35.9712890761446,0.46379899978637695,1057.2928466796875,4.0,2024,3.972187042236328,"{""type"":""Point"",""coordinates"":[35.9712890761446,-0.6836381918333061]}"
204,5.457324504852295,Nakuru,2708.0,20.299999237060547,0.3024941086769104,893.533935546875,-0.30811785405615416,35.62315495567657,0.39837923645973206,952.67431640625,4.0,2024,5.457324504852295,"{""type"":""Point"",""coordinates"":[35.62315495567657,-0.30811785405615416]}"
205,4.378269195556641,Nakuru,2366.0,24.547826766967773,0.32543617486953735,1301.215087890625,-0.4297216664223904,35.95419134495182,0.5038037896156311,965.82958984375,4.0,2024,4.378269195556641,"{""type"":""Point"",""coordinates"":[35.95419134495182,-0.4297216664223904]}"
212,4.787868976593018,Nakuru,1897.0,21.095651626586914,0.38398513197898865,1310.0338134765625,-0.7031525845522134,36.42324036050644,0.5090704560279846,806.1681518554688,4.0,2024,4.787868976593018,"{""type"":""Point"",""coordinates"":[36.42324036050644,-0.7031525845522134]}"
213,6.048038005828857,Nakuru,1844.0,19.76956558227539,0.3000018298625946,1523.544189453125,-0.1364695708997238,36.109263828686785,0.48021697998046875,929.5658569335938,1.0,2024,6.048038005828857,"{""type"":""Point"",""coordinates"":[36.109263828686785,-0.1364695708997238]}"
217,4.964666843414307,Nakuru,1583.0,15.908695220947266,0.17104697227478027,1915.0673828125,-0.004867163865655556,36.03013567652269,0.2959834933280945,755.9357299804688,4.0,2024,4.964666843414307,"{""type"":""Point"",""coordinates"":[36.03013567652269,-0.004867163865655556]}"
225,6.29095983505249,Nakuru,2624.0,20.143478393554688,0.1920972615480423,976.3455810546875,-0.14212766299487484,35.69529806242878,0.34018248319625854,1111.6175537109375,4.0,2024,6.29095983505249,"{""type"":""Point"",""coordinates"":[35.69529806242878,-0.14212766299487484]}"
227,5.0933637619018555,Nakuru,2255.0,21.495651245117188,0.34415194392204285,1293.6524658203125,-0.42439680824305076,36.34800208444804,0.5348114371299744,741.7913208007812,4.0,2024,5.0933637619018555,"{""type"":""Point"",""coordinates"":[36.34800208444804,-0.42439680824305076]}"
228,6.959469795227051,Nakuru,1810.0,19.19565200805664,0.3180796802043915,1611.68310546875,-0.14454342651526556,35.91784576759725,0.5183888673782349,822.0833129882812,1.0,2024,6.959469795227051,"{""type"":""Point"",""coordinates"":[35.91784576759725,-0.14454342651526556]}"
229,5.803287506103516,Nakuru,2321.0,29.291303634643555,0.37212759256362915,1194.8536376953125,-0.31818057665834837,35.863910372940616,0.5781372785568237,979.8775024414062,4.0,2024,5.803287506103516,"{""type"":""Point"",""coordinates"":[35.863910372940616,-0.31818057665834837]}"
231,5.179851531982422,Nakuru,2296.0,21.84347915649414,0.34068623185157776,922.11181640625,-0.39690906923296787,35.94173030945064,0.5427272915840149,1046.51220703125,4.0,2024,5.179851531982422,"{""type"":""Point"",""coordinates"":[35.94173030945064,-0.39690906923296787]}"
232,4.994470596313477,Nakuru,2492.0,22.15217399597168,0.26308315992355347,924.5313110351562,-0.32401355229470435,35.815804244111575,0.41333621740341187,1082.4827880859375,4.0,2024,4.994470596313477,"{""type"":""Point"",""coordinates"":[35.815804244111575,-0.32401355229470435]}"
243,5.606729984283447,Nakuru,2051.0,20.978260040283203,0.3778509497642517,1301.215087890625,-0.3732382667618853,35.998303975754794,0.5546348690986633,936.8294677734375,4.0,2024,5.606729984283447,"{""type"":""Point"",""coordinates"":[35.998303975754794,-0.3732382667618853]}"
245,5.734455585479736,Nakuru,2126.0,23.252174377441406,0.3335241675376892,925.9317626953125,-0.19267252966520992,36.17221630219423,0.49228435754776,1067.3253173828125,1.0,2024,5.734455585479736,"{""type"":""Point"",""coordinates"":[36.17221630219423,-0.19267252966520992]}"
247,7.238665580749512,Nakuru,1908.0,19.913043975830078,0.32544076442718506,1427.7750244140625,-0.1996136223390442,35.894298389400085,0.5269696712493896,873.606201171875,1.0,2024,7.238665580749512,"{""type"":""Point"",""coordinates"":[35.894298389400085,-0.1996136223390442]}"
253,5.098555088043213,Nakuru,2057.0,23.6130428314209,0.34802424907684326,1301.215087890625,-0.39248065230175705,36.005387099348624,0.5556982159614563,798.239501953125,1.0,2024,5.098555088043213,"{""type"":""Point"",""coordinates"":[36.005387099348624,-0.39248065230175705]}"
259,3.520265579223633,Nakuru,2848.0,21.504348754882812,0.3566392660140991,801.3780517578125,-0.6202404960354134,35.98673080102608,0.5553081631660461,1133.7716064453125,4.0,2024,3.520265579223633,"{""type"":""Point"",""coordinates"":[35.98673080102608,-0.6202404960354134]}"
260,3.0311784744262695,Nakuru,1888.0,22.18695640563965,0.36091530323028564,1385.095458984375,-0.9728230329357512,36.466465547325164,0.5481110215187073,805.7021484375,4.0,2024,3.0311784744262695,"{""type"":""Point"",""coordinates"":[36.466465547325164,-0.9728230329357512]}"
271,3.366501569747925,Nakuru,2558.0,22.100000381469727,0.46438390016555786,922.11181640625,-0.410262214038681,35.87370191968121,0.6670769453048706,1174.0662841796875,4.0,2024,3.366501569747925,"{""type"":""Point"",""coordinates"":[35.87370191968121,-0.410262214038681]}"
277,5.047685623168945,Nakuru,1759.0,22.30434799194336,0.38873380422592163,1523.544189453125,-0.05901306934825017,36.1378285866174,0.5837821364402771,875.034912109375,4.0,2024,5.047685623168945,"{""type"":""Point"",""coordinates"":[36.1378285866174,-0.05901306934825017]}"
281,3.353376626968384,Nakuru,2297.0,21.830434799194336,0.4344141483306885,945.5843505859375,-0.7543199279759429,36.51344698356975,0.6204530000686646,1115.2738037109375,4.0,2024,3.353376626968384,"{""type"":""Point"",""coordinates"":[36.51344698356975,-0.7543199279759429]}"
283,4.968587875366211,Nakuru,2087.0,21.126087188720703,0.21994982659816742,931.31884765625,-0.7477334873697549,36.472404214172855,0.2881258428096771,1042.134521484375,4.0,2024,4.968587875366211,"{""type"":""Point"",""coordinates"":[36.472404214172855,-0.7477334873697549]}"
287,6.238156318664551,Nakuru,2170.0,22.008695602416992,0.37618809938430786,1301.215087890625,-0.3594127883961251,35.95868824868868,0.5807055830955505,936.8294677734375,4.0,2024,6.238156318664551,"{""type"":""Point"",""coordinates"":[35.95868824868868,-0.3594127883961251]}"
288,4.868278980255127,Nakuru,1922.0,23.04347801208496,0.34198009967803955,1143.9588623046875,-0.3204082698420828,36.20577542760585,0.5205742716789246,914.1121215820312,1.0,2024,4.868278980255127,"{""type"":""Point"",""coordinates"":[36.20577542760585,-0.3204082698420828]}"
293,4.050856113433838,Nakuru,2475.0,21.39130401611328,0.3050563335418701,922.11181640625,-0.41506492953260565,35.91384862095508,0.5131093263626099,1089.995361328125,4.0,2024,4.050856113433838,"{""type"":""Point"",""coordinates"":[35.91384862095508,-0.41506492953260565]}"
297,4.531503677368164,Nakuru,2587.0,21.147825241088867,0.3214007019996643,924.5313110351562,-0.3328217063917616,35.80794587781863,0.5468583106994629,1082.4827880859375,4.0,2024,4.531503677368164,"{""type"":""Point"",""coordinates"":[35.80794587781863,-0.3328217063917616]}"
303,4.69863224029541,Nakuru,2703.0,21.291303634643555,0.2099766880273819,792.1693115234375,-0.4579406115519283,35.71612922585548,0.3552404046058655,1076.4185791015625,4.0,2024,4.69863224029541,"{""type"":""Point"",""coordinates"":[35.71612922585548,-0.4579406115519283]}"
308,5.049445152282715,Nakuru,2763.0,20.03913116455078,0.2968485951423645,694.8674926757812,-0.3675972394421179,35.69245406627768,0.40973013639450073,1036.11962890625,4.0,2024,5.049445152282715,"{""type"":""Point"",""coordinates"":[35.69245406627768,-0.3675972394421179]}"
310,4.418402671813965,Nakuru,2031.0,21.547826766967773,0.3167784512042999,1078.94775390625,-0.5842951922106966,36.13310462736185,0.5012528896331787,768.9725952148438,4.0,2024,4.418402671813965,"{""type"":""Point"",""coordinates"":[36.13310462736185,-0.5842951922106966]}"
320,3.608656883239746,Nakuru,1976.0,23.299999237060547,0.44419437646865845,1132.2017822265625,-0.8221494699469657,36.22650836048854,0.6288905143737793,886.7838134765625,4.0,2024,3.608656883239746,"{""type"":""Point"",""coordinates"":[36.22650836048854,-0.8221494699469657]}"
336,2.351426839828491,Nakuru,2530.0,22.68695640563965,0.4145197570323944,945.5843505859375,-0.8215999395616886,36.549531811654866,0.5914861559867859,1194.972900390625,4.0,2024,2.351426839828491,"{""type"":""Point"",""coordinates"":[36.549531811654866,-0.8215999395616886]}"
347,4.0581560134887695,Nakuru,2397.0,21.72608757019043,0.33009523153305054,1301.215087890625,-0.44445527642066057,35.952895503848744,0.562753438949585,965.82958984375,4.0,2024,4.0581560134887695,"{""type"":""Point"",""coordinates"":[35.952895503848744,-0.44445527642066057]}"
350,4.4789533615112305,Nakuru,1866.0,22.630434036254883,0.2955329120159149,1521.494384765625,-0.5320052772817182,36.1569275996943,0.4188096523284912,658.0870361328125,4.0,2024,4.4789533615112305,"{""type"":""Point"",""coordinates"":[36.1569275996943,-0.5320052772817182]}"
354,6.8428473472595215,Nakuru,2133.0,23.330434799194336,0.4649606943130493,1194.8536376953125,-0.2913100697300198,35.930698871032156,0.7901756167411804,952.6629638671875,4.0,2024,6.8428473472595215,"{""type"":""Point"",""coordinates"":[35.930698871032156,-0.2913100697300198]}"
355,4.939694404602051,Nakuru,2129.0,21.76956558227539,0.3188284933567047,1301.215087890625,-0.4071786812089325,35.99186020475905,0.5367433428764343,965.82958984375,4.0,2024,4.939694404602051,"{""type"":""Point"",""coordinates"":[35.99186020475905,-0.4071786812089325]}"
367,5.2382707595825195,Nakuru,1698.0,17.582609176635742,0.3076609671115875,1523.544189453125,-0.06688326464002355,36.103417672497244,0.5207177996635437,875.034912109375,1.0,2024,5.2382707595825195,"{""type"":""Point"",""coordinates"":[36.103417672497244,-0.06688326464002355]}"
368,3.544365882873535,Nakuru,2626.0,22.734783172607422,0.35325726866722107,792.1693115234375,-0.5233469810782332,35.74345666244834,0.4977712631225586,1020.6693115234375,4.0,2024,3.544365882873535,"{""type"":""Point"",""coordinates"":[35.74345666244834,-0.5233469810782332]}"
369,4.395277500152588,Nakuru,1879.0,21.22608757019043,0.311975359916687,1385.095458984375,-0.959285296228558,36.518904683869266,0.515125572681427,824.224853515625,6.0,2024,4.395277500152588,"{""type"":""Point"",""coordinates"":[36.518904683869266,-0.959285296228558]}"
371,5.19509744644165,Nakuru,2607.0,22.634782791137695,0.29959630966186523,924.5313110351562,-0.31590410515778977,35.75140715481559,0.4861803948879242,1103.1356201171875,4.0,2024,5.19509744644165,"{""type"":""Point"",""coordinates"":[35.75140715481559,-0.31590410515778977]}"
373,4.129417419433594,Nakuru,2500.0,22.160869598388672,0.24258112907409668,922.11181640625,-0.41526549887582276,35.91770184758475,0.4587973654270172,1089.995361328125,4.0,2024,4.129417419433594,"{""type"":""Point"",""coordinates"":[35.91770184758475,-0.41526549887582276]}"
374,5.193080425262451,Nakuru,2240.0,21.708696365356445,0.356193482875824,1380.60546875,-0.6104617587752418,36.19071657936541,0.5437897443771362,972.7747802734375,4.0,2024,5.193080425262451,"{""type"":""Point"",""coordinates"":[36.19071657936541,-0.6104617587752418]}"
375,5.1936492919921875,Nakuru,2692.0,22.473913192749023,0.2428470402956009,758.80322265625,-0.2599132272710399,35.65301166936939,0.3965665102005005,1020.0197143554688,4.0,2024,5.1936492919921875,"{""type"":""Point"",""coordinates"":[35.65301166936939,-0.2599132272710399]}"
376,5.138097763061523,Nakuru,1517.0,15.59565258026123,0.5188115835189819,1772.97216796875,0.04768030869056791,36.13970801959848,0.69123774766922,795.9901733398438,4.0,2024,5.138097763061523,"{""type"":""Point"",""coordinates"":[36.13970801959848,0.04768030869056791]}"
378,5.097952842712402,Nakuru,1719.0,19.978260040283203,0.3923317492008209,1620.4278564453125,0.13179983769054987,36.23710355325683,0.5503852963447571,763.6254272460938,1.0,2024,5.097952842712402,"{""type"":""Point"",""coordinates"":[36.23710355325683,0.13179983769054987]}"
381,6.869124412536621,Nakuru,2137.0,22.07826042175293,0.4590568244457245,1194.8536376953125,-0.2979558827158266,35.93953462735862,0.7258880138397217,952.6629638671875,4.0,2024,6.869124412536621,"{""type"":""Point"",""coordinates"":[35.93953462735862,-0.2979558827158266]}"
388,3.918391704559326,Nakuru,1931.0,24.204347610473633,0.42075639963150024,1132.2017822265625,-0.7529364208254022,36.219623378962524,0.5949761271476746,760.7749633789062,1.0,2024,3.918391704559326,"{""type"":""Point"",""coordinates"":[36.219623378962524,-0.7529364208254022]}"
394,2.2940359115600586,Nakuru,2523.0,22.060869216918945,0.43432796001434326,931.31884765625,-0.6995006357980293,36.53251479859007,0.5809942483901978,1155.636474609375,4.0,2024,2.2940359115600586,"{""type"":""Point"",""coordinates"":[36.53251479859007,-0.6995006357980293]}"
419,5.837228298187256,Nakuru,1945.0,20.747825622558594,0.3538559079170227,1328.98974609375,-0.5524736923359174,36.29823284240344,0.516781747341156,641.4832763671875,4.0,2024,5.837228298187256,"{""type"":""Point"",""coordinates"":[36.29823284240344,-0.5524736923359174]}"
427,6.195183753967285,Nakuru,2692.0,20.439130783081055,0.21265429258346558,976.3455810546875,-0.13481437812398897,35.698577273691875,0.2920193672180176,1111.6175537109375,4.0,2024,6.195183753967285,"{""type"":""Point"",""coordinates"":[35.698577273691875,-0.13481437812398897]}"
429,6.661653995513916,Nakuru,2162.0,22.200000762939453,0.3241749107837677,1194.8536376953125,-0.28452257136521686,35.88968479759454,0.5210880041122437,920.227783203125,4.0,2024,6.661653995513916,"{""type"":""Point"",""coordinates"":[35.88968479759454,-0.28452257136521686]}"
433,2.636579990386963,Nakuru,2661.0,23.860870361328125,0.47032660245895386,898.3021850585938,-0.8540126924834431,36.5514448529945,0.6349971294403076,1510.875244140625,4.0,2024,2.636579990386963,"{""type"":""Point"",""coordinates"":[36.5514448529945,-0.8540126924834431]}"
435,4.028194427490234,Nakuru,2242.0,26.18260955810547,0.3373356759548187,1130.5069580078125,-0.7228136172952488,36.15850102560616,0.5386406779289246,925.4761352539062,4.0,2024,4.028194427490234,"{""type"":""Point"",""coordinates"":[36.15850102560616,-0.7228136172952488]}"
436,3.915060520172119,Nakuru,2412.0,22.052173614501953,0.3611540198326111,1090.254150390625,-0.5401353305454272,36.00583183535053,0.581498384475708,871.1588745117188,4.0,2024,3.915060520172119,"{""type"":""Point"",""coordinates"":[36.00583183535053,-0.5401353305454272]}"
441,3.9782485961914062,Nakuru,1933.0,22.417390823364258,0.4576529562473297,1130.5069580078125,-0.737455447163337,36.23713671998532,0.6398412585258484,665.40869140625,4.0,2024,3.9782485961914062,"{""type"":""Point"",""coordinates"":[36.23713671998532,-0.737455447163337]}"
443,5.187084674835205,Nakuru,2399.0,22.556522369384766,0.3646642863750458,922.11181640625,-0.35456334145460683,35.878836752460316,0.5858342051506042,1100.89599609375,4.0,2024,5.187084674835205,"{""type"":""Point"",""coordinates"":[35.878836752460316,-0.35456334145460683]}"
453,3.011505603790283,Nakuru,2557.0,23.104347229003906,0.3542172610759735,801.3780517578125,-0.5765170131285122,36.03294322256852,0.5508798956871033,956.3734130859375,4.0,2024,3.011505603790283,"{""type"":""Point"",""coordinates"":[36.03294322256852,-0.5765170131285122]}"
457,4.879142761230469,Nakuru,1899.0,23.33478355407715,0.36009857058525085,1380.60546875,-0.5530712025485612,36.18854805559729,0.5063344836235046,720.8082275390625,1.0,2024,4.879142761230469,"{""type"":""Point"",""coordinates"":[36.18854805559729,-0.5530712025485612]}"
459,3.2721593379974365,Nakuru,2628.0,20.986955642700195,0.2654927670955658,801.3780517578125,-0.5944248167059386,36.003943391936346,0.42867961525917053,956.3734130859375,4.0,2024,3.2721593379974365,"{""type"":""Point"",""coordinates"":[36.003943391936346,-0.5944248167059386]}"
464,7.53380012512207,Nakuru,1920.0,19.204347610473633,0.30475616455078125,1270.390380859375,-0.13151521477206377,35.82001208465243,0.457790732383728,910.8822631835938,4.0,2024,7.53380012512207,"{""type"":""Point"",""coordinates"":[35.82001208465243,-0.13151521477206377]}"
465,6.586746692657471,Nakuru,2635.0,19.88260841369629,0.3152305483818054,923.3309936523438,-0.15793377105620826,35.712955224779456,0.47341203689575195,1134.2620849609375,4.0,2024,6.586746692657471,"{""type"":""Point"",""coordinates"":[35.712955224779456,-0.15793377105620826]}"
484,2.9860363006591797,Nakuru,1629.0,20.38260841369629,0.2764415740966797,1600.392333984375,-1.0609330305789657,36.50845549385207,0.359428733587265,895.8312377929688,4.0,2024,2.9860363006591797,"{""type"":""Point"",""coordinates"":[36.50845549385207,-1.0609330305789657]}"
485,4.46754264831543,Nakuru,2174.0,21.77391242980957,0.3784768581390381,945.5843505859375,-0.8171745802512481,36.48623451760025,0.5582578182220459,946.1964111328125,4.0,2024,4.46754264831543,"{""type"":""Point"",""coordinates"":[36.48623451760025,-0.8171745802512481]}"
490,6.748921871185303,Nakuru,1859.0,19.947826385498047,0.30035400390625,1427.7750244140625,-0.1700502944794713,35.93347922677618,0.4961545169353485,885.2904052734375,1.0,2024,6.748921871185303,"{""type"":""Point"",""coordinates"":[35.93347922677618,-0.1700502944794713]}"
493,3.6065444946289062,Nakuru,2267.0,21.860870361328125,0.30992311239242554,931.31884765625,-0.7385921830388382,36.50485635423957,0.4757809638977051,1146.4976806640625,1.0,2024,3.6065444946289062,"{""type"":""Point"",""coordinates"":[36.50485635423957,-0.7385921830388382]}"
494,4.688364505767822,Nakuru,1874.0,22.0,0.31102246046066284,1118.90576171875,-0.9565011421459282,36.57355811056904,0.497968852519989,1223.5460205078125,4.0,2024,4.688364505767822,"{""type"":""Point"",""coordinates"":[36.57355811056904,-0.9565011421459282]}"
495,7.4059624671936035,Nakuru,2321.0,24.895652770996094,0.3761642873287201,1129.3472900390625,-0.23624637943498503,35.77351768413466,0.6121300458908081,1037.336181640625,4.0,2024,7.4059624671936035,"{""type"":""Point"",""coordinates"":[35.77351768413466,-0.23624637943498503]}"
513,6.555616855621338,Nakuru,1629.0,18.217391967773438,0.3373160660266876,1611.68310546875,-0.05998195163209303,35.941087057614304,0.5346126556396484,805.4788818359375,1.0,2024,6.555616855621338,"{""type"":""Point"",""coordinates"":[35.941087057614304,-0.05998195163209303]}"
519,5.790096282958984,Nakuru,2661.0,20.69565200805664,0.22381751239299774,758.80322265625,-0.26275910235648925,35.68996834825601,0.39703094959259033,1020.0197143554688,4.0,2024,5.790096282958984,"{""type"":""Point"",""coordinates"":[35.68996834825601,-0.26275910235648925]}"
530,5.160624980926514,Nakuru,1933.0,22.73043441772461,0.2930222451686859,1330.85302734375,-0.8479898676786802,36.37602583469124,0.4949081242084503,1203.3858642578125,4.0,2024,5.160624980926514,"{""type"":""Point"",""coordinates"":[36.37602583469124,-0.8479898676786802]}"
539,3.5982978343963623,Nakuru,2533.0,23.2391300201416,0.32524049282073975,801.3780517578125,-0.5736345152257836,36.00278596483663,0.49733680486679077,956.3734130859375,4.0,2024,3.5982978343963623,"{""type"":""Point"",""coordinates"":[36.00278596483663,-0.5736345152257836]}"
544,6.930713176727295,Nakuru,2527.0,22.839130401611328,0.4246201813220978,831.6529541015625,-0.43303187447074853,35.61460994864107,0.5421996712684631,923.7847290039062,4.0,2024,6.930713176727295,"{""type"":""Point"",""coordinates"":[35.61460994864107,-0.43303187447074853]}"
545,4.262131690979004,Nakuru,1993.0,22.72608757019043,0.3013272285461426,1130.5069580078125,-0.7246475007964188,36.21119547337389,0.4620422124862671,665.40869140625,4.0,2024,4.262131690979004,"{""type"":""Point"",""coordinates"":[36.21119547337389,-0.7246475007964188]}"
546,3.883599042892456,Nakuru,2240.0,23.247825622558594,0.43005430698394775,931.31884765625,-0.7203424289945413,36.49580050662997,0.5681653022766113,1042.134521484375,4.0,2024,3.883599042892456,"{""type"":""Point"",""coordinates"":[36.49580050662997,-0.7203424289945413]}"
547,5.590753555297852,Nakuru,1864.0,22.756521224975586,0.368686318397522,1308.805908203125,-0.5232019897298072,36.26336173207793,0.5400134325027466,534.5155639648438,1.0,2024,5.590753555297852,"{""type"":""Point"",""coordinates"":[36.26336173207793,-0.5232019897298072]}"
559,5.717570781707764,Nakuru,2003.0,20.943477630615234,0.35135284066200256,1301.215087890625,-0.3600881632448672,36.010711207522746,0.5808210372924805,798.239501953125,1.0,2024,5.717570781707764,"{""type"":""Point"",""coordinates"":[36.010711207522746,-0.3600881632448672]}"
571,4.833836078643799,Nakuru,1863.0,21.213043212890625,0.33156684041023254,1118.90576171875,-0.9648872372422623,36.55895532086761,0.4057566523551941,1223.5460205078125,4.0,2024,4.833836078643799,"{""type"":""Point"",""coordinates"":[36.55895532086761,-0.9648872372422623]}"
575,5.227041721343994,Nakuru,2386.0,22.013044357299805,0.2369196116924286,922.11181640625,-0.36859292714606184,35.897255113877485,0.438369482755661,1100.89599609375,4.0,2024,5.227041721343994,"{""type"":""Point"",""coordinates"":[35.897255113877485,-0.36859292714606184]}"
577,4.954046726226807,Nakuru,2459.0,21.6130428314209,0.22227568924427032,1194.8536376953125,-0.3392807978793789,35.84997001863062,0.38522273302078247,979.8775024414062,4.0,2024,4.954046726226807,"{""type"":""Point"",""coordinates"":[35.84997001863062,-0.3392807978793789]}"
589,4.878105163574219,Nakuru,1607.0,17.491304397583008,0.29595130681991577,1772.97216796875,-0.02764714112860175,36.09944248702898,0.473829984664917,836.5701293945312,1.0,2024,4.878105163574219,"{""type"":""Point"",""coordinates"":[36.09944248702898,-0.02764714112860175]}"
597,5.041092872619629,Nakuru,2088.0,21.68260955810547,0.27518370747566223,1301.215087890625,-0.39888580995896356,35.99899330594262,0.47336405515670776,936.8294677734375,4.0,2024,5.041092872619629,"{""type"":""Point"",""coordinates"":[35.99899330594262,-0.39888580995896356]}"
602,4.25708532333374,Nakuru,2217.0,22.26956558227539,0.4332404136657715,945.5843505859375,-0.8191305368732551,36.49231099054725,0.5589991807937622,946.1964111328125,4.0,2024,4.25708532333374,"{""type"":""Point"",""coordinates"":[36.49231099054725,-0.8191305368732551]}"
608,4.28914737701416,Nakuru,2151.0,24.356521606445312,0.35769039392471313,1301.215087890625,-0.4426630056717396,35.99763117003424,0.5496350526809692,965.82958984375,1.0,2024,4.28914737701416,"{""type"":""Point"",""coordinates"":[35.99763117003424,-0.4426630056717396]}"
609,4.5878801345825195,Nakuru,2730.0,21.173913955688477,0.2625202536582947,600.9398193359375,-0.7035038421770025,35.954712416150905,0.40975648164749146,1053.601806640625,4.0,2024,4.5878801345825195,"{""type"":""Point"",""coordinates"":[35.954712416150905,-0.7035038421770025]}"
642,6.496506690979004,Nakuru,1804.0,18.95652198791504,0.309955894947052,1611.68310546875,-0.0664897397949648,35.865103119912405,0.441629022359848,870.9083251953125,4.0,2024,6.496506690979004,"{""type"":""Point"",""coordinates"":[35.865103119912405,-0.0664897397949648]}"
648,4.539629936218262,Nakuru,1917.0,20.604347229003906,0.36818191409111023,1171.51220703125,-0.6124101032955503,36.37346289777839,0.4977632462978363,635.6214599609375,4.0,2024,4.539629936218262,"{""type"":""Point"",""coordinates"":[36.37346289777839,-0.6124101032955503]}"
650,3.5758349895477295,Nakuru,1987.0,23.408695220947266,0.40798220038414,1132.2017822265625,-0.7825635904023708,36.2041235712304,0.5377868413925171,760.7749633789062,4.0,2024,3.5758349895477295,"{""type"":""Point"",""coordinates"":[36.2041235712304,-0.7825635904023708]}"
661,4.682121753692627,Nakuru,1998.0,24.065217971801758,0.3298044502735138,1293.6524658203125,-0.38680015751136454,36.256504726321424,0.5180399417877197,832.1256103515625,4.0,2024,4.682121753692627,"{""type"":""Point"",""coordinates"":[36.256504726321424,-0.38680015751136454]}"
665,5.47553014755249,Nakuru,1694.0,17.326086044311523,0.25708141922950745,1523.544189453125,-0.07779337389143912,36.08393116249242,0.41433748602867126,789.4463500976562,1.0,2024,5.47553014755249,"{""type"":""Point"",""coordinates"":[36.08393116249242,-0.07779337389143912]}"
671,4.088756084442139,Nakuru,2215.0,21.904348373413086,0.354137659072876,945.5843505859375,-0.8169621090648999,36.49835111853953,0.5730663537979126,946.1964111328125,4.0,2024,4.088756084442139,"{""type"":""Point"",""coordinates"":[36.49835111853953,-0.8169621090648999]}"
686,3.3833229541778564,Nakuru,2600.0,21.30869483947754,0.22894957661628723,801.3780517578125,-0.5855013135485101,36.00468470496282,0.38179659843444824,956.3734130859375,4.0,2024,3.3833229541778564,"{""type"":""Point"",""coordinates"":[36.00468470496282,-0.5855013135485101]}"
687,5.11739444732666,Nakuru,2668.0,24.091304779052734,0.2722214162349701,893.533935546875,-0.276244089252541,35.63657158716077,0.442264199256897,1074.5843505859375,4.0,2024,5.11739444732666,"{""type"":""Point"",""coordinates"":[35.63657158716077,-0.276244089252541]}"
690,5.270813941955566,Nakuru,2701.0,26.643478393554688,0.48930811882019043,893.533935546875,-0.2917647531846895,35.62426386485496,0.6119123101234436,1074.5843505859375,4.0,2024,5.270813941955566,"{""type"":""Point"",""coordinates"":[35.62426386485496,-0.2917647531846895]}"
691,6.4806599617004395,Nakuru,2700.0,20.33478355407715,0.3249705731868744,976.3455810546875,-0.14997244474058535,35.7132661752948,0.5320224165916443,1246.947265625,4.0,2024,6.4806599617004395,"{""type"":""Point"",""coordinates"":[35.7132661752948,-0.14997244474058535]}"
694,6.892847537994385,Nakuru,2476.0,23.365217208862305,0.32696154713630676,923.3309936523438,-0.19187122591267436,35.71729736400919,0.4822846055030823,1134.2620849609375,4.0,2024,6.892847537994385,"{""type"":""Point"",""coordinates"":[35.71729736400919,-0.19187122591267436]}"
699,5.514186859130859,Nakuru,1925.0,22.234783172607422,0.31956830620765686,1330.85302734375,-0.8229012591593189,36.38978683600477,0.4973065257072449,1203.3858642578125,4.0,2024,5.514186859130859,"{""type"":""Point"",""coordinates"":[36.38978683600477,-0.8229012591593189]}"
700,4.676795482635498,Nakuru,2319.0,26.18260955810547,0.3921002149581909,1078.94775390625,-0.6358328576165808,36.13943589566431,0.6309731006622314,905.869384765625,1.0,2024,4.676795482635498,"{""type"":""Point"",""coordinates"":[36.13943589566431,-0.6358328576165808]}"
702,6.910548210144043,Nakuru,2116.0,21.2391300201416,0.3531266450881958,1489.7117919921875,-0.2753374679212277,35.96409526072945,0.6104664206504822,955.322509765625,4.0,2024,6.910548210144043,"{""type"":""Point"",""coordinates"":[35.96409526072945,-0.2753374679212277]}"
705,5.990475654602051,Nakuru,1832.0,19.634782791137695,0.26541829109191895,1489.7117919921875,-0.32818349579690254,36.03996668603757,0.45089635252952576,767.5543212890625,4.0,2024,5.990475654602051,"{""type"":""Point"",""coordinates"":[36.03996668603757,-0.32818349579690254]}"
708,5.994061470031738,Nakuru,2019.0,21.87826156616211,0.35158300399780273,1359.44580078125,-0.16413247409803924,36.1388524481562,0.52689528465271,1036.1998291015625,1.0,2024,5.994061470031738,"{""type"":""Point"",""coordinates"":[36.1388524481562,-0.16413247409803924]}"
712,6.027851581573486,Nakuru,1646.0,17.821739196777344,0.3430626392364502,1772.631103515625,-0.0714888231223086,36.00876203378845,0.48622971773147583,769.388671875,1.0,2024,6.027851581573486,"{""type"":""Point"",""coordinates"":[36.00876203378845,-0.0714888231223086]}"
716,4.424430847167969,Nakuru,2646.0,23.18260955810547,0.42995864152908325,792.1693115234375,-0.49683510816571097,35.69152807625845,0.6062797904014587,1002.8358764648438,4.0,2024,4.424430847167969,"{""type"":""Point"",""coordinates"":[35.69152807625845,-0.49683510816571097]}"
720,4.174019813537598,Nakuru,1823.0,21.278261184692383,0.2833009958267212,1484.5091552734375,-0.4958640440368996,36.09262898623266,0.4132001996040344,764.689208984375,4.0,2024,4.174019813537598,"{""type"":""Point"",""coordinates"":[36.09262898623266,-0.4958640440368996]}"
721,5.560927391052246,Nakuru,1776.0,20.217391967773438,0.3852892518043518,1366.1861572265625,-0.34020913973704064,36.05264485878332,0.5459959506988525,793.00048828125,4.0,2024,5.560927391052246,"{""type"":""Point"",""coordinates"":[36.05264485878332,-0.34020913973704064]}"
731,6.341836929321289,Nakuru,2069.0,21.839130401611328,0.31919676065444946,1489.7117919921875,-0.3447726336730525,35.98706523030703,0.5421407222747803,949.3353881835938,1.0,2024,6.341836929321289,"{""type"":""Point"",""coordinates"":[35.98706523030703,-0.3447726336730525]}"
732,5.849523067474365,Nakuru,1723.0,17.943477630615234,0.267009437084198,1772.631103515625,-0.12276041873455956,36.04704026529046,0.4592265486717224,856.3206787109375,4.0,2024,5.849523067474365,"{""type"":""Point"",""coordinates"":[36.04704026529046,-0.12276041873455956]}"
736,7.651596546173096,Nakuru,2414.0,22.908695220947266,0.35652071237564087,967.7295532226562,-0.4709652302858791,35.552910089254794,0.49029991030693054,886.2293701171875,4.0,2024,7.651596546173096,"{""type"":""Point"",""coordinates"":[35.552910089254794,-0.4709652302858791]}"
739,5.0509352684021,Nakuru,2651.0,23.643478393554688,0.3857680559158325,758.80322265625,-0.32098037197107454,35.74265241620124,0.5555981397628784,1122.4949951171875,4.0,2024,5.0509352684021,"{""type"":""Point"",""coordinates"":[35.74265241620124,-0.32098037197107454]}"
742,3.856938362121582,Nakuru,2263.0,21.61739158630371,0.2532162070274353,945.5843505859375,-0.8238864083224684,36.50478566908408,0.4256399869918823,1194.972900390625,4.0,2024,3.856938362121582,"{""type"":""Point"",""coordinates"":[36.50478566908408,-0.8238864083224684]}"
757,7.664806365966797,Nakuru,1951.0,20.082609176635742,0.3344040513038635,1129.3472900390625,-0.21286196994299914,35.83130976258243,0.5341024398803711,932.405517578125,4.0,2024,7.664806365966797,"{""type"":""Point"",""coordinates"":[35.83130976258243,-0.21286196994299914]}"
765,3.6993696689605713,Nakuru,1829.0,19.826086044311523,0.29751351475715637,1465.3985595703125,-0.40621407216270744,36.15428047256981,0.4434738755226135,714.4415893554688,4.0,2024,3.6993696689605713,"{""type"":""Point"",""coordinates"":[36.15428047256981,-0.40621407216270744]}"
770,4.423310279846191,Nakuru,2120.0,23.417390823364258,0.5810959339141846,1401.8802490234375,-0.029664780653097425,36.229842006979446,0.7581944465637207,1012.428955078125,1.0,2024,4.423310279846191,"{""type"":""Point"",""coordinates"":[36.229842006979446,-0.029664780653097425]}"
786,4.153768539428711,Nakuru,2106.0,23.31739044189453,0.43271777033805847,1370.2122802734375,-0.8963647493582416,36.42009826009465,0.5558272004127502,921.3287963867188,4.0,2024,4.153768539428711,"{""type"":""Point"",""coordinates"":[36.42009826009465,-0.8963647493582416]}"
789,3.954446792602539,Nakuru,2026.0,21.069564819335938,0.3341329097747803,1090.254150390625,-0.4869401272467173,36.03640496175689,0.5734949707984924,840.0512084960938,4.0,2024,3.954446792602539,"{""type"":""Point"",""coordinates"":[36.03640496175689,-0.4869401272467173]}"
790,4.603684425354004,Nakuru,1906.0,22.013044357299805,0.39582589268684387,898.3021850585938,-0.9455523924479142,36.561783019860364,0.5353648066520691,1496.311767578125,4.0,2024,4.603684425354004,"{""type"":""Point"",""coordinates"":[36.561783019860364,-0.9455523924479142]}"
793,7.0160627365112305,Nakuru,1835.0,19.339130401611328,0.324740469455719,1427.7750244140625,-0.15907313899501851,35.91384727537788,0.5096200108528137,885.2904052734375,1.0,2024,7.0160627365112305,"{""type"":""Point"",""coordinates"":[35.91384727537788,-0.15907313899501851]}"
797,6.26730489730835,Nakuru,2524.0,21.46956443786621,0.34961220622062683,923.3309936523438,-0.1551531426198303,35.66363132951904,0.5422862768173218,1025.3524169921875,4.0,2024,6.26730489730835,"{""type"":""Point"",""coordinates"":[35.66363132951904,-0.1551531426198303]}"
808,5.702751159667969,Nakuru,1889.0,22.369565963745117,0.3853755593299866,1620.4278564453125,0.06163333608906519,36.18523789370562,0.5459221005439758,843.6861572265625,1.0,2024,5.702751159667969,"{""type"":""Point"",""coordinates"":[36.18523789370562,0.06163333608906519]}"
810,3.9831557273864746,Nakuru,2253.0,22.11739158630371,0.4013217091560364,931.31884765625,-0.7481358552783761,36.49804725174128,0.6136646270751953,1042.134521484375,4.0,2024,3.9831557273864746,"{""type"":""Point"",""coordinates"":[36.49804725174128,-0.7481358552783761]}"
811,5.503001689910889,Nakuru,2116.0,20.42608642578125,0.3971697688102722,1401.8802490234375,-0.016157934913608347,36.18682078360754,0.5602466464042664,938.6957397460938,4.0,2024,5.503001689910889,"{""type"":""Point"",""coordinates"":[36.18682078360754,-0.016157934913608347]}"
823,4.613152027130127,Nakuru,1867.0,22.252174377441406,0.2773793935775757,1521.494384765625,-0.5313001445974519,36.17765438099563,0.44237983226776123,658.0870361328125,4.0,2024,4.613152027130127,"{""type"":""Point"",""coordinates"":[36.17765438099563,-0.5313001445974519]}"
826,8.063026428222656,Nakuru,2470.0,25.221738815307617,0.40030497312545776,932.83642578125,-0.358786738791348,35.505659848323454,0.5631921291351318,961.3237915039062,4.0,2024,8.063026428222656,"{""type"":""Point"",""coordinates"":[35.505659848323454,-0.358786738791348]}"
827,6.594783782958984,Nakuru,1650.0,17.991304397583008,0.3583095967769623,1772.631103515625,-0.07830197291471445,35.952555853235594,0.5318202972412109,797.8411254882812,1.0,2024,6.594783782958984,"{""type"":""Point"",""coordinates"":[35.952555853235594,-0.07830197291471445]}"
830,6.5143208503723145,Nakuru,2458.0,23.352174758911133,0.45264342427253723,924.5313110351562,-0.27858898636695867,35.76866300184218,0.6040465831756592,1059.924072265625,4.0,2024,6.5143208503723145,"{""type"":""Point"",""coordinates"":[35.76866300184218,-0.27858898636695867]}"
850,4.189435958862305,Nakuru,1918.0,21.81304359436035,0.3694876730442047,1465.3985595703125,-0.3614696883917041,36.22599587637184,0.5429311394691467,805.5402221679688,1.0,2024,4.189435958862305,"{""type"":""Point"",""coordinates"":[36.22599587637184,-0.3614696883917041]}"
857,7.049111843109131,Nakuru,1977.0,20.160869598388672,0.21960020065307617,1427.7750244140625,-0.24473075443043027,35.88928011378311,0.4221208691596985,882.827392578125,4.0,2024,7.049111843109131,"{""type"":""Point"",""coordinates"":[35.88928011378311,-0.24473075443043027]}"
858,4.622267246246338,Nakuru,2106.0,21.143478393554688,0.3001575171947479,945.5843505859375,-0.8373798189478584,36.473235242568386,0.4249287545681,946.1964111328125,7.0,2024,4.622267246246338,"{""type"":""Point"",""coordinates"":[36.473235242568386,-0.8373798189478584]}"
860,6.989497661590576,Nakuru,2551.0,22.526086807250977,0.3279046416282654,831.6529541015625,-0.379726816964231,35.59251636819194,0.4449688494205475,967.619384765625,4.0,2024,6.989497661590576,"{""type"":""Point"",""coordinates"":[35.59251636819194,-0.379726816964231]}"
871,5.560024261474609,Nakuru,1988.0,21.643478393554688,0.292898565530777,1330.85302734375,-0.8135282262664895,36.43979539851662,0.44261959195137024,958.63525390625,6.0,2024,5.560024261474609,"{""type"":""Point"",""coordinates"":[36.43979539851662,-0.8135282262664895]}"
872,4.741811752319336,Nakuru,1816.0,21.03913116455078,0.40237563848495483,1385.095458984375,-0.9823376976230387,36.54759259602704,0.5431408286094666,824.224853515625,6.0,2024,4.741811752319336,"{""type"":""Point"",""coordinates"":[36.54759259602704,-0.9823376976230387]}"
888,5.583653926849365,Nakuru,1981.0,21.491304397583008,0.3545616567134857,1330.85302734375,-0.7870978616211227,36.45000706297914,0.5959461331367493,1032.5670166015625,4.0,2024,5.583653926849365,"{""type"":""Point"",""coordinates"":[36.45000706297914,-0.7870978616211227]}"
898,4.2078938484191895,Nakuru,1908.0,24.204347610473633,0.38481417298316956,1465.3985595703125,-0.3552908941874452,36.219025328467914,0.6048740744590759,805.5402221679688,1.0,2024,4.2078938484191895,"{""type"":""Point"",""coordinates"":[36.219025328467914,-0.3552908941874452]}"
909,4.018223285675049,Nakuru,2535.0,22.473913192749023,0.26304107904434204,922.11181640625,-0.3810913601028073,35.86491051330511,0.4592331349849701,1100.89599609375,4.0,2024,4.018223285675049,"{""type"":""Point"",""coordinates"":[35.86491051330511,-0.3810913601028073]}"
916,4.123349666595459,Nakuru,1885.0,24.778261184692383,0.04725521057844162,1310.0338134765625,-0.7146722707675696,36.381329110993754,-0.005994000472128391,913.4369506835938,4.0,2024,4.123349666595459,"{""type"":""Point"",""coordinates"":[36.381329110993754,-0.7146722707675696]}"
923,4.1981964111328125,Nakuru,2523.0,23.143478393554688,0.27164801955223083,1090.254150390625,-0.5380316729686924,35.98690281876544,0.4505174160003662,1075.335693359375,4.0,2024,4.1981964111328125,"{""type"":""Point"",""coordinates"":[35.98690281876544,-0.5380316729686924]}"
927,7.771256446838379,Nakuru,2432.0,24.0,0.43659940361976624,1038.7845458984375,-0.3416299482088289,35.48302411521153,0.5559252500534058,1113.7188720703125,4.0,2024,7.771256446838379,"{""type"":""Point"",""coordinates"":[35.48302411521153,-0.3416299482088289]}"
930,6.694369316101074,Nakuru,2167.0,19.943477630615234,0.2772418260574341,1194.8536376953125,-0.28972028176817854,35.905191431332426,0.4672829806804657,952.6629638671875,4.0,2024,6.694369316101074,"{""type"":""Point"",""coordinates"":[35.905191431332426,-0.28972028176817854]}"
941,6.741523265838623,Nakuru,2514.0,20.752174377441406,0.29778945446014404,923.3309936523438,-0.18542151320217282,35.70958829098927,0.49030834436416626,1134.2620849609375,4.0,2024,6.741523265838623,"{""type"":""Point"",""coordinates"":[35.70958829098927,-0.18542151320217282]}"
945,7.296942710876465,Nakuru,2585.0,21.991304397583008,0.44103893637657166,831.6529541015625,-0.3750396263786964,35.5795797398684,0.5769988298416138,967.619384765625,4.0,2024,7.296942710876465,"{""type"":""Point"",""coordinates"":[35.5795797398684,-0.3750396263786964]}"
948,6.76999044418335,Nakuru,1882.0,20.369565963745117,0.3406337797641754,1366.1861572265625,-0.26117228504453976,36.11406042331521,0.5171895027160645,791.0906982421875,4.0,2024,6.76999044418335,"{""type"":""Point"",""coordinates"":[36.11406042331521,-0.26117228504453976]}"
949,5.764195442199707,Nakuru,2166.0,22.356521606445312,0.36440643668174744,1301.215087890625,-0.3796667878795887,35.96937636856232,0.6131229400634766,936.8294677734375,4.0,2024,5.764195442199707,"{""type"":""Point"",""coordinates"":[35.96937636856232,-0.3796667878795887]}"
950,6.490650653839111,Nakuru,2094.0,21.943477630615234,0.30446943640708923,1489.7117919921875,-0.3392042257318425,35.98070843547888,0.4980817139148712,949.3353881835938,1.0,2024,6.490650653839111,"{""type"":""Point"",""coordinates"":[35.98070843547888,-0.3392042257318425]}"
955,4.1743903160095215,Nakuru,2016.0,21.81739044189453,0.35069549083709717,1477.1676025390625,-0.703525591446895,36.25079909870217,0.5277748703956604,733.573974609375,4.0,2024,4.1743903160095215,"{""type"":""Point"",""coordinates"":[36.25079909870217,-0.703525591446895]}"
956,3.9294207096099854,Nakuru,1915.0,21.491304397583008,0.3319193124771118,1484.5091552734375,-0.5119416020636602,36.072835052561445,0.5199446678161621,751.40087890625,4.0,2024,3.9294207096099854,"{""type"":""Point"",""coordinates"":[36.072835052561445,-0.5119416020636602]}"
958,5.318542003631592,Nakuru,2699.0,20.795652389526367,0.3524777591228485,893.533935546875,-0.30511363121053686,35.64438571941979,0.5097754597663879,952.67431640625,4.0,2024,5.318542003631592,"{""type"":""Point"",""coordinates"":[35.64438571941979,-0.30511363121053686]}"
965,6.297623634338379,Nakuru,2011.0,21.947826385498047,0.37215325236320496,1359.44580078125,-0.19000041652191196,36.1401489335749,0.5534541606903076,1036.1998291015625,1.0,2024,6.297623634338379,"{""type"":""Point"",""coordinates"":[36.1401489335749,-0.19000041652191196]}"
977,4.514800548553467,Nakuru,2582.0,22.947826385498047,0.33689984679222107,924.5313110351562,-0.33073271093135176,35.792283985529146,0.4979434013366699,1103.1356201171875,4.0,2024,4.514800548553467,"{""type"":""Point"",""coordinates"":[35.792283985529146,-0.33073271093135176]}"
978,5.038768768310547,Nakuru,2364.0,22.31739044189453,0.34256711602211,922.11181640625,-0.3866560894852212,35.91457592776686,0.5559964179992676,1046.51220703125,4.0,2024,5.038768768310547,"{""type"":""Point"",""coordinates"":[35.91457592776686,-0.3866560894852212]}"
983,6.8003153800964355,Nakuru,2509.0,20.84782600402832,0.31267255544662476,923.3309936523438,-0.19911759255570555,35.71209705534221,0.5354008078575134,1134.2620849609375,4.0,2024,6.8003153800964355,"{""type"":""Point"",""coordinates"":[35.71209705534221,-0.19911759255570555]}"
984,3.666358232498169,Nakuru,2307.0,22.178260803222656,0.4098069965839386,945.5843505859375,-0.8436231632708577,36.51006104154902,0.5712460875511169,1194.972900390625,4.0,2024,3.666358232498169,"{""type"":""Point"",""coordinates"":[36.51006104154902,-0.8436231632708577]}"
986,5.49174690246582,Nakuru,2033.0,21.169565200805664,0.4428170323371887,1328.98974609375,-0.588096529595851,36.28628212767263,0.6361390948295593,641.4832763671875,4.0,2024,5.49174690246582,"{""type"":""Point"",""coordinates"":[36.28628212767263,-0.588096529595851]}"
987,4.051234245300293,Nakuru,1851.0,21.056522369384766,0.30821317434310913,1484.5091552734375,-0.5138228969587048,36.09201369758126,0.4832254946231842,751.40087890625,4.0,2024,4.051234245300293,"{""type"":""Point"",""coordinates"":[36.09201369758126,-0.5138228969587048]}"
988,5.632937431335449,Nakuru,1954.0,21.856521606445312,0.42598822712898254,1330.85302734375,-0.7769596586116009,36.44513918786212,0.5491634607315063,1032.5670166015625,4.0,2024,5.632937431335449,"{""type"":""Point"",""coordinates"":[36.44513918786212,-0.7769596586116009]}"
991,2.985252857208252,Nakuru,2827.0,23.356521606445312,0.3110489249229431,705.083251953125,-0.40350332652456045,35.79290698786626,0.5320019125938416,1132.7265625,4.0,2024,2.985252857208252,"{""type"":""Point"",""coordinates"":[35.79290698786626,-0.40350332652456045]}"
993,5.2847700119018555,Nakuru,2719.0,22.395652770996094,0.34919342398643494,758.80322265625,-0.31621209543982554,35.68890359009242,0.5088571310043335,1003.6137084960938,4.0,2024,5.2847700119018555,"{""type"":""Point"",""coordinates"":[35.68890359009242,-0.31621209543982554]}"
1000,6.834674835205078,Nakuru,2009.0,20.565217971801758,0.3278920650482178,1489.7117919921875,-0.2927908881939869,35.99554030475407,0.539649248123169,955.322509765625,4.0,2024,6.834674835205078,"{""type"":""Point"",""coordinates"":[35.99554030475407,-0.2927908881939869]}"
1007,4.149043083190918,Nakuru,2153.0,21.8869571685791,0.3183223307132721,945.5843505859375,-0.7721100934767625,36.497219915431224,0.5352685451507568,895.4133911132812,4.0,2024,4.149043083190918,"{""type"":""Point"",""coordinates"":[36.497219915431224,-0.7721100934767625]}"
1028,6.2224016189575195,Nakuru,2188.0,23.443477630615234,0.27876198291778564,922.11181640625,-0.3539428121020447,35.93462065175742,0.4789363145828247,1046.51220703125,4.0,2024,6.2224016189575195,"{""type"":""Point"",""coordinates"":[35.93462065175742,-0.3539428121020447]}"
1032,6.241286277770996,Nakuru,2009.0,22.643478393554688,0.3236488401889801,1609.933837890625,-0.2187600935331524,36.0061000129186,0.5368648767471313,871.6436767578125,4.0,2024,6.241286277770996,"{""type"":""Point"",""coordinates"":[36.0061000129186,-0.2187600935331524]}"
1038,5.6043291091918945,Nakuru,1523.0,17.291303634643555,0.4469383955001831,1620.4278564453125,0.054914688283091095,36.170195152233056,0.6317763924598694,843.6861572265625,1.0,2024,5.6043291091918945,"{""type"":""Point"",""coordinates"":[36.170195152233056,0.054914688283091095]}"
1042,3.688166379928589,Nakuru,1968.0,24.38260841369629,0.35798507928848267,1484.5091552734375,-0.5453935480742331,36.08356786500155,0.5241266489028931,751.40087890625,1.0,2024,3.688166379928589,"{""type"":""Point"",""coordinates"":[36.08356786500155,-0.5453935480742331]}"
1058,5.043328285217285,Nakuru,1737.0,18.88260841369629,0.26216086745262146,1258.922119140625,0.1396287303711712,36.25431580805368,0.40834280848503113,825.3482055664062,4.0,2024,5.043328285217285,"{""type"":""Point"",""coordinates"":[36.25431580805368,0.1396287303711712]}"
1061,6.281753063201904,Nakuru,2650.0,21.591304779052734,0.2905586361885071,923.3309936523438,-0.22340356226061495,35.69417485635795,0.38821539282798767,1002.68896484375,4.0,2024,6.281753063201904,"{""type"":""Point"",""coordinates"":[35.69417485635795,-0.22340356226061495]}"
1062,3.849825382232666,Nakuru,2144.0,21.939130783081055,0.3767891228199005,1109.161865234375,-0.8823971109869969,36.49986115174243,0.5476279854774475,1032.9967041015625,4.0,2024,3.849825382232666,"{""type"":""Point"",""coordinates"":[36.49986115174243,-0.8823971109869969]}"
1067,4.34821081161499,Nakuru,2348.0,20.826086044311523,0.26586756110191345,1088.5662841796875,-0.08743747260260508,36.18291072961396,0.40666693449020386,980.36962890625,1.0,2024,4.34821081161499,"{""type"":""Point"",""coordinates"":[36.18291072961396,-0.08743747260260508]}"
1068,4.730000972747803,Nakuru,1614.0,15.882608413696289,0.18204930424690247,1915.0673828125,0.005732323134541633,36.037429681034624,0.2644908130168915,810.364990234375,1.0,2024,4.730000972747803,"{""type"":""Point"",""coordinates"":[36.037429681034624,0.005732323134541633]}"
1072,5.790204048156738,Nakuru,1703.0,16.80434799194336,0.21476051211357117,1523.544189453125,-0.10502432442761696,36.06532084969983,0.3845685124397278,902.1099243164062,1.0,2024,5.790204048156738,"{""type"":""Point"",""coordinates"":[36.06532084969983,-0.10502432442761696]}"
1077,3.986362934112549,Nakuru,2550.0,21.521739959716797,0.3226027488708496,822.3162231445312,-0.49635215697975027,35.94962257861282,0.4896373152732849,1193.9844970703125,4.0,2024,3.986362934112549,"{""type"":""Point"",""coordinates"":[35.94962257861282,-0.49635215697975027]}"
1085,2.948723793029785,Nakuru,2641.0,21.22608757019043,0.24633066356182098,801.3780517578125,-0.5944458056845932,36.01634397020467,0.4441693425178528,956.3734130859375,4.0,2024,2.948723793029785,"{""type"":""Point"",""coordinates"":[36.01634397020467,-0.5944458056845932]}"
1086,4.4420013427734375,Nakuru,1886.0,23.31739044189453,0.1109035313129425,1310.0338134765625,-0.721039854075573,36.39287849205744,0.06437363475561142,913.4369506835938,4.0,2024,4.4420013427734375,"{""type"":""Point"",""coordinates"":[36.39287849205744,-0.721039854075573]}"
1090,6.594672679901123,Nakuru,1991.0,20.752174377441406,0.32047128677368164,1489.7117919921875,-0.31595067441134167,36.00476205443984,0.5257126092910767,767.5543212890625,4.0,2024,6.594672679901123,"{""type"":""Point"",""coordinates"":[36.00476205443984,-0.31595067441134167]}"
1092,6.729825019836426,Nakuru,1870.0,18.7391300201416,-0.3511062562465668,1366.1861572265625,-0.2691779439189681,36.11838069851775,0.26958245038986206,791.0906982421875,4.0,2024,6.729825019836426,"{""type"":""Point"",""coordinates"":[36.11838069851775,-0.2691779439189681]}"
1093,5.948378562927246,Nakuru,1981.0,20.865217208862305,0.36555686593055725,1308.805908203125,-0.5391445372453503,36.332425335877446,0.509272575378418,595.9387817382812,4.0,2024,5.948378562927246,"{""type"":""Point"",""coordinates"":[36.332425335877446,-0.5391445372453503]}"
1096,3.864924669265747,Nakuru,2205.0,21.38260841369629,0.3924074172973633,957.3016967773438,-0.6503626609778455,36.474843933351146,0.554839015007019,1018.88525390625,4.0,2024,3.864924669265747,"{""type"":""Point"",""coordinates"":[36.474843933351146,-0.6503626609778455]}"
1108,4.253541946411133,Nakuru,1956.0,21.7391300201416,0.34474605321884155,1078.94775390625,-0.5635415874953181,36.12711584202976,0.5222043395042419,768.9725952148438,4.0,2024,4.253541946411133,"{""type"":""Point"",""coordinates"":[36.12711584202976,-0.5635415874953181]}"
1112,7.453824996948242,Nakuru,2586.0,21.76956558227539,0.4198155999183655,831.6529541015625,-0.36196859621539135,35.566365489545156,0.5431594848632812,967.619384765625,4.0,2024,7.453824996948242,"{""type"":""Point"",""coordinates"":[35.566365489545156,-0.36196859621539135]}"
1113,3.8697006702423096,Nakuru,2849.0,21.591304779052734,0.2653881013393402,600.9398193359375,-0.6697057549485181,35.97360692966314,0.44566774368286133,1057.2928466796875,4.0,2024,3.8697006702423096,"{""type"":""Point"",""coordinates"":[35.97360692966314,-0.6697057549485181]}"
1114,5.109042167663574,Nakuru,2675.0,19.743478775024414,0.33511316776275635,758.80322265625,-0.3209658134566861,35.73096442209885,0.4604933559894562,1122.4949951171875,4.0,2024,5.109042167663574,"{""type"":""Point"",""coordinates"":[35.73096442209885,-0.3209658134566861]}"
1116,6.6074113845825195,Nakuru,1834.0,19.299999237060547,0.3184732496738434,1427.7750244140625,-0.15797242016768412,35.94318705447388,0.4835308790206909,885.2904052734375,1.0,2024,6.6074113845825195,"{""type"":""Point"",""coordinates"":[35.94318705447388,-0.15797242016768412]}"
1117,3.715650796890259,Nakuru,2287.0,22.31304359436035,0.35864681005477905,945.5843505859375,-0.7550442386727676,36.50559476787527,0.4991471767425537,1115.2738037109375,4.0,2024,3.715650796890259,"{""type"":""Point"",""coordinates"":[36.50559476787527,-0.7550442386727676]}"
1120,4.364048957824707,Nakuru,2554.0,22.68695640563965,0.2948538362979889,1090.254150390625,-0.5303779275017357,35.97070854970232,0.47390735149383545,1075.335693359375,4.0,2024,4.364048957824707,"{""type"":""Point"",""coordinates"":[35.97070854970232,-0.5303779275017357]}"
1128,3.8408875465393066,Nakuru,2189.0,22.69130516052246,0.3427076041698456,1131.45849609375,-0.9106397964109697,36.217975724269365,0.4655540883541107,1086.8748779296875,4.0,2024,3.8408875465393066,"{""type"":""Point"",""coordinates"":[36.217975724269365,-0.9106397964109697]}"
1137,5.278262138366699,Nakuru,2402.0,24.017391204833984,0.3444789946079254,922.11181640625,-0.3612460574092267,35.89051756387398,0.5427185297012329,1100.89599609375,4.0,2024,5.278262138366699,"{""type"":""Point"",""coordinates"":[35.89051756387398,-0.3612460574092267]}"
1145,6.108975887298584,Nakuru,2209.0,20.60869598388672,0.21289125084877014,1301.215087890625,-0.3647930813115825,35.95003013319234,0.4250551164150238,936.8294677734375,4.0,2024,6.108975887298584,"{""type"":""Point"",""coordinates"":[35.95003013319234,-0.3647930813115825]}"
1151,7.318740367889404,Nakuru,2491.0,23.45652198791504,0.4556323289871216,1038.7845458984375,-0.30275520050468413,35.49405293217993,0.46190929412841797,1113.7188720703125,1.0,2024,7.318740367889404,"{""type"":""Point"",""coordinates"":[35.49405293217993,-0.30275520050468413]}"
1152,4.388084888458252,Nakuru,1842.0,20.33478355407715,0.34309667348861694,1484.5091552734375,-0.5219104975129462,36.14642321029617,0.49776381254196167,675.6139526367188,4.0,2024,4.388084888458252,"{""type"":""Point"",""coordinates"":[36.14642321029617,-0.5219104975129462]}"
1166,6.394397735595703,Nakuru,2736.0,22.947826385498047,0.31305110454559326,976.3455810546875,-0.1414841396318686,35.71777656086439,0.47702521085739136,1246.947265625,4.0,2024,6.394397735595703,"{""type"":""Point"",""coordinates"":[35.71777656086439,-0.1414841396318686]}"
1168,7.1813225746154785,Nakuru,2130.0,22.626087188720703,0.3603697121143341,924.5313110351562,-0.2543396290477739,35.8347515682828,0.5634729266166687,1008.7403564453125,4.0,2024,7.1813225746154785,"{""type"":""Point"",""coordinates"":[35.8347515682828,-0.2543396290477739]}"
1171,5.592543601989746,Nakuru,1988.0,21.26956558227539,0.2679471969604492,1330.85302734375,-0.8005527928203056,36.445477632477086,0.31116026639938354,958.63525390625,6.0,2024,5.592543601989746,"{""type"":""Point"",""coordinates"":[36.445477632477086,-0.8005527928203056]}"
1182,5.8604865074157715,Nakuru,2566.0,22.30869483947754,0.4279880225658417,694.8674926757812,-0.4450987060973937,35.66145815898884,0.6569873690605164,977.9506225585938,4.0,2024,5.8604865074157715,"{""type"":""Point"",""coordinates"":[35.66145815898884,-0.4450987060973937]}"
1192,6.520900249481201,Nakuru,1874.0,18.339130401611328,0.4146099388599396,1366.1861572265625,-0.2853981432953115,36.12868128467404,0.5038790702819824,791.0906982421875,4.0,2024,6.520900249481201,"{""type"":""Point"",""coordinates"":[36.12868128467404,-0.2853981432953115]}"
1195,3.8760628700256348,Nakuru,2294.0,23.369565963745117,0.42374810576438904,1131.45849609375,-0.9061572494581568,36.205948051390266,0.6392441987991333,1086.8748779296875,4.0,2024,3.8760628700256348,"{""type"":""Point"",""coordinates"":[36.205948051390266,-0.9061572494581568]}"
1198,7.544405937194824,Nakuru,1848.0,19.452173233032227,0.429715633392334,1611.68310546875,-0.14422088601388847,35.865657282863516,0.6424027681350708,850.9305419921875,1.0,2024,7.544405937194824,"{""type"":""Point"",""coordinates"":[35.865657282863516,-0.14422088601388847]}"
1200,4.0749030113220215,Nakuru,1836.0,21.252174377441406,0.3064413070678711,1484.5091552734375,-0.502554082360125,36.08497293885286,0.4779878258705139,751.40087890625,4.0,2024,4.0749030113220215,"{""type"":""Point"",""coordinates"":[36.08497293885286,-0.502554082360125]}"
1209,5.377790451049805,Nakuru,2018.0,21.23043441772461,0.33691275119781494,945.5843505859375,-0.8036347580293035,36.45632937451234,0.4703655540943146,946.1964111328125,6.0,2024,5.377790451049805,"{""type"":""Point"",""coordinates"":[36.45632937451234,-0.8036347580293035]}"
1212,3.940556049346924,Nakuru,2133.0,22.169565200805664,0.2941106855869293,1109.161865234375,-0.8827644286895859,36.48716451598425,0.4612732529640198,1032.9967041015625,4.0,2024,3.940556049346924,"{""type"":""Point"",""coordinates"":[36.48716451598425,-0.8827644286895859]}"
1214,5.412116050720215,Nakuru,2394.0,21.721738815307617,0.30861735343933105,922.11181640625,-0.3584302521214357,35.89390997096283,0.5291993021965027,1100.89599609375,4.0,2024,5.412116050720215,"{""type"":""Point"",""coordinates"":[35.89390997096283,-0.3584302521214357]}"
1215,2.8314247131347656,Nakuru,2470.0,22.556522369384766,0.4320547878742218,931.31884765625,-0.6645141219963395,36.51219990452989,0.5676136612892151,1155.636474609375,4.0,2024,2.8314247131347656,"{""type"":""Point"",""coordinates"":[36.51219990452989,-0.6645141219963395]}"
1226,4.863720417022705,Nakuru,1570.0,16.017391204833984,0.24369725584983826,1915.0673828125,0.0033554741401269697,36.01885582074457,0.37012121081352234,810.364990234375,1.0,2024,4.863720417022705,"{""type"":""Point"",""coordinates"":[36.01885582074457,0.0033554741401269697]}"
1228,5.450160980224609,Nakuru,2382.0,22.62173843383789,0.3422064483165741,922.11181640625,-0.3511195371765091,35.88602871664697,0.6039310097694397,1100.89599609375,4.0,2024,5.450160980224609,"{""type"":""Point"",""coordinates"":[35.88602871664697,-0.3511195371765091]}"
1234,3.9757943153381348,Nakuru,2371.0,22.26956558227539,0.3233592212200165,1090.254150390625,-0.472720767817781,35.96532004597253,0.44810736179351807,1038.897705078125,4.0,2024,3.9757943153381348,"{""type"":""Point"",""coordinates"":[35.96532004597253,-0.472720767817781]}"
1235,6.904941082000732,Nakuru,2118.0,22.23043441772461,0.21806642413139343,1194.8536376953125,-0.27911675389936036,35.94030819409783,0.3926936388015747,952.6629638671875,1.0,2024,6.904941082000732,"{""type"":""Point"",""coordinates"":[35.94030819409783,-0.27911675389936036]}"
1237,2.5765788555145264,Nakuru,2336.0,24.234783172607422,0.38130438327789307,931.31884765625,-0.7447741597338381,36.53066688105724,0.6539972424507141,1146.4976806640625,4.0,2024,2.5765788555145264,"{""type"":""Point"",""coordinates"":[36.53066688105724,-0.7447741597338381]}"
1241,3.661179780960083,Nakuru,2544.0,22.704347610473633,0.3644648492336273,922.11181640625,-0.40578475536379505,35.882099068069124,0.5465821027755737,1174.0662841796875,4.0,2024,3.661179780960083,"{""type"":""Point"",""coordinates"":[35.882099068069124,-0.40578475536379505]}"
1246,6.248717784881592,Nakuru,2061.0,20.904348373413086,0.31846222281455994,1489.7117919921875,-0.3445092132882513,35.99545922792215,0.5158050656318665,949.3353881835938,1.0,2024,6.248717784881592,"{""type"":""Point"",""coordinates"":[35.99545922792215,-0.3445092132882513]}"
1271,5.253576755523682,Nakuru,2163.0,21.595651626586914,0.3371562361717224,1380.60546875,-0.6022725785612192,36.20664591948392,0.5149902105331421,1139.589599609375,4.0,2024,5.253576755523682,"{""type"":""Point"",""coordinates"":[36.20664591948392,-0.6022725785612192]}"
1274,5.151973724365234,Nakuru,2351.0,22.73043441772461,0.28753283619880676,922.11181640625,-0.3808163322706991,35.909426688715726,0.539726972579956,1046.51220703125,4.0,2024,5.151973724365234,"{""type"":""Point"",""coordinates"":[35.909426688715726,-0.3808163322706991]}"
1281,5.3451385498046875,Nakuru,2057.0,21.339130401611328,0.3184219300746918,1301.215087890625,-0.3840447142477596,36.000454375732524,0.5225008726119995,798.239501953125,4.0,2024,5.3451385498046875,"{""type"":""Point"",""coordinates"":[36.000454375732524,-0.3840447142477596]}"
1287,3.7264509201049805,Nakuru,2036.0,26.33478355407715,0.4182434678077698,1132.2017822265625,-0.7592685552830487,36.195210149550334,0.595034122467041,976.1364135742188,4.0,2024,3.7264509201049805,"{""type"":""Point"",""coordinates"":[36.195210149550334,-0.7592685552830487]}"
1288,6.186522483825684,Nakuru,2254.0,23.7608699798584,0.3482953608036041,1194.8536376953125,-0.31679858920299603,35.88843378174957,0.5340888500213623,979.8775024414062,4.0,2024,6.186522483825684,"{""type"":""Point"",""coordinates"":[35.88843378174957,-0.31679858920299603]}"
1303,5.03643798828125,Nakuru,1690.0,16.708696365356445,0.25061365962028503,1772.97216796875,-0.02053665999969626,36.13623586643606,0.4476616680622101,806.2922973632812,1.0,2024,5.03643798828125,"{""type"":""Point"",""coordinates"":[36.13623586643606,-0.02053665999969626]}"
1309,6.670053005218506,Nakuru,1876.0,20.104347229003906,0.38918131589889526,1489.7117919921875,-0.28275752842952095,36.033006151143915,0.5817046761512756,796.8777465820312,1.0,2024,6.670053005218506,"{""type"":""Point"",""coordinates"":[36.033006151143915,-0.28275752842952095]}"
1320,4.914341926574707,Nakuru,1905.0,22.16521644592285,0.33219608664512634,1380.60546875,-0.5577075377150881,36.18816701873136,0.5073922276496887,720.8082275390625,4.0,2024,4.914341926574707,"{""type"":""Point"",""coordinates"":[36.18816701873136,-0.5577075377150881]}"
1325,4.695224285125732,Nakuru,2143.0,21.80869483947754,0.2967310845851898,945.5843505859375,-0.7985815570958826,36.48305071683977,0.49340328574180603,895.4133911132812,6.0,2024,4.695224285125732,"{""type"":""Point"",""coordinates"":[36.48305071683977,-0.7985815570958826]}"
1340,5.627200126647949,Nakuru,2341.0,23.173913955688477,0.33479589223861694,1194.8536376953125,-0.34026390153472447,35.88241244961585,0.5501134395599365,979.8775024414062,4.0,2024,5.627200126647949,"{""type"":""Point"",""coordinates"":[35.88241244961585,-0.34026390153472447]}"
1341,6.164349555969238,Nakuru,2237.0,23.634782791137695,0.36538732051849365,1194.8536376953125,-0.3113122451979542,35.879289822866575,0.5612384676933289,979.8775024414062,4.0,2024,6.164349555969238,"{""type"":""Point"",""coordinates"":[35.879289822866575,-0.3113122451979542]}"
1344,6.247807502746582,Nakuru,2037.0,25.34782600402832,0.390037477016449,1609.933837890625,-0.22214981334447126,36.0145128984543,0.6027359962463379,871.6436767578125,4.0,2024,6.247807502746582,"{""type"":""Point"",""coordinates"":[36.0145128984543,-0.22214981334447126]}"
1354,4.050745964050293,Nakuru,2300.0,24.634782791137695,0.27156010270118713,1090.254150390625,-0.4658453537311981,35.974839277094546,0.4356204569339752,1038.897705078125,4.0,2024,4.050745964050293,"{""type"":""Point"",""coordinates"":[35.974839277094546,-0.4658453537311981]}"
1358,6.040424346923828,Nakuru,2331.0,23.669565200805664,0.38142165541648865,1022.1509399414062,-0.12716067273759288,35.620129172255574,0.449471116065979,1044.670654296875,1.0,2024,6.040424346923828,"{""type"":""Point"",""coordinates"":[35.620129172255574,-0.12716067273759288]}"
1367,5.608987331390381,Nakuru,2698.0,19.495651245117188,0.31300750374794006,694.8674926757812,-0.3809432466275047,35.65408329079711,0.4946835935115814,1036.11962890625,4.0,2024,5.608987331390381,"{""type"":""Point"",""coordinates"":[35.65408329079711,-0.3809432466275047]}"
1368,5.335633754730225,Nakuru,1994.0,22.278261184692383,0.35437655448913574,1401.8802490234375,0.024487570916582428,36.22494352221489,0.545910656452179,1000.578369140625,1.0,2024,5.335633754730225,"{""type"":""Point"",""coordinates"":[36.22494352221489,0.024487570916582428]}"
1372,4.116716384887695,Nakuru,1833.0,20.439130783081055,0.303562730550766,1484.5091552734375,-0.49859997031295483,36.087997624574605,0.45550093054771423,764.689208984375,4.0,2024,4.116716384887695,"{""type"":""Point"",""coordinates"":[36.087997624574605,-0.49859997031295483]}"
1374,5.2468461990356445,Nakuru,2462.0,24.660869598388672,0.3805868625640869,1380.60546875,-0.6205798591068427,36.22661955270598,0.5571871399879456,1139.589599609375,4.0,2024,5.2468461990356445,"{""type"":""Point"",""coordinates"":[36.22661955270598,-0.6205798591068427]}"
1378,3.773322582244873,Nakuru,2133.0,22.11739158630371,0.3757033348083496,1109.161865234375,-0.8882826217369492,36.51413069751977,0.5428170561790466,1136.390625,4.0,2024,3.773322582244873,"{""type"":""Point"",""coordinates"":[36.51413069751977,-0.8882826217369492]}"
1379,6.990687370300293,Nakuru,2611.0,20.208696365356445,0.28199049830436707,893.533935546875,-0.3278366892222042,35.556297540375006,0.3396039605140686,1015.4908447265625,4.0,2024,6.990687370300293,"{""type"":""Point"",""coordinates"":[35.556297540375006,-0.3278366892222042]}"
1382,4.866943836212158,Nakuru,2088.0,21.80869483947754,0.3743882179260254,931.31884765625,-0.741777959398201,36.474070031445265,0.48217740654945374,1042.134521484375,4.0,2024,4.866943836212158,"{""type"":""Point"",""coordinates"":[36.474070031445265,-0.741777959398201]}"
1385,5.7583184242248535,Nakuru,2178.0,21.96086883544922,0.4281984269618988,1293.6524658203125,-0.4407200834610942,36.32689551367493,0.6315680146217346,741.7913208007812,4.0,2024,5.7583184242248535,"{""type"":""Point"",""coordinates"":[36.32689551367493,-0.4407200834610942]}"
1389,4.188372611999512,Nakuru,1950.0,25.669565200805664,0.3935532867908478,1171.51220703125,-0.6277433284977497,36.43176707771847,0.5958981513977051,724.528564453125,1.0,2024,4.188372611999512,"{""type"":""Point"",""coordinates"":[36.43176707771847,-0.6277433284977497]}"
1394,3.6898648738861084,Nakuru,2655.0,23.986955642700195,0.3543236553668976,705.083251953125,-0.3734037826227661,35.842444990913364,0.5993533134460449,1137.972900390625,4.0,2024,3.6898648738861084,"{""type"":""Point"",""coordinates"":[35.842444990913364,-0.3734037826227661]}"
1395,4.079901695251465,Nakuru,1993.0,22.60869598388672,0.3164815604686737,1484.5091552734375,-0.4650778900350558,36.05735100565651,0.5012767910957336,764.689208984375,1.0,2024,4.079901695251465,"{""type"":""Point"",""coordinates"":[36.05735100565651,-0.4650778900350558]}"
1397,7.767839431762695,Nakuru,1919.0,23.086956024169922,0.11856013536453247,1129.3472900390625,-0.1942690466753704,35.83075336869972,0.49633029103279114,930.6578369140625,4.0,2024,7.767839431762695,"{""type"":""Point"",""coordinates"":[35.83075336869972,-0.1942690466753704]}"
1402,4.986328125,Nakuru,2768.0,21.104347229003906,0.40199172496795654,769.656982421875,-0.6644942059829602,35.93139708802388,0.5703376531600952,996.2274780273438,4.0,2024,4.986328125,"{""type"":""Point"",""coordinates"":[35.93139708802388,-0.6644942059829602]}"
1403,7.502846717834473,Nakuru,1962.0,20.282608032226562,0.3311811685562134,1129.3472900390625,-0.22494855090586044,35.84435567569071,0.5081813931465149,932.405517578125,4.0,2024,7.502846717834473,"{""type"":""Point"",""coordinates"":[35.84435567569071,-0.22494855090586044]}"
1410,3.661491870880127,Nakuru,2067.0,25.856521606445312,0.2810131013393402,1132.2017822265625,-0.7582074898632932,36.18892742998822,0.4368261694908142,976.1364135742188,4.0,2024,3.661491870880127,"{""type"":""Point"",""coordinates"":[36.18892742998822,-0.7582074898632932]}"
1415,5.744935035705566,Nakuru,2648.0,20.83478355407715,0.33701232075691223,893.533935546875,-0.3096932023315223,35.60151711147866,0.4501081705093384,952.67431640625,4.0,2024,5.744935035705566,"{""type"":""Point"",""coordinates"":[35.60151711147866,-0.3096932023315223]}"
1419,5.524669647216797,Nakuru,2387.0,22.31739044189453,0.3063663840293884,922.11181640625,-0.35465048607978433,35.89356994769732,0.539299726486206,1100.89599609375,4.0,2024,5.524669647216797,"{""type"":""Point"",""coordinates"":[35.89356994769732,-0.35465048607978433]}"
1421,5.55375862121582,Nakuru,2506.0,24.37826156616211,0.40490293502807617,891.9224243164062,-0.6071859532876849,35.67078139343406,0.5905197262763977,995.0520629882812,4.0,2024,5.55375862121582,"{""type"":""Point"",""coordinates"":[35.67078139343406,-0.6071859532876849]}"
1422,4.649142742156982,Nakuru,2408.0,21.700000762939453,0.31544792652130127,922.11181640625,-0.38983158257290706,35.90111808054682,0.5444446802139282,1046.51220703125,4.0,2024,4.649142742156982,"{""type"":""Point"",""coordinates"":[35.90111808054682,-0.38983158257290706]}"
1423,6.360546112060547,Nakuru,2579.0,21.61739158630371,0.3232669234275818,923.3309936523438,-0.20670002925453737,35.69228772238869,0.49449458718299866,1002.68896484375,4.0,2024,6.360546112060547,"{""type"":""Point"",""coordinates"":[35.69228772238869,-0.20670002925453737]}"
1433,5.473803520202637,Nakuru,1554.0,18.173913955688477,0.3514787256717682,1620.4278564453125,0.08060424903583166,36.17876418990061,0.5436238646507263,843.6861572265625,1.0,2024,5.473803520202637,"{""type"":""Point"",""coordinates"":[36.17876418990061,0.08060424903583166]}"
1434,5.900445938110352,Nakuru,2646.0,21.339130401611328,0.34532174468040466,923.3309936523438,-0.23197328680065876,35.68144049570625,0.5295801758766174,1002.68896484375,4.0,2024,5.900445938110352,"{""type"":""Point"",""coordinates"":[35.68144049570625,-0.23197328680065876]}"
1447,5.51452112197876,Nakuru,1708.0,19.243478775024414,0.3176264464855194,1523.544189453125,-0.08399935811160499,36.09174557807564,0.4900522232055664,789.4463500976562,1.0,2024,5.51452112197876,"{""type"":""Point"",""coordinates"":[36.09174557807564,-0.08399935811160499]}"
1460,4.394832611083984,Nakuru,2027.0,20.504348754882812,0.27553820610046387,1301.215087890625,-0.41716031943013,36.0297732082676,0.45498576760292053,828.8031005859375,1.0,2024,4.394832611083984,"{""type"":""Point"",""coordinates"":[36.0297732082676,-0.41716031943013]}"
1464,3.414158582687378,Nakuru,2739.0,20.84347915649414,0.37992218136787415,705.083251953125,-0.36400668494947314,35.773968039617785,0.5525106191635132,1214.5709228515625,4.0,2024,3.414158582687378,"{""type"":""Point"",""coordinates"":[35.773968039617785,-0.36400668494947314]}"
1473,5.744478225708008,Nakuru,1953.0,21.447826385498047,0.4214009642601013,1163.2713623046875,-0.5430358273625812,36.352305421549374,0.5932289361953735,691.9712524414062,4.0,2024,5.744478225708008,"{""type"":""Point"",""coordinates"":[36.352305421549374,-0.5430358273625812]}"
1477,7.066652297973633,Nakuru,2089.0,20.57391357421875,0.3140615224838257,1194.8536376953125,-0.25752092536945376,35.85188731560985,0.4646803140640259,920.227783203125,4.0,2024,7.066652297973633,"{""type"":""Point"",""coordinates"":[35.85188731560985,-0.25752092536945376]}"
1481,4.619173526763916,Nakuru,2117.0,21.57826042175293,0.3373503088951111,945.5843505859375,-0.7628232113636205,36.484541712796556,0.5418980121612549,895.4133911132812,4.0,2024,4.619173526763916,"{""type"":""Point"",""coordinates"":[36.484541712796556,-0.7628232113636205]}"
1486,4.525937080383301,Nakuru,2023.0,21.669565200805664,0.31918805837631226,1078.94775390625,-0.5873600584747538,36.1391701109907,0.48499688506126404,768.9725952148438,4.0,2024,4.525937080383301,"{""type"":""Point"",""coordinates"":[36.1391701109907,-0.5873600584747538]}"
1487,4.593191146850586,Nakuru,2073.0,21.930435180664062,0.3755268454551697,931.31884765625,-0.6809578443207476,36.45774743240244,0.5668237209320068,1014.9779052734375,4.0,2024,4.593191146850586,"{""type"":""Point"",""coordinates"":[36.45774743240244,-0.6809578443207476]}"
1493,3.6733338832855225,Nakuru,1962.0,23.752174377441406,0.403068870306015,1132.2017822265625,-0.7786958279864727,36.21075701060466,0.5553286075592041,760.7749633789062,4.0,2024,3.6733338832855225,"{""type"":""Point"",""coordinates"":[36.21075701060466,-0.7786958279864727]}"
1496,4.119479179382324,Nakuru,2679.0,24.395652770996094,0.36111611127853394,792.1693115234375,-0.4897495590786691,35.74864280936811,0.5503849387168884,1076.4185791015625,4.0,2024,4.119479179382324,"{""type"":""Point"",""coordinates"":[35.74864280936811,-0.4897495590786691]}"
1507,4.2173357009887695,Nakuru,1849.0,20.700000762939453,0.28467753529548645,1484.5091552734375,-0.5185625173588775,36.11699973403382,0.42849838733673096,675.6139526367188,1.0,2024,4.2173357009887695,"{""type"":""Point"",""coordinates"":[36.11699973403382,-0.5185625173588775]}"
1510,5.604245185852051,Nakuru,1960.0,21.856521606445312,0.31356868147850037,1330.85302734375,-0.7766793397824981,36.44758557838289,0.42326486110687256,1032.5670166015625,4.0,2024,5.604245185852051,"{""type"":""Point"",""coordinates"":[36.44758557838289,-0.7766793397824981]}"
1511,5.15571403503418,Nakuru,1785.0,20.46521759033203,0.31468623876571655,1523.544189453125,-0.0719056143277227,36.130232900925236,0.4505157470703125,875.034912109375,4.0,2024,5.15571403503418,"{""type"":""Point"",""coordinates"":[36.130232900925236,-0.0719056143277227]}"
1515,7.685513496398926,Nakuru,2186.0,21.995651245117188,0.3730674982070923,1129.3472900390625,-0.2006640672480335,35.7814728167108,0.5152642130851746,1037.336181640625,1.0,2024,7.685513496398926,"{""type"":""Point"",""coordinates"":[35.7814728167108,-0.2006640672480335]}"
1518,4.783411502838135,Nakuru,1718.0,16.365217208862305,0.25277963280677795,1772.97216796875,-0.008735654673095668,36.075249259072,0.38630256056785583,836.5701293945312,4.0,2024,4.783411502838135,"{""type"":""Point"",""coordinates"":[36.075249259072,-0.008735654673095668]}"
1523,6.635563850402832,Nakuru,1848.0,23.586956024169922,0.3645452857017517,1489.7117919921875,-0.29279292481932867,36.03136981652106,0.5014132857322693,796.8777465820312,4.0,2024,6.635563850402832,"{""type"":""Point"",""coordinates"":[36.03136981652106,-0.29279292481932867]}"
1525,6.9055681228637695,Nakuru,2040.0,21.717391967773438,0.3287913501262665,1194.8536376953125,-0.26067909561622143,35.89234817534878,0.5176664590835571,920.227783203125,1.0,2024,6.9055681228637695,"{""type"":""Point"",""coordinates"":[35.89234817534878,-0.26067909561622143]}"
1528,6.773612976074219,Nakuru,1890.0,20.6130428314209,0.3095780313014984,1366.1861572265625,-0.260030994292761,36.129892573098545,0.4970078766345978,791.0906982421875,4.0,2024,6.773612976074219,"{""type"":""Point"",""coordinates"":[36.129892573098545,-0.260030994292761]}"
1535,4.632316589355469,Nakuru,2228.0,23.395652770996094,0.3183634579181671,1088.5662841796875,-0.1393465477416981,36.17363767914279,0.4910846948623657,1048.4423828125,1.0,2024,4.632316589355469,"{""type"":""Point"",""coordinates"":[36.17363767914279,-0.1393465477416981]}"
1536,6.268294334411621,Nakuru,1752.0,17.643478393554688,0.2276337891817093,1772.631103515625,-0.1314352669077834,35.97284277556033,0.3566182255744934,848.7538452148438,4.0,2024,6.268294334411621,"{""type"":""Point"",""coordinates"":[35.97284277556033,-0.1314352669077834]}"
1550,6.201009273529053,Nakuru,2011.0,20.604347229003906,0.2969698905944824,1489.7117919921875,-0.3365508200052591,36.010024076391794,0.5076096653938293,767.5543212890625,4.0,2024,6.201009273529053,"{""type"":""Point"",""coordinates"":[36.010024076391794,-0.3365508200052591]}"
1564,4.186882495880127,Nakuru,2170.0,23.821739196777344,0.2570953071117401,1090.254150390625,-0.45166508608423983,35.99903790380708,0.4312865138053894,1038.897705078125,4.0,2024,4.186882495880127,"{""type"":""Point"",""coordinates"":[35.99903790380708,-0.45166508608423983]}"
1565,7.2141242027282715,Nakuru,1851.0,19.521739959716797,0.3259686827659607,1427.7750244140625,-0.16183853035856913,35.900061553262844,0.5464059114456177,873.606201171875,1.0,2024,7.2141242027282715,"{""type"":""Point"",""coordinates"":[35.900061553262844,-0.16183853035856913]}"
1568,5.096832275390625,Nakuru,1770.0,19.443477630615234,0.3244157135486603,1523.544189453125,-0.06609443079063133,36.13255386823863,0.5109769105911255,875.034912109375,4.0,2024,5.096832275390625,"{""type"":""Point"",""coordinates"":[36.13255386823863,-0.06609443079063133]}"
1569,4.152491569519043,Nakuru,2548.0,22.365217208862305,0.4106936752796173,792.1693115234375,-0.5361021103926817,35.68294217593501,0.5607831478118896,959.3286743164062,4.0,2024,4.152491569519043,"{""type"":""Point"",""coordinates"":[35.68294217593501,-0.5361021103926817]}"
1573,5.674477577209473,Nakuru,2224.0,22.217391967773438,0.3502246141433716,1293.6524658203125,-0.42705616677075026,36.301548041437115,0.5372252464294434,741.7913208007812,1.0,2024,5.674477577209473,"{""type"":""Point"",""coordinates"":[36.301548041437115,-0.42705616677075026]}"
1576,5.354562759399414,Nakuru,2733.0,21.46086883544922,0.46280810236930847,694.8674926757812,-0.3999947100551228,35.68004961939718,0.5989874601364136,977.9506225585938,4.0,2024,5.354562759399414,"{""type"":""Point"",""coordinates"":[35.68004961939718,-0.3999947100551228]}"
1577,4.135767459869385,Nakuru,1949.0,21.856521606445312,0.323550283908844,1078.94775390625,-0.5589368148333448,36.11978916592164,0.4819270670413971,768.9725952148438,4.0,2024,4.135767459869385,"{""type"":""Point"",""coordinates"":[36.11978916592164,-0.5589368148333448]}"
1588,4.03387975692749,Nakuru,1533.0,18.669565200805664,0.4193229079246521,1915.0673828125,0.045591676871632535,35.95514231917438,0.6212592124938965,785.2053833007812,1.0,2024,4.03387975692749,"{""type"":""Point"",""coordinates"":[35.95514231917438,0.045591676871632535]}"
1593,2.863924503326416,Nakuru,2492.0,22.856521606445312,0.5216236114501953,931.31884765625,-0.695947221054641,36.515628895586445,0.6691368222236633,1155.636474609375,4.0,2024,2.863924503326416,"{""type"":""Point"",""coordinates"":[36.515628895586445,-0.695947221054641]}"
1599,4.781167030334473,Nakuru,2448.0,22.66521644592285,0.33555927872657776,922.11181640625,-0.3800948609352442,35.8936356073776,0.588533341884613,1100.89599609375,4.0,2024,4.781167030334473,"{""type"":""Point"",""coordinates"":[35.8936356073776,-0.3800948609352442]}"
1600,3.800598382949829,Nakuru,1963.0,22.27391242980957,0.2596151530742645,1132.2017822265625,-0.7605179345900414,36.204217046187075,0.3733789920806885,760.7749633789062,4.0,2024,3.800598382949829,"{""type"":""Point"",""coordinates"":[36.204217046187075,-0.7605179345900414]}"
1603,5.3873491287231445,Nakuru,2687.0,19.765216827392578,0.29718589782714844,694.8674926757812,-0.4275486832460117,35.684158383427906,0.4665842354297638,977.9506225585938,4.0,2024,5.3873491287231445,"{""type"":""Point"",""coordinates"":[35.684158383427906,-0.4275486832460117]}"
1604,7.008437633514404,Nakuru,2122.0,20.799999237060547,0.3552204370498657,924.5313110351562,-0.2618623516706575,35.84844119364157,0.52670818567276,1008.7403564453125,4.0,2024,7.008437633514404,"{""type"":""Point"",""coordinates"":[35.84844119364157,-0.2618623516706575]}"
1613,4.3717169761657715,Nakuru,2479.0,22.96956443786621,0.252227246761322,976.3455810546875,-0.058753061159129365,35.65452291708999,0.4253108501434326,1155.217529296875,4.0,2024,4.3717169761657715,"{""type"":""Point"",""coordinates"":[35.65452291708999,-0.058753061159129365]}"
1615,4.43697452545166,Nakuru,1899.0,22.53043556213379,0.378764271736145,1171.51220703125,-0.6241860418058056,36.363748858716804,0.48388153314590454,635.6214599609375,4.0,2024,4.43697452545166,"{""type"":""Point"",""coordinates"":[36.363748858716804,-0.6241860418058056]}"
1617,5.4019670486450195,Nakuru,2303.0,21.508695602416992,0.4016216993331909,922.11181640625,-0.3846521755715668,35.931043605443904,0.6397064924240112,1046.51220703125,4.0,2024,5.4019670486450195,"{""type"":""Point"",""coordinates"":[35.931043605443904,-0.3846521755715668]}"
1620,3.623873710632324,Nakuru,1923.0,22.68260955810547,0.6589049696922302,1477.1676025390625,-0.7072863520458896,36.307955080963296,0.7648269534111023,970.3798828125,1.0,2024,3.623873710632324,"{""type"":""Point"",""coordinates"":[36.307955080963296,-0.7072863520458896]}"
1629,4.770412445068359,Nakuru,1918.0,21.947826385498047,0.3439798653125763,1380.60546875,-0.555079537417361,36.17458029929534,0.5227929353713989,720.8082275390625,4.0,2024,4.770412445068359,"{""type"":""Point"",""coordinates"":[36.17458029929534,-0.555079537417361]}"
1635,7.679379463195801,Nakuru,2535.0,23.065217971801758,0.4189014136791229,831.6529541015625,-0.44001130891163714,35.58601133538738,0.5701940059661865,892.9230346679688,4.0,2024,7.679379463195801,"{""type"":""Point"",""coordinates"":[35.58601133538738,-0.44001130891163714]}"
1644,4.127633571624756,Nakuru,2018.0,23.704347610473633,0.30043694376945496,1599.727294921875,-0.4428837231603385,36.058242571216134,0.48708537220954895,814.7531127929688,1.0,2024,4.127633571624756,"{""type"":""Point"",""coordinates"":[36.058242571216134,-0.4428837231603385]}"
1647,4.9572319984436035,Nakuru,1617.0,16.904348373413086,0.28591635823249817,1772.97216796875,-0.01807496200321699,36.12820344654709,0.4404454231262207,806.2922973632812,1.0,2024,4.9572319984436035,"{""type"":""Point"",""coordinates"":[36.12820344654709,-0.01807496200321699]}"
1648,3.0436851978302,Nakuru,2730.0,22.495651245117188,0.39118170738220215,705.083251953125,-0.38193540658007064,35.8172642662854,0.551978349685669,1137.972900390625,4.0,2024,3.0436851978302,"{""type"":""Point"",""coordinates"":[35.8172642662854,-0.38193540658007064]}"
1652,5.687375545501709,Nakuru,1986.0,21.77391242980957,0.3105148375034332,1143.9588623046875,-0.2839668063064583,36.1970350580195,0.46908119320869446,896.1743774414062,4.0,2024,5.687375545501709,"{""type"":""Point"",""coordinates"":[36.1970350580195,-0.2839668063064583]}"
1663,5.774578094482422,Nakuru,1993.0,20.860870361328125,0.3095172345638275,1620.4278564453125,0.05386859182682098,36.198523548999475,0.479182630777359,843.6861572265625,1.0,2024,5.774578094482422,"{""type"":""Point"",""coordinates"":[36.198523548999475,0.05386859182682098]}"
1664,5.429255962371826,Nakuru,2029.0,21.626087188720703,0.34602826833724976,1163.2713623046875,-0.5238347655935759,36.3787905299785,0.516385555267334,691.9712524414062,4.0,2024,5.429255962371826,"{""type"":""Point"",""coordinates"":[36.3787905299785,-0.5238347655935759]}"
1668,4.163426876068115,Nakuru,1934.0,22.204347610473633,0.24316637217998505,1109.161865234375,-0.9450204711973558,36.50758781591106,0.3625895082950592,1141.9552001953125,4.0,2024,4.163426876068115,"{""type"":""Point"",""coordinates"":[36.50758781591106,-0.9450204711973558]}"
1677,3.5204622745513916,Nakuru,2017.0,23.008695602416992,0.38838937878608704,1132.2017822265625,-0.8114166525373431,36.209709335134136,0.5724300742149353,886.7838134765625,4.0,2024,3.5204622745513916,"{""type"":""Point"",""coordinates"":[36.209709335134136,-0.8114166525373431]}"
1682,5.996458530426025,Nakuru,2653.0,20.321739196777344,0.27425283193588257,923.3309936523438,-0.2289468492263492,35.684490808825096,0.4440367519855499,1002.68896484375,4.0,2024,5.996458530426025,"{""type"":""Point"",""coordinates"":[35.684490808825096,-0.2289468492263492]}"
1687,5.86861515045166,Nakuru,2635.0,20.865217208862305,0.37364405393600464,694.8674926757812,-0.42235434809526523,35.6573338447906,0.5390947461128235,977.9506225585938,4.0,2024,5.86861515045166,"{""type"":""Point"",""coordinates"":[35.6573338447906,-0.42235434809526523]}"
1689,6.938750267028809,Nakuru,2032.0,20.786956787109375,0.2583170533180237,1194.8536376953125,-0.2545532043342086,35.90199578109901,0.41179609298706055,952.6629638671875,4.0,2024,6.938750267028809,"{""type"":""Point"",""coordinates"":[35.90199578109901,-0.2545532043342086]}"
1690,5.994328498840332,Nakuru,2333.0,22.491304397583008,0.2565551996231079,1194.8536376953125,-0.34414498485827055,35.9058353804822,0.4356791377067566,982.5396118164062,4.0,2024,5.994328498840332,"{""type"":""Point"",""coordinates"":[35.9058353804822,-0.34414498485827055]}"
1697,8.064838409423828,Nakuru,2503.0,24.6130428314209,0.5178317427635193,932.83642578125,-0.44076934644752547,35.538069669354215,0.5994649529457092,920.1461791992188,4.0,2024,8.064838409423828,"{""type"":""Point"",""coordinates"":[35.538069669354215,-0.44076934644752547]}"
1700,4.348817825317383,Nakuru,1859.0,21.504348754882812,0.2808164656162262,1484.5091552734375,-0.5277059790180755,36.13854394158184,0.4241012930870056,675.6139526367188,4.0,2024,4.348817825317383,"{""type"":""Point"",""coordinates"":[36.13854394158184,-0.5277059790180755]}"
1714,4.041374206542969,Nakuru,2582.0,21.360870361328125,0.31030112504959106,801.3780517578125,-0.5733657629191042,35.98522995685302,0.4801665246486664,1120.51123046875,4.0,2024,4.041374206542969,"{""type"":""Point"",""coordinates"":[35.98522995685302,-0.5733657629191042]}"
1716,6.1582417488098145,Nakuru,2012.0,20.439130783081055,0.3710669279098511,1308.805908203125,-0.4874248249437008,36.33234114464997,0.5499680042266846,663.8724365234375,4.0,2024,6.1582417488098145,"{""type"":""Point"",""coordinates"":[36.33234114464997,-0.4874248249437008]}"
1719,5.8874125480651855,Nakuru,1996.0,21.947826385498047,0.20701424777507782,1609.933837890625,-0.1682915177235753,36.035139539121715,0.4037621319293976,873.7376708984375,4.0,2024,5.8874125480651855,"{""type"":""Point"",""coordinates"":[36.035139539121715,-0.1682915177235753]}"
1721,6.957352638244629,Nakuru,2383.0,22.160869598388672,0.3565446138381958,924.5313110351562,-0.26440413306744487,35.77886087757054,0.5616526007652283,1059.924072265625,4.0,2024,6.957352638244629,"{""type"":""Point"",""coordinates"":[35.77886087757054,-0.26440413306744487]}"
1730,3.587641477584839,Nakuru,1565.0,18.130434036254883,0.32137343287467957,1829.679931640625,0.08493666512369465,35.940196311028345,0.5186946392059326,849.2327270507812,1.0,2024,3.587641477584839,"{""type"":""Point"",""coordinates"":[35.940196311028345,0.08493666512369465]}"
1737,6.760550022125244,Nakuru,1900.0,19.047826766967773,0.30199992656707764,1366.1861572265625,-0.25970942819559195,36.13571044858337,0.43630099296569824,791.0906982421875,1.0,2024,6.760550022125244,"{""type"":""Point"",""coordinates"":[36.13571044858337,-0.25970942819559195]}"
1738,5.247138977050781,Nakuru,2748.0,22.747825622558594,0.2851487398147583,758.80322265625,-0.33258417868510276,35.67583850726242,0.3963806927204132,1003.6137084960938,4.0,2024,5.247138977050781,"{""type"":""Point"",""coordinates"":[35.67583850726242,-0.33258417868510276]}"
1739,6.568324089050293,Nakuru,2615.0,21.81739044189453,0.2772885262966156,893.533935546875,-0.3164724215384089,35.56490242518549,0.405285507440567,1015.4908447265625,4.0,2024,6.568324089050293,"{""type"":""Point"",""coordinates"":[35.56490242518549,-0.3164724215384089]}"
1746,7.337060451507568,Nakuru,1911.0,18.952173233032227,0.27599775791168213,1270.390380859375,-0.1176435701506764,35.82978172976783,0.45958566665649414,910.8822631835938,1.0,2024,7.337060451507568,"{""type"":""Point"",""coordinates"":[35.82978172976783,-0.1176435701506764]}"
1748,6.959056854248047,Nakuru,2016.0,21.639129638671875,0.355774462223053,1194.8536376953125,-0.25697715665458304,35.88187442772686,0.5811922550201416,920.227783203125,4.0,2024,6.959056854248047,"{""type"":""Point"",""coordinates"":[35.88187442772686,-0.25697715665458304]}"
1753,5.235726833343506,Nakuru,2739.0,23.021739959716797,0.3335741460323334,758.80322265625,-0.27857263247894004,35.653110245713286,0.4330456554889679,1020.0197143554688,4.0,2024,5.235726833343506,"{""type"":""Point"",""coordinates"":[35.653110245713286,-0.27857263247894004]}"
1754,4.751324653625488,Nakuru,1823.0,19.369565963745117,0.3976813852787018,1258.922119140625,0.09981506409606695,36.257012933123846,0.5712018013000488,825.3482055664062,4.0,2024,4.751324653625488,"{""type"":""Point"",""coordinates"":[36.257012933123846,0.09981506409606695]}"
1764,6.229786396026611,Nakuru,2124.0,20.556522369384766,0.3883811831474304,1301.215087890625,-0.35634531129078706,35.976565453759726,0.5807592272758484,936.8294677734375,1.0,2024,6.229786396026611,"{""type"":""Point"",""coordinates"":[35.976565453759726,-0.35634531129078706]}"
1773,5.521429061889648,Nakuru,2675.0,19.92173957824707,0.33621907234191895,758.80322265625,-0.27063488346430786,35.676732323603794,0.5623239874839783,1020.0197143554688,4.0,2024,5.521429061889648,"{""type"":""Point"",""coordinates"":[35.676732323603794,-0.27063488346430786]}"
1779,5.245977401733398,Nakuru,1893.0,21.84782600402832,0.2593285143375397,1310.0338134765625,-0.7338910499439818,36.429120119911666,0.3632408082485199,806.1681518554688,4.0,2024,5.245977401733398,"{""type"":""Point"",""coordinates"":[36.429120119911666,-0.7338910499439818]}"
1784,4.67435884475708,Nakuru,2454.0,22.42608642578125,0.3821661174297333,1293.6524658203125,-0.3867500067298182,36.32285660718715,0.5491522550582886,846.8605346679688,1.0,2024,4.67435884475708,"{""type"":""Point"",""coordinates"":[36.32285660718715,-0.3867500067298182]}"
1790,4.149054050445557,Nakuru,2243.0,26.086956024169922,0.37465471029281616,1130.5069580078125,-0.7183521152541125,36.16048537154431,0.5980921983718872,925.4761352539062,4.0,2024,4.149054050445557,"{""type"":""Point"",""coordinates"":[36.16048537154431,-0.7183521152541125]}"
1791,4.601220607757568,Nakuru,1906.0,21.326086044311523,0.3803209960460663,1310.0338134765625,-0.6893850820479664,36.419651917945195,0.525739848613739,770.7598266601562,4.0,2024,4.601220607757568,"{""type"":""Point"",""coordinates"":[36.419651917945195,-0.6893850820479664]}"
1792,3.197713851928711,Nakuru,2420.0,23.30869483947754,0.3960680067539215,1131.45849609375,-0.8716744837787059,36.18117323437754,0.6398196816444397,1031.06005859375,4.0,2024,3.197713851928711,"{""type"":""Point"",""coordinates"":[36.18117323437754,-0.8716744837787059]}"
1793,4.240754127502441,Nakuru,2209.0,21.6130428314209,0.31955674290657043,945.5843505859375,-0.8258310112013412,36.491854273688645,0.44996803998947144,946.1964111328125,4.0,2024,4.240754127502441,"{""type"":""Point"",""coordinates"":[36.491854273688645,-0.8258310112013412]}"
1799,3.1134276390075684,Nakuru,2187.0,22.604347229003906,0.350917786359787,1132.2017822265625,-0.8280517693975123,36.18912924921282,0.5607638359069824,1001.2666015625,4.0,2024,3.1134276390075684,"{""type"":""Point"",""coordinates"":[36.18912924921282,-0.8280517693975123]}"
1803,5.8548970222473145,Nakuru,1851.0,18.908695220947266,0.2917040288448334,1772.631103515625,-0.14006851487903715,36.03855239392673,0.45469462871551514,856.3206787109375,4.0,2024,5.8548970222473145,"{""type"":""Point"",""coordinates"":[36.03855239392673,-0.14006851487903715]}"
1806,5.963319778442383,Nakuru,2647.0,20.22608757019043,0.34998998045921326,758.80322265625,-0.2628817408363485,35.699759856569294,0.5172345042228699,1020.0197143554688,4.0,2024,5.963319778442383,"{""type"":""Point"",""coordinates"":[35.699759856569294,-0.2628817408363485]}"
1813,6.1788434982299805,Nakuru,2605.0,21.19130516052246,0.2619068920612335,923.3309936523438,-0.23265209511987173,35.69361793438753,0.42425787448883057,1002.68896484375,4.0,2024,6.1788434982299805,"{""type"":""Point"",""coordinates"":[35.69361793438753,-0.23265209511987173]}"
1816,5.450505256652832,Nakuru,2381.0,23.082609176635742,0.4052800238132477,1194.8536376953125,-0.33601620014381367,35.87015089711916,0.5917459726333618,979.8775024414062,4.0,2024,5.450505256652832,"{""type"":""Point"",""coordinates"":[35.87015089711916,-0.33601620014381367]}"
1818,5.692594528198242,Nakuru,2239.0,20.130434036254883,0.3433108627796173,922.11181640625,-0.3800532740498879,35.94465414223149,0.5500142574310303,1046.51220703125,4.0,2024,5.692594528198242,"{""type"":""Point"",""coordinates"":[35.94465414223149,-0.3800532740498879]}"
1831,4.589821815490723,Nakuru,1930.0,21.721738815307617,0.3740164637565613,1109.161865234375,-0.9421222080604869,36.54737143492101,0.5688612461090088,1141.9552001953125,4.0,2024,4.589821815490723,"{""type"":""Point"",""coordinates"":[36.54737143492101,-0.9421222080604869]}"
1836,4.3005170822143555,Nakuru,1857.0,21.713043212890625,0.28066492080688477,1484.5091552734375,-0.5260893348138915,36.131358946704125,0.4317513704299927,675.6139526367188,4.0,2024,4.3005170822143555,"{""type"":""Point"",""coordinates"":[36.131358946704125,-0.5260893348138915]}"
1838,5.673840045928955,Nakuru,2036.0,18.68260955810547,0.38283705711364746,1401.8802490234375,0.030269198909461417,36.211349023170456,0.560623288154602,1000.578369140625,1.0,2024,5.673840045928955,"{""type"":""Point"",""coordinates"":[36.211349023170456,0.030269198909461417]}"
1841,5.333320617675781,Nakuru,1717.0,17.339130401611328,0.3320615589618683,1691.5689697265625,0.19260519497703657,36.230454350485715,0.5121892094612122,790.5244750976562,1.0,2024,5.333320617675781,"{""type"":""Point"",""coordinates"":[36.230454350485715,0.19260519497703657]}"
1845,4.561843395233154,Nakuru,2602.0,23.31739044189453,0.31697943806648254,792.1693115234375,-0.5185944153863999,35.678299119304086,0.49967217445373535,959.3286743164062,4.0,2024,4.561843395233154,"{""type"":""Point"",""coordinates"":[35.678299119304086,-0.5185944153863999]}"
1854,4.279470920562744,Nakuru,1913.0,20.982608795166016,0.4447525441646576,1171.51220703125,-0.6254050810642291,36.40532930678465,0.5427050590515137,724.528564453125,4.0,2024,4.279470920562744,"{""type"":""Point"",""coordinates"":[36.40532930678465,-0.6254050810642291]}"
1855,4.281429290771484,Nakuru,1903.0,20.65217399597168,0.31221288442611694,1171.51220703125,-0.6286707654238723,36.39957626650249,0.46335569024086,635.6214599609375,4.0,2024,4.281429290771484,"{""type"":""Point"",""coordinates"":[36.39957626650249,-0.6286707654238723]}"
1863,4.824429035186768,Nakuru,2461.0,21.791303634643555,0.337363064289093,922.11181640625,-0.37755718525237814,35.89176297679774,0.5700321793556213,1100.89599609375,4.0,2024,4.824429035186768,"{""type"":""Point"",""coordinates"":[35.89176297679774,-0.37755718525237814]}"
1873,6.165597438812256,Nakuru,2064.0,21.734783172607422,0.31927868723869324,1301.215087890625,-0.3537788063369978,35.98820785482663,0.5162621736526489,936.8294677734375,4.0,2024,6.165597438812256,"{""type"":""Point"",""coordinates"":[35.98820785482663,-0.3537788063369978]}"
1874,6.8846964836120605,Nakuru,2513.0,23.673913955688477,0.4275200068950653,967.7295532226562,-0.47037947180836115,35.62430323332716,0.6142409443855286,951.021484375,4.0,2024,6.8846964836120605,"{""type"":""Point"",""coordinates"":[35.62430323332716,-0.47037947180836115]}"
1878,6.105258941650391,Nakuru,2183.0,22.643478393554688,0.33042311668395996,1301.215087890625,-0.3661098034657123,35.95607412238146,0.5704835057258606,936.8294677734375,4.0,2024,6.105258941650391,"{""type"":""Point"",""coordinates"":[35.95607412238146,-0.3661098034657123]}"
1887,4.424808502197266,Nakuru,2035.0,21.547826766967773,0.46218445897102356,1078.94775390625,-0.5862669865839911,36.13375390390936,0.5900944471359253,768.9725952148438,4.0,2024,4.424808502197266,"{""type"":""Point"",""coordinates"":[36.13375390390936,-0.5862669865839911]}"
1888,5.235942840576172,Nakuru,2783.0,21.082609176635742,0.42055392265319824,741.565185546875,-0.6393213072370629,35.89623196384266,0.5028365850448608,889.3338623046875,4.0,2024,5.235942840576172,"{""type"":""Point"",""coordinates"":[35.89623196384266,-0.6393213072370629]}"
1893,5.869744300842285,Nakuru,1961.0,21.052173614501953,0.3580666184425354,1163.2713623046875,-0.5315810183594163,36.35208816658842,0.5083187222480774,691.9712524414062,4.0,2024,5.869744300842285,"{""type"":""Point"",""coordinates"":[36.35208816658842,-0.5315810183594163]}"
1895,4.157046794891357,Nakuru,1931.0,21.439130783081055,0.3378306031227112,1078.94775390625,-0.5502440963424476,36.12095764708414,0.506232738494873,768.9725952148438,4.0,2024,4.157046794891357,"{""type"":""Point"",""coordinates"":[36.12095764708414,-0.5502440963424476]}"
1896,5.976903438568115,Nakuru,1711.0,17.917390823364258,0.3141593635082245,1772.631103515625,-0.10130709663459024,36.013847868869505,0.5032311081886292,856.3206787109375,1.0,2024,5.976903438568115,"{""type"":""Point"",""coordinates"":[36.013847868869505,-0.10130709663459024]}"
1898,5.311877250671387,Nakuru,2279.0,23.11739158630371,0.31298694014549255,1293.6524658203125,-0.4121303531250119,36.31979711834706,0.5213322043418884,741.7913208007812,4.0,2024,5.311877250671387,"{""type"":""Point"",""coordinates"":[36.31979711834706,-0.4121303531250119]}"
1900,4.2644758224487305,Nakuru,1929.0,21.19130516052246,0.3242442011833191,1078.94775390625,-0.5508586533415754,36.12871401703181,0.5343768000602722,768.9725952148438,4.0,2024,4.2644758224487305,"{""type"":""Point"",""coordinates"":[36.12871401703181,-0.5508586533415754]}"
1906,3.904789686203003,Nakuru,1949.0,22.634782791137695,0.32295435667037964,1132.2017822265625,-0.7543467830806144,36.22219605388756,0.48808804154396057,760.7749633789062,4.0,2024,3.904789686203003,"{""type"":""Point"",""coordinates"":[36.22219605388756,-0.7543467830806144]}"
1909,2.58944034576416,Nakuru,2446.0,22.10869598388672,0.35451430082321167,945.5843505859375,-0.7879165223457907,36.537037534747576,0.5085858106613159,1115.2738037109375,4.0,2024,2.58944034576416,"{""type"":""Point"",""coordinates"":[36.537037534747576,-0.7879165223457907]}"
1913,7.767703533172607,Nakuru,1887.0,19.03913116455078,0.303411602973938,1129.3472900390625,-0.16608773927797413,35.84180571319558,0.45150524377822876,930.6578369140625,4.0,2024,7.767703533172607,"{""type"":""Point"",""coordinates"":[35.84180571319558,-0.16608773927797413]}"
1919,5.344093322753906,Nakuru,2712.0,21.743478775024414,0.26948532462120056,893.533935546875,-0.2937855183786127,35.61687640542511,0.3541117310523987,1074.5843505859375,4.0,2024,5.344093322753906,"{""type"":""Point"",""coordinates"":[35.61687640542511,-0.2937855183786127]}"
1925,4.221481800079346,Nakuru,1913.0,21.017391204833984,0.41793349385261536,1310.0338134765625,-0.6527840268176206,36.40144176073311,0.5341295599937439,770.7598266601562,4.0,2024,4.221481800079346,"{""type"":""Point"",""coordinates"":[36.40144176073311,-0.6527840268176206]}"
1932,4.741137504577637,Nakuru,1801.0,20.81304359436035,0.3312140703201294,1118.90576171875,-0.9940051567520568,36.56650757114445,0.4763573706150055,1223.5460205078125,4.0,2024,4.741137504577637,"{""type"":""Point"",""coordinates"":[36.56650757114445,-0.9940051567520568]}"
1933,3.301945209503174,Nakuru,2555.0,21.339130401611328,0.37024083733558655,922.11181640625,-0.4232755661317121,35.890669090971635,0.6387777328491211,1174.0662841796875,4.0,2024,3.301945209503174,"{""type"":""Point"",""coordinates"":[35.890669090971635,-0.4232755661317121]}"
1937,6.530012607574463,Nakuru,2598.0,20.46086883544922,0.3026556968688965,831.6529541015625,-0.3537450436024016,35.59580668396408,0.3936530649662018,967.619384765625,4.0,2024,6.530012607574463,"{""type"":""Point"",""coordinates"":[35.59580668396408,-0.3537450436024016]}"
1946,4.366522789001465,Nakuru,2549.0,21.22608757019043,0.3878777027130127,1090.254150390625,-0.5458993560626789,35.974908647604465,0.6016988754272461,1075.335693359375,4.0,2024,4.366522789001465,"{""type"":""Point"",""coordinates"":[35.974908647604465,-0.5458993560626789]}"
1949,5.241337299346924,Nakuru,2779.0,21.852174758911133,0.3416483700275421,758.80322265625,-0.3413016680699426,35.675004508598704,0.481050580739975,1003.6137084960938,4.0,2024,5.241337299346924,"{""type"":""Point"",""coordinates"":[35.675004508598704,-0.3413016680699426]}"
1955,4.4108805656433105,Nakuru,2279.0,20.7391300201416,0.2383785992860794,1088.5662841796875,-0.05332640571059603,36.21187396532064,0.4020434319972992,1058.868408203125,1.0,2024,4.4108805656433105,"{""type"":""Point"",""coordinates"":[36.21187396532064,-0.05332640571059603]}"
1956,4.166678428649902,Nakuru,2652.0,21.869565963745117,0.45120513439178467,792.1693115234375,-0.4918065765915882,35.707772303744854,0.5964987874031067,1076.4185791015625,4.0,2024,4.166678428649902,"{""type"":""Point"",""coordinates"":[35.707772303744854,-0.4918065765915882]}"
1959,3.241394519805908,Nakuru,2580.0,22.03913116455078,0.3179503083229065,792.1693115234375,-0.531230254291768,35.72164381607394,0.5448178052902222,1020.6693115234375,4.0,2024,3.241394519805908,"{""type"":""Point"",""coordinates"":[35.72164381607394,-0.531230254291768]}"
1961,6.224732398986816,Nakuru,2653.0,20.88260841369629,0.3248683512210846,893.533935546875,-0.31490205417818234,35.58011726576703,0.4333397150039673,1015.4908447265625,4.0,2024,6.224732398986816,"{""type"":""Point"",""coordinates"":[35.58011726576703,-0.31490205417818234]}"
1967,6.747424602508545,Nakuru,1958.0,19.169565200805664,0.25004932284355164,1359.44580078125,-0.236891100179981,36.11309282141041,0.4229196310043335,946.5303344726562,4.0,2024,6.747424602508545,"{""type"":""Point"",""coordinates"":[36.11309282141041,-0.236891100179981]}"
1974,4.226806163787842,Nakuru,1989.0,21.708696365356445,0.2967880368232727,1109.161865234375,-0.9346705607443893,36.51421369179517,0.48923417925834656,1141.9552001953125,4.0,2024,4.226806163787842,"{""type"":""Point"",""coordinates"":[36.51421369179517,-0.9346705607443893]}"
1976,3.6134819984436035,Nakuru,1980.0,23.860870361328125,0.4819435179233551,1132.2017822265625,-0.7784037329301542,36.204145209049564,0.6341136693954468,760.7749633789062,4.0,2024,3.6134819984436035,"{""type"":""Point"",""coordinates"":[36.204145209049564,-0.7784037329301542]}"
1980,5.239830017089844,Nakuru,1900.0,22.086956024169922,0.3557002544403076,1620.4278564453125,0.0665535004830159,36.231067494130876,0.616395890712738,890.79541015625,1.0,2024,5.239830017089844,"{""type"":""Point"",""coordinates"":[36.231067494130876,0.0665535004830159]}"
1981,4.096893787384033,Nakuru,1884.0,20.31739044189453,0.3770148754119873,1465.3985595703125,-0.36209799566293416,36.16311242878992,0.5157672762870789,804.6633911132812,4.0,2024,4.096893787384033,"{""type"":""Point"",""coordinates"":[36.16311242878992,-0.36209799566293416]}"
1983,5.8433146476745605,Nakuru,2688.0,22.369565963745117,0.36163458228111267,893.533935546875,-0.30218948784674315,35.58609842398887,0.429625928401947,1015.4908447265625,4.0,2024,5.8433146476745605,"{""type"":""Point"",""coordinates"":[35.58609842398887,-0.30218948784674315]}"
1987,3.3159523010253906,Nakuru,2095.0,23.130434036254883,0.36186495423316956,1132.2017822265625,-0.8092018252905248,36.19712265084684,0.5400597453117371,1001.2666015625,4.0,2024,3.3159523010253906,"{""type"":""Point"",""coordinates"":[36.19712265084684,-0.8092018252905248]}"
1988,3.6358084678649902,Nakuru,1992.0,22.30869483947754,0.4209553301334381,1132.2017822265625,-0.797291060056156,36.22326405108754,0.5756502747535706,760.7749633789062,4.0,2024,3.6358084678649902,"{""type"":""Point"",""coordinates"":[36.22326405108754,-0.797291060056156]}"
1992,6.959259033203125,Nakuru,2589.0,22.83478355407715,0.35911163687705994,831.6529541015625,-0.40091000020515094,35.60233090313152,0.4578593671321869,923.7847290039062,4.0,2024,6.959259033203125,"{""type"":""Point"",""coordinates"":[35.60233090313152,-0.40091000020515094]}"
2002,4.2952880859375,Nakuru,2270.0,27.19565200805664,0.5559110045433044,727.6731567382812,-0.6982237895126778,36.142924903070885,0.661662757396698,1053.457763671875,4.0,2024,4.2952880859375,"{""type"":""Point"",""coordinates"":[36.142924903070885,-0.6982237895126778]}"
2010,3.186741828918457,Nakuru,2762.0,22.126087188720703,0.21804066002368927,705.083251953125,-0.39658857395634317,35.8443624331922,0.32143694162368774,1137.972900390625,7.0,2024,3.186741828918457,"{""type"":""Point"",""coordinates"":[35.8443624331922,-0.39658857395634317]}"
2011,3.745837688446045,Nakuru,2143.0,22.100000381469727,0.4013036787509918,1109.161865234375,-0.8897633242270014,36.52020801982119,0.5657848119735718,1136.390625,4.0,2024,3.745837688446045,"{""type"":""Point"",""coordinates"":[36.52020801982119,-0.8897633242270014]}"
2014,4.04754114151001,Nakuru,1877.0,23.473913192749023,0.2845236361026764,1484.5091552734375,-0.4922720246663768,36.07044849463777,0.4524064362049103,764.689208984375,1.0,2024,4.04754114151001,"{""type"":""Point"",""coordinates"":[36.07044849463777,-0.4922720246663768]}"
2025,5.293168544769287,Nakuru,2724.0,20.22608757019043,0.3023085594177246,758.80322265625,-0.29757065056809406,35.655264419938845,0.40417125821113586,1020.0197143554688,4.0,2024,5.293168544769287,"{""type"":""Point"",""coordinates"":[35.655264419938845,-0.29757065056809406]}"
2027,4.270489692687988,Nakuru,2041.0,20.913043975830078,0.3138365149497986,1301.215087890625,-0.42955895325921195,36.02938665068781,0.4987296760082245,828.8031005859375,1.0,2024,4.270489692687988,"{""type"":""Point"",""coordinates"":[36.02938665068781,-0.42955895325921195]}"
2030,6.873881816864014,Nakuru,2122.0,21.747825622558594,0.31462326645851135,1489.7117919921875,-0.3092896224501901,35.968982190132756,0.5427020788192749,949.3353881835938,4.0,2024,6.873881816864014,"{""type"":""Point"",""coordinates"":[35.968982190132756,-0.3092896224501901]}"
2040,6.890425682067871,Nakuru,2113.0,21.126087188720703,0.36675330996513367,1489.7117919921875,-0.2705289563430154,35.96542230141712,0.5680041909217834,955.322509765625,4.0,2024,6.890425682067871,"{""type"":""Point"",""coordinates"":[35.96542230141712,-0.2705289563430154]}"
2041,4.570851802825928,Nakuru,2466.0,25.7608699798584,0.36743834614753723,727.6731567382812,-0.6796643623772717,36.14484416634261,0.585691511631012,1053.457763671875,4.0,2024,4.570851802825928,"{""type"":""Point"",""coordinates"":[36.14484416634261,-0.6796643623772717]}"
2046,6.046169281005859,Nakuru,2468.0,22.243478775024414,0.3045620322227478,924.5313110351562,-0.2962090089090188,35.78837326299215,0.5387176871299744,1059.924072265625,4.0,2024,6.046169281005859,"{""type"":""Point"",""coordinates"":[35.78837326299215,-0.2962090089090188]}"
2066,6.629116535186768,Nakuru,1640.0,17.826086044311523,0.27215462923049927,1611.68310546875,-0.06693231984907773,35.93813003351215,0.4654254913330078,805.4788818359375,1.0,2024,6.629116535186768,"{""type"":""Point"",""coordinates"":[35.93813003351215,-0.06693231984907773]}"
2075,5.334885597229004,Nakuru,1718.0,17.547826766967773,0.32744818925857544,1691.5689697265625,0.18307632878166258,36.23609090627331,0.5408799648284912,790.5244750976562,1.0,2024,5.334885597229004,"{""type"":""Point"",""coordinates"":[36.23609090627331,0.18307632878166258]}"
2077,3.7564661502838135,Nakuru,1988.0,21.80869483947754,0.36565130949020386,1477.1676025390625,-0.684767419751666,36.32321576744381,0.5414388179779053,602.62158203125,1.0,2024,3.7564661502838135,"{""type"":""Point"",""coordinates"":[36.32321576744381,-0.684767419751666]}"
2084,6.122014999389648,Nakuru,1748.0,17.660869598388672,0.25028231739997864,1772.631103515625,-0.12755623026796162,35.988175044043444,0.3757551610469818,848.7538452148438,1.0,2024,6.122014999389648,"{""type"":""Point"",""coordinates"":[35.988175044043444,-0.12755623026796162]}"
2086,5.969378471374512,Nakuru,1938.0,20.700000762939453,0.4157167971134186,1609.933837890625,-0.17741845807910211,36.005193801866,0.6304431557655334,873.7376708984375,1.0,2024,5.969378471374512,"{""type"":""Point"",""coordinates"":[36.005193801866,-0.17741845807910211]}"
2088,4.1711249351501465,Nakuru,1906.0,23.365217208862305,0.281095415353775,1171.51220703125,-0.641422612104994,36.380160367257155,0.4486248195171356,635.6214599609375,1.0,2024,4.1711249351501465,"{""type"":""Point"",""coordinates"":[36.380160367257155,-0.641422612104994]}"
2090,7.126409530639648,Nakuru,2272.0,23.365217208862305,0.36944207549095154,924.5313110351562,-0.26123834612020824,35.80912888172412,0.6378960013389587,1008.7403564453125,4.0,2024,7.126409530639648,"{""type"":""Point"",""coordinates"":[35.80912888172412,-0.26123834612020824]}"
2091,5.287168025970459,Nakuru,2742.0,20.265216827392578,0.38144248723983765,758.80322265625,-0.3227838540580784,35.669951546335646,0.5224000811576843,1003.6137084960938,4.0,2024,5.287168025970459,"{""type"":""Point"",""coordinates"":[35.669951546335646,-0.3227838540580784]}"
2097,5.220893859863281,Nakuru,1666.0,16.92173957824707,0.20318397879600525,1523.544189453125,-0.055927630656102505,36.08404722025925,0.3487219214439392,789.4463500976562,1.0,2024,5.220893859863281,"{""type"":""Point"",""coordinates"":[36.08404722025925,-0.055927630656102505]}"
2107,7.104213714599609,Nakuru,2606.0,21.6130428314209,0.35793283581733704,831.6529541015625,-0.42566164671324425,35.605831395117114,0.5250147581100464,923.7847290039062,4.0,2024,7.104213714599609,"{""type"":""Point"",""coordinates"":[35.605831395117114,-0.42566164671324425]}"
2110,4.698002815246582,Nakuru,1872.0,22.1130428314209,0.2560112178325653,1521.494384765625,-0.5363673483083375,36.18315333412369,0.39470645785331726,658.0870361328125,4.0,2024,4.698002815246582,"{""type"":""Point"",""coordinates"":[36.18315333412369,-0.5363673483083375]}"
2112,7.194680690765381,Nakuru,1906.0,19.669565200805664,0.30778199434280396,1270.390380859375,-0.10764844992400546,35.84256562048469,0.4863136410713196,910.8822631835938,4.0,2024,7.194680690765381,"{""type"":""Point"",""coordinates"":[35.84256562048469,-0.10764844992400546]}"
2113,5.219470024108887,Nakuru,2244.0,21.582609176635742,0.28205472230911255,1380.60546875,-0.610088348869554,36.1967302290113,0.48113420605659485,972.7747802734375,4.0,2024,5.219470024108887,"{""type"":""Point"",""coordinates"":[36.1967302290113,-0.610088348869554]}"
2125,4.548973560333252,Nakuru,2545.0,21.786956787109375,0.2714509963989258,924.5313110351562,-0.34911887387485624,35.84710892579415,0.4374421238899231,1082.4827880859375,4.0,2024,4.548973560333252,"{""type"":""Point"",""coordinates"":[35.84710892579415,-0.34911887387485624]}"
2130,6.8906965255737305,Nakuru,2096.0,25.34347915649414,0.24362963438034058,1194.8536376953125,-0.26420560001133764,35.932383702465145,0.41566944122314453,952.6629638671875,1.0,2024,6.8906965255737305,"{""type"":""Point"",""coordinates"":[35.932383702465145,-0.26420560001133764]}"
2135,6.142972946166992,Nakuru,2019.0,22.291303634643555,0.362673282623291,1609.933837890625,-0.21204319611073272,36.01608423843086,0.5474399328231812,871.6436767578125,4.0,2024,6.142972946166992,"{""type"":""Point"",""coordinates"":[36.01608423843086,-0.21204319611073272]}"
2144,6.46934700012207,Nakuru,2582.0,21.03913116455078,0.3776303231716156,923.3309936523438,-0.1566622319826446,35.70159572970873,0.48485103249549866,1134.2620849609375,4.0,2024,6.46934700012207,"{""type"":""Point"",""coordinates"":[35.70159572970873,-0.1566622319826446]}"
2149,3.163404941558838,Nakuru,2767.0,21.917390823364258,0.20520862936973572,705.083251953125,-0.39525732247018286,35.84028897477392,0.40719467401504517,1137.972900390625,4.0,2024,3.163404941558838,"{""type"":""Point"",""coordinates"":[35.84028897477392,-0.39525732247018286]}"
2150,4.783292293548584,Nakuru,1870.0,21.38260841369629,0.3057518005371094,1118.90576171875,-0.9597844475875377,36.56574646273392,0.500360369682312,1223.5460205078125,4.0,2024,4.783292293548584,"{""type"":""Point"",""coordinates"":[36.56574646273392,-0.9597844475875377]}"
2153,4.600858211517334,Nakuru,2792.0,21.39130401611328,0.21743065118789673,801.3780517578125,-0.5673645583791563,35.960708719171436,0.3782408833503723,1120.51123046875,4.0,2024,4.600858211517334,"{""type"":""Point"",""coordinates"":[35.960708719171436,-0.5673645583791563]}"
2155,5.802730560302734,Nakuru,1895.0,21.556522369384766,0.3054654002189636,1401.8802490234375,0.047114302424869754,36.186993249367646,0.4762515425682068,1108.340087890625,1.0,2024,5.802730560302734,"{""type"":""Point"",""coordinates"":[36.186993249367646,0.047114302424869754]}"
2159,4.5553741455078125,Nakuru,2159.0,22.178260803222656,0.3185022473335266,945.5843505859375,-0.8128541398822793,36.484318620224116,0.454046368598938,946.1964111328125,6.0,2024,4.5553741455078125,"{""type"":""Point"",""coordinates"":[36.484318620224116,-0.8128541398822793]}"
2170,3.3143422603607178,Nakuru,2393.0,22.026086807250977,0.4207572042942047,945.5843505859375,-0.8404348350816384,36.52233496987614,0.5925278067588806,1194.972900390625,4.0,2024,3.3143422603607178,"{""type"":""Point"",""coordinates"":[36.52233496987614,-0.8404348350816384]}"
2175,4.826579570770264,Nakuru,2738.0,21.052173614501953,0.29551950097084045,769.656982421875,-0.6748991097715309,35.940891420211436,0.3751906752586365,996.2274780273438,7.0,2024,4.826579570770264,"{""type"":""Point"",""coordinates"":[35.940891420211436,-0.6748991097715309]}"
2177,6.3134660720825195,Nakuru,2570.0,20.252174377441406,0.2281436175107956,923.3309936523438,-0.1523112013112678,35.67214594054017,0.40787577629089355,1025.3524169921875,4.0,2024,6.3134660720825195,"{""type"":""Point"",""coordinates"":[35.67214594054017,-0.1523112013112678]}"
2179,6.277434825897217,Nakuru,2543.0,21.326086044311523,0.2638853192329407,923.3309936523438,-0.15795811612162305,35.66816096016016,0.3983592689037323,1025.3524169921875,4.0,2024,6.277434825897217,"{""type"":""Point"",""coordinates"":[35.66816096016016,-0.15795811612162305]}"
2187,5.89198112487793,Nakuru,2115.0,22.96956443786621,0.3888281285762787,925.9317626953125,-0.20502154739788547,36.17515708404493,0.5920212864875793,1032.5887451171875,1.0,2024,5.89198112487793,"{""type"":""Point"",""coordinates"":[36.17515708404493,-0.20502154739788547]}"
2192,3.9853689670562744,Nakuru,1910.0,23.830434799194336,0.37861573696136475,1310.0338134765625,-0.6678799695458552,36.38059739273901,0.5811618566513062,681.583740234375,1.0,2024,3.9853689670562744,"{""type"":""Point"",""coordinates"":[36.38059739273901,-0.6678799695458552]}"
2197,5.871824264526367,Nakuru,2644.0,22.46956443786621,0.35885047912597656,694.8674926757812,-0.4137834911557309,35.65331609625879,0.4797987639904022,977.9506225585938,4.0,2024,5.871824264526367,"{""type"":""Point"",""coordinates"":[35.65331609625879,-0.4137834911557309]}"
2201,3.9862890243530273,Nakuru,1532.0,19.434782028198242,0.38728809356689453,1915.0673828125,0.0477597817039509,35.9520438318167,0.5786308646202087,785.2053833007812,1.0,2024,3.9862890243530273,"{""type"":""Point"",""coordinates"":[35.9520438318167,0.0477597817039509]}"
2207,7.355961799621582,Nakuru,1851.0,19.547826766967773,0.32119232416152954,1611.68310546875,-0.1191935365711127,35.86429141372408,0.5219569802284241,850.9305419921875,1.0,2024,7.355961799621582,"{""type"":""Point"",""coordinates"":[35.86429141372408,-0.1191935365711127]}"
2216,5.873971939086914,Nakuru,2186.0,22.39130401611328,0.37059515714645386,1301.215087890625,-0.375711348725742,35.95812666352043,0.5449812412261963,936.8294677734375,4.0,2024,5.873971939086914,"{""type"":""Point"",""coordinates"":[35.95812666352043,-0.375711348725742]}"
2217,6.85213565826416,Nakuru,1718.0,18.591304779052734,0.2913077473640442,1611.68310546875,-0.10434239019967452,35.925034566781086,0.4819113612174988,822.0833129882812,1.0,2024,6.85213565826416,"{""type"":""Point"",""coordinates"":[35.925034566781086,-0.10434239019967452]}"
2218,5.33832311630249,Nakuru,1698.0,17.68695640563965,0.34249967336654663,1523.544189453125,-0.0727147315525431,36.09757273760727,0.4813297390937805,789.4463500976562,1.0,2024,5.33832311630249,"{""type"":""Point"",""coordinates"":[36.09757273760727,-0.0727147315525431]}"
2234,4.986503601074219,Nakuru,1584.0,15.908695220947266,0.28488749265670776,1915.0673828125,-0.006599435357485087,36.03190959331835,0.43782535195350647,755.9357299804688,4.0,2024,4.986503601074219,"{""type"":""Point"",""coordinates"":[36.03190959331835,-0.006599435357485087]}"
2241,6.8364949226379395,Nakuru,2473.0,23.082609176635742,0.49782779812812805,967.7295532226562,-0.5089237511292278,35.62492132224076,0.7027058005332947,935.2456665039062,4.0,2024,6.8364949226379395,"{""type"":""Point"",""coordinates"":[35.62492132224076,-0.5089237511292278]}"
2244,3.4827499389648438,Nakuru,2581.0,23.07391357421875,0.34392982721328735,801.3780517578125,-0.5716546354150128,36.00910384443173,0.5455358028411865,956.3734130859375,4.0,2024,3.4827499389648438,"{""type"":""Point"",""coordinates"":[36.00910384443173,-0.5716546354150128]}"
2250,4.75188684463501,Nakuru,2025.0,20.68695640563965,0.3074793219566345,1301.215087890625,-0.39924578803195493,36.020886818826405,0.49548158049583435,798.239501953125,1.0,2024,4.75188684463501,"{""type"":""Point"",""coordinates"":[36.020886818826405,-0.39924578803195493]}"
2255,4.2701263427734375,Nakuru,2078.0,21.83478355407715,0.49879351258277893,1477.1676025390625,-0.6925187817222148,36.255605724544424,0.6858426928520203,786.5383911132812,4.0,2024,4.2701263427734375,"{""type"":""Point"",""coordinates"":[36.255605724544424,-0.6925187817222148]}"
2261,5.201125144958496,Nakuru,1988.0,20.7391300201416,0.3444276452064514,1301.215087890625,-0.37335189260466534,36.023766553147624,0.5164744853973389,798.239501953125,1.0,2024,5.201125144958496,"{""type"":""Point"",""coordinates"":[36.023766553147624,-0.37335189260466534]}"
2274,4.086785793304443,Nakuru,2212.0,22.76956558227539,0.5055277347564697,957.3016967773438,-0.6460131022872198,36.46216062483914,0.6464706659317017,1018.88525390625,4.0,2024,4.086785793304443,"{""type"":""Point"",""coordinates"":[36.46216062483914,-0.6460131022872198]}"
2275,3.0263962745666504,Nakuru,2376.0,23.243478775024414,0.358961820602417,1078.94775390625,-0.5729324237840464,36.05430953984671,0.5838443040847778,874.90576171875,4.0,2024,3.0263962745666504,"{""type"":""Point"",""coordinates"":[36.05430953984671,-0.5729324237840464]}"
2276,6.2393951416015625,Nakuru,2024.0,23.81739044189453,0.3182222843170166,1609.933837890625,-0.22014732408964996,36.010918590633565,0.4816991984844208,871.6436767578125,1.0,2024,6.2393951416015625,"{""type"":""Point"",""coordinates"":[36.010918590633565,-0.22014732408964996]}"
2304,5.1362175941467285,Nakuru,2157.0,22.46086883544922,0.34326809644699097,925.9317626953125,-0.1626033161932904,36.170675916547175,0.4946478605270386,1067.3253173828125,1.0,2024,5.1362175941467285,"{""type"":""Point"",""coordinates"":[36.170675916547175,-0.1626033161932904]}"
2306,6.243393421173096,Nakuru,2532.0,21.565217971801758,0.3346680700778961,923.3309936523438,-0.16135729952333966,35.66619585856491,0.5582578778266907,1025.3524169921875,4.0,2024,6.243393421173096,"{""type"":""Point"",""coordinates"":[35.66619585856491,-0.16135729952333966]}"
2309,2.5081145763397217,Nakuru,2474.0,21.995651245117188,0.3789478540420532,931.31884765625,-0.6636981375099353,36.5226505553523,0.5263645052909851,1155.636474609375,4.0,2024,2.5081145763397217,"{""type"":""Point"",""coordinates"":[36.5226505553523,-0.6636981375099353]}"
2312,6.235333442687988,Nakuru,2194.0,24.6130428314209,0.3863564133644104,922.11181640625,-0.3518501998321852,35.93102248132139,0.5587630867958069,1046.51220703125,4.0,2024,6.235333442687988,"{""type"":""Point"",""coordinates"":[35.93102248132139,-0.3518501998321852]}"
2313,3.850277900695801,Nakuru,2569.0,21.743478775024414,0.3511028587818146,822.3162231445312,-0.48876606253336435,35.94512538871973,0.5159820318222046,1193.9844970703125,4.0,2024,3.850277900695801,"{""type"":""Point"",""coordinates"":[35.94512538871973,-0.48876606253336435]}"
2314,2.7840092182159424,Nakuru,2580.0,23.734783172607422,0.4433958828449249,1109.161865234375,-0.8540366311516127,36.54575018486744,0.6561722159385681,1136.390625,4.0,2024,2.7840092182159424,"{""type"":""Point"",""coordinates"":[36.54575018486744,-0.8540366311516127]}"
2316,4.777078151702881,Nakuru,2599.0,20.795652389526367,0.32284897565841675,924.5313110351562,-0.3259202483382627,35.766861188150514,0.487126886844635,1103.1356201171875,4.0,2024,4.777078151702881,"{""type"":""Point"",""coordinates"":[35.766861188150514,-0.3259202483382627]}"
2323,5.835531234741211,Nakuru,1970.0,20.96086883544922,0.3296579420566559,1163.2713623046875,-0.5247693178879107,36.3583893745363,0.4488634467124939,691.9712524414062,4.0,2024,5.835531234741211,"{""type"":""Point"",""coordinates"":[36.3583893745363,-0.5247693178879107]}"
2327,5.455124378204346,Nakuru,2721.0,20.286956787109375,0.37605518102645874,758.80322265625,-0.2890275893866647,35.68114629345596,0.5015127658843994,1020.0197143554688,4.0,2024,5.455124378204346,"{""type"":""Point"",""coordinates"":[35.68114629345596,-0.2890275893866647]}"
2332,6.638098239898682,Nakuru,2006.0,20.65652084350586,0.3197324872016907,1489.7117919921875,-0.3145094492648713,36.00147784819798,0.534185528755188,767.5543212890625,4.0,2024,6.638098239898682,"{""type"":""Point"",""coordinates"":[36.00147784819798,-0.3145094492648713]}"
2337,6.068947792053223,Nakuru,2039.0,18.082609176635742,0.232014000415802,1359.44580078125,-0.17583605605022087,36.143109977714225,0.30777376890182495,1036.1998291015625,4.0,2024,6.068947792053223,"{""type"":""Point"",""coordinates"":[36.143109977714225,-0.17583605605022087]}"
2341,4.932978630065918,Nakuru,2388.0,23.660869598388672,0.24410291016101837,922.11181640625,-0.3875650968242611,35.910312726926016,0.47063133120536804,1046.51220703125,4.0,2024,4.932978630065918,"{""type"":""Point"",""coordinates"":[35.910312726926016,-0.3875650968242611]}"
2348,3.458505153656006,Nakuru,2019.0,23.404348373413086,0.39395302534103394,1132.2017822265625,-0.7974332039701091,36.202144242106144,0.5344892144203186,760.7749633789062,4.0,2024,3.458505153656006,"{""type"":""Point"",""coordinates"":[36.202144242106144,-0.7974332039701091]}"
2353,6.303093433380127,Nakuru,2063.0,20.904348373413086,0.3895660936832428,1489.7117919921875,-0.342838965879973,35.99320140851128,0.5868464112281799,949.3353881835938,1.0,2024,6.303093433380127,"{""type"":""Point"",""coordinates"":[35.99320140851128,-0.342838965879973]}"
2359,4.814417362213135,Nakuru,2737.0,22.18695640563965,0.30715566873550415,769.656982421875,-0.7012001949946097,35.94402440193599,0.49397945404052734,1053.901611328125,4.0,2024,4.814417362213135,"{""type"":""Point"",""coordinates"":[35.94402440193599,-0.7012001949946097]}"
2361,5.899768829345703,Nakuru,1980.0,20.013044357299805,0.21222113072872162,1609.933837890625,-0.1751781034765181,36.02964753125156,0.4103206992149353,873.7376708984375,1.0,2024,5.899768829345703,"{""type"":""Point"",""coordinates"":[36.02964753125156,-0.1751781034765181]}"
2365,5.784283638000488,Nakuru,2166.0,23.365217208862305,0.3587433099746704,925.9317626953125,-0.21226038940523165,36.18460232962596,0.5477159023284912,1032.5887451171875,1.0,2024,5.784283638000488,"{""type"":""Point"",""coordinates"":[36.18460232962596,-0.21226038940523165]}"
2369,5.416694641113281,Nakuru,2694.0,22.169565200805664,0.2819221615791321,893.533935546875,-0.31056813737834865,35.63084691967909,0.3866245150566101,952.67431640625,4.0,2024,5.416694641113281,"{""type"":""Point"",""coordinates"":[35.63084691967909,-0.31056813737834865]}"
2380,4.2336106300354,Nakuru,1931.0,20.521739959716797,0.30144765973091125,1465.3985595703125,-0.35385953822571486,36.22287302772644,0.4740959703922272,805.5402221679688,1.0,2024,4.2336106300354,"{""type"":""Point"",""coordinates"":[36.22287302772644,-0.35385953822571486]}"
2386,4.276258945465088,Nakuru,1907.0,20.982608795166016,0.4085249900817871,1171.51220703125,-0.6272271374036604,36.4054588654499,0.5373268723487854,724.528564453125,4.0,2024,4.276258945465088,"{""type"":""Point"",""coordinates"":[36.4054588654499,-0.6272271374036604]}"
2388,4.320795059204102,Nakuru,2179.0,22.18260955810547,0.3936968445777893,945.5843505859375,-0.8128967278348465,36.491432163946804,0.5748026371002197,946.1964111328125,4.0,2024,4.320795059204102,"{""type"":""Point"",""coordinates"":[36.491432163946804,-0.8128967278348465]}"
2389,2.7335939407348633,Nakuru,2499.0,22.299999237060547,0.3557371199131012,945.5843505859375,-0.8261836831119879,36.538355809007285,0.5062586069107056,1194.972900390625,4.0,2024,2.7335939407348633,"{""type"":""Point"",""coordinates"":[36.538355809007285,-0.8261836831119879]}"
2391,3.1157610416412354,Nakuru,2491.0,21.482608795166016,0.24444660544395447,801.3780517578125,-0.5768923659600496,36.02354529588794,0.45431119203567505,956.3734130859375,4.0,2024,3.1157610416412354,"{""type"":""Point"",""coordinates"":[36.02354529588794,-0.5768923659600496]}"
2400,7.344421863555908,Nakuru,2593.0,22.365217208862305,0.37892115116119385,893.533935546875,-0.3461061175035292,35.55941690251529,0.45429399609565735,1015.4908447265625,4.0,2024,7.344421863555908,"{""type"":""Point"",""coordinates"":[35.55941690251529,-0.3461061175035292]}"
2404,2.9137871265411377,Nakuru,2840.0,24.18695640563965,0.36495137214660645,705.083251953125,-0.4100208928278013,35.80892039793591,0.6078764200210571,1180.1082763671875,4.0,2024,2.9137871265411377,"{""type"":""Point"",""coordinates"":[35.80892039793591,-0.4100208928278013]}"
2405,6.160689353942871,Nakuru,2651.0,20.430435180664062,0.3389156460762024,923.3309936523438,-0.21705483960822547,35.686858954510825,0.44680291414260864,1002.68896484375,4.0,2024,6.160689353942871,"{""type"":""Point"",""coordinates"":[35.686858954510825,-0.21705483960822547]}"
2415,5.766063690185547,Nakuru,2651.0,23.81304359436035,0.4155321717262268,893.533935546875,-0.28917298421313076,35.56994558897678,0.4503023624420166,1159.1673583984375,4.0,2024,5.766063690185547,"{""type"":""Point"",""coordinates"":[35.56994558897678,-0.28917298421313076]}"
2416,6.660928726196289,Nakuru,2635.0,21.669565200805664,0.25160449743270874,831.6529541015625,-0.35261500424872266,35.5903810878042,0.3517839312553406,967.619384765625,4.0,2024,6.660928726196289,"{""type"":""Point"",""coordinates"":[35.5903810878042,-0.35261500424872266]}"
2417,7.739305019378662,Nakuru,2175.0,23.934782028198242,0.35969606041908264,1129.3472900390625,-0.19625672909682235,35.78918754882489,0.5733721256256104,1115.7030029296875,4.0,2024,7.739305019378662,"{""type"":""Point"",""coordinates"":[35.78918754882489,-0.19625672909682235]}"
2423,3.5999605655670166,Nakuru,2639.0,22.517391204833984,0.2918832302093506,922.11181640625,-0.3874257585297564,35.854826898307564,0.5138685703277588,1100.89599609375,4.0,2024,3.5999605655670166,"{""type"":""Point"",""coordinates"":[35.854826898307564,-0.3874257585297564]}"
2424,4.06785774230957,Nakuru,2503.0,19.83478355407715,0.35814929008483887,1090.254150390625,-0.499133596592921,35.955340437225644,0.5169312953948975,1038.897705078125,4.0,2024,4.06785774230957,"{""type"":""Point"",""coordinates"":[35.955340437225644,-0.499133596592921]}"
2427,5.81554651260376,Nakuru,1970.0,20.96086883544922,0.3026195168495178,1163.2713623046875,-0.5260794019705416,36.35909550463243,0.4135311543941498,691.9712524414062,4.0,2024,5.81554651260376,"{""type"":""Point"",""coordinates"":[36.35909550463243,-0.5260794019705416]}"
2432,4.778510570526123,Nakuru,1803.0,18.491304397583008,0.32577693462371826,1258.922119140625,0.10578545327614951,36.257254271856006,0.4883582293987274,825.3482055664062,4.0,2024,4.778510570526123,"{""type"":""Point"",""coordinates"":[36.257254271856006,0.10578545327614951]}"
2443,6.1384429931640625,Nakuru,2637.0,21.565217971801758,0.2657228112220764,923.3309936523438,-0.21142001544272426,35.68440793146926,0.43536117672920227,1002.68896484375,4.0,2024,6.1384429931640625,"{""type"":""Point"",""coordinates"":[35.68440793146926,-0.21142001544272426]}"
2447,3.023277521133423,Nakuru,2282.0,21.404348373413086,0.2619793713092804,931.31884765625,-0.7397998303552863,36.51880357404951,0.4029529094696045,1146.4976806640625,4.0,2024,3.023277521133423,"{""type"":""Point"",""coordinates"":[36.51880357404951,-0.7397998303552863]}"
2449,6.898637294769287,Nakuru,2106.0,23.5,0.303175151348114,1194.8536376953125,-0.2697769722372028,35.939670261357435,0.49813926219940186,952.6629638671875,1.0,2024,6.898637294769287,"{""type"":""Point"",""coordinates"":[35.939670261357435,-0.2697769722372028]}"
2450,3.8127920627593994,Nakuru,2283.0,21.752174377441406,0.339312881231308,945.5843505859375,-0.8304414759978731,36.5050936602742,0.5401533842086792,1194.972900390625,4.0,2024,3.8127920627593994,"{""type"":""Point"",""coordinates"":[36.5050936602742,-0.8304414759978731]}"
2453,5.2847700119018555,Nakuru,2719.0,22.395652770996094,0.34919342398643494,758.80322265625,-0.3170639366463144,35.68908128333922,0.5088571310043335,1003.6137084960938,4.0,2024,5.2847700119018555,"{""type"":""Point"",""coordinates"":[35.68908128333922,-0.3170639366463144]}"
2455,4.675259590148926,Nakuru,2543.0,20.708696365356445,0.32272809743881226,924.5313110351562,-0.3299524840108526,35.810538746769545,0.48712989687919617,1082.4827880859375,4.0,2024,4.675259590148926,"{""type"":""Point"",""coordinates"":[35.810538746769545,-0.3299524840108526]}"
2463,3.7626638412475586,Nakuru,2053.0,21.208696365356445,0.3396216928958893,1484.5091552734375,-0.5232320562548209,36.061462838488616,0.5606467723846436,751.40087890625,4.0,2024,3.7626638412475586,"{""type"":""Point"",""coordinates"":[36.061462838488616,-0.5232320562548209]}"
2469,5.228343486785889,Nakuru,1782.0,18.095651626586914,0.27623897790908813,1620.4278564453125,0.11742915480309576,36.21729857967784,0.4532751142978668,763.6254272460938,1.0,2024,5.228343486785889,"{""type"":""Point"",""coordinates"":[36.21729857967784,0.11742915480309576]}"
2472,4.100489139556885,Nakuru,1963.0,22.986955642700195,0.3726241886615753,1130.5069580078125,-0.72192515352683,36.239057277429424,0.5705991387367249,665.40869140625,1.0,2024,4.100489139556885,"{""type"":""Point"",""coordinates"":[36.239057277429424,-0.72192515352683]}"
2477,5.356109619140625,Nakuru,2653.0,22.799999237060547,0.3102298080921173,694.8674926757812,-0.4369455847160083,35.68636268354956,0.45030397176742554,977.9506225585938,4.0,2024,5.356109619140625,"{""type"":""Point"",""coordinates"":[35.68636268354956,-0.4369455847160083]}"
2479,3.51497220993042,Nakuru,2459.0,22.83478355407715,0.37078946828842163,957.3016967773438,-0.6265348318188457,36.47610572912939,0.5345419645309448,1018.88525390625,4.0,2024,3.51497220993042,"{""type"":""Point"",""coordinates"":[36.47610572912939,-0.6265348318188457]}"
2482,3.6903789043426514,Nakuru,2214.0,22.082609176635742,0.2993506193161011,945.5843505859375,-0.7815646951601128,36.508793537245026,0.4679950773715973,1115.2738037109375,4.0,2024,3.6903789043426514,"{""type"":""Point"",""coordinates"":[36.508793537245026,-0.7815646951601128]}"
2486,6.570439338684082,Nakuru,2685.0,20.2391300201416,0.29685160517692566,923.3309936523438,-0.1544353316544911,35.71601080532309,0.45750030875205994,1134.2620849609375,4.0,2024,6.570439338684082,"{""type"":""Point"",""coordinates"":[35.71601080532309,-0.1544353316544911]}"
2489,3.1579785346984863,Nakuru,2421.0,24.256521224975586,0.4089759290218353,1088.5662841796875,-0.09201789627080359,36.21999035018666,0.7170947194099426,1058.868408203125,4.0,2024,3.1579785346984863,"{""type"":""Point"",""coordinates"":[36.21999035018666,-0.09201789627080359]}"
2490,5.961766719818115,Nakuru,2083.0,21.756521224975586,0.31629544496536255,925.9317626953125,-0.19020408824652776,36.16011424894635,0.4650959372520447,1067.3253173828125,1.0,2024,5.961766719818115,"{""type"":""Point"",""coordinates"":[36.16011424894635,-0.19020408824652776]}"
2494,4.831714153289795,Nakuru,2346.0,21.03913116455078,0.3218211531639099,922.11181640625,-0.4035396934609966,35.933808104901715,0.5262635350227356,1089.995361328125,4.0,2024,4.831714153289795,"{""type"":""Point"",""coordinates"":[35.933808104901715,-0.4035396934609966]}"
2501,5.665883541107178,Nakuru,1668.0,15.947826385498047,0.21634693443775177,1523.544189453125,-0.08936786577026846,36.067983220977005,0.3286847174167633,789.4463500976562,1.0,2024,5.665883541107178,"{""type"":""Point"",""coordinates"":[36.067983220977005,-0.08936786577026846]}"
2505,3.821983575820923,Nakuru,1929.0,22.365217208862305,0.4191386103630066,1132.2017822265625,-0.7606745837561613,36.23144471381461,0.5759827494621277,760.7749633789062,4.0,2024,3.821983575820923,"{""type"":""Point"",""coordinates"":[36.23144471381461,-0.7606745837561613]}"
2507,2.887667179107666,Nakuru,2497.0,22.34347915649414,0.42690885066986084,945.5843505859375,-0.8360746394019957,36.536225225861344,0.6326589584350586,1194.972900390625,4.0,2024,2.887667179107666,"{""type"":""Point"",""coordinates"":[36.536225225861344,-0.8360746394019957]}"
2509,6.712215423583984,Nakuru,1922.0,19.3869571685791,0.3518759608268738,1366.1861572265625,-0.2550545784163578,36.14934495198601,0.5595740675926208,791.0906982421875,1.0,2024,6.712215423583984,"{""type"":""Point"",""coordinates"":[36.14934495198601,-0.2550545784163578]}"
2518,6.865241050720215,Nakuru,2110.0,19.791303634643555,0.17350831627845764,1194.8536376953125,-0.26677476761981395,35.904923045933444,0.33136245608329773,952.6629638671875,1.0,2024,6.865241050720215,"{""type"":""Point"",""coordinates"":[35.904923045933444,-0.26677476761981395]}"
2521,6.868148326873779,Nakuru,2074.0,21.65217399597168,0.34387245774269104,1194.8536376953125,-0.25459529141598386,35.94003282497339,0.5237348079681396,952.6629638671875,4.0,2024,6.868148326873779,"{""type"":""Point"",""coordinates"":[35.94003282497339,-0.25459529141598386]}"
2533,3.4664483070373535,Nakuru,2296.0,22.282608032226562,0.4073018729686737,945.5843505859375,-0.7529875138202994,36.51090677307248,0.5632469058036804,1115.2738037109375,4.0,2024,3.4664483070373535,"{""type"":""Point"",""coordinates"":[36.51090677307248,-0.7529875138202994]}"
2534,6.895318031311035,Nakuru,2126.0,20.15217399597168,0.3128178119659424,1194.8536376953125,-0.28512614487605387,35.93828292775806,0.5062729120254517,952.6629638671875,4.0,2024,6.895318031311035,"{""type"":""Point"",""coordinates"":[35.93828292775806,-0.28512614487605387]}"
2537,5.160769462585449,Nakuru,2763.0,21.360870361328125,0.2329155057668686,769.656982421875,-0.652243654712405,35.91387028306985,0.34035083651542664,996.2274780273438,4.0,2024,5.160769462585449,"{""type"":""Point"",""coordinates"":[35.91387028306985,-0.652243654712405]}"
2541,5.492616176605225,Nakuru,2726.0,22.04347801208496,0.26239028573036194,694.8674926757812,-0.3772235275570962,35.65959475681994,0.3706883192062378,1036.11962890625,4.0,2024,5.492616176605225,"{""type"":""Point"",""coordinates"":[35.65959475681994,-0.3772235275570962]}"
2546,4.864296913146973,Nakuru,1931.0,21.77391242980957,0.36196503043174744,1380.60546875,-0.5627367342891855,36.17814896189356,0.5307395458221436,720.8082275390625,4.0,2024,4.864296913146973,"{""type"":""Point"",""coordinates"":[36.17814896189356,-0.5627367342891855]}"
2557,4.008638858795166,Nakuru,1896.0,24.639129638671875,0.5874062776565552,1310.0338134765625,-0.6802883045637594,36.3844670165256,0.7104169726371765,681.583740234375,4.0,2024,4.008638858795166,"{""type"":""Point"",""coordinates"":[36.3844670165256,-0.6802883045637594]}"
2564,6.503366947174072,Nakuru,2403.0,22.991304397583008,0.37957149744033813,924.5313110351562,-0.2829370870121504,35.783664474436634,0.5695441961288452,1059.924072265625,4.0,2024,6.503366947174072,"{""type"":""Point"",""coordinates"":[35.783664474436634,-0.2829370870121504]}"
2568,5.201418876647949,Nakuru,1692.0,20.104347229003906,0.4061734676361084,1691.5689697265625,0.15424673754705306,36.23384891124207,0.5527629852294922,790.5244750976562,4.0,2024,5.201418876647949,"{""type"":""Point"",""coordinates"":[36.23384891124207,0.15424673754705306]}"
2570,6.150653839111328,Nakuru,1984.0,21.208696365356445,0.31175169348716736,1609.933837890625,-0.20054789643881463,35.994426693643206,0.472405344247818,934.5567016601562,4.0,2024,6.150653839111328,"{""type"":""Point"",""coordinates"":[35.994426693643206,-0.20054789643881463]}"
2572,4.537964344024658,Nakuru,2264.0,24.021739959716797,0.3943348228931427,1154.89013671875,-0.40673604009988396,36.351690244419835,0.5870285034179688,811.5460815429688,4.0,2024,4.537964344024658,"{""type"":""Point"",""coordinates"":[36.351690244419835,-0.40673604009988396]}"
2574,8.15137767791748,Nakuru,2532.0,22.052173614501953,0.3005691170692444,932.83642578125,-0.3832268060771552,35.54692552081115,0.40700775384902954,961.3237915039062,4.0,2024,8.15137767791748,"{""type"":""Point"",""coordinates"":[35.54692552081115,-0.3832268060771552]}"
2583,4.100477695465088,Nakuru,1964.0,23.18260955810547,0.3380966782569885,1130.5069580078125,-0.7356727299586264,36.22039821124334,0.5058766603469849,665.40869140625,4.0,2024,4.100477695465088,"{""type"":""Point"",""coordinates"":[36.22039821124334,-0.7356727299586264]}"
2586,3.923633337020874,Nakuru,1870.0,19.96086883544922,0.33037152886390686,1465.3985595703125,-0.3721749876949623,36.15505318676877,0.49080517888069153,804.6633911132812,4.0,2024,3.923633337020874,"{""type"":""Point"",""coordinates"":[36.15505318676877,-0.3721749876949623]}"
2593,6.865844249725342,Nakuru,2139.0,22.07826042175293,0.502512514591217,1194.8536376953125,-0.2986680944992394,35.93921643006538,0.7872487902641296,952.6629638671875,4.0,2024,6.865844249725342,"{""type"":""Point"",""coordinates"":[35.93921643006538,-0.2986680944992394]}"
2595,3.589991569519043,Nakuru,2423.0,23.360870361328125,0.24805639684200287,727.6731567382812,-0.6712577012736715,36.107037330822244,0.4672725796699524,1053.457763671875,4.0,2024,3.589991569519043,"{""type"":""Point"",""coordinates"":[36.107037330822244,-0.6712577012736715]}"
2599,7.4382805824279785,Nakuru,2109.0,20.34782600402832,0.3034699559211731,1129.3472900390625,-0.2405364832911944,35.82138959736477,0.4719735383987427,932.405517578125,4.0,2024,7.4382805824279785,"{""type"":""Point"",""coordinates"":[35.82138959736477,-0.2405364832911944]}"
2600,6.253011703491211,Nakuru,1736.0,16.704347610473633,0.28295713663101196,1772.631103515625,-0.11890866127197725,35.97825563947141,0.4131319224834442,848.7538452148438,1.0,2024,6.253011703491211,"{""type"":""Point"",""coordinates"":[35.97825563947141,-0.11890866127197725]}"
2604,5.952866077423096,Nakuru,1773.0,17.69565200805664,0.22511962056159973,1523.544189453125,-0.12403944287725459,36.07819366215226,0.3912806212902069,902.1099243164062,1.0,2024,5.952866077423096,"{""type"":""Point"",""coordinates"":[36.07819366215226,-0.12403944287725459]}"
2621,3.9808509349823,Nakuru,2504.0,21.600000381469727,0.3416048586368561,801.3780517578125,-0.5573425752053601,35.994444221363665,0.5548524856567383,1120.51123046875,4.0,2024,3.9808509349823,"{""type"":""Point"",""coordinates"":[35.994444221363665,-0.5573425752053601]}"
2625,5.003419876098633,Nakuru,2329.0,21.68695640563965,0.39313074946403503,1293.6524658203125,-0.39464330837743133,36.315843011623116,0.5739671587944031,846.8605346679688,1.0,2024,5.003419876098633,"{""type"":""Point"",""coordinates"":[36.315843011623116,-0.39464330837743133]}"
2628,5.377408981323242,Nakuru,2678.0,20.704347610473633,0.41419482231140137,694.8674926757812,-0.4134964704269315,35.68233703351926,0.5391099452972412,977.9506225585938,4.0,2024,5.377408981323242,"{""type"":""Point"",""coordinates"":[35.68233703351926,-0.4134964704269315]}"
2630,4.185554027557373,Nakuru,2085.0,20.89130401611328,0.29486972093582153,1301.215087890625,-0.44845600802484326,36.009448536891014,0.47212859988212585,828.8031005859375,4.0,2024,4.185554027557373,"{""type"":""Point"",""coordinates"":[36.009448536891014,-0.44845600802484326]}"
2632,4.669189929962158,Nakuru,1903.0,19.39130401611328,0.2912490963935852,1143.9588623046875,-0.3423351139341651,36.16121416856204,0.4415031671524048,805.9258422851562,4.0,2024,4.669189929962158,"{""type"":""Point"",""coordinates"":[36.16121416856204,-0.3423351139341651]}"
2635,3.639626979827881,Nakuru,2025.0,23.26956558227539,0.33531099557876587,1132.2017822265625,-0.7671484958201752,36.1958209577505,0.49502289295196533,976.1364135742188,4.0,2024,3.639626979827881,"{""type"":""Point"",""coordinates"":[36.1958209577505,-0.7671484958201752]}"
2641,6.627838611602783,Nakuru,1850.0,23.021739959716797,0.4129941761493683,1489.7117919921875,-0.291498471670305,36.033289231917706,0.606165885925293,796.8777465820312,1.0,2024,6.627838611602783,"{""type"":""Point"",""coordinates"":[36.033289231917706,-0.291498471670305]}"
2643,5.764975547790527,Nakuru,2010.0,21.082609176635742,0.35813209414482117,1163.2713623046875,-0.5072744887144269,36.36681533547389,0.5445147752761841,691.9712524414062,4.0,2024,5.764975547790527,"{""type"":""Point"",""coordinates"":[36.36681533547389,-0.5072744887144269]}"
2645,6.493136405944824,Nakuru,2067.0,20.89130401611328,0.27446579933166504,1489.7117919921875,-0.3364820714320397,35.98543285168718,0.5196466445922852,949.3353881835938,1.0,2024,6.493136405944824,"{""type"":""Point"",""coordinates"":[35.98543285168718,-0.3364820714320397]}"
2658,5.772776126861572,Nakuru,1999.0,20.852174758911133,0.36215734481811523,1620.4278564453125,0.05459107985392897,36.19807508535341,0.5392923355102539,843.6861572265625,1.0,2024,5.772776126861572,"{""type"":""Point"",""coordinates"":[36.19807508535341,0.05459107985392897]}"
2667,2.5809988975524902,Nakuru,2502.0,22.126087188720703,0.35557040572166443,945.5843505859375,-0.8252017687237679,36.54289522378846,0.5235733389854431,1194.972900390625,4.0,2024,2.5809988975524902,"{""type"":""Point"",""coordinates"":[36.54289522378846,-0.8252017687237679]}"
2670,7.213618278503418,Nakuru,1902.0,19.669565200805664,0.2742408514022827,1270.390380859375,-0.10783114419811857,35.84338304756412,0.4444110691547394,910.8822631835938,4.0,2024,7.213618278503418,"{""type"":""Point"",""coordinates"":[35.84338304756412,-0.10783114419811857]}"
2684,4.799892425537109,Nakuru,2011.0,22.77391242980957,0.40740087628364563,1258.922119140625,0.07471610534626483,36.25008827422497,0.5723454356193542,919.7053833007812,1.0,2024,4.799892425537109,"{""type"":""Point"",""coordinates"":[36.25008827422497,0.07471610534626483]}"
2686,6.032963275909424,Nakuru,2470.0,22.521739959716797,0.31577667593955994,924.5313110351562,-0.2947370926356141,35.77756965309147,0.4935986399650574,1059.924072265625,4.0,2024,6.032963275909424,"{""type"":""Point"",""coordinates"":[35.77756965309147,-0.2947370926356141]}"
2687,6.8207197189331055,Nakuru,1803.0,18.80434799194336,0.3116152286529541,1611.68310546875,-0.08098984439646248,35.87267063230445,0.4662356376647949,870.9083251953125,4.0,2024,6.8207197189331055,"{""type"":""Point"",""coordinates"":[35.87267063230445,-0.08098984439646248]}"
2696,6.109753608703613,Nakuru,2616.0,22.091304779052734,0.408172607421875,831.6529541015625,-0.37262740551415047,35.621264842573254,0.5040162205696106,958.3047485351562,4.0,2024,6.109753608703613,"{""type"":""Point"",""coordinates"":[35.621264842573254,-0.37262740551415047]}"
2701,4.863093376159668,Nakuru,2746.0,22.856521606445312,0.3728894293308258,769.656982421875,-0.7077186925855466,35.94243821649888,0.5660093426704407,1053.901611328125,4.0,2024,4.863093376159668,"{""type"":""Point"",""coordinates"":[35.94243821649888,-0.7077186925855466]}"
2702,5.700406074523926,Nakuru,2716.0,21.61739158630371,0.4285140335559845,893.533935546875,-0.29824312396088637,35.590499395073316,0.4900510907173157,1159.1673583984375,4.0,2024,5.700406074523926,"{""type"":""Point"",""coordinates"":[35.590499395073316,-0.29824312396088637]}"
2705,2.892461061477661,Nakuru,2485.0,24.899999618530273,0.35656097531318665,1078.94775390625,-0.5800813797437576,36.05373281949955,0.5915002226829529,874.90576171875,4.0,2024,2.892461061477661,"{""type"":""Point"",""coordinates"":[36.05373281949955,-0.5800813797437576]}"
2708,5.215301513671875,Nakuru,2734.0,19.786956787109375,0.2566413879394531,893.533935546875,-0.28589829579755704,35.643139926922544,0.3378799557685852,1074.5843505859375,4.0,2024,5.215301513671875,"{""type"":""Point"",""coordinates"":[35.643139926922544,-0.28589829579755704]}"
2710,3.9178051948547363,Nakuru,1755.0,21.07826042175293,0.2653382420539856,1385.095458984375,-1.0055345125210065,36.51729043549091,0.3735738694667816,929.6365356445312,4.0,2024,3.9178051948547363,"{""type"":""Point"",""coordinates"":[36.51729043549091,-1.0055345125210065]}"
2713,4.758349895477295,Nakuru,2535.0,19.708696365356445,0.28827765583992004,924.5313110351562,-0.34424777001726087,35.849401388139675,0.45493757724761963,1082.4827880859375,4.0,2024,4.758349895477295,"{""type"":""Point"",""coordinates"":[35.849401388139675,-0.34424777001726087]}"
2724,6.577594757080078,Nakuru,2634.0,20.952173233032227,0.3534957766532898,893.533935546875,-0.31492481559871094,35.56206152791224,0.4424262046813965,1015.4908447265625,4.0,2024,6.577594757080078,"{""type"":""Point"",""coordinates"":[35.56206152791224,-0.31492481559871094]}"
2738,5.656034469604492,Nakuru,2202.0,20.643478393554688,0.34007006883621216,1401.8802490234375,0.007179969840788231,36.20302910563919,0.5341252684593201,1000.578369140625,4.0,2024,5.656034469604492,"{""type"":""Point"",""coordinates"":[36.20302910563919,0.007179969840788231]}"
2749,5.909125804901123,Nakuru,2645.0,28.243478775024414,0.361917644739151,1038.7845458984375,-0.28004621297209426,35.546075686442286,0.6154754161834717,1098.9886474609375,4.0,2024,5.909125804901123,"{""type"":""Point"",""coordinates"":[35.546075686442286,-0.28004621297209426]}"
2750,5.9374613761901855,Nakuru,2673.0,20.1130428314209,0.13056641817092896,758.80322265625,-0.25194206576376094,35.69163419731861,0.46408015489578247,1020.0197143554688,4.0,2024,5.9374613761901855,"{""type"":""Point"",""coordinates"":[35.69163419731861,-0.25194206576376094]}"
2773,5.77740478515625,Nakuru,2321.0,23.139129638671875,0.3010135889053345,922.11181640625,-0.3606684429055949,35.91339601786166,0.5077213644981384,1046.51220703125,4.0,2024,5.77740478515625,"{""type"":""Point"",""coordinates"":[35.91339601786166,-0.3606684429055949]}"
2777,3.6551764011383057,Nakuru,2185.0,22.60869598388672,0.29317036271095276,1484.5091552734375,-0.5314821216750815,36.054684841331245,0.49783381819725037,751.40087890625,4.0,2024,3.6551764011383057,"{""type"":""Point"",""coordinates"":[36.054684841331245,-0.5314821216750815]}"
2778,5.370609760284424,Nakuru,2060.0,21.430435180664062,0.2785295248031616,945.5843505859375,-0.7589196544272054,36.458762607891025,0.35518068075180054,895.4133911132812,4.0,2024,5.370609760284424,"{""type"":""Point"",""coordinates"":[36.458762607891025,-0.7589196544272054]}"
2780,5.575056552886963,Nakuru,1853.0,20.278261184692383,0.3139241635799408,1489.7117919921875,-0.3464307624946515,36.03893634461393,0.48342621326446533,767.5543212890625,4.0,2024,5.575056552886963,"{""type"":""Point"",""coordinates"":[36.03893634461393,-0.3464307624946515]}"
2783,4.9073967933654785,Nakuru,2511.0,22.660869598388672,0.26373133063316345,924.5313110351562,-0.3260412406842026,35.81429688001793,0.45260632038116455,1082.4827880859375,4.0,2024,4.9073967933654785,"{""type"":""Point"",""coordinates"":[35.81429688001793,-0.3260412406842026]}"
2801,3.5346288681030273,Nakuru,2463.0,23.647825241088867,0.3855745792388916,801.3780517578125,-0.5584025204934225,36.017366097497394,0.6192326545715332,956.3734130859375,4.0,2024,3.5346288681030273,"{""type"":""Point"",""coordinates"":[36.017366097497394,-0.5584025204934225]}"
2807,6.981293678283691,Nakuru,2494.0,24.869565963745117,0.42327016592025757,967.7295532226562,-0.49769895640892164,35.61994254637802,0.5835117101669312,951.021484375,4.0,2024,6.981293678283691,"{""type"":""Point"",""coordinates"":[35.61994254637802,-0.49769895640892164]}"
2812,4.3750128746032715,Nakuru,1845.0,20.33478355407715,0.342989057302475,1484.5091552734375,-0.5215783243941802,36.14401509615557,0.49811509251594543,675.6139526367188,4.0,2024,4.3750128746032715,"{""type"":""Point"",""coordinates"":[36.14401509615557,-0.5215783243941802]}"
2817,5.713247776031494,Nakuru,1998.0,20.673913955688477,0.19371961057186127,1301.215087890625,-0.3576726794638961,36.013021469181744,0.33314642310142517,798.239501953125,1.0,2024,5.713247776031494,"{""type"":""Point"",""coordinates"":[36.013021469181744,-0.3576726794638961]}"
2818,3.8469815254211426,Nakuru,2555.0,21.2608699798584,0.2097664326429367,801.3780517578125,-0.5705962789507949,35.99418039191302,0.3310122787952423,1120.51123046875,4.0,2024,3.8469815254211426,"{""type"":""Point"",""coordinates"":[35.99418039191302,-0.5705962789507949]}"
2830,6.177186012268066,Nakuru,1975.0,20.252174377441406,0.2921093702316284,1609.933837890625,-0.19647605315812686,35.98720545898799,0.5232353210449219,918.7094116210938,1.0,2024,6.177186012268066,"{""type"":""Point"",""coordinates"":[35.98720545898799,-0.19647605315812686]}"
2837,6.325445652008057,Nakuru,1882.0,19.42608642578125,0.4138731360435486,1366.1861572265625,-0.2934050968161017,36.13854418582454,0.5658663511276245,791.0906982421875,1.0,2024,6.325445652008057,"{""type"":""Point"",""coordinates"":[36.13854418582454,-0.2934050968161017]}"
2845,5.6381635665893555,Nakuru,2122.0,22.399999618530273,0.36798232793807983,925.9317626953125,-0.18112456350150533,36.1668235068193,0.5373201370239258,1067.3253173828125,1.0,2024,5.6381635665893555,"{""type"":""Point"",""coordinates"":[36.1668235068193,-0.18112456350150533]}"
2848,4.84748649597168,Nakuru,2434.0,23.0,0.35001033544540405,922.11181640625,-0.3622911534798509,35.8748293706045,0.5587538480758667,1100.89599609375,4.0,2024,4.84748649597168,"{""type"":""Point"",""coordinates"":[35.8748293706045,-0.3622911534798509]}"
2854,2.7774415016174316,Nakuru,2517.0,22.452173233032227,0.3325512707233429,945.5843505859375,-0.8355223515133358,36.53954794586232,0.5251415371894836,1194.972900390625,4.0,2024,2.7774415016174316,"{""type"":""Point"",""coordinates"":[36.53954794586232,-0.8355223515133358]}"
2871,7.850201606750488,Nakuru,2608.0,25.799999237060547,0.42005813121795654,1038.7845458984375,-0.34622976972024455,35.5291549521032,0.49761107563972473,1000.2233276367188,4.0,2024,7.850201606750488,"{""type"":""Point"",""coordinates"":[35.5291549521032,-0.34622976972024455]}"
2873,5.009603023529053,Nakuru,2298.0,24.31739044189453,0.34503814578056335,925.9317626953125,-0.18263400884826686,36.18828587188413,0.49825653433799744,1067.3253173828125,1.0,2024,5.009603023529053,"{""type"":""Point"",""coordinates"":[36.18828587188413,-0.18263400884826686]}"
2874,4.234471797943115,Nakuru,1861.0,21.595651626586914,0.36117058992385864,1484.5091552734375,-0.5276341158345211,36.123404084357205,0.5170618891716003,675.6139526367188,4.0,2024,4.234471797943115,"{""type"":""Point"",""coordinates"":[36.123404084357205,-0.5276341158345211]}"
2875,4.732090950012207,Nakuru,1891.0,20.799999237060547,0.5273788571357727,1310.0338134765625,-0.7096878053564932,36.414738867275496,0.7199918031692505,806.1681518554688,4.0,2024,4.732090950012207,"{""type"":""Point"",""coordinates"":[36.414738867275496,-0.7096878053564932]}"
2880,7.678436279296875,Nakuru,1868.0,19.100000381469727,0.3081129491329193,1427.7750244140625,-0.1545942112164432,35.85320715660437,0.4526731073856354,873.606201171875,1.0,2024,7.678436279296875,"{""type"":""Point"",""coordinates"":[35.85320715660437,-0.1545942112164432]}"
2883,5.945265293121338,Nakuru,1572.0,16.552173614501953,0.23727010190486908,1915.0673828125,-0.032499198096011976,35.97890764649613,0.40129369497299194,796.3817138671875,1.0,2024,5.945265293121338,"{""type"":""Point"",""coordinates"":[35.97890764649613,-0.032499198096011976]}"
2886,4.740531921386719,Nakuru,1977.0,23.15652084350586,0.3847425878047943,1380.60546875,-0.57845875077388,36.15696839695426,0.5607427954673767,720.8082275390625,4.0,2024,4.740531921386719,"{""type"":""Point"",""coordinates"":[36.15696839695426,-0.57845875077388]}"
2906,6.01692008972168,Nakuru,2601.0,23.73043441772461,0.2477177083492279,694.8674926757812,-0.4360370704276522,35.65386655974718,0.3588036596775055,977.9506225585938,4.0,2024,6.01692008972168,"{""type"":""Point"",""coordinates"":[35.65386655974718,-0.4360370704276522]}"
2912,5.333723545074463,Nakuru,2728.0,21.943477630615234,0.35437434911727905,694.8674926757812,-0.3607906648689269,35.66690218109112,0.45711663365364075,1036.11962890625,4.0,2024,5.333723545074463,"{""type"":""Point"",""coordinates"":[35.66690218109112,-0.3607906648689269]}"
2915,5.496835231781006,Nakuru,1897.0,23.065217971801758,0.4003482460975647,1330.85302734375,-0.7527708737409144,36.43195501606285,0.5387715697288513,1032.5670166015625,4.0,2024,5.496835231781006,"{""type"":""Point"",""coordinates"":[36.43195501606285,-0.7527708737409144]}"
2917,4.229417324066162,Nakuru,2469.0,21.582609176635742,0.4509567320346832,922.11181640625,-0.38760444207122985,35.881177393515436,0.6911417245864868,1100.89599609375,4.0,2024,4.229417324066162,"{""type"":""Point"",""coordinates"":[35.881177393515436,-0.38760444207122985]}"
2923,6.7630414962768555,Nakuru,1927.0,20.860870361328125,0.35787269473075867,1489.7117919921875,-0.2871473377296776,36.01135796555453,0.6376861929893494,796.8777465820312,4.0,2024,6.7630414962768555,"{""type"":""Point"",""coordinates"":[36.01135796555453,-0.2871473377296776]}"
2931,6.860292434692383,Nakuru,2126.0,21.704347610473633,0.32639095187187195,1489.7117919921875,-0.31256696698085407,35.96686697443422,0.5423813462257385,949.3353881835938,1.0,2024,6.860292434692383,"{""type"":""Point"",""coordinates"":[35.96686697443422,-0.31256696698085407]}"
2943,4.0803327560424805,Nakuru,1842.0,21.291303634643555,0.2910582423210144,1484.5091552734375,-0.5144063356482601,36.096850979308925,0.43405038118362427,751.40087890625,1.0,2024,4.0803327560424805,"{""type"":""Point"",""coordinates"":[36.096850979308925,-0.5144063356482601]}"
2947,3.8805761337280273,Nakuru,1690.0,21.373912811279297,0.4097018837928772,1385.095458984375,-1.0342285805875342,36.54408495589825,0.5549123287200928,929.6365356445312,6.0,2024,3.8805761337280273,"{""type"":""Point"",""coordinates"":[36.54408495589825,-1.0342285805875342]}"
2948,6.041619300842285,Nakuru,1679.0,17.0,0.29461225867271423,1772.631103515625,-0.08965847787067177,36.00887231751694,0.4324146807193756,769.388671875,1.0,2024,6.041619300842285,"{""type"":""Point"",""coordinates"":[36.00887231751694,-0.08965847787067177]}"
2951,4.185427665710449,Nakuru,1966.0,25.57826042175293,0.40341201424598694,1171.51220703125,-0.6224369880810063,36.426244697019825,0.6132095456123352,724.528564453125,1.0,2024,4.185427665710449,"{""type"":""Point"",""coordinates"":[36.426244697019825,-0.6224369880810063]}"
2958,3.995816946029663,Nakuru,2395.0,21.18695640563965,0.3154585659503937,1090.254150390625,-0.45628427726124987,35.96002003434774,0.46665987372398376,1038.897705078125,4.0,2024,3.995816946029663,"{""type"":""Point"",""coordinates"":[35.96002003434774,-0.45628427726124987]}"
2959,5.274044990539551,Nakuru,1665.0,16.208696365356445,0.24530376493930817,1523.544189453125,-0.059728432854291816,36.0822871896691,0.416598379611969,789.4463500976562,1.0,2024,5.274044990539551,"{""type"":""Point"",""coordinates"":[36.0822871896691,-0.059728432854291816]}"
2960,5.165290832519531,Nakuru,1912.0,22.069564819335938,0.1896137148141861,1330.85302734375,-0.8387976604712017,36.371862848834795,0.23546478152275085,1203.3858642578125,1.0,2024,5.165290832519531,"{""type"":""Point"",""coordinates"":[36.371862848834795,-0.8387976604712017]}"
2972,5.9036664962768555,Nakuru,1918.0,19.017391204833984,0.26952749490737915,1143.9588623046875,-0.3019551595394888,36.165999714821524,0.39711615443229675,805.9258422851562,4.0,2024,5.9036664962768555,"{""type"":""Point"",""coordinates"":[36.165999714821524,-0.3019551595394888]}"
2976,7.360299110412598,Nakuru,2149.0,20.513044357299805,0.36948660016059875,1129.3472900390625,-0.24697238281696227,35.81940057623829,0.5199555158615112,932.405517578125,4.0,2024,7.360299110412598,"{""type"":""Point"",""coordinates"":[35.81940057623829,-0.24697238281696227]}"
2981,3.021331310272217,Nakuru,2599.0,22.973913192749023,0.39707714319229126,1109.161865234375,-0.8731081553033868,36.547957549532775,0.5871196389198303,1136.390625,4.0,2024,3.021331310272217,"{""type"":""Point"",""coordinates"":[36.547957549532775,-0.8731081553033868]}"
2989,6.129195213317871,Nakuru,1939.0,19.778261184692383,0.3302493989467621,1609.933837890625,-0.1819397415373187,35.985029490180565,0.48103323578834534,918.7094116210938,4.0,2024,6.129195213317871,"{""type"":""Point"",""coordinates"":[35.985029490180565,-0.1819397415373187]}"
2990,5.93972635269165,Nakuru,2098.0,20.417390823364258,0.3054666519165039,1301.215087890625,-0.367917260352142,35.98168419883003,0.5079465508460999,936.8294677734375,1.0,2024,5.93972635269165,"{""type"":""Point"",""coordinates"":[35.98168419883003,-0.367917260352142]}"
2996,4.487205505371094,Nakuru,2532.0,21.839130401611328,0.3414669930934906,924.5313110351562,-0.34911175380055964,35.84445907326735,0.5389631986618042,1082.4827880859375,4.0,2024,4.487205505371094,"{""type"":""Point"",""coordinates"":[35.84445907326735,-0.34911175380055964]}"
2999,5.657451629638672,Nakuru,1768.0,19.69130516052246,0.29054948687553406,1366.1861572265625,-0.33581687498461177,36.05453306206109,0.4261992871761322,793.00048828125,4.0,2024,5.657451629638672,"{""type"":""Point"",""coordinates"":[36.05453306206109,-0.33581687498461177]}"
3000,6.648578643798828,Nakuru,1872.0,18.100000381469727,0.1961313933134079,1366.1861572265625,-0.27775756053921763,36.103089043883166,0.2894422113895416,791.0906982421875,4.0,2024,6.648578643798828,"{""type"":""Point"",""coordinates"":[36.103089043883166,-0.27775756053921763]}"
3006,3.6316659450531006,Nakuru,1985.0,22.30869483947754,0.40521809458732605,1132.2017822265625,-0.795951544657865,36.2207191595161,0.5778695940971375,760.7749633789062,4.0,2024,3.6316659450531006,"{""type"":""Point"",""coordinates"":[36.2207191595161,-0.795951544657865]}"
3010,4.541419506072998,Nakuru,2021.0,22.18695640563965,0.31493937969207764,1078.94775390625,-0.5872665342281946,36.139977345062704,0.4763799011707306,768.9725952148438,4.0,2024,4.541419506072998,"{""type"":""Point"",""coordinates"":[36.139977345062704,-0.5872665342281946]}"
3027,3.2532124519348145,Nakuru,2462.0,22.713043212890625,0.3532189428806305,1109.161865234375,-0.8588684683476516,36.52948242033476,0.5334295630455017,1136.390625,4.0,2024,3.2532124519348145,"{""type"":""Point"",""coordinates"":[36.52948242033476,-0.8588684683476516]}"
3028,3.6793782711029053,Nakuru,2190.0,24.047826766967773,0.2834376096725464,1090.254150390625,-0.5282155379519026,36.048616773224246,0.5095353126525879,871.1588745117188,4.0,2024,3.6793782711029053,"{""type"":""Point"",""coordinates"":[36.048616773224246,-0.5282155379519026]}"
3034,5.197038650512695,Nakuru,2288.0,23.169565200805664,0.4369231164455414,922.11181640625,-0.39546762876713754,35.94130135976947,0.6064164638519287,1046.51220703125,4.0,2024,5.197038650512695,"{""type"":""Point"",""coordinates"":[35.94130135976947,-0.39546762876713754]}"
3042,2.838870048522949,Nakuru,2533.0,22.54347801208496,0.3698697090148926,801.3780517578125,-0.5852256049464789,36.032971025303574,0.5606446862220764,956.3734130859375,4.0,2024,2.838870048522949,"{""type"":""Point"",""coordinates"":[36.032971025303574,-0.5852256049464789]}"
3044,7.430171012878418,Nakuru,1923.0,19.591304779052734,0.2859188914299011,1427.7750244140625,-0.21627304765040703,35.86598597878285,0.4915913939476013,882.827392578125,1.0,2024,7.430171012878418,"{""type"":""Point"",""coordinates"":[35.86598597878285,-0.21627304765040703]}"
3067,2.1043686866760254,Nakuru,2501.0,22.408695220947266,0.35942164063453674,931.31884765625,-0.6835609101202775,36.5376619154847,0.49152231216430664,1155.636474609375,4.0,2024,2.1043686866760254,"{""type"":""Point"",""coordinates"":[36.5376619154847,-0.6835609101202775]}"
3069,6.270691871643066,Nakuru,2070.0,20.647825241088867,0.3429272174835205,1489.7117919921875,-0.3486046660415092,35.98587506502239,0.5582516193389893,949.3353881835938,4.0,2024,6.270691871643066,"{""type"":""Point"",""coordinates"":[35.98587506502239,-0.3486046660415092]}"
3071,6.716631889343262,Nakuru,1919.0,19.3869571685791,0.3505071699619293,1366.1861572265625,-0.25520943797207785,36.14909294373686,0.5445196628570557,791.0906982421875,1.0,2024,6.716631889343262,"{""type"":""Point"",""coordinates"":[36.14909294373686,-0.25520943797207785]}"
3074,5.77740478515625,Nakuru,2321.0,23.139129638671875,0.3010135889053345,922.11181640625,-0.3602802947014299,35.91337690547001,0.5077213644981384,1046.51220703125,4.0,2024,5.77740478515625,"{""type"":""Point"",""coordinates"":[35.91337690547001,-0.3602802947014299]}"
3075,3.982109785079956,Nakuru,2216.0,21.700000762939453,0.3320266902446747,945.5843505859375,-0.8114705263732755,36.50159987064053,0.522965133190155,1194.972900390625,4.0,2024,3.982109785079956,"{""type"":""Point"",""coordinates"":[36.50159987064053,-0.8114705263732755]}"
3080,4.912642478942871,Nakuru,1627.0,16.495651245117188,0.2714806795120239,1772.97216796875,-0.019189012698144013,36.122711947793725,0.45640838146209717,806.2922973632812,1.0,2024,4.912642478942871,"{""type"":""Point"",""coordinates"":[36.122711947793725,-0.019189012698144013]}"
3084,4.667351722717285,Nakuru,2096.0,21.130434036254883,0.34205466508865356,945.5843505859375,-0.8306394219526926,36.47461217004429,0.48020702600479126,946.1964111328125,4.0,2024,4.667351722717285,"{""type"":""Point"",""coordinates"":[36.47461217004429,-0.8306394219526926]}"
3088,4.621596813201904,Nakuru,1544.0,16.869565963745117,0.22561763226985931,1915.0673828125,0.019538977346739858,35.978258166961275,0.39654335379600525,785.2053833007812,4.0,2024,4.621596813201904,"{""type"":""Point"",""coordinates"":[35.978258166961275,0.019538977346739858]}"
3089,2.0975847244262695,Nakuru,1610.0,22.2391300201416,0.25023698806762695,1545.2855224609375,-1.0411912566223904,36.351626010753066,0.3572932779788971,750.4850463867188,4.0,2024,2.0975847244262695,"{""type"":""Point"",""coordinates"":[36.351626010753066,-1.0411912566223904]}"
3091,3.021423578262329,Nakuru,2285.0,25.22608757019043,0.3585595488548279,931.31884765625,-0.7049062072644231,36.51295797588349,0.5839959383010864,1146.4976806640625,4.0,2024,3.021423578262329,"{""type"":""Point"",""coordinates"":[36.51295797588349,-0.7049062072644231]}"
3094,5.8333353996276855,Nakuru,2670.0,21.413043975830078,0.25908520817756653,831.6529541015625,-0.3568898938284339,35.62758763779156,0.39431557059288025,958.3047485351562,4.0,2024,5.8333353996276855,"{""type"":""Point"",""coordinates"":[35.62758763779156,-0.3568898938284339]}"
3100,6.680171966552734,Nakuru,2605.0,20.143478393554688,0.22040285170078278,893.533935546875,-0.3231780362507126,35.56677831109826,0.2689749300479889,1015.4908447265625,4.0,2024,6.680171966552734,"{""type"":""Point"",""coordinates"":[35.56677831109826,-0.3231780362507126]}"
3108,3.0031628608703613,Nakuru,1668.0,19.708696365356445,0.26314809918403625,1305.9857177734375,-1.0928322524745588,36.552300794520846,0.3652638792991638,1291.1505126953125,6.0,2024,3.0031628608703613,"{""type"":""Point"",""coordinates"":[36.552300794520846,-1.0928322524745588]}"
3110,7.740650177001953,Nakuru,1905.0,18.595651626586914,0.26304835081100464,1129.3472900390625,-0.15027440699191244,35.824236111762254,0.4046635925769806,930.6578369140625,4.0,2024,7.740650177001953,"{""type"":""Point"",""coordinates"":[35.824236111762254,-0.15027440699191244]}"
3121,4.028838634490967,Nakuru,2493.0,22.96956443786621,0.34296777844429016,1058.6063232421875,-0.34112694613727396,36.261627090666444,0.4958094358444214,908.1383056640625,4.0,2024,4.028838634490967,"{""type"":""Point"",""coordinates"":[36.261627090666444,-0.34112694613727396]}"
3126,6.0313873291015625,Nakuru,2561.0,20.447826385498047,0.2461976855993271,923.3309936523438,-0.19343832787655088,35.67255569566759,0.4510589838027954,1025.3524169921875,4.0,2024,6.0313873291015625,"{""type"":""Point"",""coordinates"":[35.67255569566759,-0.19343832787655088]}"
3130,6.331787109375,Nakuru,1738.0,16.899999618530273,0.23792068660259247,1772.631103515625,-0.11925265042187455,35.970809788299036,0.33500710129737854,848.7538452148438,1.0,2024,6.331787109375,"{""type"":""Point"",""coordinates"":[35.970809788299036,-0.11925265042187455]}"
3136,5.149476051330566,Nakuru,1824.0,19.53913116455078,0.3903540074825287,1620.4278564453125,0.0904880889694069,36.23311976464466,0.5884419679641724,890.79541015625,1.0,2024,5.149476051330566,"{""type"":""Point"",""coordinates"":[36.23311976464466,0.0904880889694069]}"
3141,8.007206916809082,Nakuru,2608.0,23.80434799194336,0.329420268535614,932.83642578125,-0.35352952058586107,35.52344472114729,0.4490736722946167,961.3237915039062,4.0,2024,8.007206916809082,"{""type"":""Point"",""coordinates"":[35.52344472114729,-0.35352952058586107]}"
3151,6.8553314208984375,Nakuru,2012.0,20.208696365356445,0.3530443608760834,1427.7750244140625,-0.22990223803694315,35.93055162881123,0.5579248666763306,908.493408203125,4.0,2024,6.8553314208984375,"{""type"":""Point"",""coordinates"":[35.93055162881123,-0.22990223803694315]}"
3152,2.666912317276001,Nakuru,2734.0,21.556522369384766,0.2918514907360077,801.3780517578125,-0.6217837312949642,36.01155582295465,0.44991961121559143,981.0376586914062,4.0,2024,2.666912317276001,"{""type"":""Point"",""coordinates"":[36.01155582295465,-0.6217837312949642]}"
3153,3.458671808242798,Nakuru,2551.0,22.913043975830078,0.33103758096694946,801.3780517578125,-0.5706572071836177,36.01144313148575,0.5525946021080017,956.3734130859375,4.0,2024,3.458671808242798,"{""type"":""Point"",""coordinates"":[36.01144313148575,-0.5706572071836177]}"
3158,7.708683967590332,Nakuru,1874.0,19.12173843383789,0.2729029655456543,1129.3472900390625,-0.15010336556011863,35.84303973679451,0.4201231002807617,930.6578369140625,4.0,2024,7.708683967590332,"{""type"":""Point"",""coordinates"":[35.84303973679451,-0.15010336556011863]}"
3166,3.9967494010925293,Nakuru,1858.0,21.2608699798584,0.26441746950149536,1484.5091552734375,-0.5118889859467198,36.08277438597551,0.4405857026576996,751.40087890625,4.0,2024,3.9967494010925293,"{""type"":""Point"",""coordinates"":[36.08277438597551,-0.5118889859467198]}"
3171,3.7787601947784424,Nakuru,1931.0,22.126087188720703,0.47640344500541687,1132.2017822265625,-0.7675511444641123,36.229271800331944,0.6135139465332031,760.7749633789062,4.0,2024,3.7787601947784424,"{""type"":""Point"",""coordinates"":[36.229271800331944,-0.7675511444641123]}"
3178,4.898004531860352,Nakuru,2365.0,22.8869571685791,0.33448171615600586,922.11181640625,-0.39283842621425324,35.91758553578932,0.5525126457214355,1046.51220703125,4.0,2024,4.898004531860352,"{""type"":""Point"",""coordinates"":[35.91758553578932,-0.39283842621425324]}"
3181,4.674693584442139,Nakuru,1842.0,21.33478355407715,0.3523072302341461,1385.095458984375,-0.9698864041024131,36.53586060836464,0.513472855091095,824.224853515625,6.0,2024,4.674693584442139,"{""type"":""Point"",""coordinates"":[36.53586060836464,-0.9698864041024131]}"
3187,6.831912517547607,Nakuru,2093.0,21.765216827392578,0.24468614161014557,1194.8536376953125,-0.26971022006079604,35.8987670312476,0.3990618884563446,920.227783203125,4.0,2024,6.831912517547607,"{""type"":""Point"",""coordinates"":[35.8987670312476,-0.26971022006079604]}"
3188,4.127490520477295,Nakuru,1907.0,22.821739196777344,0.22692206501960754,1310.0338134765625,-0.6644059155812053,36.392614001880766,0.3405390977859497,681.583740234375,1.0,2024,4.127490520477295,"{""type"":""Point"",""coordinates"":[36.392614001880766,-0.6644059155812053]}"
3194,4.817534446716309,Nakuru,2751.0,22.413043975830078,0.3793524205684662,769.656982421875,-0.708277131611625,35.94464248903813,0.5651866793632507,1053.901611328125,4.0,2024,4.817534446716309,"{""type"":""Point"",""coordinates"":[35.94464248903813,-0.708277131611625]}"
3199,6.881886005401611,Nakuru,2119.0,19.791303634643555,0.2580224871635437,1194.8536376953125,-0.26346586657117893,35.905706821855986,0.45470312237739563,952.6629638671875,4.0,2024,6.881886005401611,"{""type"":""Point"",""coordinates"":[35.905706821855986,-0.26346586657117893]}"
3202,6.309562683105469,Nakuru,2421.0,20.92608642578125,0.3275270164012909,924.5313110351562,-0.2906833828878079,35.805431204940845,0.5367538928985596,1008.7403564453125,4.0,2024,6.309562683105469,"{""type"":""Point"",""coordinates"":[35.805431204940845,-0.2906833828878079]}"
3205,3.866856098175049,Nakuru,2242.0,21.917390823364258,0.30040526390075684,1109.161865234375,-0.8589133341012921,36.500290442660045,0.46394413709640503,1032.9967041015625,4.0,2024,3.866856098175049,"{""type"":""Point"",""coordinates"":[36.500290442660045,-0.8589133341012921]}"
3215,4.021364212036133,Nakuru,2461.0,21.491304397583008,0.2858332693576813,922.11181640625,-0.4076436589772879,35.900431377259025,0.49110496044158936,1089.995361328125,4.0,2024,4.021364212036133,"{""type"":""Point"",""coordinates"":[35.900431377259025,-0.4076436589772879]}"
3216,5.036200523376465,Nakuru,1990.0,21.46086883544922,0.2772050201892853,1380.60546875,-0.5821972203082127,36.183047777508236,0.45642346143722534,720.8082275390625,4.0,2024,5.036200523376465,"{""type"":""Point"",""coordinates"":[36.183047777508236,-0.5821972203082127]}"
3222,4.871893882751465,Nakuru,1868.0,22.213043212890625,0.2585158944129944,1521.494384765625,-0.5398418710293675,36.2001258480813,0.471658319234848,658.0870361328125,4.0,2024,4.871893882751465,"{""type"":""Point"",""coordinates"":[36.2001258480813,-0.5398418710293675]}"
3223,6.8578572273254395,Nakuru,2101.0,21.486955642700195,0.2756701409816742,1489.7117919921875,-0.26070737906062613,35.95748333423692,0.5066738724708557,955.322509765625,1.0,2024,6.8578572273254395,"{""type"":""Point"",""coordinates"":[35.95748333423692,-0.26070737906062613]}"
3233,5.717888832092285,Nakuru,2264.0,21.408695220947266,0.36496710777282715,922.11181640625,-0.37247088252393945,35.9273337756079,0.5996138453483582,1046.51220703125,4.0,2024,5.717888832092285,"{""type"":""Point"",""coordinates"":[35.9273337756079,-0.37247088252393945]}"
3249,4.6743364334106445,Nakuru,2379.0,24.330434799194336,0.3625853657722473,922.11181640625,-0.4122378569081729,35.94014781386932,0.538353681564331,1089.995361328125,4.0,2024,4.6743364334106445,"{""type"":""Point"",""coordinates"":[35.94014781386932,-0.4122378569081729]}"
3253,3.471975803375244,Nakuru,2323.0,22.430435180664062,0.41386178135871887,1109.161865234375,-0.8595685659118636,36.5196653394174,0.6401695609092712,1136.390625,4.0,2024,3.471975803375244,"{""type"":""Point"",""coordinates"":[36.5196653394174,-0.8595685659118636]}"
3254,5.122711658477783,Nakuru,2661.0,20.87826156616211,0.31896141171455383,758.80322265625,-0.3205896751351836,35.733109115348064,0.44029346108436584,1122.4949951171875,4.0,2024,5.122711658477783,"{""type"":""Point"",""coordinates"":[35.733109115348064,-0.3205896751351836]}"
3259,4.7863450050354,Nakuru,2001.0,22.373912811279297,0.3185175061225891,1401.8802490234375,0.014511855758825892,36.239390628922074,0.5283490419387817,1000.578369140625,1.0,2024,4.7863450050354,"{""type"":""Point"",""coordinates"":[36.239390628922074,0.014511855758825892]}"
3262,6.122847080230713,Nakuru,1949.0,20.352174758911133,0.33998903632164,1489.7117919921875,-0.33229420311349556,36.023149244828495,0.5228058695793152,767.5543212890625,4.0,2024,6.122847080230713,"{""type"":""Point"",""coordinates"":[36.023149244828495,-0.33229420311349556]}"
3263,7.243658065795898,Nakuru,1846.0,19.134782791137695,0.3270631730556488,1427.7750244140625,-0.15518599628191357,35.89682894153796,0.5322937965393066,873.606201171875,1.0,2024,7.243658065795898,"{""type"":""Point"",""coordinates"":[35.89682894153796,-0.15518599628191357]}"
3266,8.180161476135254,Nakuru,2469.0,22.72608757019043,0.34091272950172424,932.83642578125,-0.42895266796785714,35.53480475338333,0.4902728497982025,920.1461791992188,4.0,2024,8.180161476135254,"{""type"":""Point"",""coordinates"":[35.53480475338333,-0.42895266796785714]}"
3267,5.332893371582031,Nakuru,2728.0,20.495651245117188,0.2847904860973358,758.80322265625,-0.2765744291466426,35.663743022944026,0.393902450799942,1020.0197143554688,4.0,2024,5.332893371582031,"{""type"":""Point"",""coordinates"":[35.663743022944026,-0.2765744291466426]}"
3273,4.651213645935059,Nakuru,1861.0,21.752174377441406,0.2676686942577362,1521.494384765625,-0.5309010611799989,36.18390305895823,0.4122597873210907,658.0870361328125,4.0,2024,4.651213645935059,"{""type"":""Point"",""coordinates"":[36.18390305895823,-0.5309010611799989]}"
3274,5.44706916809082,Nakuru,2153.0,22.2608699798584,0.3909144997596741,925.9317626953125,-0.18321416437653074,36.17455106823793,0.5520277619361877,1067.3253173828125,1.0,2024,5.44706916809082,"{""type"":""Point"",""coordinates"":[36.17455106823793,-0.18321416437653074]}"
3275,5.828380107879639,Nakuru,1971.0,20.939130783081055,0.3761005401611328,1163.2713623046875,-0.5197990630610201,36.36091221771215,0.5249921679496765,691.9712524414062,4.0,2024,5.828380107879639,"{""type"":""Point"",""coordinates"":[36.36091221771215,-0.5197990630610201]}"
3290,4.843790531158447,Nakuru,1807.0,18.552173614501953,0.34296485781669617,1258.922119140625,0.10899387484296899,36.25363004605821,0.507986843585968,825.3482055664062,1.0,2024,4.843790531158447,"{""type"":""Point"",""coordinates"":[36.25363004605821,0.10899387484296899]}"
3291,2.2944273948669434,Nakuru,2606.0,22.408695220947266,0.41087716817855835,719.7100219726562,-0.8368612181300378,36.55601518682949,0.6024375557899475,1475.797119140625,4.0,2024,2.2944273948669434,"{""type"":""Point"",""coordinates"":[36.55601518682949,-0.8368612181300378]}"
3293,4.922516822814941,Nakuru,2070.0,21.413043975830078,0.3412092924118042,931.31884765625,-0.7323799190038112,36.46951907483989,0.5076723098754883,1042.134521484375,4.0,2024,4.922516822814941,"{""type"":""Point"",""coordinates"":[36.46951907483989,-0.7323799190038112]}"
3295,4.336856842041016,Nakuru,1908.0,20.986955642700195,0.3371482789516449,1484.5091552734375,-0.5421257950466469,36.135995969922675,0.5139042735099792,675.6139526367188,4.0,2024,4.336856842041016,"{""type"":""Point"",""coordinates"":[36.135995969922675,-0.5421257950466469]}"
3296,5.119311332702637,Nakuru,2312.0,22.92608642578125,0.42770421504974365,1293.6524658203125,-0.39971613834145,36.31511218433334,0.5928400158882141,846.8605346679688,1.0,2024,5.119311332702637,"{""type"":""Point"",""coordinates"":[36.31511218433334,-0.39971613834145]}"
3298,5.2925519943237305,Nakuru,1663.0,19.57391357421875,0.4157788157463074,1401.8802490234375,-0.010434961014955137,36.15332867483692,0.5815050601959229,938.6957397460938,1.0,2024,5.2925519943237305,"{""type"":""Point"",""coordinates"":[36.15332867483692,-0.010434961014955137]}"
3306,4.902718544006348,Nakuru,1764.0,17.869565963745117,0.37367144227027893,1258.922119140625,0.12213304872005101,36.25510614817296,0.557578444480896,825.3482055664062,4.0,2024,4.902718544006348,"{""type"":""Point"",""coordinates"":[36.25510614817296,0.12213304872005101]}"
3312,6.846897125244141,Nakuru,2144.0,21.678260803222656,0.3473982810974121,1194.8536376953125,-0.3029760016726955,35.93944878130783,0.5484932065010071,982.5396118164062,1.0,2024,6.846897125244141,"{""type"":""Point"",""coordinates"":[35.93944878130783,-0.3029760016726955]}"
3336,6.192052364349365,Nakuru,2595.0,22.221738815307617,0.29785090684890747,831.6529541015625,-0.4353093956596572,35.645640015485306,0.4502742886543274,923.7847290039062,4.0,2024,6.192052364349365,"{""type"":""Point"",""coordinates"":[35.645640015485306,-0.4353093956596572]}"
3340,7.060517311096191,Nakuru,1965.0,19.513044357299805,0.3231446444988251,1427.7750244140625,-0.23825252668527203,35.89492296294943,0.48370862007141113,882.827392578125,1.0,2024,7.060517311096191,"{""type"":""Point"",""coordinates"":[35.89492296294943,-0.23825252668527203]}"
3357,4.7592644691467285,Nakuru,1890.0,21.582609176635742,0.4110150635242462,1385.095458984375,-0.9562433794824973,36.547488220211726,0.5651736855506897,824.224853515625,6.0,2024,4.7592644691467285,"{""type"":""Point"",""coordinates"":[36.547488220211726,-0.9562433794824973]}"
3361,7.155039310455322,Nakuru,2307.0,23.84782600402832,0.3767073452472687,924.5313110351562,-0.25915707947526495,35.79818409766985,0.6103112697601318,1059.924072265625,4.0,2024,7.155039310455322,"{""type"":""Point"",""coordinates"":[35.79818409766985,-0.25915707947526495]}"
3362,4.744724273681641,Nakuru,2212.0,19.46086883544922,0.34316450357437134,1088.5662841796875,-0.08026025148788919,36.16747014000814,0.4879480004310608,980.36962890625,1.0,2024,4.744724273681641,"{""type"":""Point"",""coordinates"":[36.16747014000814,-0.08026025148788919]}"
3367,4.068585395812988,Nakuru,2536.0,19.208696365356445,0.35420551896095276,925.9317626953125,-0.21413017722172292,36.2274971444928,0.5750588178634644,1144.279541015625,4.0,2024,4.068585395812988,"{""type"":""Point"",""coordinates"":[36.2274971444928,-0.21413017722172292]}"
3374,6.385858535766602,Nakuru,1750.0,17.76956558227539,0.24267612397670746,1772.631103515625,-0.11813722296857926,35.96633003698403,0.378571093082428,848.7538452148438,4.0,2024,6.385858535766602,"{""type"":""Point"",""coordinates"":[35.96633003698403,-0.11813722296857926]}"
3380,5.110142230987549,Nakuru,1967.0,22.786956787109375,0.2324661910533905,1370.2122802734375,-0.85659134091593,36.381171221178526,0.4132573902606964,908.3840942382812,4.0,2024,5.110142230987549,"{""type"":""Point"",""coordinates"":[36.381171221178526,-0.85659134091593]}"
3382,3.77232027053833,Nakuru,1974.0,22.27391242980957,0.23838485777378082,1132.2017822265625,-0.7618838022023313,36.203716426051415,0.3616020381450653,760.7749633789062,4.0,2024,3.77232027053833,"{""type"":""Point"",""coordinates"":[36.203716426051415,-0.7618838022023313]}"
3384,7.1272783279418945,Nakuru,1933.0,20.30434799194336,0.3123934268951416,1427.7750244140625,-0.20779989036382046,35.902202677882066,0.4972330629825592,908.493408203125,1.0,2024,7.1272783279418945,"{""type"":""Point"",""coordinates"":[35.902202677882066,-0.20779989036382046]}"
3387,4.140384197235107,Nakuru,2069.0,22.46956443786621,0.27279213070869446,1130.5069580078125,-0.7335973680299978,36.198659265069836,0.36788591742515564,925.4761352539062,4.0,2024,4.140384197235107,"{""type"":""Point"",""coordinates"":[36.198659265069836,-0.7335973680299978]}"
3395,6.011900424957275,Nakuru,1842.0,19.76956558227539,0.3480284810066223,1523.544189453125,-0.1329753291453761,36.11091627770474,0.5079927444458008,929.5658569335938,1.0,2024,6.011900424957275,"{""type"":""Point"",""coordinates"":[36.11091627770474,-0.1329753291453761]}"
3404,5.56257963180542,Nakuru,1990.0,21.19130516052246,0.3156123757362366,1330.85302734375,-0.7972234459787767,36.44841270187724,0.4363246262073517,1032.5670166015625,4.0,2024,5.56257963180542,"{""type"":""Point"",""coordinates"":[36.44841270187724,-0.7972234459787767]}"
3406,6.440483093261719,Nakuru,1883.0,18.717391967773438,0.3141653537750244,1609.933837890625,-0.17106327179557676,35.95529073936326,0.5046998262405396,918.7094116210938,1.0,2024,6.440483093261719,"{""type"":""Point"",""coordinates"":[35.95529073936326,-0.17106327179557676]}"
3411,3.583228349685669,Nakuru,2287.0,22.23043441772461,0.3610684871673584,1109.161865234375,-0.8728429982828912,36.51884886647689,0.536340594291687,1136.390625,4.0,2024,3.583228349685669,"{""type"":""Point"",""coordinates"":[36.51884886647689,-0.8728429982828912]}"
3416,4.06679630279541,Nakuru,2365.0,22.982608795166016,0.3635009229183197,1090.254150390625,-0.5144864388627173,35.99836339916602,0.5679025650024414,1075.335693359375,4.0,2024,4.06679630279541,"{""type"":""Point"",""coordinates"":[35.99836339916602,-0.5144864388627173]}"
3422,5.398116588592529,Nakuru,2278.0,29.591304779052734,0.3348918855190277,925.9317626953125,-0.24093477927511314,36.207470048723316,0.5278078317642212,1144.279541015625,4.0,2024,5.398116588592529,"{""type"":""Point"",""coordinates"":[36.207470048723316,-0.24093477927511314]}"
3433,6.2192063331604,Nakuru,1871.0,21.299999237060547,0.3321230411529541,1359.44580078125,-0.1576042353219201,36.09597137624169,0.5131422281265259,910.4461669921875,1.0,2024,6.2192063331604,"{""type"":""Point"",""coordinates"":[36.09597137624169,-0.1576042353219201]}"
3442,3.8131749629974365,Nakuru,1946.0,23.095651626586914,0.2552075982093811,1132.2017822265625,-0.7634308875701941,36.21178247999888,0.39537936449050903,760.7749633789062,4.0,2024,3.8131749629974365,"{""type"":""Point"",""coordinates"":[36.21178247999888,-0.7634308875701941]}"
3449,5.0449299812316895,Nakuru,1941.0,21.77391242980957,0.3680085837841034,1380.60546875,-0.5728025053157515,36.19100599439091,0.547286868095398,720.8082275390625,4.0,2024,5.0449299812316895,"{""type"":""Point"",""coordinates"":[36.19100599439091,-0.5728025053157515]}"
3455,5.302379608154297,Nakuru,2732.0,20.330434799194336,0.33904728293418884,758.80322265625,-0.30356791887048,35.654595836005186,0.4818369448184967,1003.6137084960938,4.0,2024,5.302379608154297,"{""type"":""Point"",""coordinates"":[35.654595836005186,-0.30356791887048]}"
3456,4.368911266326904,Nakuru,1893.0,24.556522369384766,0.6030418872833252,1171.51220703125,-0.6265598691527194,36.36918769549237,0.7377148270606995,635.6214599609375,1.0,2024,4.368911266326904,"{""type"":""Point"",""coordinates"":[36.36918769549237,-0.6265598691527194]}"
3459,6.759378433227539,Nakuru,2056.0,21.03043556213379,0.301399827003479,1489.7117919921875,-0.3136632005225972,35.987317305170635,0.5146295428276062,949.3353881835938,1.0,2024,6.759378433227539,"{""type"":""Point"",""coordinates"":[35.987317305170635,-0.3136632005225972]}"
3461,4.144508361816406,Nakuru,2104.0,21.952173233032227,0.277383416891098,1130.5069580078125,-0.7286649735050488,36.1845284697578,0.4747169017791748,925.4761352539062,4.0,2024,4.144508361816406,"{""type"":""Point"",""coordinates"":[36.1845284697578,-0.7286649735050488]}"
3471,3.6478586196899414,Nakuru,1560.0,17.930435180664062,0.322506308555603,1829.679931640625,0.07494889615495597,35.94361363689911,0.5220631957054138,849.2327270507812,1.0,2024,3.6478586196899414,"{""type"":""Point"",""coordinates"":[35.94361363689911,0.07494889615495597]}"
3472,5.310062885284424,Nakuru,2570.0,23.234783172607422,0.41537874937057495,923.3309936523438,-0.24073227944047537,35.658488456747754,0.5367929339408875,1002.68896484375,4.0,2024,5.310062885284424,"{""type"":""Point"",""coordinates"":[35.658488456747754,-0.24073227944047537]}"
3475,4.217137336730957,Nakuru,2497.0,19.839130401611328,0.2577366828918457,922.11181640625,-0.37845604296140545,35.86955373845893,0.47443604469299316,1100.89599609375,4.0,2024,4.217137336730957,"{""type"":""Point"",""coordinates"":[35.86955373845893,-0.37845604296140545]}"
3476,6.7536516189575195,Nakuru,2516.0,20.752174377441406,0.3784816563129425,923.3309936523438,-0.18495431718393596,35.7107261221294,0.5614405274391174,1134.2620849609375,4.0,2024,6.7536516189575195,"{""type"":""Point"",""coordinates"":[35.7107261221294,-0.18495431718393596]}"
3484,6.339543342590332,Nakuru,2552.0,21.521739959716797,0.38901326060295105,831.6529541015625,-0.42579027579024803,35.63603328277666,0.5679118037223816,923.7847290039062,4.0,2024,6.339543342590332,"{""type"":""Point"",""coordinates"":[35.63603328277666,-0.42579027579024803]}"
3485,3.83756685256958,Nakuru,2545.0,22.795652389526367,0.2819191515445709,922.11181640625,-0.3932441900215019,35.87232250663075,0.45859041810035706,1100.89599609375,4.0,2024,3.83756685256958,"{""type"":""Point"",""coordinates"":[35.87232250663075,-0.3932441900215019]}"
3487,4.014657020568848,Nakuru,2061.0,23.39130401611328,0.4041377305984497,1130.5069580078125,-0.741667039021062,36.197812515812636,0.5702962279319763,925.4761352539062,4.0,2024,4.014657020568848,"{""type"":""Point"",""coordinates"":[36.197812515812636,-0.741667039021062]}"
3493,4.023059844970703,Nakuru,2336.0,21.513044357299805,0.3573518991470337,1090.254150390625,-0.4668697515764026,35.97070015668982,0.5372316837310791,1038.897705078125,4.0,2024,4.023059844970703,"{""type"":""Point"",""coordinates"":[35.97070015668982,-0.4668697515764026]}"
3502,4.849925518035889,Nakuru,2464.0,23.38260841369629,0.4194816052913666,924.5313110351562,-0.3322703686223495,35.83087095122994,0.6262393593788147,1082.4827880859375,4.0,2024,4.849925518035889,"{""type"":""Point"",""coordinates"":[35.83087095122994,-0.3322703686223495]}"
3508,5.3313188552856445,Nakuru,1783.0,21.160869598388672,0.3847031593322754,1523.544189453125,-0.0843996678807907,36.121434500860495,0.5655457377433777,875.034912109375,1.0,2024,5.3313188552856445,"{""type"":""Point"",""coordinates"":[36.121434500860495,-0.0843996678807907]}"
3511,6.703239440917969,Nakuru,2026.0,21.452173233032227,0.32700109481811523,1359.44580078125,-0.2323312504290924,36.10680795839011,0.5026741623878479,946.5303344726562,4.0,2024,6.703239440917969,"{""type"":""Point"",""coordinates"":[36.10680795839011,-0.2323312504290924]}"
3518,5.287537574768066,Nakuru,2743.0,21.46086883544922,0.40699145197868347,694.8674926757812,-0.40143728634270376,35.68447631750483,0.511375367641449,977.9506225585938,4.0,2024,5.287537574768066,"{""type"":""Point"",""coordinates"":[35.68447631750483,-0.40143728634270376]}"
3520,3.7565970420837402,Nakuru,2140.0,22.18260955810547,0.3317645788192749,1109.161865234375,-0.8861350934064879,36.514336340986766,0.5196308493614197,1136.390625,4.0,2024,3.7565970420837402,"{""type"":""Point"",""coordinates"":[36.514336340986766,-0.8861350934064879]}"
3534,5.620497703552246,Nakuru,2348.0,22.799999237060547,0.31749990582466125,1194.8536376953125,-0.33575947313053855,35.87765193684835,0.5201115608215332,979.8775024414062,4.0,2024,5.620497703552246,"{""type"":""Point"",""coordinates"":[35.87765193684835,-0.33575947313053855]}"
3535,7.001372337341309,Nakuru,2642.0,20.95652198791504,0.37779852747917175,893.533935546875,-0.3458869568704157,35.57358164363877,0.49459660053253174,1015.4908447265625,4.0,2024,7.001372337341309,"{""type"":""Point"",""coordinates"":[35.57358164363877,-0.3458869568704157]}"
3538,6.910614013671875,Nakuru,2108.0,21.582609176635742,0.2026415318250656,1489.7117919921875,-0.2727594524939359,35.95258666054848,0.3746943175792694,955.322509765625,1.0,2024,6.910614013671875,"{""type"":""Point"",""coordinates"":[35.95258666054848,-0.2727594524939359]}"
3541,4.616837024688721,Nakuru,1904.0,21.68260955810547,0.335951566696167,1521.494384765625,-0.545911811668532,36.16508851088096,0.5238959193229675,658.0870361328125,4.0,2024,4.616837024688721,"{""type"":""Point"",""coordinates"":[36.16508851088096,-0.545911811668532]}"
3544,7.190155029296875,Nakuru,1811.0,18.939130783081055,0.30617332458496094,1611.68310546875,-0.12257667308506365,35.89396319183543,0.4781346023082733,850.9305419921875,4.0,2024,7.190155029296875,"{""type"":""Point"",""coordinates"":[35.89396319183543,-0.12257667308506365]}"
3552,7.730679035186768,Nakuru,1908.0,21.026086807250977,0.302965372800827,1129.3472900390625,-0.19837172820108487,35.835858082573196,0.5030294060707092,930.6578369140625,1.0,2024,7.730679035186768,"{""type"":""Point"",""coordinates"":[35.835858082573196,-0.19837172820108487]}"
3553,4.509664535522461,Nakuru,1888.0,22.365217208862305,0.2888265550136566,1310.0338134765625,-0.7147447785864559,36.39985982067321,0.40689948201179504,806.1681518554688,4.0,2024,4.509664535522461,"{""type"":""Point"",""coordinates"":[36.39985982067321,-0.7147447785864559]}"
3562,7.512328624725342,Nakuru,2588.0,21.026086807250977,0.44865643978118896,831.6529541015625,-0.3649709935889303,35.56611431549912,0.4988821744918823,967.619384765625,4.0,2024,7.512328624725342,"{""type"":""Point"",""coordinates"":[35.56611431549912,-0.3649709935889303]}"
3564,5.187376022338867,Nakuru,2233.0,21.34782600402832,0.26196739077568054,1380.60546875,-0.6067735486658422,36.19055916714345,0.4430438280105591,972.7747802734375,4.0,2024,5.187376022338867,"{""type"":""Point"",""coordinates"":[36.19055916714345,-0.6067735486658422]}"
3569,3.546729564666748,Nakuru,2537.0,21.795652389526367,0.33536332845687866,822.3162231445312,-0.46106191301363647,35.934873297736885,0.5113328099250793,1193.9844970703125,4.0,2024,3.546729564666748,"{""type"":""Point"",""coordinates"":[35.934873297736885,-0.46106191301363647]}"
3571,7.319045066833496,Nakuru,1926.0,20.81739044189453,0.4827161431312561,1427.7750244140625,-0.21587188031694468,35.87905562333545,0.7223062515258789,882.827392578125,1.0,2024,7.319045066833496,"{""type"":""Point"",""coordinates"":[35.87905562333545,-0.21587188031694468]}"
3577,6.418137550354004,Nakuru,2520.0,19.38260841369629,0.4129755198955536,758.80322265625,-0.2633477287800922,35.72790799590736,0.5673271417617798,1132.0721435546875,4.0,2024,6.418137550354004,"{""type"":""Point"",""coordinates"":[35.72790799590736,-0.2633477287800922]}"
3579,5.746691703796387,Nakuru,1885.0,21.62173843383789,0.3282407820224762,1620.4278564453125,0.058201231271633146,36.18909708590488,0.5092083215713501,843.6861572265625,1.0,2024,5.746691703796387,"{""type"":""Point"",""coordinates"":[36.18909708590488,0.058201231271633146]}"
3594,6.1330108642578125,Nakuru,1642.0,17.491304397583008,0.27182087302207947,1772.631103515625,-0.07516623229294848,35.99962890810748,0.43772202730178833,797.8411254882812,1.0,2024,6.1330108642578125,"{""type"":""Point"",""coordinates"":[35.99962890810748,-0.07516623229294848]}"
3605,4.549859046936035,Nakuru,2785.0,21.31304359436035,0.37679198384284973,600.9398193359375,-0.6930843045908984,35.95487833146315,0.5013441443443298,1057.2928466796875,4.0,2024,4.549859046936035,"{""type"":""Point"",""coordinates"":[35.95487833146315,-0.6930843045908984]}"
3610,5.476334095001221,Nakuru,1819.0,19.19130516052246,0.3070158064365387,1620.4278564453125,0.0907208579728314,36.20031938628576,0.48855525255203247,890.79541015625,4.0,2024,5.476334095001221,"{""type"":""Point"",""coordinates"":[36.20031938628576,0.0907208579728314]}"
3612,5.09128475189209,Nakuru,1732.0,18.178260803222656,0.32197755575180054,1523.544189453125,-0.06123041763718473,36.12541847277125,0.4821922481060028,875.034912109375,1.0,2024,5.09128475189209,"{""type"":""Point"",""coordinates"":[36.12541847277125,-0.06123041763718473]}"
3613,5.571922302246094,Nakuru,2604.0,22.38260841369629,0.3311734199523926,694.8674926757812,-0.44802675923266294,35.674213132654124,0.4450260400772095,977.9506225585938,4.0,2024,5.571922302246094,"{""type"":""Point"",""coordinates"":[35.674213132654124,-0.44802675923266294]}"
3623,5.825744152069092,Nakuru,2680.0,21.278261184692383,0.2680128514766693,831.6529541015625,-0.37130706698153104,35.63522749597632,0.3924548029899597,958.3047485351562,4.0,2024,5.825744152069092,"{""type"":""Point"",""coordinates"":[35.63522749597632,-0.37130706698153104]}"
3625,5.3356499671936035,Nakuru,2715.0,20.495651245117188,0.26076963543891907,758.80322265625,-0.3259092708711059,35.65702839114939,0.35460469126701355,1003.6137084960938,4.0,2024,5.3356499671936035,"{""type"":""Point"",""coordinates"":[35.65702839114939,-0.3259092708711059]}"
3630,4.1320414543151855,Nakuru,2817.0,22.917390823364258,0.3657504618167877,694.8674926757812,-0.3759777070435248,35.73479242083856,0.5612016320228577,1214.0223388671875,4.0,2024,4.1320414543151855,"{""type"":""Point"",""coordinates"":[35.73479242083856,-0.3759777070435248]}"
3631,6.734802722930908,Nakuru,2382.0,25.87826156616211,0.3875429928302765,924.5313110351562,-0.275197879014193,35.78771146463312,0.6093112826347351,1059.924072265625,4.0,2024,6.734802722930908,"{""type"":""Point"",""coordinates"":[35.78771146463312,-0.275197879014193]}"
3632,6.420803546905518,Nakuru,1999.0,23.008695602416992,0.3108963966369629,1359.44580078125,-0.1984749037911663,36.13742905400546,0.4633730351924896,1036.1998291015625,1.0,2024,6.420803546905518,"{""type"":""Point"",""coordinates"":[36.13742905400546,-0.1984749037911663]}"
3635,3.661785125732422,Nakuru,1886.0,23.65217399597168,0.007993004284799099,1477.1676025390625,-0.6960898348072595,36.3497836346899,-0.1846276819705963,602.62158203125,4.0,2024,3.661785125732422,"{""type"":""Point"",""coordinates"":[36.3497836346899,-0.6960898348072595]}"
3646,5.443542003631592,Nakuru,1917.0,19.147825241088867,0.3550271689891815,1143.9588623046875,-0.31598071833113556,36.17261193489934,0.5020546317100525,805.9258422851562,4.0,2024,5.443542003631592,"{""type"":""Point"",""coordinates"":[36.17261193489934,-0.31598071833113556]}"
3651,3.7238657474517822,Nakuru,2459.0,20.047826766967773,0.3749103248119354,822.3162231445312,-0.4634655598754558,35.94457377288456,0.6408944725990295,1193.9844970703125,4.0,2024,3.7238657474517822,"{""type"":""Point"",""coordinates"":[35.94457377288456,-0.4634655598754558]}"
3655,4.24913215637207,Nakuru,1898.0,23.569564819335938,0.39319661259651184,1310.0338134765625,-0.6898780701009082,36.39864566836319,0.5726615190505981,681.583740234375,4.0,2024,4.24913215637207,"{""type"":""Point"",""coordinates"":[36.39864566836319,-0.6898780701009082]}"
3666,6.828761577606201,Nakuru,1882.0,19.321739196777344,0.30904942750930786,1427.7750244140625,-0.1790300007899503,35.92810674674302,0.5031769275665283,885.2904052734375,4.0,2024,6.828761577606201,"{""type"":""Point"",""coordinates"":[35.92810674674302,-0.1790300007899503]}"
3668,2.154249668121338,Nakuru,1810.0,22.62173843383789,0.2897156774997711,1545.2855224609375,-0.9809908910707615,36.388219547985386,0.45575305819511414,784.7171630859375,4.0,2024,2.154249668121338,"{""type"":""Point"",""coordinates"":[36.388219547985386,-0.9809908910707615]}"
3681,4.010122299194336,Nakuru,2083.0,21.6130428314209,0.34874749183654785,1078.94775390625,-0.5932207647935008,36.114197696567004,0.5691229104995728,768.9725952148438,4.0,2024,4.010122299194336,"{""type"":""Point"",""coordinates"":[36.114197696567004,-0.5932207647935008]}"
3688,5.280515670776367,Nakuru,1661.0,19.57391357421875,0.39970728754997253,1401.8802490234375,-0.010600486425785104,36.15187151888802,0.5697476267814636,938.6957397460938,1.0,2024,5.280515670776367,"{""type"":""Point"",""coordinates"":[36.15187151888802,-0.010600486425785104]}"
3695,5.580495834350586,Nakuru,1945.0,20.92608642578125,0.34473156929016113,1301.215087890625,-0.35133533155238467,36.030479923592864,0.5352431535720825,798.239501953125,1.0,2024,5.580495834350586,"{""type"":""Point"",""coordinates"":[36.030479923592864,-0.35133533155238467]}"
3697,6.080904960632324,Nakuru,2402.0,23.57826042175293,0.3447941541671753,1194.8536376953125,-0.33451080332879773,35.900841601582194,0.5422346591949463,982.5396118164062,4.0,2024,6.080904960632324,"{""type"":""Point"",""coordinates"":[35.900841601582194,-0.33451080332879773]}"
3705,4.723262786865234,Nakuru,2128.0,21.81739044189453,0.38706859946250916,945.5843505859375,-0.775795971122585,36.48274433654991,0.554924488067627,895.4133911132812,4.0,2024,4.723262786865234,"{""type"":""Point"",""coordinates"":[36.48274433654991,-0.775795971122585]}"
3716,4.832298278808594,Nakuru,2083.0,21.417390823364258,0.31346192955970764,931.31884765625,-0.7206067901700505,36.468426724389715,0.4552009105682373,1042.134521484375,4.0,2024,4.832298278808594,"{""type"":""Point"",""coordinates"":[36.468426724389715,-0.7206067901700505]}"
3718,3.996109962463379,Nakuru,2661.0,22.07391357421875,0.31296291947364807,822.3162231445312,-0.5012615872787922,35.94201987639676,0.450276643037796,1163.6287841796875,4.0,2024,3.996109962463379,"{""type"":""Point"",""coordinates"":[35.94201987639676,-0.5012615872787922]}"
3722,7.659979820251465,Nakuru,2074.0,20.799999237060547,0.2970854938030243,1129.3472900390625,-0.21843717778776361,35.79430171203466,0.49757227301597595,1037.336181640625,1.0,2024,7.659979820251465,"{""type"":""Point"",""coordinates"":[35.79430171203466,-0.21843717778776361]}"
3730,4.885699272155762,Nakuru,2049.0,22.31739044189453,0.38329967856407166,1380.60546875,-0.5878062539463377,36.16380585298296,0.5749947428703308,720.8082275390625,4.0,2024,4.885699272155762,"{""type"":""Point"",""coordinates"":[36.16380585298296,-0.5878062539463377]}"
3733,4.1566972732543945,Nakuru,2459.0,22.6130428314209,0.30036604404449463,922.11181640625,-0.4006630086042755,35.89692619637947,0.5029449462890625,1174.0662841796875,4.0,2024,4.1566972732543945,"{""type"":""Point"",""coordinates"":[35.89692619637947,-0.4006630086042755]}"
3738,2.7471566200256348,Nakuru,2552.0,22.504348754882812,0.36012956500053406,945.5843505859375,-0.8463043847056292,36.544317150846254,0.5513151288032532,1194.972900390625,4.0,2024,2.7471566200256348,"{""type"":""Point"",""coordinates"":[36.544317150846254,-0.8463043847056292]}"
3739,3.626357078552246,Nakuru,2262.0,21.982608795166016,0.34075191617012024,931.31884765625,-0.7362578487637778,36.50427450750959,0.5204344987869263,1146.4976806640625,4.0,2024,3.626357078552246,"{""type"":""Point"",""coordinates"":[36.50427450750959,-0.7362578487637778]}"
3752,4.500483512878418,Nakuru,1949.0,24.208696365356445,0.3276921510696411,1109.161865234375,-0.9369093296500844,36.544822074145266,0.49473080039024353,1141.9552001953125,4.0,2024,4.500483512878418,"{""type"":""Point"",""coordinates"":[36.544822074145266,-0.9369093296500844]}"
3756,5.416845798492432,Nakuru,2723.0,21.81304359436035,0.3512556850910187,758.80322265625,-0.2970279611788933,35.68402861134382,0.4982593059539795,1020.0197143554688,4.0,2024,5.416845798492432,"{""type"":""Point"",""coordinates"":[35.68402861134382,-0.2970279611788933]}"
3759,5.996721267700195,Nakuru,1951.0,20.96521759033203,0.26529690623283386,1609.933837890625,-0.19232437988870718,36.01388423970891,0.39673009514808655,873.7376708984375,1.0,2024,5.996721267700195,"{""type"":""Point"",""coordinates"":[36.01388423970891,-0.19232437988870718]}"
3761,6.031639575958252,Nakuru,2017.0,24.295652389526367,0.36592504382133484,1308.805908203125,-0.4832000577934707,36.347297280780005,0.560642659664154,663.8724365234375,4.0,2024,6.031639575958252,"{""type"":""Point"",""coordinates"":[36.347297280780005,-0.4832000577934707]}"
3796,6.9541521072387695,Nakuru,2017.0,21.660869598388672,0.28289592266082764,1427.7750244140625,-0.24882541916296064,35.90784409090294,0.42703843116760254,908.493408203125,4.0,2024,6.9541521072387695,"{""type"":""Point"",""coordinates"":[35.90784409090294,-0.24882541916296064]}"
3822,3.697568893432617,Nakuru,1892.0,23.786956787109375,0.2735346257686615,1310.0338134765625,-0.6948621040847406,36.35618379951255,0.2530350685119629,681.583740234375,4.0,2024,3.697568893432617,"{""type"":""Point"",""coordinates"":[36.35618379951255,-0.6948621040847406]}"
3826,6.68951416015625,Nakuru,1685.0,17.360870361328125,0.32212144136428833,1611.68310546875,-0.09550587355219395,35.94324996970305,0.3449309766292572,805.4788818359375,1.0,2024,6.68951416015625,"{""type"":""Point"",""coordinates"":[35.94324996970305,-0.09550587355219395]}"
3828,2.7340195178985596,Nakuru,2465.0,22.213043212890625,0.3526178002357483,931.31884765625,-0.6567062424773434,36.51442051876517,0.5481193661689758,1155.636474609375,4.0,2024,2.7340195178985596,"{""type"":""Point"",""coordinates"":[36.51442051876517,-0.6567062424773434]}"
3831,5.362910747528076,Nakuru,2714.0,21.77391242980957,0.2590964734554291,758.80322265625,-0.29744480195892126,35.67491277795614,0.3974347710609436,1020.0197143554688,4.0,2024,5.362910747528076,"{""type"":""Point"",""coordinates"":[35.67491277795614,-0.29744480195892126]}"
3840,6.936981201171875,Nakuru,2038.0,20.786956787109375,0.2848115861415863,1194.8536376953125,-0.2549702090017422,35.9021479000634,0.4287334978580475,952.6629638671875,4.0,2024,6.936981201171875,"{""type"":""Point"",""coordinates"":[35.9021479000634,-0.2549702090017422]}"
3855,5.837266445159912,Nakuru,1971.0,21.217391967773438,0.3709193468093872,1401.8802490234375,0.031985684919578074,36.18788353806727,0.5368073582649231,1108.340087890625,1.0,2024,5.837266445159912,"{""type"":""Point"",""coordinates"":[36.18788353806727,0.031985684919578074]}"
3856,4.661900520324707,Nakuru,1874.0,22.913043975830078,0.2817590534687042,1521.494384765625,-0.5345826694891016,36.18034861929735,0.4171549379825592,658.0870361328125,1.0,2024,4.661900520324707,"{""type"":""Point"",""coordinates"":[36.18034861929735,-0.5345826694891016]}"
3861,7.181575298309326,Nakuru,1957.0,20.42173957824707,0.32281145453453064,1427.7750244140625,-0.231875329043106,35.882977532903006,0.526567816734314,882.827392578125,4.0,2024,7.181575298309326,"{""type"":""Point"",""coordinates"":[35.882977532903006,-0.231875329043106]}"
3865,5.202646732330322,Nakuru,2395.0,22.18695640563965,0.3284778892993927,1194.8536376953125,-0.3482167649154812,35.87289024640767,0.5087805390357971,979.8775024414062,4.0,2024,5.202646732330322,"{""type"":""Point"",""coordinates"":[35.87289024640767,-0.3482167649154812]}"
3870,4.598880290985107,Nakuru,1776.0,20.013044357299805,0.21707433462142944,1118.90576171875,-1.0066388447303576,36.56895285651958,0.2763276994228363,1214.209228515625,4.0,2024,4.598880290985107,"{""type"":""Point"",""coordinates"":[36.56895285651958,-1.0066388447303576]}"
3871,7.212008953094482,Nakuru,1848.0,19.521739959716797,0.2756439745426178,1427.7750244140625,-0.15873838073645363,35.90023911984653,0.46271222829818726,873.606201171875,4.0,2024,7.212008953094482,"{""type"":""Point"",""coordinates"":[35.90023911984653,-0.15873838073645363]}"
3877,7.2281975746154785,Nakuru,1832.0,19.352174758911133,0.29721152782440186,1611.68310546875,-0.14059922880671039,35.89632776592586,0.47830191254615784,850.9305419921875,1.0,2024,7.2281975746154785,"{""type"":""Point"",""coordinates"":[35.89632776592586,-0.14059922880671039]}"
3878,4.267474174499512,Nakuru,1830.0,20.34347915649414,0.27378422021865845,1521.494384765625,-0.48142943812320993,36.15390422740085,0.40070417523384094,592.8876342773438,4.0,2024,4.267474174499512,"{""type"":""Point"",""coordinates"":[36.15390422740085,-0.48142943812320993]}"
3884,4.649322509765625,Nakuru,1827.0,18.83478355407715,0.35784298181533813,1258.922119140625,0.10948232419940605,36.271094145372395,0.5588158965110779,825.3482055664062,4.0,2024,4.649322509765625,"{""type"":""Point"",""coordinates"":[36.271094145372395,0.10948232419940605]}"
3885,5.5680084228515625,Nakuru,1699.0,17.23043441772461,0.30075201392173767,1523.544189453125,-0.08517322485777393,36.08213199852017,0.5076298713684082,789.4463500976562,1.0,2024,5.5680084228515625,"{""type"":""Point"",""coordinates"":[36.08213199852017,-0.08517322485777393]}"
3888,3.8494184017181396,Nakuru,2110.0,22.482608795166016,0.2649862766265869,1109.161865234375,-0.8918131247408623,36.50509742670405,0.4497010409832001,1136.390625,4.0,2024,3.8494184017181396,"{""type"":""Point"",""coordinates"":[36.50509742670405,-0.8918131247408623]}"
3895,5.903239727020264,Nakuru,1980.0,22.443477630615234,0.39997464418411255,1143.9588623046875,-0.28020198589599316,36.19101141156333,0.583772599697113,896.1743774414062,4.0,2024,5.903239727020264,"{""type"":""Point"",""coordinates"":[36.19101141156333,-0.28020198589599316]}"
3903,6.979903697967529,Nakuru,2016.0,20.200000762939453,0.31989914178848267,1194.8536376953125,-0.25848671546928276,35.870636811170456,0.5324678421020508,920.227783203125,4.0,2024,6.979903697967529,"{""type"":""Point"",""coordinates"":[35.870636811170456,-0.25848671546928276]}"
3914,5.0633344650268555,Nakuru,1951.0,21.77391242980957,0.3497998118400574,1380.60546875,-0.5744438001203065,36.1916020019445,0.5051332116127014,720.8082275390625,4.0,2024,5.0633344650268555,"{""type"":""Point"",""coordinates"":[36.1916020019445,-0.5744438001203065]}"
3915,8.164999008178711,Nakuru,2560.0,23.234783172607422,0.3596400320529938,831.6529541015625,-0.4339566943003073,35.552047868010916,0.5011498332023621,892.9230346679688,4.0,2024,8.164999008178711,"{""type"":""Point"",""coordinates"":[35.552047868010916,-0.4339566943003073]}"
3918,5.552010536193848,Nakuru,2677.0,21.62173843383789,0.34544745087623596,694.8674926757812,-0.3948882750870552,35.66411993384888,0.4060324430465698,1036.11962890625,4.0,2024,5.552010536193848,"{""type"":""Point"",""coordinates"":[35.66411993384888,-0.3948882750870552]}"
3924,5.54183292388916,Nakuru,1964.0,20.060869216918945,0.33108028769493103,1143.9588623046875,-0.29353935759309857,36.19811530201913,0.5119073987007141,896.1743774414062,1.0,2024,5.54183292388916,"{""type"":""Point"",""coordinates"":[36.19811530201913,-0.29353935759309857]}"
3941,2.5331642627716064,Nakuru,2374.0,24.600000381469727,0.37278619408607483,945.5843505859375,-0.7670759913709673,36.53537478316609,0.546332061290741,1115.2738037109375,4.0,2024,2.5331642627716064,"{""type"":""Point"",""coordinates"":[36.53537478316609,-0.7670759913709673]}"
3946,7.254824638366699,Nakuru,2580.0,23.265216827392578,0.3239719569683075,831.6529541015625,-0.36676411017466143,35.577183369670436,0.43543508648872375,967.619384765625,4.0,2024,7.254824638366699,"{""type"":""Point"",""coordinates"":[35.577183369670436,-0.36676411017466143]}"
3954,6.223876476287842,Nakuru,2538.0,20.552173614501953,0.2810245454311371,923.3309936523438,-0.17926277536244284,35.67651915826921,0.44197338819503784,1025.3524169921875,4.0,2024,6.223876476287842,"{""type"":""Point"",""coordinates"":[35.67651915826921,-0.17926277536244284]}"
3955,6.324251174926758,Nakuru,1724.0,17.295652389526367,0.20589295029640198,1772.631103515625,-0.11057728373607022,35.974245550586296,0.3089401125907898,848.7538452148438,1.0,2024,6.324251174926758,"{""type"":""Point"",""coordinates"":[35.974245550586296,-0.11057728373607022]}"
3957,5.309879302978516,Nakuru,2730.0,20.22608757019043,0.267937034368515,758.80322265625,-0.30587389040694846,35.651558765878086,0.3925993740558624,1003.6137084960938,4.0,2024,5.309879302978516,"{""type"":""Point"",""coordinates"":[35.651558765878086,-0.30587389040694846]}"
3968,6.036570072174072,Nakuru,1786.0,18.76956558227539,0.3323243260383606,1366.1861572265625,-0.3193093852306646,36.05747082146113,0.46683889627456665,793.00048828125,4.0,2024,6.036570072174072,"{""type"":""Point"",""coordinates"":[36.05747082146113,-0.3193093852306646]}"
3983,3.4023213386535645,Nakuru,2700.0,19.673913955688477,0.22652816772460938,705.083251953125,-0.36400571092301587,35.813659158375515,0.4436880648136139,1137.972900390625,4.0,2024,3.4023213386535645,"{""type"":""Point"",""coordinates"":[35.813659158375515,-0.36400571092301587]}"
3985,2.1334848403930664,Nakuru,1622.0,23.30434799194336,0.5525120496749878,1525.9180908203125,-1.0094261578066392,36.33086689995827,0.6753214597702026,764.9298095703125,4.0,2024,2.1334848403930664,"{""type"":""Point"",""coordinates"":[36.33086689995827,-1.0094261578066392]}"
3988,4.670398235321045,Nakuru,1863.0,21.939130783081055,0.337563693523407,1521.494384765625,-0.5296859446440373,36.1869155634595,0.5471929907798767,658.0870361328125,4.0,2024,4.670398235321045,"{""type"":""Point"",""coordinates"":[36.1869155634595,-0.5296859446440373]}"
3989,3.1948983669281006,Nakuru,2450.0,22.491304397583008,0.4057965576648712,957.3016967773438,-0.6368167013922856,36.49316021564699,0.575746476650238,1018.88525390625,4.0,2024,3.1948983669281006,"{""type"":""Point"",""coordinates"":[36.49316021564699,-0.6368167013922856]}"
3993,4.746675968170166,Nakuru,1616.0,16.004348754882812,0.29836443066596985,1915.0673828125,0.003966179975792392,36.041284769210826,0.42353346943855286,810.364990234375,4.0,2024,4.746675968170166,"{""type"":""Point"",""coordinates"":[36.041284769210826,0.003966179975792392]}"
3995,5.84915828704834,Nakuru,1569.0,17.256521224975586,0.35887977480888367,1915.0673828125,-0.029845743367859678,35.98430062863361,0.5218276977539062,796.3817138671875,1.0,2024,5.84915828704834,"{""type"":""Point"",""coordinates"":[35.98430062863361,-0.029845743367859678]}"
4011,6.035621166229248,Nakuru,2078.0,24.595651626586914,0.3855082094669342,925.9317626953125,-0.20642733706107333,36.170230730311964,0.5605167746543884,1032.5887451171875,1.0,2024,6.035621166229248,"{""type"":""Point"",""coordinates"":[36.170230730311964,-0.20642733706107333]}"
4015,4.281863212585449,Nakuru,2643.0,24.278261184692383,0.33970996737480164,924.5313110351562,-0.340173063065454,35.76107421826239,0.4885735511779785,1103.1356201171875,4.0,2024,4.281863212585449,"{""type"":""Point"",""coordinates"":[35.76107421826239,-0.340173063065454]}"
4016,4.135374546051025,Nakuru,2053.0,20.84347915649414,0.2734168767929077,1301.215087890625,-0.4428608530843809,36.038860540722254,0.47193843126296997,828.8031005859375,4.0,2024,4.135374546051025,"{""type"":""Point"",""coordinates"":[36.038860540722254,-0.4428608530843809]}"
4017,5.265056610107422,Nakuru,2746.0,22.0,0.34926271438598633,758.80322265625,-0.32039448494647343,35.68494128119681,0.5145925283432007,1003.6137084960938,4.0,2024,5.265056610107422,"{""type"":""Point"",""coordinates"":[35.68494128119681,-0.32039448494647343]}"
4018,4.296994209289551,Nakuru,1901.0,24.07391357421875,0.2674511969089508,1310.0338134765625,-0.6923735909252317,36.400056085946886,0.4225497841835022,770.7598266601562,4.0,2024,4.296994209289551,"{""type"":""Point"",""coordinates"":[36.400056085946886,-0.6923735909252317]}"
4022,4.214217185974121,Nakuru,2455.0,21.37826156616211,0.3157622218132019,922.11181640625,-0.4179498293903191,35.925538448913784,0.4850766360759735,1089.995361328125,4.0,2024,4.214217185974121,"{""type"":""Point"",""coordinates"":[35.925538448913784,-0.4179498293903191]}"
4033,4.103414058685303,Nakuru,2669.0,25.234783172607422,0.3908611238002777,715.516357421875,-0.4997580218637806,35.76034783222414,0.5538696050643921,1063.396484375,4.0,2024,4.103414058685303,"{""type"":""Point"",""coordinates"":[35.76034783222414,-0.4997580218637806]}"
4034,3.7232666015625,Nakuru,1526.0,19.278261184692383,0.33755356073379517,2063.1201171875,0.06634362318261024,35.9611893484137,0.48650553822517395,817.49951171875,1.0,2024,3.7232666015625,"{""type"":""Point"",""coordinates"":[35.9611893484137,0.06634362318261024]}"
4037,5.463128566741943,Nakuru,1771.0,22.595651626586914,0.3200716972351074,1366.1861572265625,-0.34204842500292476,36.05738450063241,0.44442132115364075,793.00048828125,1.0,2024,5.463128566741943,"{""type"":""Point"",""coordinates"":[36.05738450063241,-0.34204842500292476]}"
4040,7.6351141929626465,Nakuru,1902.0,21.791303634643555,0.28848421573638916,1427.7750244140625,-0.1988499873006463,35.85233050737545,0.4557078182697296,873.606201171875,1.0,2024,7.6351141929626465,"{""type"":""Point"",""coordinates"":[35.85233050737545,-0.1988499873006463]}"
4045,6.399889945983887,Nakuru,2589.0,21.952173233032227,0.3768464922904968,831.6529541015625,-0.39880669129247814,35.62102744555352,0.5272743105888367,958.3047485351562,4.0,2024,6.399889945983887,"{""type"":""Point"",""coordinates"":[35.62102744555352,-0.39880669129247814]}"
4046,4.294473648071289,Nakuru,1905.0,20.65217399597168,0.3748015761375427,1171.51220703125,-0.6254190064437232,36.39874468027398,0.49748075008392334,635.6214599609375,4.0,2024,4.294473648071289,"{""type"":""Point"",""coordinates"":[36.39874468027398,-0.6254190064437232]}"
4054,5.377940654754639,Nakuru,2730.0,20.38260841369629,0.3143313527107239,893.533935546875,-0.3141909368617819,35.64101833729582,0.4184208810329437,952.67431640625,4.0,2024,5.377940654754639,"{""type"":""Point"",""coordinates"":[35.64101833729582,-0.3141909368617819]}"
4055,4.59819221496582,Nakuru,1935.0,20.647825241088867,0.32217293977737427,1380.60546875,-0.5579541244236879,36.15527258445449,0.5061823129653931,720.8082275390625,4.0,2024,4.59819221496582,"{""type"":""Point"",""coordinates"":[36.15527258445449,-0.5579541244236879]}"
4060,3.2336819171905518,Nakuru,2700.0,20.96521759033203,0.20886291563510895,705.083251953125,-0.38913378512689245,35.83907818080562,0.34714043140411377,1137.972900390625,4.0,2024,3.2336819171905518,"{""type"":""Point"",""coordinates"":[35.83907818080562,-0.38913378512689245]}"
4067,2.731146812438965,Nakuru,2458.0,21.795652389526367,0.41077274084091187,957.3016967773438,-0.6427075045987957,36.51126602828198,0.5548446774482727,1156.154296875,4.0,2024,2.731146812438965,"{""type"":""Point"",""coordinates"":[36.51126602828198,-0.6427075045987957]}"
4081,2.4268412590026855,Nakuru,2498.0,22.160869598388672,0.4301198720932007,931.31884765625,-0.6730959995697628,36.52606077366332,0.5592871308326721,1155.636474609375,4.0,2024,2.4268412590026855,"{""type"":""Point"",""coordinates"":[36.52606077366332,-0.6730959995697628]}"
4091,6.7904052734375,Nakuru,1947.0,24.147825241088867,0.3350827097892761,1489.7117919921875,-0.290437003613087,36.00530228193107,0.5241804122924805,796.8777465820312,4.0,2024,6.7904052734375,"{""type"":""Point"",""coordinates"":[36.00530228193107,-0.290437003613087]}"
4093,6.541781902313232,Nakuru,2638.0,20.913043975830078,0.26609018445014954,893.533935546875,-0.3379269973593019,35.585956694521144,0.31972718238830566,1015.4908447265625,4.0,2024,6.541781902313232,"{""type"":""Point"",""coordinates"":[35.585956694521144,-0.3379269973593019]}"
4107,5.365549087524414,Nakuru,1951.0,22.27391242980957,0.3451906442642212,1330.85302734375,-0.842884418287762,36.38942956308148,0.4961357116699219,1203.3858642578125,4.0,2024,5.365549087524414,"{""type"":""Point"",""coordinates"":[36.38942956308148,-0.842884418287762]}"
4110,4.375911712646484,Nakuru,2436.0,23.899999618530273,0.28155481815338135,727.6731567382812,-0.677757654435987,36.134444506429276,0.4418853521347046,1053.457763671875,1.0,2024,4.375911712646484,"{""type"":""Point"",""coordinates"":[36.134444506429276,-0.677757654435987]}"
4114,6.856864929199219,Nakuru,2048.0,20.443477630615234,0.3040785491466522,1194.8536376953125,-0.2666983076269311,35.89100532437866,0.47242942452430725,920.227783203125,1.0,2024,6.856864929199219,"{""type"":""Point"",""coordinates"":[35.89100532437866,-0.2666983076269311]}"
4121,4.761617183685303,Nakuru,2424.0,22.352174758911133,0.3790607452392578,922.11181640625,-0.37321160371759005,35.88333767461712,0.5465507507324219,1100.89599609375,4.0,2024,4.761617183685303,"{""type"":""Point"",""coordinates"":[35.88333767461712,-0.37321160371759005]}"
4123,3.271531820297241,Nakuru,2717.0,23.10869598388672,0.2793516218662262,705.083251953125,-0.36402592560150515,35.79352848989204,0.5106236338615417,1214.5709228515625,4.0,2024,3.271531820297241,"{""type"":""Point"",""coordinates"":[35.79352848989204,-0.36402592560150515]}"
4127,3.7302896976470947,Nakuru,2270.0,21.569564819335938,0.3002738356590271,1109.161865234375,-0.8502949057094398,36.50735196666848,0.47774139046669006,1136.390625,4.0,2024,3.7302896976470947,"{""type"":""Point"",""coordinates"":[36.50735196666848,-0.8502949057094398]}"
4128,6.857041358947754,Nakuru,2054.0,20.443477630615234,0.34840938448905945,1194.8536376953125,-0.2660419458710642,35.8914913265173,0.5086840391159058,920.227783203125,4.0,2024,6.857041358947754,"{""type"":""Point"",""coordinates"":[35.8914913265173,-0.2660419458710642]}"
4133,3.8743927478790283,Nakuru,1948.0,22.952173233032227,0.43728920817375183,1132.2017822265625,-0.7579959939618861,36.221113882180525,0.6134447455406189,760.7749633789062,4.0,2024,3.8743927478790283,"{""type"":""Point"",""coordinates"":[36.221113882180525,-0.7579959939618861]}"
4135,5.3047566413879395,Nakuru,2496.0,19.830434799194336,0.38346579670906067,924.5313110351562,-0.31523585944168003,35.80352263724074,0.49120235443115234,1082.4827880859375,4.0,2024,5.3047566413879395,"{""type"":""Point"",""coordinates"":[35.80352263724074,-0.31523585944168003]}"
4137,4.1232099533081055,Nakuru,2466.0,22.052173614501953,0.39686113595962524,922.11181640625,-0.4077678458848647,35.90550915477551,0.6222250461578369,1089.995361328125,4.0,2024,4.1232099533081055,"{""type"":""Point"",""coordinates"":[35.90550915477551,-0.4077678458848647]}"
4147,5.0670270919799805,Nakuru,2141.0,22.204347610473633,0.3938787579536438,1088.5662841796875,-0.14969271167069095,36.165950979028935,0.4846697747707367,1048.4423828125,1.0,2024,5.0670270919799805,"{""type"":""Point"",""coordinates"":[36.165950979028935,-0.14969271167069095]}"
4151,2.135033369064331,Nakuru,1588.0,21.81739044189453,0.29378098249435425,1777.065673828125,-1.071718024062888,36.40616863210373,0.4033038020133972,779.6639404296875,4.0,2024,2.135033369064331,"{""type"":""Point"",""coordinates"":[36.40616863210373,-1.071718024062888]}"
4154,6.1001996994018555,Nakuru,2042.0,20.647825241088867,0.3031037151813507,1489.7117919921875,-0.3456756659208803,36.00487320664851,0.4820545017719269,767.5543212890625,1.0,2024,6.1001996994018555,"{""type"":""Point"",""coordinates"":[36.00487320664851,-0.3456756659208803]}"
4170,4.933416366577148,Nakuru,1777.0,17.721738815307617,0.30237340927124023,1620.4278564453125,0.11694548200818,36.24922799645031,0.470771849155426,763.6254272460938,1.0,2024,4.933416366577148,"{""type"":""Point"",""coordinates"":[36.24922799645031,0.11694548200818]}"
4171,3.453207492828369,Nakuru,2501.0,22.30434799194336,0.30760657787323,922.11181640625,-0.42281709819067137,35.89721742605111,0.5366533994674683,1174.0662841796875,4.0,2024,3.453207492828369,"{""type"":""Point"",""coordinates"":[35.89721742605111,-0.42281709819067137]}"
4177,3.6011171340942383,Nakuru,1988.0,22.11739158630371,0.3920976519584656,1132.2017822265625,-0.8032361006235881,36.23763368138214,0.5601111650466919,886.7838134765625,4.0,2024,3.6011171340942383,"{""type"":""Point"",""coordinates"":[36.23763368138214,-0.8032361006235881]}"
4181,4.755921840667725,Nakuru,1857.0,20.96521759033203,0.3659402132034302,1118.90576171875,-0.9638798420913197,36.575678924864384,0.553503692150116,1223.5460205078125,4.0,2024,4.755921840667725,"{""type"":""Point"",""coordinates"":[36.575678924864384,-0.9638798420913197]}"
4182,4.75583028793335,Nakuru,2378.0,23.065217971801758,0.3616001009941101,1293.6524658203125,-0.3831527700021654,36.31293614609439,0.563340425491333,846.8605346679688,1.0,2024,4.75583028793335,"{""type"":""Point"",""coordinates"":[36.31293614609439,-0.3831527700021654]}"
4184,4.479747772216797,Nakuru,2177.0,24.39130401611328,0.4047792851924896,1130.5069580078125,-0.710450761301446,36.186281575470275,0.5446086525917053,925.4761352539062,4.0,2024,4.479747772216797,"{""type"":""Point"",""coordinates"":[36.186281575470275,-0.710450761301446]}"
4186,3.695611000061035,Nakuru,2488.0,22.3869571685791,0.3253234326839447,822.3162231445312,-0.45642997023108006,35.941304065210296,0.5761097073554993,1193.9844970703125,4.0,2024,3.695611000061035,"{""type"":""Point"",""coordinates"":[35.941304065210296,-0.45642997023108006]}"
4189,3.692328453063965,Nakuru,2048.0,21.069564819335938,0.3474995791912079,1078.94775390625,-0.5692735837939024,36.09714478195631,0.5157971382141113,874.90576171875,1.0,2024,3.692328453063965,"{""type"":""Point"",""coordinates"":[36.09714478195631,-0.5692735837939024]}"
4192,4.933586120605469,Nakuru,1929.0,21.717391967773438,0.35935184359550476,1380.60546875,-0.565668021591593,36.18374982711757,0.5432714819908142,720.8082275390625,4.0,2024,4.933586120605469,"{""type"":""Point"",""coordinates"":[36.18374982711757,-0.565668021591593]}"
4195,5.379083156585693,Nakuru,1659.0,16.786956787109375,0.32413557171821594,1523.544189453125,-0.06233384050483388,36.07143789774869,0.49092912673950195,789.4463500976562,4.0,2024,5.379083156585693,"{""type"":""Point"",""coordinates"":[36.07143789774869,-0.06233384050483388]}"
4202,4.474629878997803,Nakuru,2818.0,22.7391300201416,0.30661094188690186,694.8674926757812,-0.42167019485138735,35.7299707983683,0.5036852359771729,1118.1749267578125,4.0,2024,4.474629878997803,"{""type"":""Point"",""coordinates"":[35.7299707983683,-0.42167019485138735]}"
4206,3.6270804405212402,Nakuru,1966.0,22.2608699798584,0.3400706648826599,1132.2017822265625,-0.7879423824275753,36.240839792573176,0.5289750695228577,760.7749633789062,4.0,2024,3.6270804405212402,"{""type"":""Point"",""coordinates"":[36.240839792573176,-0.7879423824275753]}"
4211,5.693936824798584,Nakuru,2658.0,21.930435180664062,0.3230794370174408,893.533935546875,-0.32370701166815613,35.61742602373429,0.45690295100212097,952.67431640625,4.0,2024,5.693936824798584,"{""type"":""Point"",""coordinates"":[35.61742602373429,-0.32370701166815613]}"
4213,2.714167594909668,Nakuru,2510.0,22.452173233032227,0.47714778780937195,945.5843505859375,-0.8314548693816795,36.54029191539533,0.6363400220870972,1194.972900390625,4.0,2024,2.714167594909668,"{""type"":""Point"",""coordinates"":[36.54029191539533,-0.8314548693816795]}"
4217,6.796660900115967,Nakuru,2105.0,20.521739959716797,0.25164082646369934,1489.7117919921875,-0.2587695144099285,35.973241098091584,0.4150148928165436,955.322509765625,4.0,2024,6.796660900115967,"{""type"":""Point"",""coordinates"":[35.973241098091584,-0.2587695144099285]}"
4218,4.515531539916992,Nakuru,2030.0,23.2391300201416,0.32501858472824097,1301.215087890625,-0.40831710809717253,36.02889194751601,0.5271943211555481,828.8031005859375,1.0,2024,4.515531539916992,"{""type"":""Point"",""coordinates"":[36.02889194751601,-0.40831710809717253]}"
4231,3.970547676086426,Nakuru,2021.0,21.547826766967773,0.31821203231811523,1078.94775390625,-0.573000108370259,36.11190371970796,0.5135312080383301,768.9725952148438,4.0,2024,3.970547676086426,"{""type"":""Point"",""coordinates"":[36.11190371970796,-0.573000108370259]}"
4249,4.492926597595215,Nakuru,1759.0,20.42608642578125,0.3038620054721832,1118.90576171875,-1.0134434229562208,36.56904854818037,0.43106549978256226,1214.209228515625,6.0,2024,4.492926597595215,"{""type"":""Point"",""coordinates"":[36.56904854818037,-1.0134434229562208]}"
4255,4.495521068572998,Nakuru,1942.0,21.265216827392578,0.2522277534008026,1109.161865234375,-0.9428739243657237,36.529952692820835,0.4429733157157898,1141.9552001953125,6.0,2024,4.495521068572998,"{""type"":""Point"",""coordinates"":[36.529952692820835,-0.9428739243657237]}"
4256,6.638489246368408,Nakuru,2128.0,21.66521644592285,0.3288653492927551,1489.7117919921875,-0.33434216449730464,35.966302641499524,0.5426869988441467,949.3353881835938,1.0,2024,6.638489246368408,"{""type"":""Point"",""coordinates"":[35.966302641499524,-0.33434216449730464]}"
4257,3.122462272644043,Nakuru,1882.0,22.60869598388672,0.32646846771240234,1385.095458984375,-0.9719154405340688,36.47062785510025,0.501015305519104,805.7021484375,4.0,2024,3.122462272644043,"{""type"":""Point"",""coordinates"":[36.47062785510025,-0.9719154405340688]}"
4264,5.2261786460876465,Nakuru,1727.0,18.700000762939453,0.4092332124710083,1691.5689697265625,0.15931660996030184,36.2489455604786,0.6042219996452332,790.5244750976562,1.0,2024,5.2261786460876465,"{""type"":""Point"",""coordinates"":[36.2489455604786,0.15931660996030184]}"
4266,4.936341285705566,Nakuru,1588.0,15.713043212890625,0.2409074604511261,1915.0673828125,-0.005071816193939149,36.0343792543299,0.38029879331588745,755.9357299804688,4.0,2024,4.936341285705566,"{""type"":""Point"",""coordinates"":[36.0343792543299,-0.005071816193939149]}"
4270,3.605576753616333,Nakuru,1973.0,22.2391300201416,0.3858484625816345,1132.2017822265625,-0.7945974699425142,36.213798391980184,0.5711864233016968,760.7749633789062,4.0,2024,3.605576753616333,"{""type"":""Point"",""coordinates"":[36.213798391980184,-0.7945974699425142]}"
4271,6.611183166503906,Nakuru,1954.0,22.5,0.4155614674091339,925.9317626953125,-0.2474806887743267,36.1602095578912,0.5543455481529236,1032.5887451171875,1.0,2024,6.611183166503906,"{""type"":""Point"",""coordinates"":[36.1602095578912,-0.2474806887743267]}"
4275,4.1529459953308105,Nakuru,2174.0,21.439130783081055,0.3004952669143677,1109.161865234375,-0.8519857512287907,36.4874982280727,0.4487376809120178,1032.9967041015625,4.0,2024,4.1529459953308105,"{""type"":""Point"",""coordinates"":[36.4874982280727,-0.8519857512287907]}"
4280,5.912823677062988,Nakuru,2003.0,20.047826766967773,0.14989912509918213,1609.933837890625,-0.1721943287624996,36.041274155869544,0.2628462612628937,873.7376708984375,1.0,2024,5.912823677062988,"{""type"":""Point"",""coordinates"":[36.041274155869544,-0.1721943287624996]}"
4282,3.7990689277648926,Nakuru,1527.0,19.660869598388672,0.4020368754863739,2063.1201171875,0.059604040405719774,35.96165043682213,0.5722760558128357,817.49951171875,1.0,2024,3.7990689277648926,"{""type"":""Point"",""coordinates"":[35.96165043682213,0.059604040405719774]}"
4285,4.137937545776367,Nakuru,1864.0,21.286956787109375,0.3290416896343231,1484.5091552734375,-0.5262985474448196,36.11151466690901,0.48117709159851074,675.6139526367188,4.0,2024,4.137937545776367,"{""type"":""Point"",""coordinates"":[36.11151466690901,-0.5262985474448196]}"
4292,5.019756317138672,Nakuru,1713.0,17.586956024169922,0.2711487114429474,1772.97216796875,-0.029217203652599024,36.13563524974945,0.4296967387199402,806.2922973632812,1.0,2024,5.019756317138672,"{""type"":""Point"",""coordinates"":[36.13563524974945,-0.029217203652599024]}"
4296,4.255924701690674,Nakuru,1906.0,20.92173957824707,0.2519455552101135,1171.51220703125,-0.6374313520104377,36.4028766528993,0.3729288578033447,724.528564453125,4.0,2024,4.255924701690674,"{""type"":""Point"",""coordinates"":[36.4028766528993,-0.6374313520104377]}"
4304,3.564699649810791,Nakuru,1987.0,22.717391967773438,0.3713316023349762,1132.2017822265625,-0.7890467518329088,36.206862830509806,0.5441482067108154,760.7749633789062,4.0,2024,3.564699649810791,"{""type"":""Point"",""coordinates"":[36.206862830509806,-0.7890467518329088]}"
4313,5.281655311584473,Nakuru,2396.0,23.15217399597168,0.3043231964111328,1194.8536376953125,-0.3363955371928145,35.861965639261406,0.5306271314620972,979.8775024414062,4.0,2024,5.281655311584473,"{""type"":""Point"",""coordinates"":[35.861965639261406,-0.3363955371928145]}"
4328,4.761617183685303,Nakuru,2424.0,22.352174758911133,0.3790607452392578,922.11181640625,-0.3732435585688574,35.88324610821566,0.5465507507324219,1100.89599609375,4.0,2024,4.761617183685303,"{""type"":""Point"",""coordinates"":[35.88324610821566,-0.3732435585688574]}"
4329,3.0584545135498047,Nakuru,1634.0,21.204347610473633,0.2596697509288788,1600.392333984375,-1.0579396867483744,36.511676897483675,0.3769766688346863,895.8312377929688,4.0,2024,3.0584545135498047,"{""type"":""Point"",""coordinates"":[36.511676897483675,-1.0579396867483744]}"
4336,5.80003547668457,Nakuru,2292.0,23.086956024169922,0.33672627806663513,922.11181640625,-0.36453139870607126,35.91930070879634,0.5596138834953308,1046.51220703125,4.0,2024,5.80003547668457,"{""type"":""Point"",""coordinates"":[35.91930070879634,-0.36453139870607126]}"
4342,3.7946102619171143,Nakuru,2218.0,21.95652198791504,0.3977394998073578,945.5843505859375,-0.7992582954996587,36.507128689205445,0.5315000414848328,1115.2738037109375,4.0,2024,3.7946102619171143,"{""type"":""Point"",""coordinates"":[36.507128689205445,-0.7992582954996587]}"
4346,2.5586743354797363,Nakuru,2482.0,22.07391357421875,0.4206327497959137,931.31884765625,-0.6694421168341015,36.52105723440206,0.5922621488571167,1155.636474609375,4.0,2024,2.5586743354797363,"{""type"":""Point"",""coordinates"":[36.52105723440206,-0.6694421168341015]}"
4350,4.36099910736084,Nakuru,2767.0,24.213043212890625,0.36840203404426575,801.3780517578125,-0.5872218704258122,35.96865410779689,0.5933040976524353,1120.51123046875,4.0,2024,4.36099910736084,"{""type"":""Point"",""coordinates"":[35.96865410779689,-0.5872218704258122]}"
4358,3.354602098464966,Nakuru,2386.0,22.369565963745117,0.385568767786026,1109.161865234375,-0.8591953970711992,36.52521953837778,0.5919939875602722,1136.390625,4.0,2024,3.354602098464966,"{""type"":""Point"",""coordinates"":[36.52521953837778,-0.8591953970711992]}"
4360,5.080600261688232,Nakuru,1921.0,20.560869216918945,0.38579061627388,1171.51220703125,-0.5842236076212357,36.36089493947928,0.5707014203071594,598.866943359375,4.0,2024,5.080600261688232,"{""type"":""Point"",""coordinates"":[36.36089493947928,-0.5842236076212357]}"
4363,5.308465003967285,Nakuru,1706.0,18.430435180664062,0.3057360351085663,1691.5689697265625,0.17341129981882827,36.239373664460494,0.5085514783859253,790.5244750976562,1.0,2024,5.308465003967285,"{""type"":""Point"",""coordinates"":[36.239373664460494,0.17341129981882827]}"
4366,3.8231406211853027,Nakuru,2111.0,22.017391204833984,0.30684614181518555,1130.5069580078125,-0.7427463503460453,36.17865393811688,0.4930514991283417,925.4761352539062,4.0,2024,3.8231406211853027,"{""type"":""Point"",""coordinates"":[36.17865393811688,-0.7427463503460453]}"
4367,4.624154567718506,Nakuru,1796.0,20.856521606445312,0.39509838819503784,1385.095458984375,-0.9905151697247708,36.544255068939215,0.5817973613739014,824.224853515625,4.0,2024,4.624154567718506,"{""type"":""Point"",""coordinates"":[36.544255068939215,-0.9905151697247708]}"
4373,4.552427291870117,Nakuru,1926.0,21.439130783081055,0.36609014868736267,1109.161865234375,-0.9485920087940429,36.5305211897188,0.500426709651947,1141.9552001953125,6.0,2024,4.552427291870117,"{""type"":""Point"",""coordinates"":[36.5305211897188,-0.9485920087940429]}"
4376,6.747839450836182,Nakuru,1914.0,19.434782028198242,0.3577488362789154,1366.1861572265625,-0.2530477491508188,36.143908096769465,0.5366395115852356,791.0906982421875,1.0,2024,6.747839450836182,"{""type"":""Point"",""coordinates"":[36.143908096769465,-0.2530477491508188]}"
4393,4.867490768432617,Nakuru,1964.0,21.982608795166016,0.3204871416091919,1380.60546875,-0.5713436809027246,36.171657839342686,0.5011964440345764,720.8082275390625,4.0,2024,4.867490768432617,"{""type"":""Point"",""coordinates"":[36.171657839342686,-0.5713436809027246]}"
4401,5.062442302703857,Nakuru,2749.0,20.03913116455078,0.2823517918586731,694.8674926757812,-0.36852585438675334,35.69178468464816,0.40422824025154114,1036.11962890625,4.0,2024,5.062442302703857,"{""type"":""Point"",""coordinates"":[35.69178468464816,-0.36852585438675334]}"
4402,6.404721260070801,Nakuru,2038.0,23.004348754882812,0.3012048900127411,1609.933837890625,-0.23590969903241077,36.01338006673868,0.4241030514240265,871.6436767578125,4.0,2024,6.404721260070801,"{""type"":""Point"",""coordinates"":[36.01338006673868,-0.23590969903241077]}"
4406,5.546515464782715,Nakuru,1846.0,18.31739044189453,0.1742633879184723,1523.544189453125,-0.1092244949049841,36.12820988060586,0.3209148943424225,929.5658569335938,1.0,2024,5.546515464782715,"{""type"":""Point"",""coordinates"":[36.12820988060586,-0.1092244949049841]}"
4412,5.271904945373535,Nakuru,1677.0,17.62173843383789,0.2068876326084137,1523.544189453125,-0.06232696267245385,36.08730481085857,0.3903491199016571,789.4463500976562,1.0,2024,5.271904945373535,"{""type"":""Point"",""coordinates"":[36.08730481085857,-0.06232696267245385]}"
4417,4.924158096313477,Nakuru,1595.0,15.356521606445312,0.17160028219223022,1915.0673828125,-0.005965646351375355,36.03902711013077,0.29634472727775574,755.9357299804688,1.0,2024,4.924158096313477,"{""type"":""Point"",""coordinates"":[36.03902711013077,-0.005965646351375355]}"
4434,4.981550216674805,Nakuru,2815.0,22.721738815307617,0.4328937530517578,694.8674926757812,-0.36042741699593106,35.698051295686156,0.5517929196357727,1036.11962890625,4.0,2024,4.981550216674805,"{""type"":""Point"",""coordinates"":[35.698051295686156,-0.36042741699593106]}"
4439,5.667242527008057,Nakuru,1944.0,22.143478393554688,0.40754255652427673,1330.85302734375,-0.8139398442057113,36.425902484264284,0.5575755834579468,958.63525390625,4.0,2024,5.667242527008057,"{""type"":""Point"",""coordinates"":[36.425902484264284,-0.8139398442057113]}"
4442,6.100411415100098,Nakuru,2601.0,21.069564819335938,0.25414565205574036,976.3455810546875,-0.12683346702166884,35.68628509356271,0.4515526294708252,1111.6175537109375,4.0,2024,6.100411415100098,"{""type"":""Point"",""coordinates"":[35.68628509356271,-0.12683346702166884]}"
4444,4.399853229522705,Nakuru,1896.0,24.556522369384766,0.3870139420032501,1171.51220703125,-0.6257018402242605,36.36478802933191,0.4882805645465851,635.6214599609375,4.0,2024,4.399853229522705,"{""type"":""Point"",""coordinates"":[36.36478802933191,-0.6257018402242605]}"
4445,5.601163864135742,Nakuru,1653.0,16.634782791137695,0.29527050256729126,1523.544189453125,-0.07565835632128008,36.058082329633734,0.4534488618373871,789.4463500976562,1.0,2024,5.601163864135742,"{""type"":""Point"",""coordinates"":[36.058082329633734,-0.07565835632128008]}"
4449,3.562912702560425,Nakuru,2315.0,21.69565200805664,0.3554959297180176,945.5843505859375,-0.8285870559541635,36.51329554787151,0.5201981663703918,1194.972900390625,4.0,2024,3.562912702560425,"{""type"":""Point"",""coordinates"":[36.51329554787151,-0.8285870559541635]}"
4454,3.9492716789245605,Nakuru,2378.0,22.265216827392578,0.34663957357406616,1109.161865234375,-0.9077046131946,36.53639284422654,0.5395644307136536,1141.9552001953125,4.0,2024,3.9492716789245605,"{""type"":""Point"",""coordinates"":[36.53639284422654,-0.9077046131946]}"
4473,7.324627876281738,Nakuru,1892.0,19.517391204833984,0.30047672986984253,1427.7750244140625,-0.1909806240313424,35.88886135987087,0.4809485673904419,873.606201171875,1.0,2024,7.324627876281738,"{""type"":""Point"",""coordinates"":[35.88886135987087,-0.1909806240313424]}"
4489,5.574195861816406,Nakuru,2681.0,20.31739044189453,0.22091341018676758,893.533935546875,-0.31139612045509935,35.616289675748256,0.3278222978115082,952.67431640625,4.0,2024,5.574195861816406,"{""type"":""Point"",""coordinates"":[35.616289675748256,-0.31139612045509935]}"
4504,3.1180243492126465,Nakuru,2304.0,21.96956443786621,0.3176801800727844,945.5843505859375,-0.7543867316335221,36.51862937500791,0.5125266313552856,1115.2738037109375,4.0,2024,3.1180243492126465,"{""type"":""Point"",""coordinates"":[36.51862937500791,-0.7543867316335221]}"
4511,6.147956371307373,Nakuru,2037.0,21.100000381469727,0.3548753559589386,1489.7117919921875,-0.3433895752600157,36.004137460826186,0.5757433772087097,767.5543212890625,1.0,2024,6.147956371307373,"{""type"":""Point"",""coordinates"":[36.004137460826186,-0.3433895752600157]}"
4512,4.1126532554626465,Nakuru,2021.0,20.647825241088867,0.3121573030948639,1484.5091552734375,-0.4517494084877316,36.057727026378885,0.5024610161781311,764.689208984375,4.0,2024,4.1126532554626465,"{""type"":""Point"",""coordinates"":[36.057727026378885,-0.4517494084877316]}"
4518,6.567299842834473,Nakuru,2648.0,20.478260040283203,0.2874012589454651,893.533935546875,-0.3247346050760029,35.57330162110434,0.3975766599178314,1015.4908447265625,4.0,2024,6.567299842834473,"{""type"":""Point"",""coordinates"":[35.57330162110434,-0.3247346050760029]}"
4521,3.722438335418701,Nakuru,1976.0,22.2608699798584,0.347736120223999,1132.2017822265625,-0.7656937974767661,36.20236991711022,0.49513670802116394,760.7749633789062,4.0,2024,3.722438335418701,"{""type"":""Point"",""coordinates"":[36.20236991711022,-0.7656937974767661]}"
4524,4.632353782653809,Nakuru,2065.0,21.765216827392578,0.3063185214996338,1370.2122802734375,-0.8630990280729479,36.449279847715026,0.43081557750701904,921.3287963867188,4.0,2024,4.632353782653809,"{""type"":""Point"",""coordinates"":[36.449279847715026,-0.8630990280729479]}"
4530,4.551746368408203,Nakuru,1872.0,22.31739044189453,0.2920728921890259,1521.494384765625,-0.5315079291191035,36.16857355136831,0.41583892703056335,658.0870361328125,4.0,2024,4.551746368408203,"{""type"":""Point"",""coordinates"":[36.16857355136831,-0.5315079291191035]}"
4532,5.790122032165527,Nakuru,2006.0,20.673913955688477,0.31784293055534363,1301.215087890625,-0.357472375062331,36.00930977913146,0.5296754240989685,798.239501953125,1.0,2024,5.790122032165527,"{""type"":""Point"",""coordinates"":[36.00930977913146,-0.357472375062331]}"
4544,6.101816177368164,Nakuru,1590.0,16.747825622558594,0.2242603302001953,1915.0673828125,-0.04132019719852111,35.977184586853326,0.3773345947265625,796.3817138671875,1.0,2024,6.101816177368164,"{""type"":""Point"",""coordinates"":[35.977184586853326,-0.04132019719852111]}"
4555,4.1506547927856445,Nakuru,1917.0,21.860870361328125,0.3070130944252014,1109.161865234375,-0.9490313125037909,36.50674229111137,0.47736814618110657,1141.9552001953125,4.0,2024,4.1506547927856445,"{""type"":""Point"",""coordinates"":[36.50674229111137,-0.9490313125037909]}"
4559,5.954109191894531,Nakuru,1990.0,19.365217208862305,0.33673036098480225,1143.9588623046875,-0.27422961562932047,36.19124816412531,0.49053600430488586,896.1743774414062,4.0,2024,5.954109191894531,"{""type"":""Point"",""coordinates"":[36.19124816412531,-0.27422961562932047]}"
4562,4.142712116241455,Nakuru,2632.0,21.021739959716797,0.36374929547309875,924.5313110351562,-0.33966956874621507,35.79708019086684,0.4807758331298828,1103.1356201171875,4.0,2024,4.142712116241455,"{""type"":""Point"",""coordinates"":[35.79708019086684,-0.33966956874621507]}"
4567,3.605964422225952,Nakuru,1974.0,22.434782028198242,0.3876647651195526,1132.2017822265625,-0.8210694463473409,36.22297557825683,0.550007164478302,886.7838134765625,1.0,2024,3.605964422225952,"{""type"":""Point"",""coordinates"":[36.22297557825683,-0.8210694463473409]}"
4574,5.244160175323486,Nakuru,2282.0,24.934782028198242,0.4172138273715973,1293.6524658203125,-0.4149956980994022,36.328573663053696,0.6086648106575012,741.7913208007812,1.0,2024,5.244160175323486,"{""type"":""Point"",""coordinates"":[36.328573663053696,-0.4149956980994022]}"
4575,4.290893077850342,Nakuru,1903.0,20.65217399597168,0.2831159234046936,1171.51220703125,-0.6258234974530964,36.39981792404574,0.40864306688308716,724.528564453125,4.0,2024,4.290893077850342,"{""type"":""Point"",""coordinates"":[36.39981792404574,-0.6258234974530964]}"
4576,4.720797538757324,Nakuru,1869.0,22.77391242980957,0.3786868453025818,1118.90576171875,-0.9700083763857609,36.58528341792707,0.549553632736206,1223.5460205078125,4.0,2024,4.720797538757324,"{""type"":""Point"",""coordinates"":[36.58528341792707,-0.9700083763857609]}"
4577,4.854104995727539,Nakuru,2403.0,22.934782028198242,0.36583736538887024,922.11181640625,-0.383764968741943,35.901387762234165,0.5971952080726624,1046.51220703125,4.0,2024,4.854104995727539,"{""type"":""Point"",""coordinates"":[35.901387762234165,-0.383764968741943]}"
4600,3.642652988433838,Nakuru,1725.0,20.865217208862305,0.41265326738357544,1385.095458984375,-1.0145516496165548,36.51046915454367,0.5348089337348938,929.6365356445312,4.0,2024,3.642652988433838,"{""type"":""Point"",""coordinates"":[36.51046915454367,-1.0145516496165548]}"
4605,2.9988231658935547,Nakuru,1667.0,19.708696365356445,0.31941094994544983,1305.9857177734375,-1.0916139043866289,36.55039676721531,0.4822953939437866,1291.1505126953125,6.0,2024,2.9988231658935547,"{""type"":""Point"",""coordinates"":[36.55039676721531,-1.0916139043866289]}"
4608,4.7474822998046875,Nakuru,2789.0,22.11739158630371,0.32411450147628784,694.8674926757812,-0.4108434951662072,35.71511809181044,0.4477675259113312,1118.1749267578125,4.0,2024,4.7474822998046875,"{""type"":""Point"",""coordinates"":[35.71511809181044,-0.4108434951662072]}"
4628,5.609785079956055,Nakuru,2699.0,21.595651626586914,0.29821187257766724,831.6529541015625,-0.3612468581132999,35.643373114018935,0.4312691390514374,958.3047485351562,4.0,2024,5.609785079956055,"{""type"":""Point"",""coordinates"":[35.643373114018935,-0.3612468581132999]}"
4629,3.8318943977355957,Nakuru,2847.0,21.547826766967773,0.3247889578342438,600.9398193359375,-0.6586944671509317,35.974816314388676,0.47993162274360657,1057.2928466796875,4.0,2024,3.8318943977355957,"{""type"":""Point"",""coordinates"":[35.974816314388676,-0.6586944671509317]}"
4637,5.010770797729492,Nakuru,2307.0,23.22608757019043,0.397623211145401,1293.6524658203125,-0.3997629990287213,36.322825653161125,0.5611985921859741,741.7913208007812,1.0,2024,5.010770797729492,"{""type"":""Point"",""coordinates"":[36.322825653161125,-0.3997629990287213]}"
4640,3.6584665775299072,Nakuru,2732.0,23.54347801208496,0.3677445948123932,705.083251953125,-0.355330869341112,35.77310025912083,0.5301176309585571,1214.5709228515625,4.0,2024,3.6584665775299072,"{""type"":""Point"",""coordinates"":[35.77310025912083,-0.355330869341112]}"
4641,7.221308708190918,Nakuru,2230.0,21.821739196777344,0.36855828762054443,924.5313110351562,-0.25519319116468836,35.815879034847164,0.5096878409385681,1008.7403564453125,4.0,2024,7.221308708190918,"{""type"":""Point"",""coordinates"":[35.815879034847164,-0.25519319116468836]}"
4645,6.422394752502441,Nakuru,2169.0,24.704347610473633,0.33623453974723816,1194.8536376953125,-0.3455495415597455,35.93939811033207,0.5824517607688904,982.5396118164062,1.0,2024,6.422394752502441,"{""type"":""Point"",""coordinates"":[35.93939811033207,-0.3455495415597455]}"
4648,3.027348041534424,Nakuru,2596.0,21.756521224975586,0.2758282423019409,922.11181640625,-0.4286990259768712,35.883134910953544,0.4907802641391754,1174.0662841796875,4.0,2024,3.027348041534424,"{""type"":""Point"",""coordinates"":[35.883134910953544,-0.4286990259768712]}"
4651,3.664684772491455,Nakuru,2253.0,22.234783172607422,0.4232073426246643,931.31884765625,-0.7208684583594441,36.500717542283496,0.5814676880836487,1146.4976806640625,4.0,2024,3.664684772491455,"{""type"":""Point"",""coordinates"":[36.500717542283496,-0.7208684583594441]}"
4656,5.83740234375,Nakuru,1974.0,19.786956787109375,0.3716990053653717,1401.8802490234375,0.03345965120838709,36.18792712330965,0.5325877070426941,1108.340087890625,1.0,2024,5.83740234375,"{""type"":""Point"",""coordinates"":[36.18792712330965,0.03345965120838709]}"
4658,4.294342041015625,Nakuru,1965.0,23.408695220947266,0.2698560655117035,1459.1763916015625,-0.854407314348925,36.34146165107493,0.4042291045188904,974.8386840820312,4.0,2024,4.294342041015625,"{""type"":""Point"",""coordinates"":[36.34146165107493,-0.854407314348925]}"
4666,5.834595680236816,Nakuru,1849.0,19.81304359436035,0.2553859055042267,1489.7117919921875,-0.3357271876754265,36.03944946806375,0.37259921431541443,767.5543212890625,4.0,2024,5.834595680236816,"{""type"":""Point"",""coordinates"":[36.03944946806375,-0.3357271876754265]}"
4682,6.4774041175842285,Nakuru,2515.0,20.565217971801758,0.3045911192893982,923.3309936523438,-0.17525686578257996,35.69349409864382,0.45054131746292114,1025.3524169921875,4.0,2024,6.4774041175842285,"{""type"":""Point"",""coordinates"":[35.69349409864382,-0.17525686578257996]}"
4696,5.703979015350342,Nakuru,2060.0,21.37826156616211,0.3145584762096405,1401.8802490234375,0.003706127956904276,36.18337390010105,0.5006200671195984,1108.340087890625,1.0,2024,5.703979015350342,"{""type"":""Point"",""coordinates"":[36.18337390010105,0.003706127956904276]}"
4698,6.485282897949219,Nakuru,2645.0,21.95652198791504,0.2796066701412201,893.533935546875,-0.34746559689602796,35.59453454552437,0.3744868338108063,1015.4908447265625,4.0,2024,6.485282897949219,"{""type"":""Point"",""coordinates"":[35.59453454552437,-0.34746559689602796]}"
4705,4.344886779785156,Nakuru,2063.0,22.978260040283203,0.3434455096721649,1401.8802490234375,-0.017097912970294848,36.23805827801395,0.5265963077545166,1012.428955078125,1.0,2024,4.344886779785156,"{""type"":""Point"",""coordinates"":[36.23805827801395,-0.017097912970294848]}"
4707,5.312167167663574,Nakuru,2741.0,20.204347610473633,0.3110930025577545,758.80322265625,-0.31364037736200484,35.65976463051224,0.44594141840934753,1003.6137084960938,4.0,2024,5.312167167663574,"{""type"":""Point"",""coordinates"":[35.65976463051224,-0.31364037736200484]}"
4708,5.1847124099731445,Nakuru,2791.0,21.495651245117188,0.18171732127666473,758.80322265625,-0.33391824414376803,35.68751450481087,0.27647650241851807,1003.6137084960938,4.0,2024,5.1847124099731445,"{""type"":""Point"",""coordinates"":[35.68751450481087,-0.33391824414376803]}"
4714,4.8924760818481445,Nakuru,2510.0,23.700000762939453,0.39634737372398376,924.5313110351562,-0.3288840780719761,35.82646264050764,0.5586416721343994,1082.4827880859375,4.0,2024,4.8924760818481445,"{""type"":""Point"",""coordinates"":[35.82646264050764,-0.3288840780719761]}"
4717,2.4624602794647217,Nakuru,2478.0,24.72608757019043,0.4476702809333801,945.5843505859375,-0.8011489721659445,36.54186229569785,0.6536969542503357,1194.972900390625,4.0,2024,2.4624602794647217,"{""type"":""Point"",""coordinates"":[36.54186229569785,-0.8011489721659445]}"
4725,3.998832941055298,Nakuru,2018.0,23.80869483947754,0.3616669774055481,1090.254150390625,-0.47446290405596214,36.03698684003341,0.5524083375930786,840.0512084960938,1.0,2024,3.998832941055298,"{""type"":""Point"",""coordinates"":[36.03698684003341,-0.47446290405596214]}"
4727,4.725489616394043,Nakuru,1889.0,21.586956024169922,0.3399313986301422,1385.095458984375,-0.9572142744578488,36.5409009591983,0.4726196229457855,824.224853515625,6.0,2024,4.725489616394043,"{""type"":""Point"",""coordinates"":[36.5409009591983,-0.9572142744578488]}"
4728,4.384689807891846,Nakuru,1884.0,19.77391242980957,0.2982962727546692,1599.727294921875,-0.354953199051405,36.14452258081924,0.43166667222976685,926.8441162109375,4.0,2024,4.384689807891846,"{""type"":""Point"",""coordinates"":[36.14452258081924,-0.354953199051405]}"
4740,5.7650322914123535,Nakuru,1904.0,20.07826042175293,0.3790401816368103,1308.805908203125,-0.4597562901227154,36.28686267369838,0.526025116443634,578.2003173828125,4.0,2024,5.7650322914123535,"{""type"":""Point"",""coordinates"":[36.28686267369838,-0.4597562901227154]}"
4742,4.026153564453125,Nakuru,2117.0,25.582609176635742,0.4261131286621094,1171.51220703125,-0.6201845291663379,36.44282420227076,0.6274311542510986,724.528564453125,4.0,2024,4.026153564453125,"{""type"":""Point"",""coordinates"":[36.44282420227076,-0.6201845291663379]}"
4754,7.498668670654297,Nakuru,1888.0,20.57391357421875,0.3782326579093933,1427.7750244140625,-0.19532197921691594,35.87108055553959,0.5857927203178406,873.606201171875,1.0,2024,7.498668670654297,"{""type"":""Point"",""coordinates"":[35.87108055553959,-0.19532197921691594]}"
4755,3.4167754650115967,Nakuru,2042.0,22.60869598388672,0.2879394590854645,1078.94775390625,-0.5848794771749691,36.09035838492282,0.4903276264667511,874.90576171875,1.0,2024,3.4167754650115967,"{""type"":""Point"",""coordinates"":[36.09035838492282,-0.5848794771749691]}"
4764,3.937800884246826,Nakuru,1883.0,21.091304779052734,0.3293458819389343,1484.5091552734375,-0.5192067697702328,36.08267730009522,0.524337112903595,751.40087890625,4.0,2024,3.937800884246826,"{""type"":""Point"",""coordinates"":[36.08267730009522,-0.5192067697702328]}"
4766,2.951383113861084,Nakuru,2804.0,21.069564819335938,0.39925244450569153,705.083251953125,-0.3821243833521351,35.79480434697765,0.5489237308502197,1214.5709228515625,7.0,2024,2.951383113861084,"{""type"":""Point"",""coordinates"":[35.79480434697765,-0.3821243833521351]}"
4767,3.578716516494751,Nakuru,2023.0,27.021739959716797,0.5054649114608765,1132.2017822265625,-0.7685119649457405,36.19319442017395,0.7354584336280823,976.1364135742188,4.0,2024,3.578716516494751,"{""type"":""Point"",""coordinates"":[36.19319442017395,-0.7685119649457405]}"
4768,5.930178642272949,Nakuru,2020.0,20.80434799194336,0.32752513885498047,1301.215087890625,-0.35457466760658074,36.00374563050498,0.5330999493598938,798.239501953125,1.0,2024,5.930178642272949,"{""type"":""Point"",""coordinates"":[36.00374563050498,-0.35457466760658074]}"
4769,4.021993637084961,Nakuru,2164.0,23.782608032226562,0.3378567099571228,1090.254150390625,-0.4728213339840949,36.01954808370608,0.5408299565315247,840.0512084960938,4.0,2024,4.021993637084961,"{""type"":""Point"",""coordinates"":[36.01954808370608,-0.4728213339840949]}"
4770,4.855070114135742,Nakuru,2618.0,24.600000381469727,0.44996821880340576,792.1693115234375,-0.49877924212271024,35.677987218103176,0.5342712998390198,1002.8358764648438,4.0,2024,4.855070114135742,"{""type"":""Point"",""coordinates"":[35.677987218103176,-0.49877924212271024]}"
4778,2.4026360511779785,Nakuru,2517.0,23.84782600402832,0.43065717816352844,945.5843505859375,-0.8208774051289209,36.54783127718486,0.603812575340271,1194.972900390625,4.0,2024,2.4026360511779785,"{""type"":""Point"",""coordinates"":[36.54783127718486,-0.8208774051289209]}"
4781,5.322094440460205,Nakuru,2758.0,21.413043975830078,0.3024386763572693,758.80322265625,-0.3019940101221175,35.66840105311658,0.4804147183895111,1003.6137084960938,4.0,2024,5.322094440460205,"{""type"":""Point"",""coordinates"":[35.66840105311658,-0.3019940101221175]}"
4782,4.580160617828369,Nakuru,2010.0,20.10869598388672,0.33686065673828125,1401.8802490234375,0.0057732019201238854,36.24208424943285,0.5383278131484985,1000.578369140625,1.0,2024,4.580160617828369,"{""type"":""Point"",""coordinates"":[36.24208424943285,0.0057732019201238854]}"
4787,5.627618312835693,Nakuru,1558.0,16.952173233032227,0.31806275248527527,1915.0673828125,-0.018466813102083802,35.97852519022617,0.5479699373245239,796.3817138671875,1.0,2024,5.627618312835693,"{""type"":""Point"",""coordinates"":[35.97852519022617,-0.018466813102083802]}"
4789,5.245886325836182,Nakuru,2729.0,21.017391204833984,0.2414213865995407,694.8674926757812,-0.39599536606547453,35.68472063924399,0.31499865651130676,1036.11962890625,4.0,2024,5.245886325836182,"{""type"":""Point"",""coordinates"":[35.68472063924399,-0.39599536606547453]}"
4796,3.7678894996643066,Nakuru,1936.0,22.473913192749023,0.456053763628006,1132.2017822265625,-0.770147578325755,36.227082416681576,0.5830678939819336,760.7749633789062,4.0,2024,3.7678894996643066,"{""type"":""Point"",""coordinates"":[36.227082416681576,-0.770147578325755]}"
4798,6.561141014099121,Nakuru,2582.0,20.247825622558594,0.35058921575546265,923.3309936523438,-0.16510147781284495,35.70377205540291,0.4849270284175873,1134.2620849609375,4.0,2024,6.561141014099121,"{""type"":""Point"",""coordinates"":[35.70377205540291,-0.16510147781284495]}"
4800,3.125556707382202,Nakuru,2443.0,22.134782791137695,0.422243595123291,945.5843505859375,-0.8337350345680349,36.52770459725066,0.601366400718689,1194.972900390625,4.0,2024,3.125556707382202,"{""type"":""Point"",""coordinates"":[36.52770459725066,-0.8337350345680349]}"
4804,6.005666255950928,Nakuru,1920.0,22.899999618530273,0.39665883779525757,1143.9588623046875,-0.2985763322084742,36.16445724893209,0.5520914793014526,896.1743774414062,1.0,2024,6.005666255950928,"{""type"":""Point"",""coordinates"":[36.16445724893209,-0.2985763322084742]}"
4805,4.760862350463867,Nakuru,2007.0,22.939130783081055,0.4300832450389862,1380.60546875,-0.585508575449606,36.155261305896325,0.6187609434127808,720.8082275390625,4.0,2024,4.760862350463867,"{""type"":""Point"",""coordinates"":[36.155261305896325,-0.585508575449606]}"
4809,4.028618335723877,Nakuru,1984.0,21.147825241088867,0.3581395745277405,1090.254150390625,-0.47283411298112826,36.049406758643585,0.5404210686683655,840.0512084960938,4.0,2024,4.028618335723877,"{""type"":""Point"",""coordinates"":[36.049406758643585,-0.47283411298112826]}"
4813,6.723064422607422,Nakuru,2414.0,22.482608795166016,0.261741042137146,924.5313110351562,-0.2736892822691124,35.77710055946462,0.4017155170440674,1059.924072265625,4.0,2024,6.723064422607422,"{""type"":""Point"",""coordinates"":[35.77710055946462,-0.2736892822691124]}"
4815,4.492162704467773,Nakuru,2092.0,21.778261184692383,0.24950288236141205,1130.5069580078125,-0.687477461721535,36.23901410313794,0.40567487478256226,1116.844970703125,4.0,2024,4.492162704467773,"{""type"":""Point"",""coordinates"":[36.23901410313794,-0.687477461721535]}"
4830,3.3049521446228027,Nakuru,2533.0,22.356521606445312,0.3134811222553253,922.11181640625,-0.42540759514788723,35.89345705339507,0.5601582527160645,1174.0662841796875,4.0,2024,3.3049521446228027,"{""type"":""Point"",""coordinates"":[35.89345705339507,-0.42540759514788723]}"
4835,5.515834808349609,Nakuru,1652.0,16.765216827392578,0.24856668710708618,1523.544189453125,-0.06002041896528846,36.051764859191856,0.4095284938812256,789.4463500976562,1.0,2024,5.515834808349609,"{""type"":""Point"",""coordinates"":[36.051764859191856,-0.06002041896528846]}"
4837,4.140559673309326,Nakuru,1889.0,20.104347229003906,0.25831687450408936,1465.3985595703125,-0.3576469917869544,36.185360365714516,0.4058403968811035,804.6633911132812,1.0,2024,4.140559673309326,"{""type"":""Point"",""coordinates"":[36.185360365714516,-0.3576469917869544]}"
4838,2.659628391265869,Nakuru,2565.0,22.330434799194336,0.4295182526111603,945.5843505859375,-0.8459558335912954,36.54660839894567,0.6381745934486389,1194.972900390625,4.0,2024,2.659628391265869,"{""type"":""Point"",""coordinates"":[36.54660839894567,-0.8459558335912954]}"
4848,5.089029788970947,Nakuru,2308.0,20.943477630615234,0.3614102602005005,922.11181640625,-0.4000283315185422,35.944250170519474,0.48297548294067383,1089.995361328125,4.0,2024,5.089029788970947,"{""type"":""Point"",""coordinates"":[35.944250170519474,-0.4000283315185422]}"
4866,5.373579025268555,Nakuru,2759.0,22.065217971801758,0.41700688004493713,694.8674926757812,-0.37553101280303314,35.66884527105378,0.5530986189842224,1036.11962890625,4.0,2024,5.373579025268555,"{""type"":""Point"",""coordinates"":[35.66884527105378,-0.37553101280303314]}"
4867,4.0586042404174805,Nakuru,1896.0,21.26956558227539,0.3859483003616333,1310.0338134765625,-0.6557906744945357,36.38107797086905,0.542182207107544,681.583740234375,1.0,2024,4.0586042404174805,"{""type"":""Point"",""coordinates"":[36.38107797086905,-0.6557906744945357]}"
4868,8.251763343811035,Nakuru,2473.0,22.639129638671875,0.3575684428215027,932.83642578125,-0.41904559716084655,35.53350404067387,0.47313302755355835,920.1461791992188,4.0,2024,8.251763343811035,"{""type"":""Point"",""coordinates"":[35.53350404067387,-0.41904559716084655]}"
4872,6.672351837158203,Nakuru,2610.0,21.413043975830078,0.3481995761394501,893.533935546875,-0.3334528004340724,35.577745093203596,0.4400551915168762,1015.4908447265625,4.0,2024,6.672351837158203,"{""type"":""Point"",""coordinates"":[35.577745093203596,-0.3334528004340724]}"
4873,4.051077842712402,Nakuru,2477.0,22.243478775024414,0.3025171458721161,922.11181640625,-0.41008939574319286,35.90652536091944,0.5044687986373901,1089.995361328125,4.0,2024,4.051077842712402,"{""type"":""Point"",""coordinates"":[35.90652536091944,-0.41008939574319286]}"
4879,5.941805362701416,Nakuru,1817.0,19.147825241088867,0.2647756040096283,1772.631103515625,-0.14615012952699638,36.005075817147926,0.46372857689857483,856.3206787109375,1.0,2024,5.941805362701416,"{""type"":""Point"",""coordinates"":[36.005075817147926,-0.14615012952699638]}"
4883,5.236050605773926,Nakuru,1958.0,20.7391300201416,0.34376996755599976,1380.60546875,-0.5720025219159711,36.2149953220564,0.5449652075767517,795.6459350585938,4.0,2024,5.236050605773926,"{""type"":""Point"",""coordinates"":[36.2149953220564,-0.5720025219159711]}"
4887,4.8666582107543945,Nakuru,2128.0,22.321739196777344,0.37429729104042053,1380.60546875,-0.6009177433885194,36.1564309126219,0.5873515605926514,972.7747802734375,4.0,2024,4.8666582107543945,"{""type"":""Point"",""coordinates"":[36.1564309126219,-0.6009177433885194]}"
4888,5.071899890899658,Nakuru,2200.0,21.434782028198242,0.3324805796146393,1401.8802490234375,-0.04846395569935533,36.159429131774054,0.5456903576850891,938.6957397460938,4.0,2024,5.071899890899658,"{""type"":""Point"",""coordinates"":[36.159429131774054,-0.04846395569935533]}"
4889,5.051870346069336,Nakuru,1731.0,20.060869216918945,0.3831177353858948,1258.922119140625,0.13978230688520604,36.2528935355033,0.55466628074646,825.3482055664062,4.0,2024,5.051870346069336,"{""type"":""Point"",""coordinates"":[36.2528935355033,0.13978230688520604]}"
4891,4.3311285972595215,Nakuru,2820.0,21.986955642700195,0.2638382911682129,600.9398193359375,-0.6789473075688568,35.96111309662013,0.36964234709739685,1057.2928466796875,4.0,2024,4.3311285972595215,"{""type"":""Point"",""coordinates"":[35.96111309662013,-0.6789473075688568]}"
4899,6.313710689544678,Nakuru,1912.0,20.18695640563965,0.32240942120552063,1609.933837890625,-0.1768968194932078,35.96595363875654,0.4709950089454651,918.7094116210938,1.0,2024,6.313710689544678,"{""type"":""Point"",""coordinates"":[35.96595363875654,-0.1768968194932078]}"
4900,4.105201244354248,Nakuru,1944.0,22.16521644592285,0.3725173771381378,1130.5069580078125,-0.7252498635946154,36.23514173188634,0.5431744456291199,665.40869140625,4.0,2024,4.105201244354248,"{""type"":""Point"",""coordinates"":[36.23514173188634,-0.7252498635946154]}"
4901,6.389645576477051,Nakuru,1737.0,17.130434036254883,0.2231498509645462,1772.631103515625,-0.11208363647698266,35.968016744483336,0.3370589315891266,848.7538452148438,4.0,2024,6.389645576477051,"{""type"":""Point"",""coordinates"":[35.968016744483336,-0.11208363647698266]}"
4905,5.529091835021973,Nakuru,2574.0,22.413043975830078,0.40135398507118225,758.80322265625,-0.3061749238694485,35.749160281005274,0.5865462422370911,1122.4949951171875,4.0,2024,5.529091835021973,"{""type"":""Point"",""coordinates"":[35.749160281005274,-0.3061749238694485]}"
4914,5.2177228927612305,Nakuru,2154.0,23.443477630615234,0.3518097698688507,1401.8802490234375,-0.03602297229630183,36.17647979960526,0.49396923184394836,938.6957397460938,1.0,2024,5.2177228927612305,"{""type"":""Point"",""coordinates"":[36.17647979960526,-0.03602297229630183]}"
4919,7.578702926635742,Nakuru,2572.0,21.026086807250977,0.3515842854976654,831.6529541015625,-0.36503055621597214,35.5638049895061,0.44542062282562256,967.619384765625,4.0,2024,7.578702926635742,"{""type"":""Point"",""coordinates"":[35.5638049895061,-0.36503055621597214]}"
4921,5.371090888977051,Nakuru,1624.0,18.947826385498047,0.40230709314346313,1401.8802490234375,0.001434513592307486,36.15429451591801,0.6278970837593079,1108.340087890625,1.0,2024,5.371090888977051,"{""type"":""Point"",""coordinates"":[36.15429451591801,0.001434513592307486]}"
4928,3.7453794479370117,Nakuru,1837.0,19.591304779052734,0.2818642258644104,1599.727294921875,-0.4036942466708853,36.146457011226566,0.3887125253677368,768.9830932617188,4.0,2024,3.7453794479370117,"{""type"":""Point"",""coordinates"":[36.146457011226566,-0.4036942466708853]}"
4935,5.2295989990234375,Nakuru,2754.0,22.747825622558594,0.3207077980041504,758.80322265625,-0.33254064564590397,35.68009656659555,0.39180493354797363,1003.6137084960938,4.0,2024,5.2295989990234375,"{""type"":""Point"",""coordinates"":[35.68009656659555,-0.33254064564590397]}"
4936,3.9357385635375977,Nakuru,1925.0,24.204347610473633,0.4188724160194397,1132.2017822265625,-0.7513591541816805,36.21922785309406,0.5641645193099976,760.7749633789062,1.0,2024,3.9357385635375977,"{""type"":""Point"",""coordinates"":[36.21922785309406,-0.7513591541816805]}"
4939,5.096085071563721,Nakuru,1746.0,18.021739959716797,0.2871691882610321,1523.544189453125,-0.0629777034902986,36.12806794215355,0.45306432247161865,875.034912109375,1.0,2024,5.096085071563721,"{""type"":""Point"",""coordinates"":[36.12806794215355,-0.0629777034902986]}"
4940,5.591927528381348,Nakuru,2710.0,20.700000762939453,0.34695199131965637,758.80322265625,-0.25448750297100237,35.67511871215729,0.4916294813156128,1020.0197143554688,4.0,2024,5.591927528381348,"{""type"":""Point"",""coordinates"":[35.67511871215729,-0.25448750297100237]}"
4942,4.0315046310424805,Nakuru,1940.0,22.600000381469727,0.4118713140487671,1130.5069580078125,-0.737161152397147,36.22940585947657,0.5801780223846436,665.40869140625,4.0,2024,4.0315046310424805,"{""type"":""Point"",""coordinates"":[36.22940585947657,-0.737161152397147]}"
4943,7.776083946228027,Nakuru,1936.0,21.80434799194336,0.4091106355190277,1129.3472900390625,-0.19665691897185755,35.824833731205196,0.5672702789306641,930.6578369140625,1.0,2024,7.776083946228027,"{""type"":""Point"",""coordinates"":[35.824833731205196,-0.19665691897185755]}"
4946,4.193467617034912,Nakuru,2554.0,24.439130783081055,0.3762419819831848,801.3780517578125,-0.5508387790428252,35.98544649993481,0.5551068782806396,1120.51123046875,4.0,2024,4.193467617034912,"{""type"":""Point"",""coordinates"":[35.98544649993481,-0.5508387790428252]}"
4963,4.4851884841918945,Nakuru,2175.0,21.7391300201416,0.32776254415512085,945.5843505859375,-0.8098821007165985,36.48769442964401,0.43196389079093933,946.1964111328125,6.0,2024,4.4851884841918945,"{""type"":""Point"",""coordinates"":[36.48769442964401,-0.8098821007165985]}"
4974,5.348186492919922,Nakuru,2400.0,22.556522369384766,0.33414265513420105,1194.8536376953125,-0.32783146167438476,35.851237385952224,0.5305818319320679,979.8775024414062,4.0,2024,5.348186492919922,"{""type"":""Point"",""coordinates"":[35.851237385952224,-0.32783146167438476]}"
4975,5.823614120483398,Nakuru,1898.0,20.060869216918945,0.30071622133255005,1308.805908203125,-0.4875295962364879,36.283893220601435,0.4446497857570648,578.2003173828125,4.0,2024,5.823614120483398,"{""type"":""Point"",""coordinates"":[36.283893220601435,-0.4875295962364879]}"
4977,4.710114479064941,Nakuru,2771.0,20.913043975830078,0.24431173503398895,769.656982421875,-0.6664959518068194,35.94613049616873,0.39116549491882324,996.2274780273438,4.0,2024,4.710114479064941,"{""type"":""Point"",""coordinates"":[35.94613049616873,-0.6664959518068194]}"
4980,5.589328765869141,Nakuru,2695.0,20.513044357299805,0.28466346859931946,758.80322265625,-0.28391366075881874,35.69150421867,0.4280737638473511,1020.0197143554688,4.0,2024,5.589328765869141,"{""type"":""Point"",""coordinates"":[35.69150421867,-0.28391366075881874]}"
4990,3.508267641067505,Nakuru,2351.0,21.77391242980957,0.4756176471710205,945.5843505859375,-0.8474337773751524,36.516097091300765,0.63145512342453,1194.972900390625,4.0,2024,3.508267641067505,"{""type"":""Point"",""coordinates"":[36.516097091300765,-0.8474337773751524]}"
4994,6.081856727600098,Nakuru,1931.0,19.913043975830078,0.33796584606170654,1609.933837890625,-0.1768625336090033,35.98880555251374,0.5620995759963989,918.7094116210938,4.0,2024,6.081856727600098,"{""type"":""Point"",""coordinates"":[35.98880555251374,-0.1768625336090033]}"
