system:index,actual_yield_baseline,county,elevation,et_mean,evi,gdd_total,latitude,longitude,ndvi,precip_total,soil,year,yield_value,.geo
8,2.9079885482788086,Nyandarua,2343.0,21.052173614501953,0.3487279415130615,703.086669921875,-0.3107546367171753,36.47027657120809,0.5522728562355042,976.94140625,4.0,2024,2.9079885482788086,"{""type"":""Point"",""coordinates"":[36.47027657120809,-0.3107546367171753]}"
14,1.7622761726379395,Nyandarua,2471.0,22.169565200805664,0.3812495768070221,636.4963989257812,-0.6321291427509401,36.56415327516057,0.47918418049812317,1237.2969970703125,4.0,2024,1.7622761726379395,"{""type"":""Point"",""coordinates"":[36.56415327516057,-0.6321291427509401]}"
20,3.9813175201416016,Nyandarua,2424.0,21.126087188720703,0.3107258379459381,1293.6524658203125,-0.3635545853129507,36.324975670669524,0.461200088262558,846.8605346679688,1.0,2024,3.9813175201416016,"{""type"":""Point"",""coordinates"":[36.324975670669524,-0.3635545853129507]}"
24,2.875420570373535,Nyandarua,2277.0,19.782608032226562,0.37524113059043884,1209.62353515625,0.03102244782572272,36.43537711819679,0.562456488609314,855.5177612304688,4.0,2024,2.875420570373535,"{""type"":""Point"",""coordinates"":[36.43537711819679,0.03102244782572272]}"
43,2.0184664726257324,Nyandarua,2689.0,22.860870361328125,0.4156242907047272,719.7100219726562,-0.8274146908407417,36.56162414684852,0.5803130269050598,1475.797119140625,4.0,2024,2.0184664726257324,"{""type"":""Point"",""coordinates"":[36.56162414684852,-0.8274146908407417]}"
54,2.7530274391174316,Nyandarua,2381.0,21.417390823364258,0.42154720425605774,703.086669921875,-0.3254612841646553,36.489454027197105,0.6553783416748047,976.94140625,4.0,2024,2.7530274391174316,"{""type"":""Point"",""coordinates"":[36.489454027197105,-0.3254612841646553]}"
70,1.7001086473464966,Nyandarua,2268.0,18.517391204833984,0.33730947971343994,1271.9952392578125,-0.0014360876631752753,36.49219367874902,0.5120435357093811,744.7572631835938,4.0,2024,1.7001086473464966,"{""type"":""Point"",""coordinates"":[36.49219367874902,-0.0014360876631752753]}"
71,2.8612871170043945,Nyandarua,2002.0,16.2608699798584,0.38556960225105286,1268.8878173828125,0.04537346069064805,36.57948775043068,0.5352984666824341,626.6849975585938,1.0,2024,2.8612871170043945,"{""type"":""Point"",""coordinates"":[36.57948775043068,0.04537346069064805]}"
78,1.9816495180130005,Nyandarua,2688.0,21.860870361328125,0.43605124950408936,898.3021850585938,-0.8597911272619642,36.580055131821716,0.6154067516326904,1510.875244140625,4.0,2024,1.9816495180130005,"{""type"":""Point"",""coordinates"":[36.580055131821716,-0.8597911272619642]}"
86,3.0818419456481934,Nyandarua,2340.0,20.326086044311523,0.24594815075397491,703.086669921875,-0.2692844908556709,36.45671430646962,0.3974683880805969,959.3812255859375,4.0,2024,3.0818419456481934,"{""type"":""Point"",""coordinates"":[36.45671430646962,-0.2692844908556709]}"
87,1.6295671463012695,Nyandarua,2634.0,19.54347801208496,0.3385825455188751,839.247314453125,-0.16821787596868393,36.3394158327937,0.513643205165863,1030.8326416015625,4.0,2024,1.6295671463012695,"{""type"":""Point"",""coordinates"":[36.3394158327937,-0.16821787596868393]}"
100,0.9887483716011047,Nyandarua,2637.0,23.12173843383789,0.3842298984527588,719.7100219726562,-0.8190251333664816,36.60575422993814,0.5624706745147705,1799.856201171875,4.0,2024,0.9887483716011047,"{""type"":""Point"",""coordinates"":[36.60575422993814,-0.8190251333664816]}"
101,3.0319573879241943,Nyandarua,2307.0,19.095651626586914,0.2795889675617218,1040.6885986328125,-0.2543688466159933,36.418981422962965,0.4225653409957886,931.769287109375,1.0,2024,3.0319573879241943,"{""type"":""Point"",""coordinates"":[36.418981422962965,-0.2543688466159933]}"
104,2.6285600662231445,Nyandarua,2254.0,19.26956558227539,0.3862083852291107,1209.62353515625,0.040614004570994,36.448767618314115,0.5704902410507202,855.5177612304688,1.0,2024,2.6285600662231445,"{""type"":""Point"",""coordinates"":[36.448767618314115,0.040614004570994]}"
112,1.8393139839172363,Nyandarua,2443.0,20.752174377441406,0.3941386044025421,636.4963989257812,-0.6025982334089927,36.55260856462549,0.5602059364318848,1237.2969970703125,4.0,2024,1.8393139839172363,"{""type"":""Point"",""coordinates"":[36.55260856462549,-0.6025982334089927]}"
114,2.818655490875244,Nyandarua,2241.0,21.39130401611328,0.3590974807739258,1154.89013671875,-0.38470008682725926,36.41487699052134,0.5631619691848755,907.397216796875,1.0,2024,2.818655490875244,"{""type"":""Point"",""coordinates"":[36.41487699052134,-0.38470008682725926]}"
127,2.317185401916504,Nyandarua,2429.0,22.017391204833984,0.3271316885948181,1040.6885986328125,-0.2831751112648613,36.353972375996214,0.5037505626678467,904.895263671875,1.0,2024,2.317185401916504,"{""type"":""Point"",""coordinates"":[36.353972375996214,-0.2831751112648613]}"
146,2.1937451362609863,Nyandarua,2215.0,20.80869483947754,0.3261846601963043,1271.9952392578125,0.04570355468628848,36.47179056419688,0.48562994599342346,791.9441528320312,4.0,2024,2.1937451362609863,"{""type"":""Point"",""coordinates"":[36.47179056419688,0.04570355468628848]}"
147,1.7092305421829224,Nyandarua,2263.0,19.130434036254883,0.4450329542160034,1271.9952392578125,0.0030087250362374105,36.494420745160745,0.5845462679862976,791.9441528320312,4.0,2024,1.7092305421829224,"{""type"":""Point"",""coordinates"":[36.494420745160745,0.0030087250362374105]}"
149,1.797325849533081,Nyandarua,2491.0,22.321739196777344,0.4034510552883148,654.1491088867188,-0.6541834279055211,36.555379524943,0.5022497177124023,1301.0384521484375,4.0,2024,1.797325849533081,"{""type"":""Point"",""coordinates"":[36.555379524943,-0.6541834279055211]}"
153,2.8926825523376465,Nyandarua,2307.0,23.917390823364258,0.3493342101573944,1040.6885986328125,-0.3149193877396092,36.427545616081034,0.5713192820549011,919.640625,1.0,2024,2.8926825523376465,"{""type"":""Point"",""coordinates"":[36.427545616081034,-0.3149193877396092]}"
157,1.217742681503296,Nyandarua,2682.0,21.452173233032227,0.38295742869377136,839.247314453125,-0.17037666528577503,36.31343264565246,0.5356094241142273,1030.8326416015625,4.0,2024,1.217742681503296,"{""type"":""Point"",""coordinates"":[36.31343264565246,-0.17037666528577503]}"
167,2.8762459754943848,Nyandarua,2360.0,19.095651626586914,0.2955305278301239,986.5427856445312,-0.2404491937341265,36.4033913102403,0.46836042404174805,906.7599487304688,4.0,2024,2.8762459754943848,"{""type"":""Point"",""coordinates"":[36.4033913102403,-0.2404491937341265]}"
175,1.024336814880371,Nyandarua,2617.0,22.45652198791504,0.4333922266960144,719.7100219726562,-0.7908142997596763,36.59967590133913,0.6595006585121155,1443.79736328125,4.0,2024,1.024336814880371,"{""type"":""Point"",""coordinates"":[36.59967590133913,-0.7908142997596763]}"
178,2.476346969604492,Nyandarua,2081.0,17.38260841369629,0.3638495206832886,1268.8878173828125,0.0253667627058223,36.55873997441784,0.5297873616218567,626.6849975585938,4.0,2024,2.476346969604492,"{""type"":""Point"",""coordinates"":[36.55873997441784,0.0253667627058223]}"
188,1.4338022470474243,Nyandarua,2553.0,23.173913955688477,0.409202516078949,654.1491088867188,-0.7214667322333517,36.57896890466785,0.6385209560394287,1237.4268798828125,4.0,2024,1.4338022470474243,"{""type"":""Point"",""coordinates"":[36.57896890466785,-0.7214667322333517]}"
192,0.9236785173416138,Nyandarua,2559.0,24.31739044189453,0.47280916571617126,719.7100219726562,-0.768711978140251,36.63250241269045,0.6939830183982849,1535.402099609375,4.0,2024,0.9236785173416138,"{""type"":""Point"",""coordinates"":[36.63250241269045,-0.768711978140251]}"
201,2.314012289047241,Nyandarua,2456.0,19.021739959716797,0.29118847846984863,986.5427856445312,-0.23316691402678755,36.36728537953896,0.48111188411712646,953.46484375,4.0,2024,2.314012289047241,"{""type"":""Point"",""coordinates"":[36.36728537953896,-0.23316691402678755]}"
202,1.4582610130310059,Nyandarua,2671.0,21.860870361328125,0.4755452573299408,839.247314453125,-0.19131540345992393,36.329218152882085,0.7354059219360352,1030.8326416015625,4.0,2024,1.4582610130310059,"{""type"":""Point"",""coordinates"":[36.329218152882085,-0.19131540345992393]}"
212,2.5073394775390625,Nyandarua,2385.0,19.660869598388672,0.3278651833534241,986.5427856445312,-0.19323660420206246,36.390151176485745,0.4841741621494293,931.747802734375,4.0,2024,2.5073394775390625,"{""type"":""Point"",""coordinates"":[36.390151176485745,-0.19323660420206246]}"
220,0.9141509532928467,Nyandarua,2562.0,26.31304359436035,0.4275910556316376,631.21240234375,-0.7218564406326617,36.67525036232634,0.6220151782035828,1913.6236572265625,4.0,2024,0.9141509532928467,"{""type"":""Point"",""coordinates"":[36.67525036232634,-0.7218564406326617]}"
221,1.6674946546554565,Nyandarua,2494.0,22.404348373413086,0.4443553388118744,654.1491088867188,-0.6598153869197846,36.571082989271666,0.6324554681777954,1301.0384521484375,4.0,2024,1.6674946546554565,"{""type"":""Point"",""coordinates"":[36.571082989271666,-0.6598153869197846]}"
235,1.8161938190460205,Nyandarua,2199.0,17.565217971801758,0.38753804564476013,1271.9952392578125,0.004321314404324886,36.51720887714908,0.49121224880218506,723.430908203125,4.0,2024,1.8161938190460205,"{""type"":""Point"",""coordinates"":[36.51720887714908,0.004321314404324886]}"
238,1.8339707851409912,Nyandarua,2332.0,17.839130401611328,0.3011779487133026,1126.5531005859375,-0.14807682598910554,36.454324725338914,0.4069520831108093,839.7518310546875,4.0,2024,1.8339707851409912,"{""type"":""Point"",""coordinates"":[36.454324725338914,-0.14807682598910554]}"
240,3.51609468460083,Nyandarua,2342.0,20.060869216918945,0.32589423656463623,1209.62353515625,0.005254263286747325,36.39418037511577,0.5154913663864136,860.7394409179688,4.0,2024,3.51609468460083,"{""type"":""Point"",""coordinates"":[36.39418037511577,0.005254263286747325]}"
244,2.1712355613708496,Nyandarua,2100.0,16.826086044311523,0.3608819544315338,1271.9952392578125,0.03574988208779986,36.54220581492305,0.49422258138656616,723.430908203125,4.0,2024,2.1712355613708496,"{""type"":""Point"",""coordinates"":[36.54220581492305,0.03574988208779986]}"
245,2.2552778720855713,Nyandarua,2709.0,22.5,0.38500890135765076,898.3021850585938,-0.8604865543955628,36.56950511654576,0.532753586769104,1510.875244140625,4.0,2024,2.2552778720855713,"{""type"":""Point"",""coordinates"":[36.56950511654576,-0.8604865543955628]}"
246,2.4188427925109863,Nyandarua,2413.0,21.947826385498047,0.44544851779937744,918.7949829101562,-0.5470164426314122,36.48408742235194,0.6912267208099365,993.0908813476562,4.0,2024,2.4188427925109863,"{""type"":""Point"",""coordinates"":[36.48408742235194,-0.5470164426314122]}"
250,1.5038658380508423,Nyandarua,2663.0,20.482608795166016,0.4631016254425049,839.247314453125,-0.23260123636394836,36.32625574397156,0.6416966915130615,1005.59912109375,4.0,2024,1.5038658380508423,"{""type"":""Point"",""coordinates"":[36.32625574397156,-0.23260123636394836]}"
252,2.3781638145446777,Nyandarua,2341.0,20.526086807250977,0.4739064872264862,1086.5555419921875,-0.06949368596832137,36.40553410740236,0.6912264823913574,803.188232421875,1.0,2024,2.3781638145446777,"{""type"":""Point"",""coordinates"":[36.40553410740236,-0.06949368596832137]}"
255,1.5388720035552979,Nyandarua,2624.0,19.647825241088867,0.4020511507987976,903.48095703125,-0.14182128097896798,36.33291961254776,0.5847712159156799,1024.9276123046875,4.0,2024,1.5388720035552979,"{""type"":""Point"",""coordinates"":[36.33291961254776,-0.14182128097896798]}"
256,1.110105037689209,Nyandarua,2474.0,20.708696365356445,0.4539618194103241,1126.5531005859375,-0.12145137503161264,36.51018531859199,0.6151318550109863,839.7156372070312,4.0,2024,1.110105037689209,"{""type"":""Point"",""coordinates"":[36.51018531859199,-0.12145137503161264]}"
258,2.625689744949341,Nyandarua,2358.0,23.865217208862305,0.3846370279788971,751.9829711914062,-0.42282033052605006,36.469252531331996,0.5865709781646729,1043.0076904296875,4.0,2024,2.625689744949341,"{""type"":""Point"",""coordinates"":[36.469252531331996,-0.42282033052605006]}"
259,2.357602596282959,Nyandarua,2343.0,19.056522369384766,0.3010657727718353,986.5427856445312,-0.16308518155903107,36.41578092257327,0.46274709701538086,909.6834716796875,1.0,2024,2.357602596282959,"{""type"":""Point"",""coordinates"":[36.41578092257327,-0.16308518155903107]}"
264,2.1863512992858887,Nyandarua,2214.0,20.23043441772461,0.35326963663101196,1026.3397216796875,-0.11075229046799617,36.59262407634245,0.5555371642112732,806.2779541015625,4.0,2024,2.1863512992858887,"{""type"":""Point"",""coordinates"":[36.59262407634245,-0.11075229046799617]}"
268,3.3131301403045654,Nyandarua,2450.0,20.908695220947266,0.33926188945770264,1058.6063232421875,-0.35033776053793547,36.34182274009638,0.48557189106941223,935.0844116210938,4.0,2024,3.3131301403045654,"{""type"":""Point"",""coordinates"":[36.34182274009638,-0.35033776053793547]}"
285,2.259373426437378,Nyandarua,2455.0,22.065217971801758,0.42224469780921936,957.3016967773438,-0.6323201260205532,36.52730465444534,0.5496432781219482,1156.154296875,4.0,2024,2.259373426437378,"{""type"":""Point"",""coordinates"":[36.52730465444534,-0.6323201260205532]}"
302,1.5974938869476318,Nyandarua,2508.0,22.147825241088867,0.4390007257461548,654.1491088867188,-0.6662087661103633,36.58920774107087,0.6190564036369324,1301.0384521484375,4.0,2024,1.5974938869476318,"{""type"":""Point"",""coordinates"":[36.58920774107087,-0.6662087661103633]}"
309,1.8039577007293701,Nyandarua,2458.0,22.60869598388672,0.4102902412414551,636.4963989257812,-0.58728857158374,36.55712751905103,0.577009916305542,1056.6494140625,4.0,2024,1.8039577007293701,"{""type"":""Point"",""coordinates"":[36.55712751905103,-0.58728857158374]}"
316,1.6456658840179443,Nyandarua,2505.0,18.07826042175293,0.3018900454044342,1126.5531005859375,-0.08236416499791027,36.45240973354143,0.4866311848163605,811.5564575195312,4.0,2024,1.6456658840179443,"{""type"":""Point"",""coordinates"":[36.45240973354143,-0.08236416499791027]}"
327,2.600024700164795,Nyandarua,2380.0,18.934782028198242,0.32749485969543457,986.5427856445312,-0.24558740943721857,36.37956556766258,0.46724799275398254,953.46484375,4.0,2024,2.600024700164795,"{""type"":""Point"",""coordinates"":[36.37956556766258,-0.24558740943721857]}"
331,2.893214225769043,Nyandarua,2345.0,21.53043556213379,0.2737688422203064,986.5427856445312,-0.23939229190591493,36.40633730531009,0.4031415581703186,906.7599487304688,1.0,2024,2.893214225769043,"{""type"":""Point"",""coordinates"":[36.40633730531009,-0.23939229190591493]}"
339,1.6945183277130127,Nyandarua,2551.0,21.07826042175293,0.5181718468666077,636.4963989257812,-0.5727525405970427,36.61437854494958,0.6951470971107483,1451.731201171875,4.0,2024,1.6945183277130127,"{""type"":""Point"",""coordinates"":[36.61437854494958,-0.5727525405970427]}"
347,1.2164263725280762,Nyandarua,2719.0,21.556522369384766,0.3832058608531952,903.48095703125,-0.11945659172301379,36.27813532160174,0.5749849677085876,1035.8345947265625,4.0,2024,1.2164263725280762,"{""type"":""Point"",""coordinates"":[36.27813532160174,-0.11945659172301379]}"
348,2.9773285388946533,Nyandarua,2335.0,19.939130783081055,0.2024236023426056,1040.6885986328125,-0.3057668426331368,36.438476902975694,0.3556269109249115,919.640625,1.0,2024,2.9773285388946533,"{""type"":""Point"",""coordinates"":[36.438476902975694,-0.3057668426331368]}"
351,1.8034709692001343,Nyandarua,2685.0,22.31304359436035,0.3883049786090851,719.7100219726562,-0.8343920877523731,36.57136944763222,0.5538060665130615,1475.797119140625,4.0,2024,1.8034709692001343,"{""type"":""Point"",""coordinates"":[36.57136944763222,-0.8343920877523731]}"
357,1.9750330448150635,Nyandarua,2682.0,23.53043556213379,0.32260191440582275,839.247314453125,-0.23481652140690298,36.27642935393745,0.5194100141525269,1074.4090576171875,4.0,2024,1.9750330448150635,"{""type"":""Point"",""coordinates"":[36.27642935393745,-0.23481652140690298]}"
364,1.6390502452850342,Nyandarua,2634.0,20.513044357299805,0.32600951194763184,839.247314453125,-0.20737960460537985,36.338575373670835,0.48550689220428467,1005.59912109375,4.0,2024,1.6390502452850342,"{""type"":""Point"",""coordinates"":[36.338575373670835,-0.20737960460537985]}"
366,1.272804856300354,Nyandarua,2545.0,22.952173233032227,0.41285550594329834,654.1491088867188,-0.7233258329658544,36.61700676425914,0.45546063780784607,1353.095703125,4.0,2024,1.272804856300354,"{""type"":""Point"",""coordinates"":[36.61700676425914,-0.7233258329658544]}"
371,2.7670998573303223,Nyandarua,2366.0,24.234783172607422,0.33340927958488464,703.086669921875,-0.3251106528951136,36.48636334286591,0.5017195343971252,976.94140625,4.0,2024,2.7670998573303223,"{""type"":""Point"",""coordinates"":[36.48636334286591,-0.3251106528951136]}"
391,1.853036642074585,Nyandarua,2646.0,22.5,0.4684109389781952,719.7100219726562,-0.7888359280656254,36.55954829823033,0.6421059966087341,1443.79736328125,4.0,2024,1.853036642074585,"{""type"":""Point"",""coordinates"":[36.55954829823033,-0.7888359280656254]}"
398,1.8393139839172363,Nyandarua,2443.0,20.752174377441406,0.3941386044025421,636.4963989257812,-0.6022596313631703,36.55306490861367,0.5602059364318848,1237.2969970703125,4.0,2024,1.8393139839172363,"{""type"":""Point"",""coordinates"":[36.55306490861367,-0.6022596313631703]}"
406,1.4923343658447266,Nyandarua,2505.0,19.160869598388672,0.3998923599720001,1126.5531005859375,-0.08833376103061813,36.46229308527281,0.547505795955658,811.5564575195312,4.0,2024,1.4923343658447266,"{""type"":""Point"",""coordinates"":[36.46229308527281,-0.08833376103061813]}"
416,2.0392863750457764,Nyandarua,2223.0,20.23043441772461,0.2399509996175766,1271.9952392578125,-0.03730560318494644,36.53653994673085,0.34805649518966675,687.9920654296875,4.0,2024,2.0392863750457764,"{""type"":""Point"",""coordinates"":[36.53653994673085,-0.03730560318494644]}"
417,1.0842710733413696,Nyandarua,2659.0,22.395652770996094,0.3591965138912201,903.48095703125,-0.13362600920659243,36.295004330010265,0.5682735443115234,1035.8345947265625,4.0,2024,1.0842710733413696,"{""type"":""Point"",""coordinates"":[36.295004330010265,-0.13362600920659243]}"
427,2.9730772972106934,Nyandarua,2313.0,23.486955642700195,0.34937113523483276,1040.6885986328125,-0.30290717016259144,36.424079142809774,0.5166428685188293,919.640625,1.0,2024,2.9730772972106934,"{""type"":""Point"",""coordinates"":[36.424079142809774,-0.30290717016259144]}"
430,2.96378231048584,Nyandarua,2230.0,21.569564819335938,0.37045931816101074,1154.89013671875,-0.3860512334292003,36.40267848966428,0.5712040066719055,907.397216796875,1.0,2024,2.96378231048584,"{""type"":""Point"",""coordinates"":[36.40267848966428,-0.3860512334292003]}"
431,1.3808796405792236,Nyandarua,2592.0,22.630434036254883,0.34583061933517456,719.7100219726562,-0.7673573418115055,36.57675016474151,0.4965601861476898,1443.79736328125,4.0,2024,1.3808796405792236,"{""type"":""Point"",""coordinates"":[36.57675016474151,-0.7673573418115055]}"
432,1.7604243755340576,Nyandarua,2585.0,21.904348373413086,0.3123321533203125,839.247314453125,-0.18967760066403042,36.34504565676031,0.4984816014766693,1030.8326416015625,4.0,2024,1.7604243755340576,"{""type"":""Point"",""coordinates"":[36.34504565676031,-0.18967760066403042]}"
440,0.8547607064247131,Nyandarua,2625.0,24.356521606445312,0.4961031973361969,719.7100219726562,-0.8071341394904329,36.61713994139258,0.6954485177993774,1799.856201171875,4.0,2024,0.8547607064247131,"{""type"":""Point"",""coordinates"":[36.61713994139258,-0.8071341394904329]}"
441,3.7449607849121094,Nyandarua,2134.0,20.60869598388672,0.3696759045124054,1405.6363525390625,0.10743832998847673,36.45115618798213,0.556631326675415,749.438232421875,1.0,2024,3.7449607849121094,"{""type"":""Point"",""coordinates"":[36.45115618798213,0.10743832998847673]}"
459,3.428983211517334,Nyandarua,2377.0,18.53478240966797,0.29056912660598755,1209.62353515625,-0.002708210828859548,36.35742736459761,0.48332276940345764,821.6705322265625,4.0,2024,3.428983211517334,"{""type"":""Point"",""coordinates"":[36.35742736459761,-0.002708210828859548]}"
462,1.446494460105896,Nyandarua,2724.0,19.899999618530273,0.3306187689304352,839.247314453125,-0.21563049074133855,36.32525852094044,0.5370756387710571,1005.59912109375,4.0,2024,1.446494460105896,"{""type"":""Point"",""coordinates"":[36.32525852094044,-0.21563049074133855]}"
469,2.816645860671997,Nyandarua,2324.0,18.69130516052246,0.27971529960632324,986.5427856445312,-0.21864347473299264,36.41588209088992,0.46670448780059814,906.7599487304688,1.0,2024,2.816645860671997,"{""type"":""Point"",""coordinates"":[36.41588209088992,-0.21864347473299264]}"
479,2.2135214805603027,Nyandarua,2145.0,17.095651626586914,0.32623642683029175,1405.6363525390625,0.06483842015791279,36.50848001780222,0.49591946601867676,688.7552490234375,4.0,2024,2.2135214805603027,"{""type"":""Point"",""coordinates"":[36.50848001780222,0.06483842015791279]}"
481,1.4017438888549805,Nyandarua,2552.0,23.07826042175293,0.4254924952983856,654.1491088867188,-0.7234981514832587,36.582942012062546,0.6448606848716736,1237.4268798828125,4.0,2024,1.4017438888549805,"{""type"":""Point"",""coordinates"":[36.582942012062546,-0.7234981514832587]}"
487,1.7701386213302612,Nyandarua,2324.0,18.282608032226562,0.28043657541275024,1271.9952392578125,-0.012008349996487463,36.47209600226362,0.4520086646080017,744.7572631835938,4.0,2024,1.7701386213302612,"{""type"":""Point"",""coordinates"":[36.47209600226362,-0.012008349996487463]}"
488,1.8027399778366089,Nyandarua,2614.0,22.495651245117188,0.43791061639785767,719.7100219726562,-0.7778107327014663,36.559155714783984,0.6044962406158447,1443.79736328125,4.0,2024,1.8027399778366089,"{""type"":""Point"",""coordinates"":[36.559155714783984,-0.7778107327014663]}"
492,1.4008612632751465,Nyandarua,2591.0,20.278261184692383,0.24005237221717834,839.247314453125,-0.23887475048438744,36.30925973083027,0.42053091526031494,1005.59912109375,4.0,2024,1.4008612632751465,"{""type"":""Point"",""coordinates"":[36.30925973083027,-0.23887475048438744]}"
496,1.491546392440796,Nyandarua,2586.0,22.443477630615234,0.45801883935928345,719.7100219726562,-0.7603476765134171,36.570471099493105,0.6989973187446594,1443.79736328125,4.0,2024,1.491546392440796,"{""type"":""Point"",""coordinates"":[36.570471099493105,-0.7603476765134171]}"
503,2.337761878967285,Nyandarua,2523.0,22.256521224975586,0.44600728154182434,931.31884765625,-0.703718780881272,36.53131529682281,0.6107761859893799,1146.4976806640625,4.0,2024,2.337761878967285,"{""type"":""Point"",""coordinates"":[36.53131529682281,-0.703718780881272]}"
508,0.9615851640701294,Nyandarua,2554.0,21.430435180664062,0.46244409680366516,719.7100219726562,-0.7613142216116706,36.63352973888041,0.6691995859146118,1535.402099609375,4.0,2024,0.9615851640701294,"{""type"":""Point"",""coordinates"":[36.63352973888041,-0.7613142216116706]}"
512,1.874753713607788,Nyandarua,2285.0,20.134782791137695,0.28278180956840515,1271.9952392578125,0.007346205433560945,36.47036775083704,0.48052531480789185,791.9441528320312,4.0,2024,1.874753713607788,"{""type"":""Point"",""coordinates"":[36.47036775083704,0.007346205433560945]}"
517,2.7860629558563232,Nyandarua,2307.0,20.547826766967773,0.36663341522216797,1040.6885986328125,-0.3114640052327692,36.39058853320833,0.5708518028259277,883.1970825195312,1.0,2024,2.7860629558563232,"{""type"":""Point"",""coordinates"":[36.39058853320833,-0.3114640052327692]}"
525,3.1118974685668945,Nyandarua,2400.0,21.978260040283203,0.3722586929798126,918.7949829101562,-0.5462425027814478,36.45246251579928,0.5783000588417053,993.0908813476562,1.0,2024,3.1118974685668945,"{""type"":""Point"",""coordinates"":[36.45246251579928,-0.5462425027814478]}"
534,1.5567800998687744,Nyandarua,2583.0,22.2391300201416,0.4212145209312439,719.7100219726562,-0.7565443445461998,36.56693675041505,0.5999016761779785,1443.79736328125,4.0,2024,1.5567800998687744,"{""type"":""Point"",""coordinates"":[36.56693675041505,-0.7565443445461998]}"
551,2.783849000930786,Nyandarua,2335.0,20.869565963745117,0.34670591354370117,703.086669921875,-0.32640483838575074,36.476565965258345,0.5508874654769897,976.94140625,4.0,2024,2.783849000930786,"{""type"":""Point"",""coordinates"":[36.476565965258345,-0.32640483838575074]}"
554,1.497267484664917,Nyandarua,2639.0,19.373912811279297,0.313837468624115,881.013916015625,-0.15798738363094467,36.506889633860915,0.5109421014785767,938.4208374023438,4.0,2024,1.497267484664917,"{""type"":""Point"",""coordinates"":[36.506889633860915,-0.15798738363094467]}"
563,2.499943733215332,Nyandarua,2384.0,21.026086807250977,0.19836215674877167,1209.62353515625,-0.010906389439081355,36.43060899713342,0.340352863073349,799.9849243164062,4.0,2024,2.499943733215332,"{""type"":""Point"",""coordinates"":[36.43060899713342,-0.010906389439081355]}"
566,2.4198505878448486,Nyandarua,2339.0,18.88260841369629,0.2712222933769226,986.5427856445312,-0.17384313060531675,36.42164380434198,0.36653587222099304,909.6834716796875,4.0,2024,2.4198505878448486,"{""type"":""Point"",""coordinates"":[36.42164380434198,-0.17384313060531675]}"
578,3.300572395324707,Nyandarua,2444.0,21.352174758911133,0.39531049132347107,957.3016967773438,-0.6056854729578357,36.47263886238036,0.560615599155426,1018.88525390625,4.0,2024,3.300572395324707,"{""type"":""Point"",""coordinates"":[36.47263886238036,-0.6056854729578357]}"
592,2.600923776626587,Nyandarua,2289.0,21.04347801208496,0.28284260630607605,1154.89013671875,-0.36267569109334213,36.43518928454098,0.49053117632865906,907.397216796875,1.0,2024,2.600923776626587,"{""type"":""Point"",""coordinates"":[36.43518928454098,-0.36267569109334213]}"
595,3.613332748413086,Nyandarua,2200.0,21.38260841369629,0.3356859087944031,1154.89013671875,-0.4184951948481151,36.40333116822678,0.5213956832885742,916.82666015625,1.0,2024,3.613332748413086,"{""type"":""Point"",""coordinates"":[36.40333116822678,-0.4184951948481151]}"
601,2.862247943878174,Nyandarua,2344.0,21.908695220947266,0.25188931822776794,986.5427856445312,-0.22256380585604818,36.444644806903376,0.38679036498069763,906.7599487304688,4.0,2024,2.862247943878174,"{""type"":""Point"",""coordinates"":[36.444644806903376,-0.22256380585604818]}"
607,2.5026679039001465,Nyandarua,2525.0,22.434782028198242,0.3777013421058655,751.9829711914062,-0.36947459468239097,36.51793570880176,0.6214368343353271,1072.8966064453125,4.0,2024,2.5026679039001465,"{""type"":""Point"",""coordinates"":[36.51793570880176,-0.36947459468239097]}"
641,2.9552178382873535,Nyandarua,2259.0,21.565217971801758,0.3104892671108246,1154.89013671875,-0.3781273877918197,36.39375392317131,0.5220271348953247,854.5677490234375,1.0,2024,2.9552178382873535,"{""type"":""Point"",""coordinates"":[36.39375392317131,-0.3781273877918197]}"
647,2.8364906311035156,Nyandarua,2339.0,19.169565200805664,0.3184696137905121,986.5427856445312,-0.2203234029738377,36.44800907010486,0.48988401889801025,906.7599487304688,4.0,2024,2.8364906311035156,"{""type"":""Point"",""coordinates"":[36.44800907010486,-0.2203234029738377]}"
653,2.90733003616333,Nyandarua,2120.0,17.77391242980957,0.3554944097995758,1405.6363525390625,0.09336098962178424,36.481556046903854,0.5200604796409607,776.780517578125,4.0,2024,2.90733003616333,"{""type"":""Point"",""coordinates"":[36.481556046903854,0.09336098962178424]}"
655,2.407250165939331,Nyandarua,2375.0,19.978260040283203,0.3046015501022339,986.5427856445312,-0.1723814391433378,36.38933142464687,0.4476284682750702,931.747802734375,4.0,2024,2.407250165939331,"{""type"":""Point"",""coordinates"":[36.38933142464687,-0.1723814391433378]}"
663,2.0931179523468018,Nyandarua,2598.0,20.395652770996094,0.3008060157299042,1058.6063232421875,-0.2901019378649745,36.332621883629805,0.4590197801589966,843.2105102539062,4.0,2024,2.0931179523468018,"{""type"":""Point"",""coordinates"":[36.332621883629805,-0.2901019378649745]}"
666,2.608581781387329,Nyandarua,2358.0,24.33478355407715,0.41566959023475647,751.9829711914062,-0.43130903358586503,36.47442004427345,0.6318507194519043,1043.0076904296875,4.0,2024,2.608581781387329,"{""type"":""Point"",""coordinates"":[36.47442004427345,-0.43130903358586503]}"
668,2.1252477169036865,Nyandarua,2328.0,17.339130401611328,0.3106343746185303,881.013916015625,-0.17150566621931448,36.45683518826055,0.45417189598083496,889.2483520507812,4.0,2024,2.1252477169036865,"{""type"":""Point"",""coordinates"":[36.45683518826055,-0.17150566621931448]}"
672,2.1295294761657715,Nyandarua,2553.0,25.452173233032227,0.38365012407302856,945.5843505859375,-0.7564309757146216,36.54508966973956,0.524118185043335,1115.2738037109375,4.0,2024,2.1295294761657715,"{""type"":""Point"",""coordinates"":[36.54508966973956,-0.7564309757146216]}"
678,2.0962729454040527,Nyandarua,2490.0,22.765216827392578,0.4784860610961914,931.31884765625,-0.6736093274621496,36.53788211388575,0.6699630618095398,1155.636474609375,4.0,2024,2.0962729454040527,"{""type"":""Point"",""coordinates"":[36.53788211388575,-0.6736093274621496]}"
682,2.0329837799072266,Nyandarua,2564.0,25.052173614501953,0.3457903563976288,518.3616943359375,-0.5049910451895484,36.611064999863245,0.5789358019828796,1490.9234619140625,4.0,2024,2.0329837799072266,"{""type"":""Point"",""coordinates"":[36.611064999863245,-0.5049910451895484]}"
695,3.2495388984680176,Nyandarua,2369.0,23.173913955688477,0.36769115924835205,1163.2713623046875,-0.5496428549871418,36.44800263055851,0.5511019229888916,863.3080444335938,1.0,2024,3.2495388984680176,"{""type"":""Point"",""coordinates"":[36.44800263055851,-0.5496428549871418]}"
711,2.1693010330200195,Nyandarua,2328.0,19.447826385498047,0.28319305181503296,1086.5555419921875,-0.10589699949295285,36.41218620558426,0.48598235845565796,804.5447387695312,1.0,2024,2.1693010330200195,"{""type"":""Point"",""coordinates"":[36.41218620558426,-0.10589699949295285]}"
720,1.2657091617584229,Nyandarua,2562.0,20.447826385498047,0.36881300806999207,1126.5531005859375,-0.14491330558578558,36.52378776520603,0.5838271379470825,839.7156372070312,4.0,2024,1.2657091617584229,"{""type"":""Point"",""coordinates"":[36.52378776520603,-0.14491330558578558]}"
731,3.261610984802246,Nyandarua,2418.0,22.082609176635742,0.36455056071281433,1094.8021240234375,0.017457770450311855,36.306864201409795,0.5673799514770508,912.5535888671875,4.0,2024,3.261610984802246,"{""type"":""Point"",""coordinates"":[36.306864201409795,0.017457770450311855]}"
733,3.5357370376586914,Nyandarua,2439.0,21.995651245117188,0.42366188764572144,957.3016967773438,-0.6106929281159988,36.46454367387163,0.5823644995689392,1018.88525390625,4.0,2024,3.5357370376586914,"{""type"":""Point"",""coordinates"":[36.46454367387163,-0.6106929281159988]}"
746,1.8927198648452759,Nyandarua,2654.0,22.591304779052734,0.3281765878200531,719.7100219726562,-0.8067535532314357,36.561338043278376,0.46317073702812195,1475.797119140625,4.0,2024,1.8927198648452759,"{""type"":""Point"",""coordinates"":[36.561338043278376,-0.8067535532314357]}"
758,3.2093300819396973,Nyandarua,2401.0,21.330434799194336,0.34826451539993286,957.3016967773438,-0.5638316474657864,36.453127460425065,0.5606419444084167,1003.9808349609375,4.0,2024,3.2093300819396973,"{""type"":""Point"",""coordinates"":[36.453127460425065,-0.5638316474657864]}"
771,2.3492252826690674,Nyandarua,2310.0,18.952173233032227,0.3873703181743622,1026.3397216796875,-0.1235988292263486,36.61476748237966,0.5666690468788147,672.5469360351562,4.0,2024,2.3492252826690674,"{""type"":""Point"",""coordinates"":[36.61476748237966,-0.1235988292263486]}"
776,1.7376314401626587,Nyandarua,2238.0,16.72608757019043,0.5704169273376465,1271.9952392578125,0.01269730636619613,36.49733206092511,0.4311361610889435,791.9441528320312,4.0,2024,1.7376314401626587,"{""type"":""Point"",""coordinates"":[36.49733206092511,0.01269730636619613]}"
781,2.8568456172943115,Nyandarua,2372.0,19.095651626586914,0.2499900907278061,986.5427856445312,-0.24132896774988294,36.40104619520729,0.41283485293388367,906.7599487304688,1.0,2024,2.8568456172943115,"{""type"":""Point"",""coordinates"":[36.40104619520729,-0.24132896774988294]}"
786,1.6939330101013184,Nyandarua,2684.0,20.139129638671875,0.32933250069618225,881.013916015625,-0.17394892806382445,36.52788536907191,0.5174034237861633,938.4208374023438,4.0,2024,1.6939330101013184,"{""type"":""Point"",""coordinates"":[36.52788536907191,-0.17394892806382445]}"
791,1.81926429271698,Nyandarua,2241.0,20.565217971801758,0.3794412910938263,1026.3397216796875,-0.12324976264013378,36.5837994137865,0.6057993769645691,806.2779541015625,1.0,2024,1.81926429271698,"{""type"":""Point"",""coordinates"":[36.5837994137865,-0.12324976264013378]}"
792,2.0227246284484863,Nyandarua,2593.0,20.265216827392578,0.2865075170993805,1058.6063232421875,-0.28352952921764524,36.3349594970882,0.4327610433101654,843.2105102539062,4.0,2024,2.0227246284484863,"{""type"":""Point"",""coordinates"":[36.3349594970882,-0.28352952921764524]}"
793,4.515296936035156,Nyandarua,2385.0,21.330434799194336,0.4288078546524048,1293.6524658203125,-0.3758779951308629,36.31590709361761,0.6100037097930908,846.8605346679688,1.0,2024,4.515296936035156,"{""type"":""Point"",""coordinates"":[36.31590709361761,-0.3758779951308629]}"
799,2.2970993518829346,Nyandarua,2462.0,22.11739158630371,0.35255223512649536,957.3016967773438,-0.6440844035769752,36.52786568424083,0.47031185030937195,1156.154296875,4.0,2024,2.2970993518829346,"{""type"":""Point"",""coordinates"":[36.52786568424083,-0.6440844035769752]}"
813,1.9766218662261963,Nyandarua,2535.0,21.952173233032227,0.3845585584640503,931.31884765625,-0.7267693117440077,36.54534298414673,0.5068950653076172,1146.4976806640625,4.0,2024,1.9766218662261963,"{""type"":""Point"",""coordinates"":[36.54534298414673,-0.7267693117440077]}"
815,1.4549570083618164,Nyandarua,2637.0,23.047826766967773,0.4034351110458374,719.7100219726562,-0.7996768143982322,36.575879176466565,0.5739010572433472,1443.79736328125,4.0,2024,1.4549570083618164,"{""type"":""Point"",""coordinates"":[36.575879176466565,-0.7996768143982322]}"
817,2.6721785068511963,Nyandarua,2337.0,19.600000381469727,0.45823562145233154,986.5427856445312,-0.20041438232114733,36.41491935136937,0.6378282904624939,906.7599487304688,4.0,2024,2.6721785068511963,"{""type"":""Point"",""coordinates"":[36.41491935136937,-0.20041438232114733]}"
823,1.1161761283874512,Nyandarua,2573.0,23.39130401611328,0.4273119270801544,719.7100219726562,-0.7531279039476819,36.60466552064561,0.60811448097229,1535.402099609375,4.0,2024,1.1161761283874512,"{""type"":""Point"",""coordinates"":[36.60466552064561,-0.7531279039476819]}"
824,1.5486094951629639,Nyandarua,2574.0,21.295652389526367,0.3840462267398834,1058.6063232421875,-0.2570450806021965,36.30367832620984,0.5947790145874023,843.2105102539062,4.0,2024,1.5486094951629639,"{""type"":""Point"",""coordinates"":[36.30367832620984,-0.2570450806021965]}"
833,2.500555992126465,Nyandarua,2418.0,19.586956024169922,0.32492342591285706,986.5427856445312,-0.21491200908461222,36.380960762065975,0.5196746587753296,953.46484375,4.0,2024,2.500555992126465,"{""type"":""Point"",""coordinates"":[36.380960762065975,-0.21491200908461222]}"
837,2.811490535736084,Nyandarua,2368.0,23.495651245117188,0.32626673579216003,703.086669921875,-0.25696262379350326,36.503446271819726,0.513373851776123,1077.343994140625,4.0,2024,2.811490535736084,"{""type"":""Point"",""coordinates"":[36.503446271819726,-0.25696262379350326]}"
840,2.153883934020996,Nyandarua,2668.0,22.46521759033203,0.3920857012271881,719.7100219726562,-0.8217962611501096,36.555936163810046,0.5872041583061218,1475.797119140625,4.0,2024,2.153883934020996,"{""type"":""Point"",""coordinates"":[36.555936163810046,-0.8217962611501096]}"
856,2.390511989593506,Nyandarua,2359.0,18.72608757019043,0.29356569051742554,986.5427856445312,-0.16169914473289826,36.39581800882203,0.442280650138855,931.747802734375,1.0,2024,2.390511989593506,"{""type"":""Point"",""coordinates"":[36.39581800882203,-0.16169914473289826]}"
862,2.114962577819824,Nyandarua,2713.0,23.204347610473633,0.4623400568962097,898.3021850585938,-0.851905577279947,36.568906740978306,0.6894320249557495,1510.875244140625,4.0,2024,2.114962577819824,"{""type"":""Point"",""coordinates"":[36.568906740978306,-0.851905577279947]}"
866,2.2841122150421143,Nyandarua,2390.0,22.352174758911133,0.3758624196052551,1086.5555419921875,-0.08573987041704789,36.363347678129124,0.5640103816986084,847.884521484375,4.0,2024,2.2841122150421143,"{""type"":""Point"",""coordinates"":[36.363347678129124,-0.08573987041704789]}"
876,1.8333138227462769,Nyandarua,2684.0,21.869565963745117,0.39066043496131897,898.3021850585938,-0.8605844979107792,36.58618040547884,0.6042107939720154,1510.875244140625,4.0,2024,1.8333138227462769,"{""type"":""Point"",""coordinates"":[36.58618040547884,-0.8605844979107792]}"
877,2.145026206970215,Nyandarua,2585.0,22.34347915649414,0.382072389125824,1058.6063232421875,-0.2943861712224803,36.33012450359064,0.5689930319786072,843.2105102539062,4.0,2024,2.145026206970215,"{""type"":""Point"",""coordinates"":[36.33012450359064,-0.2943861712224803]}"
883,2.955437660217285,Nyandarua,2338.0,20.369565963745117,0.2740437388420105,703.086669921875,-0.30807497936283623,36.45781408555298,0.4434036910533905,976.94140625,4.0,2024,2.955437660217285,"{""type"":""Point"",""coordinates"":[36.45781408555298,-0.30807497936283623]}"
890,2.3872807025909424,Nyandarua,2487.0,21.60869598388672,0.39331284165382385,1058.6063232421875,-0.291979797293716,36.284901740702416,0.5498189926147461,950.6990356445312,4.0,2024,2.3872807025909424,"{""type"":""Point"",""coordinates"":[36.284901740702416,-0.291979797293716]}"
893,1.691513180732727,Nyandarua,2664.0,19.700000762939453,0.25396427512168884,881.013916015625,-0.17188076493890936,36.518590226124836,0.4009077250957489,938.4208374023438,4.0,2024,1.691513180732727,"{""type"":""Point"",""coordinates"":[36.518590226124836,-0.17188076493890936]}"
903,3.1875693798065186,Nyandarua,2417.0,23.643478393554688,0.3743157386779785,957.3016967773438,-0.5583703266326998,36.45254020823893,0.5819483399391174,1003.9808349609375,4.0,2024,3.1875693798065186,"{""type"":""Point"",""coordinates"":[36.45254020823893,-0.5583703266326998]}"
904,1.7103919982910156,Nyandarua,2515.0,22.256521224975586,0.3838854432106018,654.1491088867188,-0.6932714595367996,36.557685502131655,0.5309478044509888,1301.0384521484375,4.0,2024,1.7103919982910156,"{""type"":""Point"",""coordinates"":[36.557685502131655,-0.6932714595367996]}"
915,1.7001800537109375,Nyandarua,2516.0,21.943477630615234,0.43729153275489807,636.4963989257812,-0.6283011519330819,36.5855291599556,0.5973074436187744,1237.2969970703125,4.0,2024,1.7001800537109375,"{""type"":""Point"",""coordinates"":[36.5855291599556,-0.6283011519330819]}"
916,2.5347256660461426,Nyandarua,2347.0,18.87826156616211,0.21270336210727692,986.5427856445312,-0.1853790745924696,36.40387264028423,0.31134679913520813,909.6834716796875,4.0,2024,2.5347256660461426,"{""type"":""Point"",""coordinates"":[36.40387264028423,-0.1853790745924696]}"
917,3.389482021331787,Nyandarua,2322.0,23.213043212890625,0.3796122372150421,1163.2713623046875,-0.48171914506830915,36.441885387879935,0.5523252487182617,920.8710327148438,1.0,2024,3.389482021331787,"{""type"":""Point"",""coordinates"":[36.441885387879935,-0.48171914506830915]}"
932,2.616074562072754,Nyandarua,2353.0,18.96521759033203,0.25680485367774963,1040.6885986328125,-0.2897519646780236,36.37159168725568,0.4156897962093353,904.895263671875,4.0,2024,2.616074562072754,"{""type"":""Point"",""coordinates"":[36.37159168725568,-0.2897519646780236]}"
936,1.734189510345459,Nyandarua,2254.0,17.213043212890625,0.34202271699905396,1271.9952392578125,0.007263945226784043,36.48791193831473,0.48375412821769714,791.9441528320312,4.0,2024,1.734189510345459,"{""type"":""Point"",""coordinates"":[36.48791193831473,0.007263945226784043]}"
939,1.9896745681762695,Nyandarua,2182.0,16.96956443786621,0.2963601052761078,1271.9952392578125,0.046473500406476714,36.49347002172103,0.4517483413219452,791.9441528320312,4.0,2024,1.9896745681762695,"{""type"":""Point"",""coordinates"":[36.49347002172103,0.046473500406476714]}"
948,2.663024425506592,Nyandarua,2725.0,22.743478775024414,0.43294310569763184,898.3021850585938,-0.8659648802528427,36.557050058112914,0.5897229909896851,1510.875244140625,4.0,2024,2.663024425506592,"{""type"":""Point"",""coordinates"":[36.557050058112914,-0.8659648802528427]}"
960,1.6416035890579224,Nyandarua,2510.0,21.173913955688477,0.286182165145874,1126.5531005859375,-0.07458197714488764,36.45502449736899,0.4915843904018402,811.5564575195312,4.0,2024,1.6416035890579224,"{""type"":""Point"",""coordinates"":[36.45502449736899,-0.07458197714488764]}"
963,2.819451093673706,Nyandarua,2425.0,21.491304397583008,0.35260218381881714,957.3016967773438,-0.5838253297516999,36.481255123943626,0.4971992075443268,1003.9808349609375,4.0,2024,2.819451093673706,"{""type"":""Point"",""coordinates"":[36.481255123943626,-0.5838253297516999]}"
966,1.1601203680038452,Nyandarua,2686.0,21.282608032226562,0.33989831805229187,839.247314453125,-0.16655047822496166,36.306711528420244,0.5323635339736938,1030.8326416015625,4.0,2024,1.1601203680038452,"{""type"":""Point"",""coordinates"":[36.306711528420244,-0.16655047822496166]}"
970,1.9843298196792603,Nyandarua,2485.0,22.791303634643555,0.28579652309417725,1086.5555419921875,-0.12066837457952902,36.35387943186402,0.442611962556839,873.3862915039062,4.0,2024,1.9843298196792603,"{""type"":""Point"",""coordinates"":[36.35387943186402,-0.12066837457952902]}"
973,2.218963146209717,Nyandarua,2423.0,21.92173957824707,0.4230608642101288,957.3016967773438,-0.599128582961451,36.52031917528798,0.5274772047996521,1042.88134765625,4.0,2024,2.218963146209717,"{""type"":""Point"",""coordinates"":[36.52031917528798,-0.599128582961451]}"
981,2.904174566268921,Nyandarua,2344.0,19.356521606445312,0.2733898460865021,986.5427856445312,-0.22770019893280183,36.42282107314212,0.42783528566360474,906.7599487304688,4.0,2024,2.904174566268921,"{""type"":""Point"",""coordinates"":[36.42282107314212,-0.22770019893280183]}"
987,0.9513702988624573,Nyandarua,2522.0,24.839130401611328,0.41496914625167847,793.5072631835938,-0.7628189945484717,36.65175855241171,0.6256780624389648,2075.899169921875,4.0,2024,0.9513702988624573,"{""type"":""Point"",""coordinates"":[36.65175855241171,-0.7628189945484717]}"
995,1.25246000289917,Nyandarua,2662.0,20.526086807250977,0.28977683186531067,903.48095703125,-0.10475736462390181,36.28812841555614,0.5217902064323425,1035.8345947265625,4.0,2024,1.25246000289917,"{""type"":""Point"",""coordinates"":[36.28812841555614,-0.10475736462390181]}"
1000,2.3591866493225098,Nyandarua,2381.0,18.830434799194336,0.3297247588634491,986.5427856445312,-0.16411365605998932,36.386201027095744,0.46811407804489136,931.747802734375,4.0,2024,2.3591866493225098,"{""type"":""Point"",""coordinates"":[36.386201027095744,-0.16411365605998932]}"
1004,2.6901695728302,Nyandarua,2342.0,21.169565200805664,0.263847678899765,986.5427856445312,-0.20494850618781466,36.44166873076377,0.42406532168388367,906.7599487304688,4.0,2024,2.6901695728302,"{""type"":""Point"",""coordinates"":[36.44166873076377,-0.20494850618781466]}"
1006,2.4166197776794434,Nyandarua,2073.0,16.930435180664062,0.350318044424057,1458.595947265625,0.05378790539866682,36.55291321349499,0.4898461699485779,585.9078979492188,4.0,2024,2.4166197776794434,"{""type"":""Point"",""coordinates"":[36.55291321349499,0.05378790539866682]}"
1011,1.7445824146270752,Nyandarua,2614.0,23.600000381469727,0.36909395456314087,1058.6063232421875,-0.2750883733722414,36.31210579401077,0.5396003127098083,843.2105102539062,4.0,2024,1.7445824146270752,"{""type"":""Point"",""coordinates"":[36.31210579401077,-0.2750883733722414]}"
1014,1.581315279006958,Nyandarua,2616.0,19.643478393554688,0.3428035378456116,903.48095703125,-0.13748100227614204,36.33447438195601,0.5290190577507019,1024.9276123046875,4.0,2024,1.581315279006958,"{""type"":""Point"",""coordinates"":[36.33447438195601,-0.13748100227614204]}"
1025,2.114109754562378,Nyandarua,2247.0,21.8869571685791,0.4014231264591217,1126.5531005859375,-0.05624622057766453,36.54881792354214,0.576102614402771,790.762451171875,4.0,2024,2.114109754562378,"{""type"":""Point"",""coordinates"":[36.54881792354214,-0.05624622057766453]}"
1036,1.6486639976501465,Nyandarua,2512.0,22.173913955688477,0.5189639329910278,654.1491088867188,-0.6798081768997732,36.56573802781782,0.6349276304244995,1301.0384521484375,4.0,2024,1.6486639976501465,"{""type"":""Point"",""coordinates"":[36.56573802781782,-0.6798081768997732]}"
1037,1.9843322038650513,Nyandarua,2445.0,21.89130401611328,0.40355831384658813,957.3016967773438,-0.629496686073101,36.5423972864567,0.5681414604187012,1156.154296875,4.0,2024,1.9843322038650513,"{""type"":""Point"",""coordinates"":[36.5423972864567,-0.629496686073101]}"
1046,2.9701497554779053,Nyandarua,2357.0,21.860870361328125,0.2911050021648407,703.086669921875,-0.28718580591774023,36.48018844917294,0.4943969249725342,959.3812255859375,4.0,2024,2.9701497554779053,"{""type"":""Point"",""coordinates"":[36.48018844917294,-0.28718580591774023]}"
1050,1.3129065036773682,Nyandarua,2639.0,20.417390823364258,0.3561091423034668,903.48095703125,-0.14291010131508122,36.32042044653214,0.5871121883392334,1024.9276123046875,4.0,2024,1.3129065036773682,"{""type"":""Point"",""coordinates"":[36.32042044653214,-0.14291010131508122]}"
1055,3.279761791229248,Nyandarua,2460.0,20.908695220947266,0.3652125298976898,1058.6063232421875,-0.34585897315656383,36.33863558983735,0.5037544965744019,935.0844116210938,4.0,2024,3.279761791229248,"{""type"":""Point"",""coordinates"":[36.33863558983735,-0.34585897315656383]}"
1069,1.6123825311660767,Nyandarua,2508.0,18.243478775024414,0.34684646129608154,1126.5531005859375,-0.0812664265228759,36.45525153070238,0.5164328217506409,811.5564575195312,4.0,2024,1.6123825311660767,"{""type"":""Point"",""coordinates"":[36.45525153070238,-0.0812664265228759]}"
1072,1.5380988121032715,Nyandarua,2671.0,20.756521224975586,0.28583574295043945,839.247314453125,-0.2055040716847426,36.33322434111343,0.43076103925704956,1005.59912109375,4.0,2024,1.5380988121032715,"{""type"":""Point"",""coordinates"":[36.33322434111343,-0.2055040716847426]}"
1082,2.914159059524536,Nyandarua,2434.0,21.752174377441406,0.4567444622516632,957.3016967773438,-0.6154537193890919,36.49551609961085,0.6254059672355652,1018.88525390625,4.0,2024,2.914159059524536,"{""type"":""Point"",""coordinates"":[36.49551609961085,-0.6154537193890919]}"
1092,2.3623480796813965,Nyandarua,2453.0,22.521739959716797,0.4736546277999878,957.3016967773438,-0.6322436113882708,36.523052361345464,0.6258300542831421,1156.154296875,4.0,2024,2.3623480796813965,"{""type"":""Point"",""coordinates"":[36.523052361345464,-0.6322436113882708]}"
1103,2.049699306488037,Nyandarua,2625.0,22.565217971801758,0.4660108983516693,719.7100219726562,-0.806449121860006,36.55520285083922,0.7048577070236206,1475.797119140625,4.0,2024,2.049699306488037,"{""type"":""Point"",""coordinates"":[36.55520285083922,-0.806449121860006]}"
1124,3.432051181793213,Nyandarua,2436.0,21.7608699798584,0.3963562548160553,957.3016967773438,-0.6032501391845442,36.464830783193165,0.5769758224487305,1018.88525390625,4.0,2024,3.432051181793213,"{""type"":""Point"",""coordinates"":[36.464830783193165,-0.6032501391845442]}"
1133,2.7279815673828125,Nyandarua,2294.0,20.513044357299805,0.339030921459198,1040.6885986328125,-0.3363450135002372,36.393814714185034,0.5307940244674683,883.1970825195312,1.0,2024,2.7279815673828125,"{""type"":""Point"",""coordinates"":[36.393814714185034,-0.3363450135002372]}"
1152,0.993492066860199,Nyandarua,2578.0,23.473913192749023,0.39469730854034424,719.7100219726562,-0.7648364214994864,36.615003599406776,0.5592612624168396,1535.402099609375,4.0,2024,0.993492066860199,"{""type"":""Point"",""coordinates"":[36.615003599406776,-0.7648364214994864]}"
1165,2.8497304916381836,Nyandarua,2427.0,21.404348373413086,0.3577946424484253,957.3016967773438,-0.5961697819148535,36.487705281542205,0.45987460017204285,1003.9808349609375,4.0,2024,2.8497304916381836,"{""type"":""Point"",""coordinates"":[36.487705281542205,-0.5961697819148535]}"
1172,2.148620128631592,Nyandarua,2453.0,22.556522369384766,0.33833208680152893,986.5427856445312,-0.2033936002856716,36.36362946471288,0.5334078669548035,953.46484375,4.0,2024,2.148620128631592,"{""type"":""Point"",""coordinates"":[36.36362946471288,-0.2033936002856716]}"
1182,2.5995383262634277,Nyandarua,2338.0,24.556522369384766,0.37619274854660034,751.9829711914062,-0.3956651840457679,36.45594270546192,0.5850911140441895,995.1351318359375,4.0,2024,2.5995383262634277,"{""type"":""Point"",""coordinates"":[36.45594270546192,-0.3956651840457679]}"
1183,2.423555374145508,Nyandarua,2517.0,22.595651626586914,0.45318013429641724,931.31884765625,-0.7170381361808393,36.529996570890745,0.6221058368682861,1146.4976806640625,4.0,2024,2.423555374145508,"{""type"":""Point"",""coordinates"":[36.529996570890745,-0.7170381361808393]}"
1186,2.031130790710449,Nyandarua,2333.0,17.19565200805664,0.29861634969711304,1086.5555419921875,-0.12809637254792652,36.4259600475435,0.49024340510368347,804.5447387695312,4.0,2024,2.031130790710449,"{""type"":""Point"",""coordinates"":[36.4259600475435,-0.12809637254792652]}"
1188,2.4239161014556885,Nyandarua,2520.0,22.60869598388672,0.3546936810016632,931.31884765625,-0.7103359865499145,36.52982711371577,0.5375680327415466,1146.4976806640625,4.0,2024,2.4239161014556885,"{""type"":""Point"",""coordinates"":[36.52982711371577,-0.7103359865499145]}"
1191,1.0557221174240112,Nyandarua,2607.0,22.34782600402832,0.4144306778907776,719.7100219726562,-0.7761319011872028,36.59923508991337,0.5843750238418579,1443.79736328125,4.0,2024,1.0557221174240112,"{""type"":""Point"",""coordinates"":[36.59923508991337,-0.7761319011872028]}"
1192,2.6442880630493164,Nyandarua,2293.0,18.673913955688477,0.3165484666824341,1209.62353515625,0.029067599509406905,36.4423546123871,0.5213690400123596,855.5177612304688,1.0,2024,2.6442880630493164,"{""type"":""Point"",""coordinates"":[36.4423546123871,0.029067599509406905]}"
1204,1.786741018295288,Nyandarua,2678.0,20.434782028198242,0.2989746630191803,881.013916015625,-0.17449696796385342,36.508491123493215,0.49272429943084717,938.4208374023438,4.0,2024,1.786741018295288,"{""type"":""Point"",""coordinates"":[36.508491123493215,-0.17449696796385342]}"
1209,1.3234145641326904,Nyandarua,2567.0,21.091304779052734,0.33740004897117615,1026.3397216796875,-0.14092885580975742,36.55047250693175,0.5562080144882202,806.2779541015625,4.0,2024,1.3234145641326904,"{""type"":""Point"",""coordinates"":[36.55047250693175,-0.14092885580975742]}"
1219,2.76572847366333,Nyandarua,2302.0,20.934782028198242,0.3975311517715454,1040.6885986328125,-0.3442591904359551,36.38462193284674,0.5823132991790771,883.1970825195312,4.0,2024,2.76572847366333,"{""type"":""Point"",""coordinates"":[36.38462193284674,-0.3442591904359551]}"
1223,2.9630165100097656,Nyandarua,2341.0,21.81304359436035,0.3716012239456177,986.5427856445312,-0.2358509021173744,36.449537970701854,0.4548904299736023,906.7599487304688,1.0,2024,2.9630165100097656,"{""type"":""Point"",""coordinates"":[36.449537970701854,-0.2358509021173744]}"
1235,2.291889190673828,Nyandarua,2401.0,19.2391300201416,0.2835107147693634,1086.5555419921875,-0.14602744324565134,36.38030526190298,0.45480433106422424,873.3862915039062,4.0,2024,2.291889190673828,"{""type"":""Point"",""coordinates"":[36.38030526190298,-0.14602744324565134]}"
1239,2.614531993865967,Nyandarua,2409.0,19.286956787109375,0.3216806650161743,986.5427856445312,-0.23227593941289457,36.38380904850673,0.49555066227912903,953.46484375,4.0,2024,2.614531993865967,"{""type"":""Point"",""coordinates"":[36.38380904850673,-0.23227593941289457]}"
1253,1.4572113752365112,Nyandarua,2555.0,22.086956024169922,0.41728460788726807,654.1491088867188,-0.6981132457467939,36.59940256428724,0.5996705293655396,1301.0384521484375,4.0,2024,1.4572113752365112,"{""type"":""Point"",""coordinates"":[36.59940256428724,-0.6981132457467939]}"
1255,2.926265239715576,Nyandarua,2685.0,22.839130401611328,0.36609405279159546,898.3021850585938,-0.8880333985915544,36.56935777139991,0.5457308292388916,1510.875244140625,4.0,2024,2.926265239715576,"{""type"":""Point"",""coordinates"":[36.56935777139991,-0.8880333985915544]}"
1264,0.8825857043266296,Nyandarua,2635.0,22.678260803222656,0.41230258345603943,719.7100219726562,-0.8053620572235862,36.61321891855396,0.6349150538444519,1799.856201171875,4.0,2024,0.8825857043266296,"{""type"":""Point"",""coordinates"":[36.61321891855396,-0.8053620572235862]}"
1268,2.6473817825317383,Nyandarua,2336.0,22.582609176635742,0.3675931394100189,1040.6885986328125,-0.2973262694044375,36.372576321432184,0.6058588027954102,904.895263671875,4.0,2024,2.6473817825317383,"{""type"":""Point"",""coordinates"":[36.372576321432184,-0.2973262694044375]}"
1282,2.705657720565796,Nyandarua,2437.0,21.647825241088867,0.45741164684295654,957.3016967773438,-0.6071941708132929,36.500119081806055,0.6286759376525879,1018.88525390625,4.0,2024,2.705657720565796,"{""type"":""Point"",""coordinates"":[36.500119081806055,-0.6071941708132929]}"
1285,2.249683141708374,Nyandarua,2410.0,22.5,0.2786697447299957,986.5427856445312,-0.1840350574962531,36.37181583784176,0.4361819326877594,931.747802734375,4.0,2024,2.249683141708374,"{""type"":""Point"",""coordinates"":[36.37181583784176,-0.1840350574962531]}"
1293,1.797032356262207,Nyandarua,2560.0,23.069564819335938,0.3453507125377655,839.247314453125,-0.19032020649495882,36.34706102908007,0.5929130911827087,1030.8326416015625,4.0,2024,1.797032356262207,"{""type"":""Point"",""coordinates"":[36.34706102908007,-0.19032020649495882]}"
1332,1.1742510795593262,Nyandarua,2523.0,21.369565963745117,0.4425356090068817,654.1491088867188,-0.7178310629273427,36.64264617131136,0.6000019311904907,1353.095703125,4.0,2024,1.1742510795593262,"{""type"":""Point"",""coordinates"":[36.64264617131136,-0.7178310629273427]}"
1342,3.030942440032959,Nyandarua,2435.0,21.591304779052734,0.4203076958656311,957.3016967773438,-0.5676934191396728,36.46225101937769,0.6503028869628906,1003.9808349609375,4.0,2024,3.030942440032959,"{""type"":""Point"",""coordinates"":[36.46225101937769,-0.5676934191396728]}"
1347,2.6105010509490967,Nyandarua,2352.0,18.96521759033203,0.26099345088005066,1040.6885986328125,-0.2882823214226144,36.37131735706838,0.39156779646873474,904.895263671875,4.0,2024,2.6105010509490967,"{""type"":""Point"",""coordinates"":[36.37131735706838,-0.2882823214226144]}"
1350,2.2036523818969727,Nyandarua,2084.0,17.508695602416992,0.3085337281227112,1271.9952392578125,0.021834761986779035,36.545136632625976,0.4840671122074127,723.430908203125,4.0,2024,2.2036523818969727,"{""type"":""Point"",""coordinates"":[36.545136632625976,0.021834761986779035]}"
1357,1.7829269170761108,Nyandarua,2510.0,21.895652770996094,0.35515737533569336,654.1491088867188,-0.6873610773480877,36.552727153117026,0.46731314063072205,1301.0384521484375,4.0,2024,1.7829269170761108,"{""type"":""Point"",""coordinates"":[36.552727153117026,-0.6873610773480877]}"
1364,1.4305462837219238,Nyandarua,2554.0,22.365217208862305,0.5185763835906982,654.1491088867188,-0.7039818237692607,36.5995361748995,0.6548202633857727,1237.4268798828125,4.0,2024,1.4305462837219238,"{""type"":""Point"",""coordinates"":[36.5995361748995,-0.7039818237692607]}"
1370,1.1536060571670532,Nyandarua,2630.0,19.408695220947266,0.3315257430076599,903.48095703125,-0.11575920096118197,36.29378005457561,0.4957059323787689,1035.8345947265625,4.0,2024,1.1536060571670532,"{""type"":""Point"",""coordinates"":[36.29378005457561,-0.11575920096118197]}"
1371,3.4369828701019287,Nyandarua,2449.0,22.221738815307617,0.3670114278793335,957.3016967773438,-0.6168784570371321,36.474179813051485,0.5230141282081604,1018.88525390625,4.0,2024,3.4369828701019287,"{""type"":""Point"",""coordinates"":[36.474179813051485,-0.6168784570371321]}"
1374,1.2167943716049194,Nyandarua,2593.0,23.15652084350586,0.4628571569919586,719.7100219726562,-0.7625438799852361,36.58889707618491,0.6738618612289429,1443.79736328125,4.0,2024,1.2167943716049194,"{""type"":""Point"",""coordinates"":[36.58889707618491,-0.7625438799852361]}"
1375,1.8251712322235107,Nyandarua,2475.0,22.021739959716797,0.30427175760269165,636.4963989257812,-0.6337382202718727,36.55569288273611,0.44916221499443054,1237.2969970703125,4.0,2024,1.8251712322235107,"{""type"":""Point"",""coordinates"":[36.55569288273611,-0.6337382202718727]}"
1378,2.5084824562072754,Nyandarua,2116.0,17.92608642578125,0.3619174659252167,1268.8878173828125,0.004997358741855818,36.557446186084626,0.5352005958557129,626.6849975585938,4.0,2024,2.5084824562072754,"{""type"":""Point"",""coordinates"":[36.557446186084626,0.004997358741855818]}"
1383,2.764833927154541,Nyandarua,2386.0,22.091304779052734,0.31800246238708496,986.5427856445312,-0.24768970228724083,36.390697223986756,0.4794970452785492,953.46484375,4.0,2024,2.764833927154541,"{""type"":""Point"",""coordinates"":[36.390697223986756,-0.24768970228724083]}"
1388,2.4865927696228027,Nyandarua,2348.0,18.53913116455078,0.3198648989200592,1086.5555419921875,-0.07291762003267781,36.38604922819485,0.5034012794494629,847.884521484375,4.0,2024,2.4865927696228027,"{""type"":""Point"",""coordinates"":[36.38604922819485,-0.07291762003267781]}"
1393,2.5554749965667725,Nyandarua,2336.0,21.65217399597168,0.3875052034854889,751.9829711914062,-0.365193136073713,36.47474549487944,0.5716841220855713,995.1351318359375,1.0,2024,2.5554749965667725,"{""type"":""Point"",""coordinates"":[36.47474549487944,-0.365193136073713]}"
1397,2.983873128890991,Nyandarua,2428.0,21.72608757019043,0.3794727921485901,1094.8021240234375,0.002251558305297164,36.295709163031844,0.6337102651596069,981.091796875,4.0,2024,2.983873128890991,"{""type"":""Point"",""coordinates"":[36.295709163031844,0.002251558305297164]}"
1401,1.0357376337051392,Nyandarua,2604.0,23.369565963745117,0.45360711216926575,719.7100219726562,-0.7795617204940132,36.60007745235908,0.6768222451210022,1535.402099609375,4.0,2024,1.0357376337051392,"{""type"":""Point"",""coordinates"":[36.60007745235908,-0.7795617204940132]}"
1417,2.790579319000244,Nyandarua,2376.0,23.1130428314209,0.3533134460449219,703.086669921875,-0.3006308038965047,36.50554951407294,0.5016987323760986,1091.4190673828125,4.0,2024,2.790579319000244,"{""type"":""Point"",""coordinates"":[36.50554951407294,-0.3006308038965047]}"
1441,1.6104199886322021,Nyandarua,2673.0,22.217391967773438,0.4392082691192627,719.7100219726562,-0.8208600797853155,36.57453429986257,0.6215691566467285,1475.797119140625,4.0,2024,1.6104199886322021,"{""type"":""Point"",""coordinates"":[36.57453429986257,-0.8208600797853155]}"
1459,2.268282890319824,Nyandarua,2413.0,20.517391204833984,0.37627270817756653,986.5427856445312,-0.15126275640220302,36.37675933810049,0.43488436937332153,931.747802734375,4.0,2024,2.268282890319824,"{""type"":""Point"",""coordinates"":[36.37675933810049,-0.15126275640220302]}"
1464,2.6064274311065674,Nyandarua,2433.0,23.082609176635742,0.4046570956707001,703.086669921875,-0.3238904512121286,36.528494266359196,0.5912819504737854,1091.4190673828125,4.0,2024,2.6064274311065674,"{""type"":""Point"",""coordinates"":[36.528494266359196,-0.3238904512121286]}"
1471,2.630354166030884,Nyandarua,2481.0,27.669565200805664,0.38743895292282104,703.086669921875,-0.30781020774576734,36.530904016085756,0.5733887553215027,1091.4190673828125,4.0,2024,2.630354166030884,"{""type"":""Point"",""coordinates"":[36.530904016085756,-0.30781020774576734]}"
1482,3.6455907821655273,Nyandarua,2270.0,21.752174377441406,0.29180267453193665,1292.1944580078125,0.06508685772959047,36.42834625222196,0.49040865898132324,853.9402465820312,1.0,2024,3.6455907821655273,"{""type"":""Point"",""coordinates"":[36.42834625222196,0.06508685772959047]}"
1492,2.1577041149139404,Nyandarua,2502.0,22.30434799194336,0.30980297923088074,986.5427856445312,-0.22054255745992296,36.36161908094814,0.49812811613082886,953.46484375,4.0,2024,2.1577041149139404,"{""type"":""Point"",""coordinates"":[36.36161908094814,-0.22054255745992296]}"
1503,2.531315326690674,Nyandarua,2382.0,21.869565963745117,0.331195592880249,1209.62353515625,-0.012408779306051911,36.42927060723763,0.4892960488796234,799.9849243164062,4.0,2024,2.531315326690674,"{""type"":""Point"",""coordinates"":[36.42927060723763,-0.012408779306051911]}"
1508,1.7225606441497803,Nyandarua,2500.0,22.086956024169922,0.40042996406555176,654.1491088867188,-0.6687765432046135,36.56012226380732,0.536287784576416,1301.0384521484375,4.0,2024,1.7225606441497803,"{""type"":""Point"",""coordinates"":[36.56012226380732,-0.6687765432046135]}"
1509,2.278183937072754,Nyandarua,2414.0,22.021739959716797,0.37263214588165283,957.3016967773438,-0.6052883136075434,36.51949165965071,0.5253428220748901,1156.154296875,4.0,2024,2.278183937072754,"{""type"":""Point"",""coordinates"":[36.51949165965071,-0.6052883136075434]}"
1513,1.7429826259613037,Nyandarua,2469.0,21.92173957824707,0.44131743907928467,636.4963989257812,-0.6009009473763267,36.58009022488234,0.6193808317184448,1237.2969970703125,4.0,2024,1.7429826259613037,"{""type"":""Point"",""coordinates"":[36.58009022488234,-0.6009009473763267]}"
1514,2.6946353912353516,Nyandarua,2408.0,23.03913116455078,0.3960843086242676,957.3016967773438,-0.5661255989928747,36.477641887864074,0.551447331905365,1003.9808349609375,4.0,2024,2.6946353912353516,"{""type"":""Point"",""coordinates"":[36.477641887864074,-0.5661255989928747]}"
1518,3.581212043762207,Nyandarua,2375.0,22.643478393554688,0.31311869621276855,1154.89013671875,-0.37075465822272613,36.35296547311526,0.5028031468391418,854.5677490234375,4.0,2024,3.581212043762207,"{""type"":""Point"",""coordinates"":[36.35296547311526,-0.37075465822272613]}"
1522,2.8482699394226074,Nyandarua,2373.0,20.913043975830078,0.28641295433044434,1040.6885986328125,-0.3343869068423364,36.35901696078711,0.47411155700683594,883.1970825195312,4.0,2024,2.8482699394226074,"{""type"":""Point"",""coordinates"":[36.35901696078711,-0.3343869068423364]}"
1535,1.9276957511901855,Nyandarua,2694.0,23.104347229003906,0.4255400002002716,719.7100219726562,-0.8388410645538172,36.56908898127129,0.5744688510894775,1475.797119140625,4.0,2024,1.9276957511901855,"{""type"":""Point"",""coordinates"":[36.56908898127129,-0.8388410645538172]}"
1536,3.9813175201416016,Nyandarua,2424.0,21.126087188720703,0.3107258379459381,1293.6524658203125,-0.3633642517203377,36.324970880969545,0.461200088262558,846.8605346679688,1.0,2024,3.9813175201416016,"{""type"":""Point"",""coordinates"":[36.324970880969545,-0.3633642517203377]}"
1541,2.4645164012908936,Nyandarua,2397.0,23.69565200805664,0.3129570484161377,1086.5555419921875,-0.05291261799093167,36.35287006640348,0.4823993444442749,847.884521484375,1.0,2024,2.4645164012908936,"{""type"":""Point"",""coordinates"":[36.35287006640348,-0.05291261799093167]}"
1554,2.036707639694214,Nyandarua,2682.0,22.860870361328125,0.3627866506576538,719.7100219726562,-0.8269878040844972,36.56129626210017,0.5132729411125183,1475.797119140625,4.0,2024,2.036707639694214,"{""type"":""Point"",""coordinates"":[36.56129626210017,-0.8269878040844972]}"
1560,2.8626461029052734,Nyandarua,1946.0,19.80869483947754,0.22959208488464355,1458.595947265625,0.06340032133933235,36.57703513703206,0.37310338020324707,585.9078979492188,1.0,2024,2.8626461029052734,"{""type"":""Point"",""coordinates"":[36.57703513703206,0.06340032133933235]}"
1567,1.6195805072784424,Nyandarua,2655.0,20.095651626586914,0.3586423099040985,839.247314453125,-0.191579479441242,36.337877837341004,0.5282532572746277,1030.8326416015625,4.0,2024,1.6195805072784424,"{""type"":""Point"",""coordinates"":[36.337877837341004,-0.191579479441242]}"
1582,1.5436846017837524,Nyandarua,2583.0,22.81739044189453,0.4300132393836975,719.7100219726562,-0.7601566110967933,36.56850156145047,0.5949011445045471,1443.79736328125,4.0,2024,1.5436846017837524,"{""type"":""Point"",""coordinates"":[36.56850156145047,-0.7601566110967933]}"
1589,1.9049596786499023,Nyandarua,2679.0,22.547826766967773,0.46854475140571594,898.3021850585938,-0.866234706964716,36.58927641130603,0.6010740399360657,1510.875244140625,4.0,2024,1.9049596786499023,"{""type"":""Point"",""coordinates"":[36.58927641130603,-0.866234706964716]}"
1591,4.641300201416016,Nyandarua,2227.0,24.826086044311523,0.36196237802505493,1143.9588623046875,-0.3056460206679826,36.22305357895191,0.555932879447937,914.1121215820312,1.0,2024,4.641300201416016,"{""type"":""Point"",""coordinates"":[36.22305357895191,-0.3056460206679826]}"
1614,2.5882773399353027,Nyandarua,2415.0,19.952173233032227,0.32469457387924194,1040.6885986328125,-0.3052401900290026,36.36335219454664,0.5170398354530334,883.1970825195312,4.0,2024,2.5882773399353027,"{""type"":""Point"",""coordinates"":[36.36335219454664,-0.3052401900290026]}"
1623,2.5303754806518555,Nyandarua,2354.0,22.126087188720703,0.3295929431915283,751.9829711914062,-0.36989760778572484,36.48476494172204,0.49815088510513306,995.1351318359375,1.0,2024,2.5303754806518555,"{""type"":""Point"",""coordinates"":[36.48476494172204,-0.36989760778572484]}"
1633,2.6038601398468018,Nyandarua,2342.0,21.42608642578125,0.3652450442314148,986.5427856445312,-0.19288537294749725,36.41365681603723,0.5605410933494568,909.6834716796875,4.0,2024,2.6038601398468018,"{""type"":""Point"",""coordinates"":[36.41365681603723,-0.19288537294749725]}"
1637,3.7299540042877197,Nyandarua,2356.0,16.604347229003906,0.3637314438819885,1209.62353515625,0.006632388775821683,36.369861137685604,0.506476640701294,860.7394409179688,4.0,2024,3.7299540042877197,"{""type"":""Point"",""coordinates"":[36.369861137685604,0.006632388775821683]}"
1647,2.2969107627868652,Nyandarua,2339.0,17.752174377441406,0.32664093375205994,1086.5555419921875,-0.12852255407780977,36.39600240749095,0.46190565824508667,873.3862915039062,4.0,2024,2.2969107627868652,"{""type"":""Point"",""coordinates"":[36.39600240749095,-0.12852255407780977]}"
1655,2.133441209793091,Nyandarua,2504.0,20.782608032226562,0.3151708245277405,1058.6063232421875,-0.2924161810147601,36.299325000220115,0.5108608603477478,950.6990356445312,1.0,2024,2.133441209793091,"{""type"":""Point"",""coordinates"":[36.299325000220115,-0.2924161810147601]}"
1656,3.107076644897461,Nyandarua,2442.0,21.452173233032227,0.33687087893486023,957.3016967773438,-0.5980210546240126,36.47620075244938,0.46938982605934143,1003.9808349609375,4.0,2024,3.107076644897461,"{""type"":""Point"",""coordinates"":[36.47620075244938,-0.5980210546240126]}"
1660,1.0409741401672363,Nyandarua,2644.0,23.417390823364258,0.37388432025909424,719.7100219726562,-0.824175098959372,36.604291770954795,0.5669557452201843,1799.856201171875,4.0,2024,1.0409741401672363,"{""type"":""Point"",""coordinates"":[36.604291770954795,-0.824175098959372]}"
1671,2.2117679119110107,Nyandarua,2430.0,23.399999618530273,0.39124569296836853,957.3016967773438,-0.6204101807707891,36.52769756827052,0.5504306554794312,1156.154296875,4.0,2024,2.2117679119110107,"{""type"":""Point"",""coordinates"":[36.52769756827052,-0.6204101807707891]}"
1681,3.5535988807678223,Nyandarua,2402.0,21.408695220947266,0.37915292382240295,1293.6524658203125,-0.365088779690592,36.3482876437184,0.550284206867218,846.8605346679688,1.0,2024,3.5535988807678223,"{""type"":""Point"",""coordinates"":[36.3482876437184,-0.365088779690592]}"
1689,2.1254637241363525,Nyandarua,2402.0,22.008695602416992,0.3554367423057556,1086.5555419921875,-0.13405071631437557,36.36390527183209,0.5324441194534302,873.3862915039062,1.0,2024,2.1254637241363525,"{""type"":""Point"",""coordinates"":[36.36390527183209,-0.13405071631437557]}"
1690,1.5286614894866943,Nyandarua,2602.0,20.62173843383789,0.3334057331085205,1058.6063232421875,-0.25681775535060203,36.313025015377214,0.4950738251209259,843.2105102539062,4.0,2024,1.5286614894866943,"{""type"":""Point"",""coordinates"":[36.313025015377214,-0.25681775535060203]}"
1691,1.503320336341858,Nyandarua,2580.0,22.173913955688477,0.4129631817340851,719.7100219726562,-0.753363669860181,36.56991940106795,0.6114662289619446,1443.79736328125,4.0,2024,1.503320336341858,"{""type"":""Point"",""coordinates"":[36.56991940106795,-0.753363669860181]}"
1699,2.3006532192230225,Nyandarua,2343.0,18.31739044189453,0.3494272232055664,1086.5555419921875,-0.14284124204532236,36.403602863082945,0.543366014957428,804.5447387695312,4.0,2024,2.3006532192230225,"{""type"":""Point"",""coordinates"":[36.403602863082945,-0.14284124204532236]}"
1704,2.3928680419921875,Nyandarua,2343.0,19.056522369384766,0.24863512814044952,986.5427856445312,-0.1666412578048817,36.413778169512355,0.40666645765304565,909.6834716796875,1.0,2024,2.3928680419921875,"{""type"":""Point"",""coordinates"":[36.413778169512355,-0.1666412578048817]}"
1723,2.309593915939331,Nyandarua,2298.0,18.3869571685791,0.3127259314060211,1271.9952392578125,0.020421292884335397,36.45107386097965,0.45673513412475586,791.9441528320312,4.0,2024,2.309593915939331,"{""type"":""Point"",""coordinates"":[36.45107386097965,0.020421292884335397]}"
1734,1.501690149307251,Nyandarua,2570.0,18.060869216918945,0.3119136691093445,1126.5531005859375,-0.11608755302530477,36.4601388941377,0.4473411738872528,839.7518310546875,4.0,2024,1.501690149307251,"{""type"":""Point"",""coordinates"":[36.4601388941377,-0.11608755302530477]}"
1737,1.9951595067977905,Nyandarua,2531.0,21.952173233032227,0.43016019463539124,931.31884765625,-0.72553977852441,36.54457838897779,0.5669792294502258,1146.4976806640625,4.0,2024,1.9951595067977905,"{""type"":""Point"",""coordinates"":[36.54457838897779,-0.72553977852441]}"
1743,3.388611078262329,Nyandarua,2093.0,19.552173614501953,0.3958718478679657,1405.6363525390625,0.11414884752461948,36.47602353139202,0.45942631363868713,749.438232421875,1.0,2024,3.388611078262329,"{""type"":""Point"",""coordinates"":[36.47602353139202,0.11414884752461948]}"
1744,1.145660400390625,Nyandarua,2534.0,20.57391357421875,0.4040912985801697,1126.5531005859375,-0.13148901526450493,36.524386890061166,0.6018299460411072,839.7156372070312,4.0,2024,1.145660400390625,"{""type"":""Point"",""coordinates"":[36.524386890061166,-0.13148901526450493]}"
1746,4.207324028015137,Nyandarua,2223.0,23.53478240966797,0.49968814849853516,1143.9588623046875,-0.33240938105033585,36.23852782588906,0.7565110921859741,914.1121215820312,1.0,2024,4.207324028015137,"{""type"":""Point"",""coordinates"":[36.23852782588906,-0.33240938105033585]}"
1748,1.996419906616211,Nyandarua,2467.0,22.547826766967773,0.3124951422214508,1086.5555419921875,-0.14524071158093402,36.3567515317681,0.5199624300003052,873.3862915039062,4.0,2024,1.996419906616211,"{""type"":""Point"",""coordinates"":[36.3567515317681,-0.14524071158093402]}"
1750,2.2927892208099365,Nyandarua,2186.0,19.247825622558594,0.3285526931285858,1271.9952392578125,-0.03336853378822477,36.54787021713866,0.4754028916358948,687.9920654296875,4.0,2024,2.2927892208099365,"{""type"":""Point"",""coordinates"":[36.54787021713866,-0.03336853378822477]}"
1754,2.9237828254699707,Nyandarua,2363.0,20.869565963745117,0.3042130470275879,1040.6885986328125,-0.2688707506758283,36.39933718099746,0.5191017389297485,904.895263671875,4.0,2024,2.9237828254699707,"{""type"":""Point"",""coordinates"":[36.39933718099746,-0.2688707506758283]}"
1764,2.3524084091186523,Nyandarua,2334.0,17.369565963745117,0.3366844356060028,1086.5555419921875,-0.058203122487964117,36.41413322690558,0.4640510678291321,803.188232421875,1.0,2024,2.3524084091186523,"{""type"":""Point"",""coordinates"":[36.41413322690558,-0.058203122487964117]}"
1773,3.088390827178955,Nyandarua,2334.0,22.052173614501953,0.32872751355171204,1040.6885986328125,-0.2767484326481474,36.42809084939536,0.5180929899215698,931.769287109375,4.0,2024,3.088390827178955,"{""type"":""Point"",""coordinates"":[36.42809084939536,-0.2767484326481474]}"
1778,1.5790925025939941,Nyandarua,2537.0,22.060869216918945,0.4275397062301636,654.1491088867188,-0.7079643875634487,36.56642681527605,0.6239482760429382,1237.4268798828125,4.0,2024,1.5790925025939941,"{""type"":""Point"",""coordinates"":[36.56642681527605,-0.7079643875634487]}"
1784,1.8724476099014282,Nyandarua,2674.0,22.77391242980957,0.42532816529273987,719.7100219726562,-0.820092179145085,36.56423101826067,0.6233606934547424,1475.797119140625,4.0,2024,1.8724476099014282,"{""type"":""Point"",""coordinates"":[36.56423101826067,-0.820092179145085]}"
1795,2.2879109382629395,Nyandarua,2522.0,18.7608699798584,0.34565696120262146,1058.6063232421875,-0.2965846649428821,36.29566918679786,0.5045088529586792,950.6990356445312,4.0,2024,2.2879109382629395,"{""type"":""Point"",""coordinates"":[36.29566918679786,-0.2965846649428821]}"
1798,2.726210594177246,Nyandarua,2013.0,17.57826042175293,0.2453201413154602,1268.8878173828125,0.03790418234055887,36.57255860793099,0.3131062388420105,626.6849975585938,4.0,2024,2.726210594177246,"{""type"":""Point"",""coordinates"":[36.57255860793099,0.03790418234055887]}"
1800,0.8522677421569824,Nyandarua,2566.0,23.017391204833984,0.4175574481487274,719.7100219726562,-0.7920416330852486,36.63833615070661,0.6051837801933289,1535.402099609375,4.0,2024,0.8522677421569824,"{""type"":""Point"",""coordinates"":[36.63833615070661,-0.7920416330852486]}"
1805,2.6023736000061035,Nyandarua,2287.0,21.04347801208496,0.30669352412223816,1154.89013671875,-0.36246117918883575,36.434289328826836,0.5184062123298645,907.397216796875,1.0,2024,2.6023736000061035,"{""type"":""Point"",""coordinates"":[36.434289328826836,-0.36246117918883575]}"
1820,2.166006565093994,Nyandarua,2411.0,23.373912811279297,0.3143600821495056,986.5427856445312,-0.16188705332225198,36.36793915849781,0.49641600251197815,931.747802734375,4.0,2024,2.166006565093994,"{""type"":""Point"",""coordinates"":[36.36793915849781,-0.16188705332225198]}"
1824,2.087228775024414,Nyandarua,2438.0,25.747825622558594,0.4186057448387146,918.7949829101562,-0.5025585873374451,36.528446780479264,0.6023630499839783,1071.072021484375,4.0,2024,2.087228775024414,"{""type"":""Point"",""coordinates"":[36.528446780479264,-0.5025585873374451]}"
1830,2.532146453857422,Nyandarua,2507.0,23.96086883544922,0.3633490800857544,931.31884765625,-0.7190861802089741,36.52799565755157,0.4675132632255554,1146.4976806640625,4.0,2024,2.532146453857422,"{""type"":""Point"",""coordinates"":[36.52799565755157,-0.7190861802089741]}"
1831,3.353928327560425,Nyandarua,2203.0,18.204347610473633,0.3369351327419281,1405.6363525390625,0.08573725440641662,36.451734773862896,0.4643911123275757,776.780517578125,1.0,2024,3.353928327560425,"{""type"":""Point"",""coordinates"":[36.451734773862896,0.08573725440641662]}"
1833,2.450164794921875,Nyandarua,2134.0,16.81304359436035,0.33759331703186035,1405.6363525390625,0.07976214356920616,36.508150275016895,0.4654383957386017,688.7552490234375,4.0,2024,2.450164794921875,"{""type"":""Point"",""coordinates"":[36.508150275016895,0.07976214356920616]}"
1836,0.9737932682037354,Nyandarua,2562.0,22.821739196777344,0.40637582540512085,719.7100219726562,-0.7631373091255401,36.62263522238583,0.6206270456314087,1535.402099609375,4.0,2024,0.9737932682037354,"{""type"":""Point"",""coordinates"":[36.62263522238583,-0.7631373091255401]}"
1846,1.6538865566253662,Nyandarua,2514.0,23.404348373413086,0.33505332469940186,636.4963989257812,-0.649409006183526,36.585272791930635,0.5277762413024902,1237.2969970703125,4.0,2024,1.6538865566253662,"{""type"":""Point"",""coordinates"":[36.585272791930635,-0.649409006183526]}"
1848,2.908644914627075,Nyandarua,2355.0,19.791303634643555,0.2737991213798523,1040.6885986328125,-0.284501047428195,36.397566003130045,0.3962238132953644,904.895263671875,1.0,2024,2.908644914627075,"{""type"":""Point"",""coordinates"":[36.397566003130045,-0.284501047428195]}"
1849,1.488619327545166,Nyandarua,2543.0,23.047826766967773,0.4131563901901245,654.1491088867188,-0.6948719437959828,36.59003717841367,0.620834231376648,1301.0384521484375,4.0,2024,1.488619327545166,"{""type"":""Point"",""coordinates"":[36.59003717841367,-0.6948719437959828]}"
1863,1.6286287307739258,Nyandarua,2654.0,19.42173957824707,0.41835129261016846,839.247314453125,-0.17510966131077832,36.33947338448936,0.5921565890312195,1030.8326416015625,4.0,2024,1.6286287307739258,"{""type"":""Point"",""coordinates"":[36.33947338448936,-0.17510966131077832]}"
1865,2.286072254180908,Nyandarua,2342.0,17.81304359436035,0.2723379135131836,986.5427856445312,-0.1523208501906433,36.41479003445786,0.38878512382507324,909.6834716796875,4.0,2024,2.286072254180908,"{""type"":""Point"",""coordinates"":[36.41479003445786,-0.1523208501906433]}"
1867,1.8420119285583496,Nyandarua,2473.0,22.021739959716797,0.46882903575897217,636.4963989257812,-0.6335324560849451,36.55339260172518,0.6256411671638489,1237.2969970703125,4.0,2024,1.8420119285583496,"{""type"":""Point"",""coordinates"":[36.55339260172518,-0.6335324560849451]}"
1872,2.8354761600494385,Nyandarua,2336.0,19.908695220947266,0.3224670886993408,1040.6885986328125,-0.34074340974876616,36.370252188418206,0.5240305662155151,883.1970825195312,4.0,2024,2.8354761600494385,"{""type"":""Point"",""coordinates"":[36.370252188418206,-0.34074340974876616]}"
1886,2.3330938816070557,Nyandarua,2513.0,22.352174758911133,0.3761902451515198,931.31884765625,-0.7313154397821255,36.535337499486054,0.510120153427124,1146.4976806640625,4.0,2024,2.3330938816070557,"{""type"":""Point"",""coordinates"":[36.535337499486054,-0.7313154397821255]}"
1891,1.8621479272842407,Nyandarua,2177.0,17.7608699798584,0.3311609923839569,1271.9952392578125,0.0017894544355303483,36.521154812597395,0.49619388580322266,723.430908203125,4.0,2024,1.8621479272842407,"{""type"":""Point"",""coordinates"":[36.521154812597395,0.0017894544355303483]}"
1895,1.6989755630493164,Nyandarua,2493.0,22.604347229003906,0.41501885652542114,636.4963989257812,-0.633541930596169,36.58046169235737,0.6048834323883057,1237.2969970703125,4.0,2024,1.6989755630493164,"{""type"":""Point"",""coordinates"":[36.58046169235737,-0.633541930596169]}"
1911,1.3114458322525024,Nyandarua,2561.0,22.15217399597168,0.42938491702079773,654.1491088867188,-0.7299003265158811,36.59362916186824,0.6345140337944031,1237.4268798828125,4.0,2024,1.3114458322525024,"{""type"":""Point"",""coordinates"":[36.59362916186824,-0.7299003265158811]}"
1918,2.402649402618408,Nyandarua,2416.0,21.3869571685791,0.3489626348018646,957.3016967773438,-0.5537867534348363,36.4874730510984,0.47711026668548584,1003.9808349609375,4.0,2024,2.402649402618408,"{""type"":""Point"",""coordinates"":[36.4874730510984,-0.5537867534348363]}"
1925,2.1092782020568848,Nyandarua,2469.0,22.439130783081055,0.41527506709098816,957.3016967773438,-0.6411200277992066,36.53617658687155,0.5842597484588623,1156.154296875,4.0,2024,2.1092782020568848,"{""type"":""Point"",""coordinates"":[36.53617658687155,-0.6411200277992066]}"
1931,2.0945725440979004,Nyandarua,2429.0,22.286956787109375,0.3753942847251892,986.5427856445312,-0.1605491842130794,36.36343897160225,0.6067373752593994,931.747802734375,4.0,2024,2.0945725440979004,"{""type"":""Point"",""coordinates"":[36.36343897160225,-0.1605491842130794]}"
1938,3.7873270511627197,Nyandarua,2416.0,25.11739158630371,0.39843541383743286,898.3021850585938,-0.9100993440675689,36.557926014244046,0.536249577999115,1496.311767578125,4.0,2024,3.7873270511627197,"{""type"":""Point"",""coordinates"":[36.557926014244046,-0.9100993440675689]}"
1944,2.0820627212524414,Nyandarua,2529.0,22.204347610473633,0.3583851158618927,931.31884765625,-0.7205807296948996,36.54162551399238,0.5203166604042053,1146.4976806640625,4.0,2024,2.0820627212524414,"{""type"":""Point"",""coordinates"":[36.54162551399238,-0.7205807296948996]}"
1957,1.7335901260375977,Nyandarua,2622.0,22.678260803222656,0.29328280687332153,839.247314453125,-0.1989093800947998,36.34397303404045,0.4952701926231384,1030.8326416015625,4.0,2024,1.7335901260375977,"{""type"":""Point"",""coordinates"":[36.34397303404045,-0.1989093800947998]}"
1971,1.6388500928878784,Nyandarua,2577.0,22.69130516052246,0.4406720697879791,636.4963989257812,-0.6349462994289939,36.60926353571803,0.6107766032218933,1529.389892578125,4.0,2024,1.6388500928878784,"{""type"":""Point"",""coordinates"":[36.60926353571803,-0.6349462994289939]}"
1992,3.3524317741394043,Nyandarua,2342.0,23.204347610473633,0.24489080905914307,1171.51220703125,-0.5582157495962555,36.44609689277828,0.41894713044166565,852.4989624023438,4.0,2024,3.3524317741394043,"{""type"":""Point"",""coordinates"":[36.44609689277828,-0.5582157495962555]}"
2003,3.071255922317505,Nyandarua,2212.0,17.03478240966797,0.3224062919616699,1405.6363525390625,0.08175107914408797,36.46012368053442,0.44843941926956177,776.780517578125,4.0,2024,3.071255922317505,"{""type"":""Point"",""coordinates"":[36.46012368053442,0.08175107914408797]}"
2010,2.7535531520843506,Nyandarua,2372.0,20.986955642700195,0.35802486538887024,703.086669921875,-0.3267835112759484,36.48732946701034,0.5432572960853577,976.94140625,4.0,2024,2.7535531520843506,"{""type"":""Point"",""coordinates"":[36.48732946701034,-0.3267835112759484]}"
2018,2.1300432682037354,Nyandarua,2445.0,22.92608642578125,0.380047082901001,957.3016967773438,-0.6131249654739209,36.530379201285676,0.5538403391838074,1156.154296875,4.0,2024,2.1300432682037354,"{""type"":""Point"",""coordinates"":[36.530379201285676,-0.6131249654739209]}"
2019,0.8420869708061218,Nyandarua,2566.0,23.1130428314209,0.47241848707199097,719.7100219726562,-0.7935274353002756,36.63530489375711,0.6371052265167236,1535.402099609375,4.0,2024,0.8420869708061218,"{""type"":""Point"",""coordinates"":[36.63530489375711,-0.7935274353002756]}"
2023,2.7401411533355713,Nyandarua,2014.0,17.53478240966797,0.3038747310638428,1268.8878173828125,0.04361073617880549,36.57332458418508,0.4756091237068176,626.6849975585938,4.0,2024,2.7401411533355713,"{""type"":""Point"",""coordinates"":[36.57332458418508,0.04361073617880549]}"
2028,2.7050063610076904,Nyandarua,2289.0,23.404348373413086,0.354848176240921,1040.6885986328125,-0.33926478842291147,36.41139552327925,0.5470094680786133,919.640625,1.0,2024,2.7050063610076904,"{""type"":""Point"",""coordinates"":[36.41139552327925,-0.33926478842291147]}"
2029,2.2739551067352295,Nyandarua,2391.0,17.978260040283203,0.27144384384155273,986.5427856445312,-0.17046107217754744,36.375100168551775,0.4236655533313751,931.747802734375,4.0,2024,2.2739551067352295,"{""type"":""Point"",""coordinates"":[36.375100168551775,-0.17046107217754744]}"
2033,1.1791410446166992,Nyandarua,2591.0,22.513044357299805,0.42770740389823914,719.7100219726562,-0.7613901242982385,36.59197970551628,0.5659204721450806,1443.79736328125,4.0,2024,1.1791410446166992,"{""type"":""Point"",""coordinates"":[36.59197970551628,-0.7613901242982385]}"
2042,1.7441235780715942,Nyandarua,2482.0,23.639129638671875,0.4274531304836273,636.4963989257812,-0.61539593798022,36.573906853411685,0.5825873017311096,1237.2969970703125,4.0,2024,1.7441235780715942,"{""type"":""Point"",""coordinates"":[36.573906853411685,-0.61539593798022]}"
2045,1.8494802713394165,Nyandarua,2237.0,19.443477630615234,0.331678181886673,1271.9952392578125,-0.019775375299730846,36.52150314226745,0.5056487321853638,687.9920654296875,4.0,2024,1.8494802713394165,"{""type"":""Point"",""coordinates"":[36.52150314226745,-0.019775375299730846]}"
2055,2.1109554767608643,Nyandarua,2435.0,22.373912811279297,0.3602834939956665,986.5427856445312,-0.16617200932045098,36.36427216101721,0.5636035799980164,931.747802734375,4.0,2024,2.1109554767608643,"{""type"":""Point"",""coordinates"":[36.36427216101721,-0.16617200932045098]}"
2062,2.133531332015991,Nyandarua,2639.0,22.34347915649414,0.4300000071525574,719.7100219726562,-0.8111758315782074,36.55397970451503,0.5731397271156311,1475.797119140625,4.0,2024,2.133531332015991,"{""type"":""Point"",""coordinates"":[36.55397970451503,-0.8111758315782074]}"
2064,3.329867124557495,Nyandarua,2360.0,23.46956443786621,0.333984911441803,1171.51220703125,-0.5498020649218247,36.44480413969512,0.49875837564468384,852.4989624023438,1.0,2024,3.329867124557495,"{""type"":""Point"",""coordinates"":[36.44480413969512,-0.5498020649218247]}"
2073,2.740643262863159,Nyandarua,2319.0,20.46521759033203,0.2932656407356262,1040.6885986328125,-0.3271547325902311,36.3769318374978,0.4782046675682068,883.1970825195312,4.0,2024,2.740643262863159,"{""type"":""Point"",""coordinates"":[36.3769318374978,-0.3271547325902311]}"
2074,2.0347163677215576,Nyandarua,2551.0,20.839130401611328,0.3392027020454407,1058.6063232421875,-0.2750910506374688,36.34152750680383,0.524063766002655,843.2105102539062,1.0,2024,2.0347163677215576,"{""type"":""Point"",""coordinates"":[36.34152750680383,-0.2750910506374688]}"
2076,2.305049180984497,Nyandarua,2425.0,21.53913116455078,0.33122846484184265,957.3016967773438,-0.5583522676554628,36.49519479419174,0.4726547300815582,1003.9808349609375,4.0,2024,2.305049180984497,"{""type"":""Point"",""coordinates"":[36.49519479419174,-0.5583522676554628]}"
2090,3.071345329284668,Nyandarua,2346.0,20.18695640563965,0.31860584020614624,703.086669921875,-0.28371604323509775,36.45679173097169,0.5160258412361145,959.3812255859375,4.0,2024,3.071345329284668,"{""type"":""Point"",""coordinates"":[36.45679173097169,-0.28371604323509775]}"
2094,2.4745423793792725,Nyandarua,2573.0,24.904348373413086,0.4150223731994629,751.9829711914062,-0.3710628842281211,36.54307669315423,0.5940455794334412,1072.8966064453125,4.0,2024,2.4745423793792725,"{""type"":""Point"",""coordinates"":[36.54307669315423,-0.3710628842281211]}"
2098,1.4423308372497559,Nyandarua,2564.0,22.860870361328125,0.352776437997818,654.1491088867188,-0.6960413809079734,36.615405557925634,0.5413720607757568,1494.9495849609375,4.0,2024,1.4423308372497559,"{""type"":""Point"",""coordinates"":[36.615405557925634,-0.6960413809079734]}"
2099,1.6389830112457275,Nyandarua,2580.0,22.69130516052246,0.4142647683620453,636.4963989257812,-0.636681990102965,36.60827588955141,0.5183197855949402,1529.389892578125,4.0,2024,1.6389830112457275,"{""type"":""Point"",""coordinates"":[36.60827588955141,-0.636681990102965]}"
2102,2.8776440620422363,Nyandarua,2347.0,17.978260040283203,0.338159441947937,1209.62353515625,-0.03785318297199722,36.38236407266985,0.5069463849067688,821.6705322265625,4.0,2024,2.8776440620422363,"{""type"":""Point"",""coordinates"":[36.38236407266985,-0.03785318297199722]}"
2104,1.2039755582809448,Nyandarua,2639.0,24.600000381469727,0.38192522525787354,654.1491088867188,-0.6898411499652958,36.650236228764605,0.5827500820159912,1494.9495849609375,4.0,2024,1.2039755582809448,"{""type"":""Point"",""coordinates"":[36.650236228764605,-0.6898411499652958]}"
2124,2.4052798748016357,Nyandarua,2353.0,18.87826156616211,0.3903715908527374,1086.5555419921875,-0.08430012127293651,36.390123287395255,0.5358244180679321,847.884521484375,4.0,2024,2.4052798748016357,"{""type"":""Point"",""coordinates"":[36.390123287395255,-0.08430012127293651]}"
2170,2.774888038635254,Nyandarua,2151.0,18.68695640563965,0.2729783058166504,1268.8878173828125,-0.011417159893295122,36.56533604650473,0.42352211475372314,612.8214111328125,4.0,2024,2.774888038635254,"{""type"":""Point"",""coordinates"":[36.56533604650473,-0.011417159893295122]}"
2178,3.027026891708374,Nyandarua,2276.0,20.947826385498047,0.3553231656551361,1154.89013671875,-0.37483969532781597,36.38619649462445,0.5651133060455322,854.5677490234375,1.0,2024,3.027026891708374,"{""type"":""Point"",""coordinates"":[36.38619649462445,-0.37483969532781597]}"
2187,2.133748769760132,Nyandarua,2688.0,21.908695220947266,0.3792405426502228,898.3021850585938,-0.8660993938029237,36.579211120802434,0.5645251870155334,1510.875244140625,4.0,2024,2.133748769760132,"{""type"":""Point"",""coordinates"":[36.579211120802434,-0.8660993938029237]}"
2190,2.988886833190918,Nyandarua,2339.0,22.765216827392578,0.289870023727417,881.013916015625,-0.2473632321297672,36.464451852495856,0.46971118450164795,948.2301635742188,1.0,2024,2.988886833190918,"{""type"":""Point"",""coordinates"":[36.464451852495856,-0.2473632321297672]}"
2191,0.8990193009376526,Nyandarua,2626.0,22.952173233032227,0.3240481913089752,719.7100219726562,-0.8068254035489746,36.61090979721453,0.4273475408554077,1799.856201171875,4.0,2024,0.8990193009376526,"{""type"":""Point"",""coordinates"":[36.61090979721453,-0.8068254035489746]}"
2198,3.9646480083465576,Nyandarua,2121.0,18.630434036254883,0.3824165463447571,1268.8878173828125,-0.013785317809010775,36.6091085952691,0.5348573327064514,543.7996826171875,4.0,2024,3.9646480083465576,"{""type"":""Point"",""coordinates"":[36.6091085952691,-0.013785317809010775]}"
2205,1.88848876953125,Nyandarua,2497.0,22.439130783081055,0.4154646396636963,931.31884765625,-0.6701769516341577,36.547722632474596,0.6079925298690796,1155.636474609375,4.0,2024,1.88848876953125,"{""type"":""Point"",""coordinates"":[36.547722632474596,-0.6701769516341577]}"
2208,2.7367186546325684,Nyandarua,2399.0,19.37826156616211,0.42395302653312683,703.086669921875,-0.2935978323215773,36.517332823218695,0.5942115783691406,1077.343994140625,4.0,2024,2.7367186546325684,"{""type"":""Point"",""coordinates"":[36.517332823218695,-0.2935978323215773]}"
2236,2.2187886238098145,Nyandarua,2209.0,17.7391300201416,0.34132710099220276,1271.9952392578125,0.04891306569239778,36.474236392901986,0.5128148794174194,791.9441528320312,4.0,2024,2.2187886238098145,"{""type"":""Point"",""coordinates"":[36.474236392901986,0.04891306569239778]}"
2237,3.1061172485351562,Nyandarua,2439.0,21.673913955688477,0.3567511737346649,957.3016967773438,-0.6076481888022244,36.48286809920801,0.5233891606330872,1018.88525390625,4.0,2024,3.1061172485351562,"{""type"":""Point"",""coordinates"":[36.48286809920801,-0.6076481888022244]}"
2240,2.78796648979187,Nyandarua,2424.0,21.595651626586914,0.3814435601234436,957.3016967773438,-0.5563871153539353,36.46837610477006,0.541166365146637,1003.9808349609375,4.0,2024,2.78796648979187,"{""type"":""Point"",""coordinates"":[36.46837610477006,-0.5563871153539353]}"
2246,1.4270176887512207,Nyandarua,2676.0,22.330434799194336,0.4372026026248932,719.7100219726562,-0.8255456792009036,36.583757856738686,0.6280584931373596,1475.797119140625,4.0,2024,1.4270176887512207,"{""type"":""Point"",""coordinates"":[36.583757856738686,-0.8255456792009036]}"
2248,2.746786117553711,Nyandarua,2393.0,20.130434036254883,0.3344707489013672,986.5427856445312,-0.22775971925325073,36.396401349540035,0.4866943955421448,953.46484375,4.0,2024,2.746786117553711,"{""type"":""Point"",""coordinates"":[36.396401349540035,-0.22775971925325073]}"
2257,2.128084421157837,Nyandarua,2207.0,21.96956443786621,0.38246119022369385,1026.3397216796875,-0.11005918942932386,36.58923805740203,0.5964685678482056,806.2779541015625,4.0,2024,2.128084421157837,"{""type"":""Point"",""coordinates"":[36.58923805740203,-0.11005918942932386]}"
2270,2.1109652519226074,Nyandarua,2466.0,22.143478393554688,0.5196025967597961,957.3016967773438,-0.6320180551618335,36.53525847104778,0.6501017212867737,1156.154296875,4.0,2024,2.1109652519226074,"{""type"":""Point"",""coordinates"":[36.53525847104778,-0.6320180551618335]}"
2274,0.9960044622421265,Nyandarua,2549.0,23.18260955810547,0.4171503484249115,719.7100219726562,-0.7578154546838872,36.62747917590911,0.614201545715332,1535.402099609375,4.0,2024,0.9960044622421265,"{""type"":""Point"",""coordinates"":[36.62747917590911,-0.7578154546838872]}"
2286,2.122809648513794,Nyandarua,2532.0,20.100000381469727,0.22536666691303253,1058.6063232421875,-0.2835531897968327,36.28883600240824,0.42044371366500854,950.6990356445312,4.0,2024,2.122809648513794,"{""type"":""Point"",""coordinates"":[36.28883600240824,-0.2835531897968327]}"
2295,2.8175907135009766,Nyandarua,2343.0,19.3869571685791,0.31702733039855957,986.5427856445312,-0.2168700212549081,36.44021530296758,0.450080931186676,906.7599487304688,4.0,2024,2.8175907135009766,"{""type"":""Point"",""coordinates"":[36.44021530296758,-0.2168700212549081]}"
2296,2.968264579772949,Nyandarua,2308.0,23.486955642700195,0.35468411445617676,1040.6885986328125,-0.3030427279333306,36.42288229483649,0.5809555053710938,919.640625,1.0,2024,2.968264579772949,"{""type"":""Point"",""coordinates"":[36.42288229483649,-0.3030427279333306]}"
2307,1.8436204195022583,Nyandarua,2183.0,17.708696365356445,0.3090413212776184,1271.9952392578125,0.0045761715503510585,36.519478592184086,0.4328727126121521,723.430908203125,4.0,2024,1.8436204195022583,"{""type"":""Point"",""coordinates"":[36.519478592184086,0.0045761715503510585]}"
2314,2.8964390754699707,Nyandarua,2024.0,16.2608699798584,0.24293340742588043,1268.8878173828125,0.04488000375448195,36.581457192481494,0.3790782690048218,626.6849975585938,4.0,2024,2.8964390754699707,"{""type"":""Point"",""coordinates"":[36.581457192481494,0.04488000375448195]}"
2323,3.014535665512085,Nyandarua,2340.0,24.81739044189453,0.379642516374588,881.013916015625,-0.2472872552026362,36.45800449523273,0.5400545001029968,948.2301635742188,4.0,2024,3.014535665512085,"{""type"":""Point"",""coordinates"":[36.45800449523273,-0.2472872552026362]}"
2339,2.89605975151062,Nyandarua,2421.0,21.84782600402832,0.3708021640777588,957.3016967773438,-0.5577159676431537,36.46388177734791,0.528285801410675,1003.9808349609375,4.0,2024,2.89605975151062,"{""type"":""Point"",""coordinates"":[36.46388177734791,-0.5577159676431537]}"
2342,3.1404569149017334,Nyandarua,2296.0,21.88260841369629,0.3014299273490906,1292.1944580078125,0.05323828218650354,36.43797673486434,0.43430274724960327,853.9402465820312,1.0,2024,3.1404569149017334,"{""type"":""Point"",""coordinates"":[36.43797673486434,0.05323828218650354]}"
2345,2.625148296356201,Nyandarua,2282.0,20.84782600402832,0.2969340682029724,1154.89013671875,-0.36021666264712887,36.42420707703214,0.4832351505756378,907.397216796875,4.0,2024,2.625148296356201,"{""type"":""Point"",""coordinates"":[36.42420707703214,-0.36021666264712887]}"
2348,2.423919677734375,Nyandarua,2402.0,21.256521224975586,0.41131332516670227,986.5427856445312,-0.18543654518823366,36.385174266560824,0.6158704161643982,931.747802734375,4.0,2024,2.423919677734375,"{""type"":""Point"",""coordinates"":[36.385174266560824,-0.18543654518823366]}"
2352,2.6355462074279785,Nyandarua,2419.0,21.495651245117188,0.41914722323417664,957.3016967773438,-0.6005676539992533,36.50030917286288,0.5681096315383911,1018.88525390625,4.0,2024,2.6355462074279785,"{""type"":""Point"",""coordinates"":[36.50030917286288,-0.6005676539992533]}"
2360,1.8091309070587158,Nyandarua,2191.0,18.11739158630371,0.2495533525943756,1271.9952392578125,0.018497264239897053,36.513193854294286,0.3924887478351593,723.430908203125,4.0,2024,1.8091309070587158,"{""type"":""Point"",""coordinates"":[36.513193854294286,0.018497264239897053]}"
2366,2.5529232025146484,Nyandarua,2455.0,20.34782600402832,0.26881781220436096,1058.6063232421875,-0.31172833280810147,36.34680775942493,0.4510853588581085,935.0844116210938,4.0,2024,2.5529232025146484,"{""type"":""Point"",""coordinates"":[36.34680775942493,-0.31172833280810147]}"
2367,3.2588698863983154,Nyandarua,2496.0,21.047826766967773,0.3367087244987488,1058.6063232421875,-0.33872747844563883,36.32452038097395,0.5168871879577637,935.0844116210938,4.0,2024,3.2588698863983154,"{""type"":""Point"",""coordinates"":[36.32452038097395,-0.33872747844563883]}"
2375,2.1818578243255615,Nyandarua,2469.0,20.669565200805664,0.30606427788734436,1040.6885986328125,-0.2716347327968941,36.35156167136304,0.4800061881542206,904.895263671875,4.0,2024,2.1818578243255615,"{""type"":""Point"",""coordinates"":[36.35156167136304,-0.2716347327968941]}"
2376,2.125939130783081,Nyandarua,2449.0,22.15652084350586,0.4109819233417511,957.3016967773438,-0.6157666902727541,36.53126877164338,0.5599126219749451,1156.154296875,4.0,2024,2.125939130783081,"{""type"":""Point"",""coordinates"":[36.53126877164338,-0.6157666902727541]}"
2379,1.6261929273605347,Nyandarua,2516.0,22.200000762939453,0.40676116943359375,654.1491088867188,-0.6602436520657269,36.583435752837794,0.5732840895652771,1301.0384521484375,4.0,2024,1.6261929273605347,"{""type"":""Point"",""coordinates"":[36.583435752837794,-0.6602436520657269]}"
2388,1.1417492628097534,Nyandarua,2483.0,24.513044357299805,0.4060164988040924,1126.5531005859375,-0.12538584327243454,36.5313288288971,0.5895876288414001,839.7156372070312,4.0,2024,1.1417492628097534,"{""type"":""Point"",""coordinates"":[36.5313288288971,-0.12538584327243454]}"
2401,0.9032017588615417,Nyandarua,2633.0,23.647825241088867,0.3709375858306885,719.7100219726562,-0.8004700070061098,36.609977715855855,0.5914564728736877,1799.856201171875,4.0,2024,0.9032017588615417,"{""type"":""Point"",""coordinates"":[36.609977715855855,-0.8004700070061098]}"
2407,3.959108352661133,Nyandarua,2353.0,17.582609176635742,0.3572886884212494,1094.8021240234375,0.026420906584258,36.34781110971726,0.45117074251174927,912.5535888671875,4.0,2024,3.959108352661133,"{""type"":""Point"",""coordinates"":[36.34781110971726,0.026420906584258]}"
2409,1.6102149486541748,Nyandarua,2501.0,19.369565963745117,0.3205242455005646,1126.5531005859375,-0.08824087317328619,36.452817352710525,0.4688342809677124,811.5564575195312,4.0,2024,1.6102149486541748,"{""type"":""Point"",""coordinates"":[36.452817352710525,-0.08824087317328619]}"
2422,2.018658399581909,Nyandarua,2161.0,17.013044357299805,0.317605584859848,1405.6363525390625,0.05101648242442079,36.5016216022835,0.4778229296207428,688.7552490234375,4.0,2024,2.018658399581909,"{""type"":""Point"",""coordinates"":[36.5016216022835,0.05101648242442079]}"
2429,2.8226780891418457,Nyandarua,2305.0,21.2608699798584,0.3343833386898041,1040.6885986328125,-0.3156598794586406,36.403344639432675,0.5812302827835083,919.640625,1.0,2024,2.8226780891418457,"{""type"":""Point"",""coordinates"":[36.403344639432675,-0.3156598794586406]}"
2430,0.9639780521392822,Nyandarua,2569.0,23.908695220947266,0.4240912199020386,719.7100219726562,-0.7670831830108179,36.61964359353818,0.5799465775489807,1535.402099609375,4.0,2024,0.9639780521392822,"{""type"":""Point"",""coordinates"":[36.61964359353818,-0.7670831830108179]}"
2432,2.889655590057373,Nyandarua,2374.0,19.865217208862305,0.29885217547416687,1040.6885986328125,-0.26468817016447077,36.39675928788735,0.4602920413017273,904.895263671875,4.0,2024,2.889655590057373,"{""type"":""Point"",""coordinates"":[36.39675928788735,-0.26468817016447077]}"
2436,2.094144344329834,Nyandarua,2288.0,24.978260040283203,0.3132902979850769,1271.9952392578125,0.0014619550648352748,36.45434167419906,0.436675101518631,791.9441528320312,4.0,2024,2.094144344329834,"{""type"":""Point"",""coordinates"":[36.45434167419906,0.0014619550648352748]}"
2448,1.7759299278259277,Nyandarua,2247.0,16.356521606445312,0.3188643455505371,1271.9952392578125,0.01732383869215989,36.488233129495946,0.45320406556129456,791.9441528320312,4.0,2024,1.7759299278259277,"{""type"":""Point"",""coordinates"":[36.488233129495946,0.01732383869215989]}"
2452,2.306579828262329,Nyandarua,2351.0,17.42608642578125,0.20761962234973907,1086.5555419921875,-0.12563240519500188,36.389670218382626,0.32206618785858154,873.3862915039062,4.0,2024,2.306579828262329,"{""type"":""Point"",""coordinates"":[36.389670218382626,-0.12563240519500188]}"
2455,2.5251948833465576,Nyandarua,2354.0,23.326086044311523,0.35071998834609985,751.9829711914062,-0.3728002126553657,36.48145179619822,0.5405135750770569,995.1351318359375,1.0,2024,2.5251948833465576,"{""type"":""Point"",""coordinates"":[36.48145179619822,-0.3728002126553657]}"
2457,2.242032051086426,Nyandarua,2438.0,21.913043975830078,0.4062119424343109,957.3016967773438,-0.6232136435637756,36.52644768111249,0.5697211623191833,1156.154296875,4.0,2024,2.242032051086426,"{""type"":""Point"",""coordinates"":[36.52644768111249,-0.6232136435637756]}"
2460,2.460952043533325,Nyandarua,2185.0,18.869565963745117,0.43992891907691956,1268.8878173828125,-0.03656342125719593,36.554380482143664,0.6375791430473328,612.8214111328125,4.0,2024,2.460952043533325,"{""type"":""Point"",""coordinates"":[36.554380482143664,-0.03656342125719593]}"
2465,3.073657751083374,Nyandarua,2451.0,21.72608757019043,0.46244582533836365,957.3016967773438,-0.5998213303633542,36.47939930161905,0.6406843066215515,1003.9808349609375,4.0,2024,3.073657751083374,"{""type"":""Point"",""coordinates"":[36.47939930161905,-0.5998213303633542]}"
2482,2.1059534549713135,Nyandarua,2201.0,17.72608757019043,0.3054943084716797,1271.9952392578125,-0.023783700024995642,36.537947650984634,0.4294763505458832,687.9920654296875,4.0,2024,2.1059534549713135,"{""type"":""Point"",""coordinates"":[36.537947650984634,-0.023783700024995642]}"
2485,2.252556800842285,Nyandarua,2341.0,17.84347915649414,0.2949753403663635,1086.5555419921875,-0.14294482207305786,36.4121633074857,0.4513741135597229,804.5447387695312,4.0,2024,2.252556800842285,"{""type"":""Point"",""coordinates"":[36.4121633074857,-0.14294482207305786]}"
2486,2.756620407104492,Nyandarua,2288.0,23.57391357421875,0.353118896484375,1040.6885986328125,-0.3313706013271108,36.4202653470823,0.5321210026741028,919.640625,1.0,2024,2.756620407104492,"{""type"":""Point"",""coordinates"":[36.4202653470823,-0.3313706013271108]}"
2490,2.049461603164673,Nyandarua,2697.0,23.013044357299805,0.4708445370197296,898.3021850585938,-0.8561660225063512,36.57479629214556,0.657092273235321,1510.875244140625,7.0,2024,2.049461603164673,"{""type"":""Point"",""coordinates"":[36.57479629214556,-0.8561660225063512]}"
2497,1.9030994176864624,Nyandarua,2495.0,22.452173233032227,0.47341978549957275,931.31884765625,-0.6724168545548155,36.54702898863212,0.6508218050003052,1155.636474609375,4.0,2024,1.9030994176864624,"{""type"":""Point"",""coordinates"":[36.54702898863212,-0.6724168545548155]}"
2498,3.0624125003814697,Nyandarua,2218.0,17.952173233032227,0.2922804057598114,1405.6363525390625,0.07080362426149611,36.451521605606025,0.4386124908924103,776.780517578125,1.0,2024,3.0624125003814697,"{""type"":""Point"",""coordinates"":[36.451521605606025,0.07080362426149611]}"
2501,2.2634787559509277,Nyandarua,2333.0,18.478260040283203,0.26303914189338684,1086.5555419921875,-0.11188569048635036,36.40135478785888,0.4479466378688812,804.5447387695312,4.0,2024,2.2634787559509277,"{""type"":""Point"",""coordinates"":[36.40135478785888,-0.11188569048635036]}"
2502,3.0392889976501465,Nyandarua,2441.0,21.591304779052734,0.42394885420799255,957.3016967773438,-0.5699796306629296,36.462698815086505,0.5898581743240356,1003.9808349609375,4.0,2024,3.0392889976501465,"{""type"":""Point"",""coordinates"":[36.462698815086505,-0.5699796306629296]}"
2506,2.7412161827087402,Nyandarua,2404.0,20.830434799194336,0.29303619265556335,986.5427856445312,-0.23213548088382607,36.39352598069257,0.44199588894844055,953.46484375,4.0,2024,2.7412161827087402,"{""type"":""Point"",""coordinates"":[36.39352598069257,-0.23213548088382607]}"
2508,2.366873264312744,Nyandarua,2354.0,20.65217399597168,0.27503231167793274,1086.5555419921875,-0.09360779996055185,36.387503695935585,0.47045567631721497,847.884521484375,4.0,2024,2.366873264312744,"{""type"":""Point"",""coordinates"":[36.387503695935585,-0.09360779996055185]}"
2520,2.8155767917633057,Nyandarua,2428.0,21.556522369384766,0.3491930663585663,957.3016967773438,-0.5634691380575679,36.46989548031989,0.5169093608856201,1003.9808349609375,4.0,2024,2.8155767917633057,"{""type"":""Point"",""coordinates"":[36.46989548031989,-0.5634691380575679]}"
2546,1.252148151397705,Nyandarua,2558.0,25.256521224975586,0.4209141135215759,654.1491088867188,-0.70911261137521,36.63867540250104,0.6152621507644653,1353.095703125,4.0,2024,1.252148151397705,"{""type"":""Point"",""coordinates"":[36.63867540250104,-0.70911261137521]}"
2565,1.8683717250823975,Nyandarua,2593.0,20.30869483947754,0.34153249859809875,839.247314453125,-0.20277240233504457,36.34945428532997,0.5168547630310059,1005.59912109375,4.0,2024,1.8683717250823975,"{""type"":""Point"",""coordinates"":[36.34945428532997,-0.20277240233504457]}"
2576,1.8443228006362915,Nyandarua,2482.0,22.356521606445312,0.44636380672454834,654.1491088867188,-0.6508633081343785,36.55216308993938,0.6086117029190063,1301.0384521484375,4.0,2024,1.8443228006362915,"{""type"":""Point"",""coordinates"":[36.55216308993938,-0.6508633081343785]}"
2585,4.30602502822876,Nyandarua,2380.0,23.1130428314209,0.36884477734565735,1293.6524658203125,-0.36909361039549365,36.316102404156766,0.5566325187683105,846.8605346679688,1.0,2024,4.30602502822876,"{""type"":""Point"",""coordinates"":[36.316102404156766,-0.36909361039549365]}"
2594,2.746004581451416,Nyandarua,2368.0,23.265216827392578,0.3532423973083496,881.013916015625,-0.23865604882934158,36.499275564082645,0.5395945906639099,948.2301635742188,4.0,2024,2.746004581451416,"{""type"":""Point"",""coordinates"":[36.499275564082645,-0.23865604882934158]}"
2596,2.5215885639190674,Nyandarua,2348.0,18.92608642578125,0.3959093987941742,1086.5555419921875,-0.0685354572306462,36.38615451732213,0.531379222869873,847.884521484375,1.0,2024,2.5215885639190674,"{""type"":""Point"",""coordinates"":[36.38615451732213,-0.0685354572306462]}"
2597,2.4274489879608154,Nyandarua,2472.0,21.60869598388672,0.44288334250450134,1058.6063232421875,-0.29430615127618115,36.28542964721837,0.6195840835571289,950.6990356445312,4.0,2024,2.4274489879608154,"{""type"":""Point"",""coordinates"":[36.28542964721837,-0.29430615127618115]}"
2598,2.453512191772461,Nyandarua,2339.0,21.600000381469727,0.3274279236793518,986.5427856445312,-0.17586462584784524,36.41701784211984,0.5302283763885498,909.6834716796875,4.0,2024,2.453512191772461,"{""type"":""Point"",""coordinates"":[36.41701784211984,-0.17586462584784524]}"
2609,1.870142936706543,Nyandarua,2478.0,22.38260841369629,0.350739985704422,636.4963989257812,-0.6485598378164559,36.55002149943062,0.5059681534767151,1237.2969970703125,4.0,2024,1.870142936706543,"{""type"":""Point"",""coordinates"":[36.55002149943062,-0.6485598378164559]}"
2619,2.871110439300537,Nyandarua,2405.0,21.508695602416992,0.3908703029155731,918.7949829101562,-0.545116408826108,36.46092414302787,0.5348958373069763,993.0908813476562,4.0,2024,2.871110439300537,"{""type"":""Point"",""coordinates"":[36.46092414302787,-0.545116408826108]}"
2625,2.8274428844451904,Nyandarua,2425.0,21.61739158630371,0.38695502281188965,957.3016967773438,-0.6069008608016926,36.494210881194626,0.49409669637680054,1018.88525390625,4.0,2024,2.8274428844451904,"{""type"":""Point"",""coordinates"":[36.494210881194626,-0.6069008608016926]}"
2626,2.739295721054077,Nyandarua,2391.0,23.369565963745117,0.34246209263801575,703.086669921875,-0.30419234799977074,36.51284822262768,0.49771636724472046,1091.4190673828125,4.0,2024,2.739295721054077,"{""type"":""Point"",""coordinates"":[36.51284822262768,-0.30419234799977074]}"
2631,1.5282068252563477,Nyandarua,2739.0,20.982608795166016,0.28865039348602295,839.247314453125,-0.22794752596270396,36.32888125753232,0.48973456025123596,1005.59912109375,4.0,2024,1.5282068252563477,"{""type"":""Point"",""coordinates"":[36.32888125753232,-0.22794752596270396]}"
2633,1.77613365650177,Nyandarua,2457.0,22.526086807250977,0.4339696168899536,636.4963989257812,-0.6069612553612225,36.565177275965524,0.6063929200172424,1237.2969970703125,4.0,2024,1.77613365650177,"{""type"":""Point"",""coordinates"":[36.565177275965524,-0.6069612553612225]}"
2645,2.3836557865142822,Nyandarua,2406.0,22.473913192749023,0.2859240770339966,986.5427856445312,-0.18472000707938022,36.381026202127266,0.47145867347717285,931.747802734375,4.0,2024,2.3836557865142822,"{""type"":""Point"",""coordinates"":[36.381026202127266,-0.18472000707938022]}"
2651,2.3281078338623047,Nyandarua,2343.0,18.365217208862305,0.289564847946167,1086.5555419921875,-0.14775375659667805,36.40152791689888,0.44699808955192566,804.5447387695312,4.0,2024,2.3281078338623047,"{""type"":""Point"",""coordinates"":[36.40152791689888,-0.14775375659667805]}"
2669,1.7037333250045776,Nyandarua,2508.0,22.0,0.39783984422683716,636.4963989257812,-0.6289959785736537,36.58268336224287,0.56584632396698,1237.2969970703125,4.0,2024,1.7037333250045776,"{""type"":""Point"",""coordinates"":[36.58268336224287,-0.6289959785736537]}"
2676,1.9926342964172363,Nyandarua,2473.0,22.365217208862305,0.46358823776245117,957.3016967773438,-0.6407698058523535,36.541989152332505,0.6304683685302734,1156.154296875,4.0,2024,1.9926342964172363,"{""type"":""Point"",""coordinates"":[36.541989152332505,-0.6407698058523535]}"
2678,1.3904296159744263,Nyandarua,2649.0,21.18695640563965,0.33266904950141907,903.48095703125,-0.09138564561071395,36.29068021400941,0.5265322327613831,994.0800170898438,4.0,2024,1.3904296159744263,"{""type"":""Point"",""coordinates"":[36.29068021400941,-0.09138564561071395]}"
2688,2.650627851486206,Nyandarua,2273.0,20.978260040283203,0.31405341625213623,1154.89013671875,-0.3582745944021067,36.41579405353234,0.5026642084121704,907.397216796875,1.0,2024,2.650627851486206,"{""type"":""Point"",""coordinates"":[36.41579405353234,-0.3582745944021067]}"
2694,2.6292169094085693,Nyandarua,2719.0,21.795652389526367,0.49059170484542847,898.3021850585938,-0.8672768110308353,36.56004461404469,0.6566146016120911,1510.875244140625,4.0,2024,2.6292169094085693,"{""type"":""Point"",""coordinates"":[36.56004461404469,-0.8672768110308353]}"
2697,2.2614822387695312,Nyandarua,2724.0,21.826086044311523,0.34131577610969543,881.013916015625,-0.1968568644393795,36.4970773650079,0.4948490858078003,889.2483520507812,4.0,2024,2.2614822387695312,"{""type"":""Point"",""coordinates"":[36.4970773650079,-0.1968568644393795]}"
2702,2.9332735538482666,Nyandarua,2302.0,22.995651245117188,0.3743126690387726,1040.6885986328125,-0.30662643059496497,36.419020760395675,0.5570446848869324,919.640625,1.0,2024,2.9332735538482666,"{""type"":""Point"",""coordinates"":[36.419020760395675,-0.30662643059496497]}"
2706,2.983306646347046,Nyandarua,2341.0,23.15652084350586,0.2870226204395294,703.086669921875,-0.25128750906969344,36.47068215349279,0.48566409945487976,959.3812255859375,4.0,2024,2.983306646347046,"{""type"":""Point"",""coordinates"":[36.47068215349279,-0.25128750906969344]}"
2719,2.001392364501953,Nyandarua,2515.0,22.017391204833984,0.4625213146209717,931.31884765625,-0.6957918047782792,36.5421986585612,0.6624372601509094,1155.636474609375,4.0,2024,2.001392364501953,"{""type"":""Point"",""coordinates"":[36.5421986585612,-0.6957918047782792]}"
2732,1.7913684844970703,Nyandarua,2468.0,22.765216827392578,0.387592077255249,636.4963989257812,-0.6092092348950292,36.56149133846754,0.5646668076515198,1237.2969970703125,4.0,2024,1.7913684844970703,"{""type"":""Point"",""coordinates"":[36.56149133846754,-0.6092092348950292]}"
2738,2.7569546699523926,Nyandarua,2316.0,20.243478775024414,0.285880982875824,1040.6885986328125,-0.33418021309568713,36.3795793158634,0.4616706371307373,883.1970825195312,1.0,2024,2.7569546699523926,"{""type"":""Point"",""coordinates"":[36.3795793158634,-0.33418021309568713]}"
2740,2.497798204421997,Nyandarua,2396.0,23.791303634643555,0.38340213894844055,751.9829711914062,-0.38038440864622564,36.49089275043102,0.5205720067024231,995.1351318359375,4.0,2024,2.497798204421997,"{""type"":""Point"",""coordinates"":[36.49089275043102,-0.38038440864622564]}"
2746,1.7120963335037231,Nyandarua,2499.0,22.799999237060547,0.44107604026794434,636.4963989257812,-0.6182846452749139,36.58680136189385,0.5954339504241943,1237.2969970703125,4.0,2024,1.7120963335037231,"{""type"":""Point"",""coordinates"":[36.58680136189385,-0.6182846452749139]}"
2753,3.3889174461364746,Nyandarua,2228.0,18.46521759033203,0.32900434732437134,1292.1944580078125,0.07061285929234602,36.439830400301176,0.5221040844917297,853.9402465820312,4.0,2024,3.3889174461364746,"{""type"":""Point"",""coordinates"":[36.439830400301176,0.07061285929234602]}"
2764,1.4974687099456787,Nyandarua,2368.0,20.447826385498047,0.3810417950153351,1126.5531005859375,-0.05511311322756124,36.496810941682625,0.5316680073738098,811.5564575195312,4.0,2024,1.4974687099456787,"{""type"":""Point"",""coordinates"":[36.496810941682625,-0.05511311322756124]}"
2765,1.5608404874801636,Nyandarua,2690.0,22.2391300201416,0.4257320463657379,719.7100219726562,-0.8404404864200105,36.58441997132271,0.5837399959564209,1475.797119140625,4.0,2024,1.5608404874801636,"{""type"":""Point"",""coordinates"":[36.58441997132271,-0.8404404864200105]}"
2774,3.2735328674316406,Nyandarua,2533.0,19.591304779052734,0.35494622588157654,1094.8021240234375,0.005042685193119876,36.28062410207663,0.4874015152454376,981.091796875,4.0,2024,3.2735328674316406,"{""type"":""Point"",""coordinates"":[36.28062410207663,0.005042685193119876]}"
2776,2.107177257537842,Nyandarua,2600.0,20.395652770996094,0.3311203718185425,1058.6063232421875,-0.2903912755540686,36.33281754333561,0.5051597952842712,843.2105102539062,4.0,2024,2.107177257537842,"{""type"":""Point"",""coordinates"":[36.33281754333561,-0.2903912755540686]}"
2781,2.42549204826355,Nyandarua,2406.0,18.286956787109375,0.27569401264190674,986.5427856445312,-0.1931611220526995,36.382605044487796,0.3903621733188629,931.747802734375,4.0,2024,2.42549204826355,"{""type"":""Point"",""coordinates"":[36.382605044487796,-0.1931611220526995]}"
2790,3.332216739654541,Nyandarua,2454.0,21.786956787109375,0.37527644634246826,957.3016967773438,-0.6121065318086903,36.475894192018465,0.5473350882530212,1018.88525390625,4.0,2024,3.332216739654541,"{""type"":""Point"",""coordinates"":[36.475894192018465,-0.6121065318086903]}"
2803,3.8502814769744873,Nyandarua,2408.0,25.11739158630371,0.35903027653694153,898.3021850585938,-0.9121396487921823,36.55728648815238,0.5287095904350281,1496.311767578125,4.0,2024,3.8502814769744873,"{""type"":""Point"",""coordinates"":[36.55728648815238,-0.9121396487921823]}"
2809,0.8824594020843506,Nyandarua,2557.0,23.34782600402832,0.4715625047683716,719.7100219726562,-0.7778970089969345,36.634192661637236,0.6466088891029358,1535.402099609375,4.0,2024,0.8824594020843506,"{""type"":""Point"",""coordinates"":[36.634192661637236,-0.7778970089969345]}"
2815,1.5318961143493652,Nyandarua,2705.0,21.069564819335938,0.3607877790927887,839.247314453125,-0.21069441523062957,36.33225733405227,0.5986229777336121,1005.59912109375,4.0,2024,1.5318961143493652,"{""type"":""Point"",""coordinates"":[36.33225733405227,-0.21069441523062957]}"
2818,3.673525810241699,Nyandarua,2356.0,19.27391242980957,0.23680636286735535,1209.62353515625,0.008371406929051368,36.38801764438261,0.3696866035461426,860.7394409179688,4.0,2024,3.673525810241699,"{""type"":""Point"",""coordinates"":[36.38801764438261,0.008371406929051368]}"
2836,1.8955471515655518,Nyandarua,2171.0,17.22608757019043,0.3429381549358368,1271.9952392578125,0.008583940521929135,36.52415389113254,0.5102072358131409,723.430908203125,1.0,2024,1.8955471515655518,"{""type"":""Point"",""coordinates"":[36.52415389113254,0.008583940521929135]}"
2838,2.4908242225646973,Nyandarua,2399.0,21.69130516052246,0.43523532152175903,957.3016967773438,-0.5667376799503914,36.488185668633754,0.651077389717102,1003.9808349609375,4.0,2024,2.4908242225646973,"{""type"":""Point"",""coordinates"":[36.488185668633754,-0.5667376799503914]}"
2840,1.8799012899398804,Nyandarua,2623.0,19.88260841369629,0.2926383912563324,1058.6063232421875,-0.273412007548696,36.33319119432942,0.43739235401153564,843.2105102539062,4.0,2024,1.8799012899398804,"{""type"":""Point"",""coordinates"":[36.33319119432942,-0.273412007548696]}"
2859,3.9003994464874268,Nyandarua,2266.0,21.53043556213379,0.3389933109283447,1292.1944580078125,0.07635760451608564,36.42600360963717,0.5188694596290588,853.9402465820312,1.0,2024,3.9003994464874268,"{""type"":""Point"",""coordinates"":[36.42600360963717,0.07635760451608564]}"
2873,1.8146677017211914,Nyandarua,2692.0,22.526086807250977,0.3871522843837738,898.3021850585938,-0.8519470857245356,36.58113737274253,0.5797050595283508,1510.875244140625,4.0,2024,1.8146677017211914,"{""type"":""Point"",""coordinates"":[36.58113737274253,-0.8519470857245356]}"
2905,2.016700267791748,Nyandarua,2460.0,23.321739196777344,0.3777652680873871,986.5427856445312,-0.16646542502128733,36.358455055881706,0.5519603490829468,931.747802734375,1.0,2024,2.016700267791748,"{""type"":""Point"",""coordinates"":[36.358455055881706,-0.16646542502128733]}"
2907,1.8723235130310059,Nyandarua,2547.0,20.68260955810547,0.3816402554512024,1058.6063232421875,-0.26183438540929266,36.33866624937956,0.578551173210144,843.2105102539062,4.0,2024,1.8723235130310059,"{""type"":""Point"",""coordinates"":[36.33866624937956,-0.26183438540929266]}"
2919,2.30930757522583,Nyandarua,2341.0,18.899999618530273,0.32753124833106995,1086.5555419921875,-0.10755262556450815,36.39427958147389,0.47790083289146423,873.3862915039062,4.0,2024,2.30930757522583,"{""type"":""Point"",""coordinates"":[36.39427958147389,-0.10755262556450815]}"
2923,1.545424461364746,Nyandarua,2561.0,18.6130428314209,0.3221515119075775,1126.5531005859375,-0.11477563903492675,36.45678950397804,0.5010268688201904,839.7518310546875,4.0,2024,1.545424461364746,"{""type"":""Point"",""coordinates"":[36.45678950397804,-0.11477563903492675]}"
2924,3.6240763664245605,Nyandarua,2252.0,18.678260803222656,0.2874883711338043,1292.1944580078125,0.07330289206857395,36.43320997786153,0.48666518926620483,853.9402465820312,4.0,2024,3.6240763664245605,"{""type"":""Point"",""coordinates"":[36.43320997786153,0.07330289206857395]}"
2926,1.6205240488052368,Nyandarua,2674.0,22.217391967773438,0.37196826934814453,719.7100219726562,-0.8186026908182831,36.57380659907952,0.5218735337257385,1475.797119140625,4.0,2024,1.6205240488052368,"{""type"":""Point"",""coordinates"":[36.57380659907952,-0.8186026908182831]}"
2928,3.8758044242858887,Nyandarua,2393.0,20.03043556213379,0.33055615425109863,1209.62353515625,0.037804349972315264,36.40491055504183,0.5070517659187317,855.5177612304688,1.0,2024,3.8758044242858887,"{""type"":""Point"",""coordinates"":[36.40491055504183,0.037804349972315264]}"
2929,2.7523417472839355,Nyandarua,2316.0,22.973913192749023,0.3504786491394043,1040.6885986328125,-0.2947687010168397,36.382198585683014,0.5821385979652405,904.895263671875,4.0,2024,2.7523417472839355,"{""type"":""Point"",""coordinates"":[36.382198585683014,-0.2947687010168397]}"
2932,3.1309356689453125,Nyandarua,2141.0,17.60869598388672,0.33298322558403015,1268.8878173828125,-0.013128297595227196,36.57828662584487,0.5118297338485718,612.8214111328125,4.0,2024,3.1309356689453125,"{""type"":""Point"",""coordinates"":[36.57828662584487,-0.013128297595227196]}"
2943,0.8824594020843506,Nyandarua,2557.0,23.34782600402832,0.4715625047683716,719.7100219726562,-0.777177714252021,36.6336608349937,0.6466088891029358,1535.402099609375,4.0,2024,0.8824594020843506,"{""type"":""Point"",""coordinates"":[36.6336608349937,-0.777177714252021]}"
2944,1.47062349319458,Nyandarua,2623.0,23.15217399597168,0.3960198760032654,719.7100219726562,-0.7922680574384683,36.574866007532016,0.6137580275535583,1443.79736328125,4.0,2024,1.47062349319458,"{""type"":""Point"",""coordinates"":[36.574866007532016,-0.7922680574384683]}"
2951,1.2150402069091797,Nyandarua,2607.0,22.904348373413086,0.5187177658081055,719.7100219726562,-0.7761993740943464,36.587047425912274,0.6918773651123047,1443.79736328125,4.0,2024,1.2150402069091797,"{""type"":""Point"",""coordinates"":[36.587047425912274,-0.7761993740943464]}"
2958,1.2556836605072021,Nyandarua,2677.0,19.221738815307617,0.3516004979610443,903.48095703125,-0.10928973008708813,36.28165746629918,0.516749382019043,1035.8345947265625,4.0,2024,1.2556836605072021,"{""type"":""Point"",""coordinates"":[36.28165746629918,-0.10928973008708813]}"
2961,2.915468454360962,Nyandarua,1974.0,17.46086883544922,0.3923768103122711,1458.595947265625,0.05195996035023401,36.58223199298938,0.5467876195907593,585.9078979492188,4.0,2024,2.915468454360962,"{""type"":""Point"",""coordinates"":[36.58223199298938,0.05195996035023401]}"
2965,1.3078958988189697,Nyandarua,2554.0,19.704347610473633,0.2958742380142212,1126.5531005859375,-0.11053114742243637,36.47577604848141,0.4197055995464325,839.7518310546875,4.0,2024,1.3078958988189697,"{""type"":""Point"",""coordinates"":[36.47577604848141,-0.11053114742243637]}"
2972,1.0406652688980103,Nyandarua,2649.0,24.42173957824707,0.5535950064659119,719.7100219726562,-0.8262062058373819,36.6052603183348,0.6944131851196289,1799.856201171875,4.0,2024,1.0406652688980103,"{""type"":""Point"",""coordinates"":[36.6052603183348,-0.8262062058373819]}"
2987,1.8189281225204468,Nyandarua,2204.0,16.408695220947266,0.2628442943096161,1271.9952392578125,0.02960424789262372,36.5049075563049,0.4093986749649048,723.430908203125,4.0,2024,1.8189281225204468,"{""type"":""Point"",""coordinates"":[36.5049075563049,0.02960424789262372]}"
2988,3.1241953372955322,Nyandarua,2455.0,20.417390823364258,0.4738958477973938,957.3016967773438,-0.6222355325925293,36.490398805360726,0.5976904034614563,1018.88525390625,4.0,2024,3.1241953372955322,"{""type"":""Point"",""coordinates"":[36.490398805360726,-0.6222355325925293]}"
2997,2.7435052394866943,Nyandarua,2343.0,21.134782791137695,0.3932896554470062,703.086669921875,-0.3321179629519126,36.47815366284735,0.5690195560455322,976.94140625,4.0,2024,2.7435052394866943,"{""type"":""Point"",""coordinates"":[36.47815366284735,-0.3321179629519126]}"
2998,0.9347594380378723,Nyandarua,2629.0,22.704347610473633,0.42434459924697876,719.7100219726562,-0.8079027365058249,36.60812260810535,0.6144206523895264,1799.856201171875,4.0,2024,0.9347594380378723,"{""type"":""Point"",""coordinates"":[36.60812260810535,-0.8079027365058249]}"
3004,4.4485249519348145,Nyandarua,2104.0,22.1130428314209,0.3492426872253418,1163.2713623046875,-0.4536759815291241,36.40081349274173,0.5474444627761841,920.8710327148438,1.0,2024,4.4485249519348145,"{""type"":""Point"",""coordinates"":[36.40081349274173,-0.4536759815291241]}"
3006,3.7369556427001953,Nyandarua,2075.0,21.939130783081055,0.32488855719566345,1405.6363525390625,0.12167341856643382,36.462258577117936,0.448163777589798,749.438232421875,4.0,2024,3.7369556427001953,"{""type"":""Point"",""coordinates"":[36.462258577117936,0.12167341856643382]}"
3008,2.3300342559814453,Nyandarua,2424.0,21.430435180664062,0.39827221632003784,957.3016967773438,-0.5539819460560087,36.49215630067758,0.5357319116592407,1003.9808349609375,4.0,2024,2.3300342559814453,"{""type"":""Point"",""coordinates"":[36.49215630067758,-0.5539819460560087]}"
3009,2.902279853820801,Nyandarua,1955.0,20.356521606445312,0.35833939909935,1458.595947265625,0.058953222557603026,36.58044457575685,0.5420001149177551,585.9078979492188,1.0,2024,2.902279853820801,"{""type"":""Point"",""coordinates"":[36.58044457575685,0.058953222557603026]}"
3025,4.1406731605529785,Nyandarua,2223.0,25.091304779052734,0.3791118264198303,1143.9588623046875,-0.31708958802485276,36.23970425562723,0.587120771408081,914.1121215820312,4.0,2024,4.1406731605529785,"{""type"":""Point"",""coordinates"":[36.23970425562723,-0.31708958802485276]}"
3036,2.168809413909912,Nyandarua,2454.0,22.45652198791504,0.4216312766075134,957.3016967773438,-0.6271940827656902,36.53116496311125,0.5959244966506958,1156.154296875,4.0,2024,2.168809413909912,"{""type"":""Point"",""coordinates"":[36.53116496311125,-0.6271940827656902]}"
3044,2.1778292655944824,Nyandarua,2503.0,24.591304779052734,0.4040610194206238,1058.6063232421875,-0.2752979093570992,36.28178092680911,0.5988175868988037,950.6990356445312,4.0,2024,2.1778292655944824,"{""type"":""Point"",""coordinates"":[36.28178092680911,-0.2752979093570992]}"
3050,1.7429015636444092,Nyandarua,2493.0,22.086956024169922,0.39793920516967773,654.1491088867188,-0.6681407066730781,36.55852631849625,0.5244237184524536,1301.0384521484375,4.0,2024,1.7429015636444092,"{""type"":""Point"",""coordinates"":[36.55852631849625,-0.6681407066730781]}"
3064,2.718601703643799,Nyandarua,2344.0,21.03913116455078,0.33735623955726624,1040.6885986328125,-0.33872233080388775,36.44947494711387,0.5130620002746582,919.640625,1.0,2024,2.718601703643799,"{""type"":""Point"",""coordinates"":[36.44947494711387,-0.33872233080388775]}"
3065,2.701781988143921,Nyandarua,2375.0,19.717391967773438,0.29499608278274536,986.5427856445312,-0.21416645922567584,36.39984095546854,0.43516308069229126,906.7599487304688,4.0,2024,2.701781988143921,"{""type"":""Point"",""coordinates"":[36.39984095546854,-0.21416645922567584]}"
3071,2.288429021835327,Nyandarua,2525.0,22.404348373413086,0.3810720145702362,931.31884765625,-0.7356645817068822,36.537134650955785,0.4705260396003723,1146.4976806640625,4.0,2024,2.288429021835327,"{""type"":""Point"",""coordinates"":[36.537134650955785,-0.7356645817068822]}"
3077,1.020387053489685,Nyandarua,2643.0,23.12173843383789,0.44646432995796204,719.7100219726562,-0.8204032882140939,36.60376693258306,0.6389321684837341,1799.856201171875,4.0,2024,1.020387053489685,"{""type"":""Point"",""coordinates"":[36.60376693258306,-0.8204032882140939]}"
3080,2.3149988651275635,Nyandarua,2350.0,17.639129638671875,0.32304462790489197,1086.5555419921875,-0.11366235432843211,36.38726575795025,0.5042417645454407,873.3862915039062,1.0,2024,2.3149988651275635,"{""type"":""Point"",""coordinates"":[36.38726575795025,-0.11366235432843211]}"
3086,1.9688613414764404,Nyandarua,2439.0,21.756521224975586,0.41693440079689026,957.3016967773438,-0.6018220183278307,36.53847530239357,0.6133531928062439,1156.154296875,4.0,2024,1.9688613414764404,"{""type"":""Point"",""coordinates"":[36.53847530239357,-0.6018220183278307]}"
3089,2.5002288818359375,Nyandarua,2425.0,24.60869598388672,0.36505982279777527,751.9829711914062,-0.37798166881785683,36.49440454883543,0.5111405849456787,995.1351318359375,4.0,2024,2.5002288818359375,"{""type"":""Point"",""coordinates"":[36.49440454883543,-0.37798166881785683]}"
3097,2.1045453548431396,Nyandarua,2344.0,19.743478775024414,0.3103073835372925,1086.5555419921875,-0.05835788596076993,36.43090420492007,0.4493907392024994,803.188232421875,4.0,2024,2.1045453548431396,"{""type"":""Point"",""coordinates"":[36.43090420492007,-0.05835788596076993]}"
3099,2.304187297821045,Nyandarua,2426.0,21.569564819335938,0.34522390365600586,957.3016967773438,-0.5602492646354787,36.49620831107501,0.4602166712284088,1003.9808349609375,4.0,2024,2.304187297821045,"{""type"":""Point"",""coordinates"":[36.49620831107501,-0.5602492646354787]}"
3111,2.6006360054016113,Nyandarua,2322.0,24.678260803222656,0.37776315212249756,751.9829711914062,-0.3580788846437199,36.455076460646524,0.5857518315315247,995.1351318359375,1.0,2024,2.6006360054016113,"{""type"":""Point"",""coordinates"":[36.455076460646524,-0.3580788846437199]}"
3130,3.036757469177246,Nyandarua,2348.0,17.517391204833984,0.28297558426856995,986.5427856445312,-0.24581038966296628,36.43806048738219,0.479585200548172,906.7599487304688,4.0,2024,3.036757469177246,"{""type"":""Point"",""coordinates"":[36.43806048738219,-0.24581038966296628]}"
3133,1.6387629508972168,Nyandarua,2567.0,22.68695640563965,0.41640976071357727,636.4963989257812,-0.6410089918014322,36.60631735554896,0.5443632006645203,1529.389892578125,4.0,2024,1.6387629508972168,"{""type"":""Point"",""coordinates"":[36.60631735554896,-0.6410089918014322]}"
3142,2.7434120178222656,Nyandarua,2100.0,17.31304359436035,0.28247448801994324,1405.6363525390625,0.09437605876763205,36.50225544715293,0.4396725296974182,688.7552490234375,4.0,2024,2.7434120178222656,"{""type"":""Point"",""coordinates"":[36.50225544715293,0.09437605876763205]}"
3149,2.6945838928222656,Nyandarua,2135.0,17.61739158630371,0.3819684684276581,1405.6363525390625,0.0857856367153449,36.48777451602895,0.473257452249527,776.780517578125,4.0,2024,2.6945838928222656,"{""type"":""Point"",""coordinates"":[36.48777451602895,0.0857856367153449]}"
3173,1.1337536573410034,Nyandarua,2609.0,22.299999237060547,0.4149501621723175,719.7100219726562,-0.7791224611280259,36.592414732871106,0.5920195579528809,1443.79736328125,4.0,2024,1.1337536573410034,"{""type"":""Point"",""coordinates"":[36.592414732871106,-0.7791224611280259]}"
3187,2.111961603164673,Nyandarua,2424.0,20.600000381469727,0.34929412603378296,1086.5555419921875,-0.147697267993441,36.36382095813143,0.5348732471466064,873.3862915039062,4.0,2024,2.111961603164673,"{""type"":""Point"",""coordinates"":[36.36382095813143,-0.147697267993441]}"
3188,1.8892858028411865,Nyandarua,2539.0,21.869565963745117,0.3111746609210968,931.31884765625,-0.7287321859525243,36.54919051115783,0.4591180980205536,1146.4976806640625,4.0,2024,1.8892858028411865,"{""type"":""Point"",""coordinates"":[36.54919051115783,-0.7287321859525243]}"
3191,2.626333713531494,Nyandarua,2350.0,18.895652770996094,0.2543221116065979,1040.6885986328125,-0.27938819887992106,36.37457213051168,0.43453916907310486,904.895263671875,4.0,2024,2.626333713531494,"{""type"":""Point"",""coordinates"":[36.37457213051168,-0.27938819887992106]}"
3198,2.392265558242798,Nyandarua,2341.0,22.047826766967773,0.3491334915161133,1209.62353515625,-0.031845125427577406,36.42609434111493,0.5054091215133667,799.9849243164062,4.0,2024,2.392265558242798,"{""type"":""Point"",""coordinates"":[36.42609434111493,-0.031845125427577406]}"
3203,2.109930992126465,Nyandarua,2446.0,23.30869483947754,0.41941648721694946,957.3016967773438,-0.608360609601788,36.53008749450107,0.555436909198761,1156.154296875,4.0,2024,2.109930992126465,"{""type"":""Point"",""coordinates"":[36.53008749450107,-0.608360609601788]}"
3209,2.416440486907959,Nyandarua,2682.0,23.017391204833984,0.35432401299476624,898.3021850585938,-0.8846629215051312,36.58705862165612,0.525494396686554,1510.875244140625,4.0,2024,2.416440486907959,"{""type"":""Point"",""coordinates"":[36.58705862165612,-0.8846629215051312]}"
3228,1.8576754331588745,Nyandarua,2477.0,22.38260841369629,0.36936667561531067,636.4963989257812,-0.648813557079446,36.5509123137941,0.5468901991844177,1237.2969970703125,4.0,2024,1.8576754331588745,"{""type"":""Point"",""coordinates"":[36.5509123137941,-0.648813557079446]}"
3236,1.6979210376739502,Nyandarua,2500.0,21.913043975830078,0.4298740327358246,654.1491088867188,-0.6516762875948443,36.569484441848466,0.5640642642974854,1301.0384521484375,4.0,2024,1.6979210376739502,"{""type"":""Point"",""coordinates"":[36.569484441848466,-0.6516762875948443]}"
3250,2.0974678993225098,Nyandarua,2462.0,22.07391357421875,0.4307536482810974,957.3016967773438,-0.6461586199440768,36.53679197743171,0.5878468155860901,1156.154296875,4.0,2024,2.0974678993225098,"{""type"":""Point"",""coordinates"":[36.53679197743171,-0.6461586199440768]}"
3253,2.717581033706665,Nyandarua,2236.0,18.100000381469727,0.2593594789505005,1405.6363525390625,0.05827055096775179,36.45599725606446,0.43053168058395386,776.780517578125,1.0,2024,2.717581033706665,"{""type"":""Point"",""coordinates"":[36.45599725606446,0.05827055096775179]}"
3262,2.1726319789886475,Nyandarua,2284.0,19.134782791137695,0.32353436946868896,1271.9952392578125,0.00963434594090281,36.452756393834036,0.49144619703292847,791.9441528320312,1.0,2024,2.1726319789886475,"{""type"":""Point"",""coordinates"":[36.452756393834036,0.00963434594090281]}"
3271,3.0659537315368652,Nyandarua,2197.0,17.42608642578125,0.3052700459957123,1405.6363525390625,0.08594739756649879,36.46420007575774,0.4405640661716461,776.780517578125,4.0,2024,3.0659537315368652,"{""type"":""Point"",""coordinates"":[36.46420007575774,0.08594739756649879]}"
3274,1.8329198360443115,Nyandarua,2689.0,22.439130783081055,0.3806343674659729,898.3021850585938,-0.8557635026887812,36.58240332507192,0.5768503546714783,1510.875244140625,4.0,2024,1.8329198360443115,"{""type"":""Point"",""coordinates"":[36.58240332507192,-0.8557635026887812]}"
3277,2.107846736907959,Nyandarua,2535.0,22.6130428314209,0.5439040064811707,931.31884765625,-0.7404502101416031,36.543390742370995,0.686418354511261,1146.4976806640625,4.0,2024,2.107846736907959,"{""type"":""Point"",""coordinates"":[36.543390742370995,-0.7404502101416031]}"
3280,1.477491855621338,Nyandarua,2554.0,22.38260841369629,0.33201339840888977,654.1491088867188,-0.7234542397948395,36.573152167576914,0.4496133625507355,1237.4268798828125,4.0,2024,1.477491855621338,"{""type"":""Point"",""coordinates"":[36.573152167576914,-0.7234542397948395]}"
3281,1.7164995670318604,Nyandarua,2241.0,18.017391204833984,0.2578990161418915,1271.9952392578125,0.004171754856122693,36.4999157287485,0.39967069029808044,791.9441528320312,4.0,2024,1.7164995670318604,"{""type"":""Point"",""coordinates"":[36.4999157287485,0.004171754856122693]}"
3282,2.282958507537842,Nyandarua,2432.0,22.904348373413086,0.3342735171318054,957.3016967773438,-0.6164457952682167,36.52300131775819,0.4589187204837799,1156.154296875,4.0,2024,2.282958507537842,"{""type"":""Point"",""coordinates"":[36.52300131775819,-0.6164457952682167]}"
3295,1.6595505475997925,Nyandarua,2558.0,22.66521644592285,0.3899795413017273,636.4963989257812,-0.6108092651573395,36.611278374283465,0.5876626968383789,1529.389892578125,4.0,2024,1.6595505475997925,"{""type"":""Point"",""coordinates"":[36.611278374283465,-0.6108092651573395]}"
3298,1.7372400760650635,Nyandarua,2505.0,21.399999618530273,0.3558637201786041,903.48095703125,-0.07645051646616029,36.32318013507678,0.5609661936759949,932.858642578125,4.0,2024,1.7372400760650635,"{""type"":""Point"",""coordinates"":[36.32318013507678,-0.07645051646616029]}"
3307,2.518803119659424,Nyandarua,2334.0,22.03913116455078,0.36037278175354004,986.5427856445312,-0.19127008688737163,36.440372816528395,0.4924725592136383,909.6834716796875,4.0,2024,2.518803119659424,"{""type"":""Point"",""coordinates"":[36.440372816528395,-0.19127008688737163]}"
3310,1.19258713722229,Nyandarua,2608.0,21.1130428314209,0.37319663166999817,903.48095703125,-0.11032664291285196,36.29520423088647,0.5283979773521423,1035.8345947265625,4.0,2024,1.19258713722229,"{""type"":""Point"",""coordinates"":[36.29520423088647,-0.11032664291285196]}"
3313,1.3089107275009155,Nyandarua,2703.0,21.15652084350586,0.353188157081604,839.247314453125,-0.18428561314745642,36.31957536722174,0.5496753454208374,1030.8326416015625,4.0,2024,1.3089107275009155,"{""type"":""Point"",""coordinates"":[36.31957536722174,-0.18428561314745642]}"
3322,2.834007740020752,Nyandarua,2339.0,19.169565200805664,0.3476497530937195,986.5427856445312,-0.22030324543294455,36.44878669584297,0.5302065014839172,906.7599487304688,1.0,2024,2.834007740020752,"{""type"":""Point"",""coordinates"":[36.44878669584297,-0.22030324543294455]}"
3329,2.758044958114624,Nyandarua,2355.0,18.826086044311523,0.27026233077049255,1209.62353515625,-0.04537892995631715,36.37160685604526,0.4212632179260254,821.6705322265625,4.0,2024,2.758044958114624,"{""type"":""Point"",""coordinates"":[36.37160685604526,-0.04537892995631715]}"
3330,1.4117724895477295,Nyandarua,2592.0,22.134782791137695,0.36826613545417786,719.7100219726562,-0.7633394598198966,36.5754365873413,0.5338528752326965,1443.79736328125,4.0,2024,1.4117724895477295,"{""type"":""Point"",""coordinates"":[36.5754365873413,-0.7633394598198966]}"
3332,4.040223121643066,Nyandarua,2187.0,21.80869483947754,0.28722384572029114,1154.89013671875,-0.41686462016594833,36.38368465113305,0.49590596556663513,811.5460815429688,4.0,2024,4.040223121643066,"{""type"":""Point"",""coordinates"":[36.38368465113305,-0.41686462016594833]}"
3343,2.7321395874023438,Nyandarua,2341.0,21.234783172607422,0.35373595356941223,1040.6885986328125,-0.33744631406928194,36.449436492985896,0.5307414531707764,919.640625,1.0,2024,2.7321395874023438,"{""type"":""Point"",""coordinates"":[36.449436492985896,-0.33744631406928194]}"
3345,1.6416834592819214,Nyandarua,2537.0,22.46086883544922,0.4240746796131134,654.1491088867188,-0.717099238078397,36.561399990346516,0.6212238073348999,1237.4268798828125,4.0,2024,1.6416834592819214,"{""type"":""Point"",""coordinates"":[36.561399990346516,-0.717099238078397]}"
3355,1.9897196292877197,Nyandarua,2470.0,21.19130516052246,0.3022211790084839,903.48095703125,-0.09229932155093004,36.346464291324395,0.49118444323539734,932.858642578125,4.0,2024,1.9897196292877197,"{""type"":""Point"",""coordinates"":[36.346464291324395,-0.09229932155093004]}"
3356,1.0504437685012817,Nyandarua,2578.0,22.552173614501953,0.42208826541900635,719.7100219726562,-0.7642165399126439,36.60586663446838,0.5697109699249268,1535.402099609375,4.0,2024,1.0504437685012817,"{""type"":""Point"",""coordinates"":[36.60586663446838,-0.7642165399126439]}"
3357,3.2503714561462402,Nyandarua,2099.0,16.904348373413086,0.280267596244812,1268.8878173828125,0.006217958688436149,36.58673641944301,0.4476049840450287,626.6849975585938,4.0,2024,3.2503714561462402,"{""type"":""Point"",""coordinates"":[36.58673641944301,0.006217958688436149]}"
3358,2.7776851654052734,Nyandarua,2123.0,16.7391300201416,0.42979902029037476,1405.6363525390625,0.09243725199501555,36.49174034956646,0.5739348530769348,776.780517578125,4.0,2024,2.7776851654052734,"{""type"":""Point"",""coordinates"":[36.49174034956646,0.09243725199501555]}"
3374,3.0041983127593994,Nyandarua,2354.0,20.77391242980957,0.29705557227134705,986.5427856445312,-0.24144912950694664,36.429346460861474,0.4459500312805176,906.7599487304688,4.0,2024,3.0041983127593994,"{""type"":""Point"",""coordinates"":[36.429346460861474,-0.24144912950694664]}"
3387,2.6605818271636963,Nyandarua,2389.0,19.447826385498047,0.3053160011768341,986.5427856445312,-0.23411595357476478,36.38652616823205,0.4446565806865692,953.46484375,4.0,2024,2.6605818271636963,"{""type"":""Point"",""coordinates"":[36.38652616823205,-0.23411595357476478]}"
3397,2.000455856323242,Nyandarua,2435.0,22.339130401611328,0.369032621383667,957.3016967773438,-0.5756319241129955,36.52711578607943,0.5351701378822327,1042.88134765625,4.0,2024,2.000455856323242,"{""type"":""Point"",""coordinates"":[36.52711578607943,-0.5756319241129955]}"
3414,2.9080848693847656,Nyandarua,2448.0,22.547826766967773,0.33096638321876526,1058.6063232421875,-0.31106711526470215,36.283762985894995,0.5606009364128113,908.1383056640625,4.0,2024,2.9080848693847656,"{""type"":""Point"",""coordinates"":[36.283762985894995,-0.31106711526470215]}"
3418,2.468156576156616,Nyandarua,2537.0,24.782608032226562,0.4048205018043518,751.9829711914062,-0.39825673893666785,36.50456657999467,0.5626780986785889,1072.8966064453125,4.0,2024,2.468156576156616,"{""type"":""Point"",""coordinates"":[36.50456657999467,-0.39825673893666785]}"
3425,2.3374547958374023,Nyandarua,2412.0,21.839130401611328,0.322828084230423,986.5427856445312,-0.19627356298029508,36.37462751120501,0.4001188278198242,931.747802734375,4.0,2024,2.3374547958374023,"{""type"":""Point"",""coordinates"":[36.37462751120501,-0.19627356298029508]}"
3428,0.8413134813308716,Nyandarua,2582.0,22.213043212890625,0.4314398765563965,719.7100219726562,-0.790858479656712,36.62558095026425,0.6126580834388733,1535.402099609375,4.0,2024,0.8413134813308716,"{""type"":""Point"",""coordinates"":[36.62558095026425,-0.790858479656712]}"
3435,1.683293342590332,Nyandarua,2574.0,22.839130401611328,0.4088800251483917,719.7100219726562,-0.7626531239864893,36.561505472333444,0.5560446977615356,1443.79736328125,4.0,2024,1.683293342590332,"{""type"":""Point"",""coordinates"":[36.561505472333444,-0.7626531239864893]}"
3444,1.5106303691864014,Nyandarua,2571.0,19.669565200805664,0.30259430408477783,1126.5531005859375,-0.1289308139177027,36.464636157546984,0.4413570165634155,839.7518310546875,4.0,2024,1.5106303691864014,"{""type"":""Point"",""coordinates"":[36.464636157546984,-0.1289308139177027]}"
3450,2.324861526489258,Nyandarua,2423.0,22.42608642578125,0.3723697364330292,918.7949829101562,-0.521025824981159,36.48682814011834,0.6149871349334717,993.0908813476562,4.0,2024,2.324861526489258,"{""type"":""Point"",""coordinates"":[36.48682814011834,-0.521025824981159]}"
3462,3.5953400135040283,Nyandarua,2632.0,18.61739158630371,0.3375434875488281,925.9317626953125,-0.19376997182563946,36.22825171474334,0.5127031803131104,1121.9827880859375,4.0,2024,3.5953400135040283,"{""type"":""Point"",""coordinates"":[36.22825171474334,-0.19376997182563946]}"
3469,3.612179756164551,Nyandarua,2538.0,21.917390823364258,0.3101445138454437,1293.6524658203125,-0.35373663320803855,36.32918222284497,0.44648000597953796,846.8605346679688,4.0,2024,3.612179756164551,"{""type"":""Point"",""coordinates"":[36.32918222284497,-0.35373663320803855]}"
3477,2.661926746368408,Nyandarua,2405.0,21.934782028198242,0.3749184310436249,703.086669921875,-0.3330510344932032,36.505570322274615,0.5586486458778381,1091.4190673828125,4.0,2024,2.661926746368408,"{""type"":""Point"",""coordinates"":[36.505570322274615,-0.3330510344932032]}"
3482,2.3436102867126465,Nyandarua,2356.0,18.047826766967773,0.29989513754844666,1086.5555419921875,-0.10126139143184207,36.38384533847412,0.4480002820491791,873.3862915039062,4.0,2024,2.3436102867126465,"{""type"":""Point"",""coordinates"":[36.38384533847412,-0.10126139143184207]}"
3488,2.6254100799560547,Nyandarua,2409.0,23.604347229003906,0.34237056970596313,703.086669921875,-0.3443458795239473,36.49796867657283,0.5270817875862122,976.94140625,4.0,2024,2.6254100799560547,"{""type"":""Point"",""coordinates"":[36.49796867657283,-0.3443458795239473]}"
3501,2.7772889137268066,Nyandarua,2375.0,23.1130428314209,0.32985636591911316,703.086669921875,-0.30324504193216933,36.50620227581162,0.5187356472015381,1091.4190673828125,4.0,2024,2.7772889137268066,"{""type"":""Point"",""coordinates"":[36.50620227581162,-0.30324504193216933]}"
3506,1.256142258644104,Nyandarua,2436.0,20.265216827392578,0.31115272641181946,1126.5531005859375,-0.08447958782134782,36.49815674934317,0.4766773283481598,811.5564575195312,4.0,2024,1.256142258644104,"{""type"":""Point"",""coordinates"":[36.49815674934317,-0.08447958782134782]}"
3511,2.2236833572387695,Nyandarua,2419.0,23.069564819335938,0.38253137469291687,957.3016967773438,-0.6095553805421594,36.52443279091594,0.5367342829704285,1156.154296875,4.0,2024,2.2236833572387695,"{""type"":""Point"",""coordinates"":[36.52443279091594,-0.6095553805421594]}"
3515,0.8294925689697266,Nyandarua,2603.0,23.091304779052734,0.43841975927352905,719.7100219726562,-0.7994714425036971,36.62516659375838,0.6431196928024292,1535.402099609375,4.0,2024,0.8294925689697266,"{""type"":""Point"",""coordinates"":[36.62516659375838,-0.7994714425036971]}"
3520,2.5084824562072754,Nyandarua,2116.0,17.92608642578125,0.3619174659252167,1268.8878173828125,0.004515555710604828,36.55776759246041,0.5352005958557129,626.6849975585938,4.0,2024,2.5084824562072754,"{""type"":""Point"",""coordinates"":[36.55776759246041,0.004515555710604828]}"
3524,3.7837793827056885,Nyandarua,2330.0,23.639129638671875,0.3771083950996399,1143.9588623046875,-0.2769498681802459,36.24366329944618,0.5769553184509277,1041.4737548828125,1.0,2024,3.7837793827056885,"{""type"":""Point"",""coordinates"":[36.24366329944618,-0.2769498681802459]}"
3525,2.305081844329834,Nyandarua,2347.0,17.42608642578125,0.23924170434474945,1086.5555419921875,-0.12593451232374214,36.391087799292414,0.3820146322250366,873.3862915039062,1.0,2024,2.305081844329834,"{""type"":""Point"",""coordinates"":[36.391087799292414,-0.12593451232374214]}"
3537,2.151087999343872,Nyandarua,2482.0,20.595651626586914,0.3858446180820465,1040.6885986328125,-0.2669783506185443,36.35166360581618,0.5999639630317688,904.895263671875,4.0,2024,2.151087999343872,"{""type"":""Point"",""coordinates"":[36.35166360581618,-0.2669783506185443]}"
3540,1.8000017404556274,Nyandarua,2454.0,22.68260955810547,0.495266854763031,636.4963989257812,-0.6065873214055878,36.55992335898136,0.6569560170173645,1237.2969970703125,4.0,2024,1.8000017404556274,"{""type"":""Point"",""coordinates"":[36.55992335898136,-0.6065873214055878]}"
3542,1.300795316696167,Nyandarua,2640.0,21.243478775024414,0.4826372563838959,654.1491088867188,-0.6833763891526848,36.642884987651094,0.6877884268760681,1494.9495849609375,4.0,2024,1.300795316696167,"{""type"":""Point"",""coordinates"":[36.642884987651094,-0.6833763891526848]}"
3552,1.355851411819458,Nyandarua,2626.0,20.413043975830078,0.31959226727485657,839.247314453125,-0.15942056213611486,36.32359604928884,0.5013073682785034,1030.8326416015625,4.0,2024,1.355851411819458,"{""type"":""Point"",""coordinates"":[36.32359604928884,-0.15942056213611486]}"
3554,2.8404293060302734,Nyandarua,2369.0,22.700000762939453,0.28428709506988525,703.086669921875,-0.30830199579282186,36.490160076011634,0.3986051380634308,976.94140625,4.0,2024,2.8404293060302734,"{""type"":""Point"",""coordinates"":[36.490160076011634,-0.30830199579282186]}"
3562,3.552884817123413,Nyandarua,2275.0,24.53478240966797,0.3973548412322998,1154.89013671875,-0.4395765419219037,36.42413607569316,0.6190021634101868,916.82666015625,4.0,2024,3.552884817123413,"{""type"":""Point"",""coordinates"":[36.42413607569316,-0.4395765419219037]}"
3564,1.5279788970947266,Nyandarua,2524.0,22.756521224975586,0.4003775715827942,654.1491088867188,-0.6886241876656779,36.58363252367312,0.5567039251327515,1301.0384521484375,4.0,2024,1.5279788970947266,"{""type"":""Point"",""coordinates"":[36.58363252367312,-0.6886241876656779]}"
3566,2.000645637512207,Nyandarua,2439.0,22.299999237060547,0.37435364723205566,957.3016967773438,-0.5659404634883668,36.52306251550231,0.514988124370575,1042.88134765625,4.0,2024,2.000645637512207,"{""type"":""Point"",""coordinates"":[36.52306251550231,-0.5659404634883668]}"
3567,1.5493452548980713,Nyandarua,2528.0,22.373912811279297,0.4799276888370514,654.1491088867188,-0.6842295882961377,36.58163102295586,0.6479687094688416,1301.0384521484375,4.0,2024,1.5493452548980713,"{""type"":""Point"",""coordinates"":[36.58163102295586,-0.6842295882961377]}"
3579,1.9933867454528809,Nyandarua,2505.0,22.03043556213379,0.32273632287979126,986.5427856445312,-0.24083654984175926,36.350843295357826,0.5259623527526855,953.46484375,4.0,2024,1.9933867454528809,"{""type"":""Point"",""coordinates"":[36.350843295357826,-0.24083654984175926]}"
3581,1.6971700191497803,Nyandarua,2563.0,22.508695602416992,0.408539742231369,719.7100219726562,-0.7513715519822993,36.56007831507983,0.5664604902267456,1443.79736328125,4.0,2024,1.6971700191497803,"{""type"":""Point"",""coordinates"":[36.56007831507983,-0.7513715519822993]}"
3582,2.274883270263672,Nyandarua,2411.0,20.69565200805664,0.4698251187801361,957.3016967773438,-0.5824124630456893,36.50988215024923,0.619927704334259,1042.88134765625,4.0,2024,2.274883270263672,"{""type"":""Point"",""coordinates"":[36.50988215024923,-0.5824124630456893]}"
3586,2.6480648517608643,Nyandarua,2341.0,18.96521759033203,0.2782370448112488,1040.6885986328125,-0.2882899316724932,36.37447425333343,0.44626107811927795,904.895263671875,4.0,2024,2.6480648517608643,"{""type"":""Point"",""coordinates"":[36.37447425333343,-0.2882899316724932]}"
3589,2.9387805461883545,Nyandarua,2279.0,21.04347801208496,0.34999746084213257,1154.89013671875,-0.3704324265281028,36.387375439433086,0.5641376376152039,854.5677490234375,1.0,2024,2.9387805461883545,"{""type"":""Point"",""coordinates"":[36.387375439433086,-0.3704324265281028]}"
3594,3.7319374084472656,Nyandarua,2238.0,23.952173233032227,0.3778972029685974,1154.89013671875,-0.39554271025309956,36.37191244505784,0.6167802214622498,854.5677490234375,1.0,2024,3.7319374084472656,"{""type"":""Point"",""coordinates"":[36.37191244505784,-0.39554271025309956]}"
3595,3.055278778076172,Nyandarua,2332.0,24.360870361328125,0.3463922441005707,1040.6885986328125,-0.3468079535614529,36.35581527565418,0.5537142753601074,883.1970825195312,4.0,2024,3.055278778076172,"{""type"":""Point"",""coordinates"":[36.35581527565418,-0.3468079535614529]}"
3607,2.0970215797424316,Nyandarua,2806.0,21.57826042175293,0.46766749024391174,1088.5662841796875,-0.12523391704500866,36.2382809507673,0.605728805065155,1095.2337646484375,4.0,2024,2.0970215797424316,"{""type"":""Point"",""coordinates"":[36.2382809507673,-0.12523391704500866]}"
3622,2.3154430389404297,Nyandarua,2341.0,17.991304397583008,0.29495689272880554,986.5427856445312,-0.15553377035350943,36.41356707497271,0.4700574576854706,909.6834716796875,4.0,2024,2.3154430389404297,"{""type"":""Point"",""coordinates"":[36.41356707497271,-0.15553377035350943]}"
3629,4.009438514709473,Nyandarua,2415.0,22.786956787109375,0.41936612129211426,1293.6524658203125,-0.3616429384589581,36.319981907757025,0.5827349424362183,846.8605346679688,4.0,2024,4.009438514709473,"{""type"":""Point"",""coordinates"":[36.319981907757025,-0.3616429384589581]}"
3632,2.5399718284606934,Nyandarua,2681.0,21.634782791137695,0.42150411009788513,898.3021850585938,-0.8812970207296897,36.5780256495333,0.5869686007499695,1510.875244140625,4.0,2024,2.5399718284606934,"{""type"":""Point"",""coordinates"":[36.5780256495333,-0.8812970207296897]}"
3637,2.3267152309417725,Nyandarua,2506.0,20.852174758911133,0.48347845673561096,1058.6063232421875,-0.29332608661960696,36.28852941145397,0.6806597113609314,950.6990356445312,4.0,2024,2.3267152309417725,"{""type"":""Point"",""coordinates"":[36.28852941145397,-0.29332608661960696]}"
3639,1.9682307243347168,Nyandarua,2576.0,21.504348754882812,0.3288271725177765,1058.6063232421875,-0.2742072808620404,36.33832723590844,0.49150723218917847,843.2105102539062,4.0,2024,1.9682307243347168,"{""type"":""Point"",""coordinates"":[36.33832723590844,-0.2742072808620404]}"
3646,2.05873703956604,Nyandarua,2506.0,21.982608795166016,0.39717909693717957,931.31884765625,-0.6840057341685652,36.53915744706231,0.5280951857566833,1155.636474609375,4.0,2024,2.05873703956604,"{""type"":""Point"",""coordinates"":[36.53915744706231,-0.6840057341685652]}"
3651,1.2229690551757812,Nyandarua,2637.0,17.582609176635742,0.3559005558490753,903.48095703125,-0.10923257898818385,36.301231170636385,0.5513641834259033,1024.9276123046875,4.0,2024,1.2229690551757812,"{""type"":""Point"",""coordinates"":[36.301231170636385,-0.10923257898818385]}"
3660,2.2191824913024902,Nyandarua,2486.0,22.017391204833984,0.31665322184562683,986.5427856445312,-0.2275951612234047,36.36317884102549,0.5363772511482239,953.46484375,4.0,2024,2.2191824913024902,"{""type"":""Point"",""coordinates"":[36.36317884102549,-0.2275951612234047]}"
3674,3.8298680782318115,Nyandarua,2224.0,20.96956443786621,0.3081458806991577,1292.1944580078125,0.08456580984522027,36.43302204461695,0.46474435925483704,853.9402465820312,1.0,2024,3.8298680782318115,"{""type"":""Point"",""coordinates"":[36.43302204461695,0.08456580984522027]}"
3681,1.6932053565979004,Nyandarua,2498.0,22.147825241088867,0.46899914741516113,654.1491088867188,-0.6743791020036466,36.56215013962643,0.6265588402748108,1301.0384521484375,4.0,2024,1.6932053565979004,"{""type"":""Point"",""coordinates"":[36.56215013962643,-0.6743791020036466]}"
3682,3.026021718978882,Nyandarua,2287.0,19.12173843383789,0.2840191125869751,1292.1944580078125,0.055722876072712924,36.44294520545759,0.45526012778282166,853.9402465820312,1.0,2024,3.026021718978882,"{""type"":""Point"",""coordinates"":[36.44294520545759,0.055722876072712924]}"
3684,4.119875907897949,Nyandarua,2268.0,20.895652770996094,0.29082366824150085,1292.1944580078125,0.08225652979571622,36.42139142463105,0.4168478548526764,853.9402465820312,1.0,2024,4.119875907897949,"{""type"":""Point"",""coordinates"":[36.42139142463105,0.08225652979571622]}"
3689,1.2212138175964355,Nyandarua,2558.0,19.395652770996094,0.2565004825592041,1126.5531005859375,-0.12407743802865874,36.49007032325651,0.43752965331077576,839.7518310546875,4.0,2024,1.2212138175964355,"{""type"":""Point"",""coordinates"":[36.49007032325651,-0.12407743802865874]}"
3690,1.4920432567596436,Nyandarua,2722.0,20.721738815307617,0.29576051235198975,903.48095703125,-0.10791066362592804,36.266279768385374,0.48276495933532715,1035.8345947265625,4.0,2024,1.4920432567596436,"{""type"":""Point"",""coordinates"":[36.266279768385374,-0.10791066362592804]}"
3694,2.983124017715454,Nyandarua,2429.0,21.708696365356445,0.3779408633708954,957.3016967773438,-0.5646623038056507,36.46346709899491,0.5267038345336914,1003.9808349609375,4.0,2024,2.983124017715454,"{""type"":""Point"",""coordinates"":[36.46346709899491,-0.5646623038056507]}"
3696,2.261542558670044,Nyandarua,2408.0,21.521739959716797,0.3202119469642639,986.5427856445312,-0.1827083305395987,36.37199361847288,0.5143512487411499,931.747802734375,4.0,2024,2.261542558670044,"{""type"":""Point"",""coordinates"":[36.37199361847288,-0.1827083305395987]}"
3698,1.8185986280441284,Nyandarua,2474.0,22.30434799194336,0.4838859736919403,636.4963989257812,-0.6404368256861134,36.55516631312691,0.6210837960243225,1237.2969970703125,4.0,2024,1.8185986280441284,"{""type"":""Point"",""coordinates"":[36.55516631312691,-0.6404368256861134]}"
3704,1.8710319995880127,Nyandarua,2484.0,19.57391357421875,0.2757629454135895,903.48095703125,-0.09124401020408143,36.339147603462706,0.4440445303916931,932.858642578125,4.0,2024,1.8710319995880127,"{""type"":""Point"",""coordinates"":[36.339147603462706,-0.09124401020408143]}"
3715,3.2308032512664795,Nyandarua,2409.0,23.10869598388672,0.34541288018226624,957.3016967773438,-0.5763686726514533,36.45782720522865,0.5097446441650391,1003.9808349609375,4.0,2024,3.2308032512664795,"{""type"":""Point"",""coordinates"":[36.45782720522865,-0.5763686726514533]}"
3724,2.2309887409210205,Nyandarua,2460.0,22.19130516052246,0.4108904302120209,931.31884765625,-0.6537773647121593,36.53136758069682,0.5563461184501648,1155.636474609375,4.0,2024,2.2309887409210205,"{""type"":""Point"",""coordinates"":[36.53136758069682,-0.6537773647121593]}"
3727,2.705700397491455,Nyandarua,2323.0,22.365217208862305,0.4057924747467041,1040.6885986328125,-0.29588162832018344,36.377283800892634,0.6331467628479004,904.895263671875,1.0,2024,2.705700397491455,"{""type"":""Point"",""coordinates"":[36.377283800892634,-0.29588162832018344]}"
3735,3.93833589553833,Nyandarua,2341.0,18.22608757019043,0.3477035164833069,1209.62353515625,0.016813485987596747,36.36962979928587,0.4892632067203522,860.7394409179688,1.0,2024,3.93833589553833,"{""type"":""Point"",""coordinates"":[36.36962979928587,0.016813485987596747]}"
3737,2.1656787395477295,Nyandarua,2441.0,22.92608642578125,0.32723328471183777,957.3016967773438,-0.6140091098220833,36.5282213921844,0.45377251505851746,1156.154296875,4.0,2024,2.1656787395477295,"{""type"":""Point"",""coordinates"":[36.5282213921844,-0.6140091098220833]}"
3750,2.6449780464172363,Nyandarua,2161.0,17.856521606445312,0.34106865525245667,1268.8878173828125,-0.020955653772550282,36.55973688753665,0.48276713490486145,612.8214111328125,4.0,2024,2.6449780464172363,"{""type"":""Point"",""coordinates"":[36.55973688753665,-0.020955653772550282]}"
3791,2.0815539360046387,Nyandarua,2211.0,19.89130401611328,0.32687970995903015,1026.3397216796875,-0.10734985707943255,36.58462702138139,0.5249418020248413,806.2779541015625,4.0,2024,2.0815539360046387,"{""type"":""Point"",""coordinates"":[36.58462702138139,-0.10734985707943255]}"
3800,3.425281286239624,Nyandarua,2280.0,20.508695602416992,0.47885504364967346,1154.89013671875,-0.3916514107126396,36.38106704613647,0.637951135635376,854.5677490234375,4.0,2024,3.425281286239624,"{""type"":""Point"",""coordinates"":[36.38106704613647,-0.3916514107126396]}"
3801,3.031374931335449,Nyandarua,2348.0,22.68260955810547,0.3110480308532715,986.5427856445312,-0.24868128720606916,36.42492840483049,0.5311141014099121,906.7599487304688,4.0,2024,3.031374931335449,"{""type"":""Point"",""coordinates"":[36.42492840483049,-0.24868128720606916]}"
3836,2.316002130508423,Nyandarua,2177.0,17.100000381469727,0.3620585799217224,1405.6363525390625,0.06757085720125203,36.493520697484435,0.4819223880767822,776.780517578125,4.0,2024,2.316002130508423,"{""type"":""Point"",""coordinates"":[36.493520697484435,0.06757085720125203]}"
3840,2.1254637241363525,Nyandarua,2402.0,22.008695602416992,0.3554367423057556,1086.5555419921875,-0.13431545958271912,36.36399070727832,0.5324441194534302,873.3862915039062,1.0,2024,2.1254637241363525,"{""type"":""Point"",""coordinates"":[36.36399070727832,-0.13431545958271912]}"
3843,2.8046891689300537,Nyandarua,2441.0,21.291303634643555,0.3861525356769562,1094.8021240234375,-0.00598299126533834,36.29957608903522,0.5399639010429382,947.9537963867188,4.0,2024,2.8046891689300537,"{""type"":""Point"",""coordinates"":[36.29957608903522,-0.00598299126533834]}"
3849,2.436311721801758,Nyandarua,2412.0,23.082609176635742,0.35882216691970825,957.3016967773438,-0.5674165237110095,36.491679565353756,0.47525379061698914,1003.9808349609375,4.0,2024,2.436311721801758,"{""type"":""Point"",""coordinates"":[36.491679565353756,-0.5674165237110095]}"
3853,2.8704023361206055,Nyandarua,2373.0,20.77391242980957,0.3367195129394531,1040.6885986328125,-0.2644780649190985,36.39524005472966,0.5138643980026245,904.895263671875,4.0,2024,2.8704023361206055,"{""type"":""Point"",""coordinates"":[36.39524005472966,-0.2644780649190985]}"
3865,2.0768051147460938,Nyandarua,2508.0,26.869565963745117,0.5817975401878357,518.3616943359375,-0.5032646673778528,36.56953827061799,0.7331174612045288,1202.222412109375,4.0,2024,2.0768051147460938,"{""type"":""Point"",""coordinates"":[36.56953827061799,-0.5032646673778528]}"
3878,1.0221771001815796,Nyandarua,2626.0,22.491304397583008,0.4331471621990204,719.7100219726562,-0.7980821081972818,36.59954766834097,0.6020667552947998,1443.79736328125,4.0,2024,1.0221771001815796,"{""type"":""Point"",""coordinates"":[36.59954766834097,-0.7980821081972818]}"
3879,1.8445537090301514,Nyandarua,2557.0,22.278261184692383,0.4437277019023895,719.7100219726562,-0.7503829877767498,36.5533932639297,0.6333733201026917,1443.79736328125,4.0,2024,1.8445537090301514,"{""type"":""Point"",""coordinates"":[36.5533932639297,-0.7503829877767498]}"
3880,1.3402214050292969,Nyandarua,2500.0,19.478260040283203,0.357800155878067,1126.5531005859375,-0.09073864608061379,36.47557919714396,0.5892584323883057,811.5564575195312,4.0,2024,1.3402214050292969,"{""type"":""Point"",""coordinates"":[36.47557919714396,-0.09073864608061379]}"
3903,1.9072744846343994,Nyandarua,2487.0,24.395652770996094,0.36881783604621887,986.5427856445312,-0.15161527023149857,36.352767444459104,0.6187305450439453,931.747802734375,4.0,2024,1.9072744846343994,"{""type"":""Point"",""coordinates"":[36.352767444459104,-0.15161527023149857]}"
3907,1.0986628532409668,Nyandarua,2656.0,22.547826766967773,0.42143625020980835,719.7100219726562,-0.8252527026998783,36.600927580177206,0.5960386395454407,1799.856201171875,4.0,2024,1.0986628532409668,"{""type"":""Point"",""coordinates"":[36.600927580177206,-0.8252527026998783]}"
3925,2.3957173824310303,Nyandarua,2337.0,17.395652770996094,0.3013307750225067,1086.5555419921875,-0.06179664373687033,36.40926813539197,0.4413091242313385,803.188232421875,4.0,2024,2.3957173824310303,"{""type"":""Point"",""coordinates"":[36.40926813539197,-0.06179664373687033]}"
3932,2.751361846923828,Nyandarua,2290.0,20.417390823364258,0.3159773647785187,1040.6885986328125,-0.33256456651956406,36.42753614181321,0.4897840917110443,919.640625,1.0,2024,2.751361846923828,"{""type"":""Point"",""coordinates"":[36.42753614181321,-0.33256456651956406]}"
3936,1.937546730041504,Nyandarua,2521.0,21.15217399597168,0.3797730505466461,903.48095703125,-0.05167655052762692,36.3009405823512,0.5647110342979431,932.858642578125,4.0,2024,1.937546730041504,"{""type"":""Point"",""coordinates"":[36.3009405823512,-0.05167655052762692]}"
3951,2.8963375091552734,Nyandarua,2359.0,18.95652198791504,0.459200918674469,1209.62353515625,-0.03709284760756112,36.37771456930014,0.6093360185623169,821.6705322265625,4.0,2024,2.8963375091552734,"{""type"":""Point"",""coordinates"":[36.37771456930014,-0.03709284760756112]}"
3970,2.4760987758636475,Nyandarua,2348.0,18.30434799194336,0.33388447761535645,1086.5555419921875,-0.07364722186808557,36.389290075547414,0.4902617931365967,847.884521484375,4.0,2024,2.4760987758636475,"{""type"":""Point"",""coordinates"":[36.389290075547414,-0.07364722186808557]}"
3971,1.9469106197357178,Nyandarua,2472.0,19.53043556213379,0.3224567174911499,1086.5555419921875,-0.058155478107152735,36.440441998666074,0.5006171464920044,803.188232421875,4.0,2024,1.9469106197357178,"{""type"":""Point"",""coordinates"":[36.440441998666074,-0.058155478107152735]}"
3977,1.2500840425491333,Nyandarua,2605.0,22.62173843383789,0.47159621119499207,719.7100219726562,-0.7696400007098927,36.58515787450542,0.638969898223877,1443.79736328125,4.0,2024,1.2500840425491333,"{""type"":""Point"",""coordinates"":[36.58515787450542,-0.7696400007098927]}"
3986,3.456482410430908,Nyandarua,2322.0,21.53478240966797,0.28021425008773804,1292.1944580078125,0.050481758872021464,36.426319560809034,0.4822680354118347,853.9402465820312,1.0,2024,3.456482410430908,"{""type"":""Point"",""coordinates"":[36.426319560809034,0.050481758872021464]}"
3997,2.4486026763916016,Nyandarua,2196.0,17.65652084350586,0.2722928524017334,1268.8878173828125,-0.04151974017199111,36.55515127366829,0.42271479964256287,612.8214111328125,4.0,2024,2.4486026763916016,"{""type"":""Point"",""coordinates"":[36.55515127366829,-0.04151974017199111]}"
3998,1.562463641166687,Nyandarua,2626.0,22.899999618530273,0.39253026247024536,1058.6063232421875,-0.2563196686367861,36.3189189892341,0.6250893473625183,843.2105102539062,4.0,2024,1.562463641166687,"{""type"":""Point"",""coordinates"":[36.3189189892341,-0.2563196686367861]}"
4002,2.7858428955078125,Nyandarua,2358.0,19.360870361328125,0.3039495050907135,1040.6885986328125,-0.2655658643229871,36.38753943319335,0.44936859607696533,904.895263671875,4.0,2024,2.7858428955078125,"{""type"":""Point"",""coordinates"":[36.38753943319335,-0.2655658643229871]}"
4006,2.594252109527588,Nyandarua,2322.0,21.65652084350586,0.29992565512657166,751.9829711914062,-0.3594854567267135,36.45115812915007,0.55611252784729,995.1351318359375,1.0,2024,2.594252109527588,"{""type"":""Point"",""coordinates"":[36.45115812915007,-0.3594854567267135]}"
4008,3.4553565979003906,Nyandarua,2404.0,24.017391204833984,0.33352893590927124,1143.9588623046875,-0.2672484013089204,36.24955587401752,0.490377813577652,1041.4737548828125,4.0,2024,3.4553565979003906,"{""type"":""Point"",""coordinates"":[36.24955587401752,-0.2672484013089204]}"
4011,2.4035592079162598,Nyandarua,2709.0,22.30869483947754,0.40829193592071533,898.3021850585938,-0.86652717362164,36.56841268076458,0.5806493759155273,1510.875244140625,4.0,2024,2.4035592079162598,"{""type"":""Point"",""coordinates"":[36.56841268076458,-0.86652717362164]}"
4016,1.3280811309814453,Nyandarua,2502.0,19.33478355407715,0.315273255109787,1126.5531005859375,-0.09760760872299082,36.474744882344794,0.485341876745224,811.5564575195312,4.0,2024,1.3280811309814453,"{""type"":""Point"",""coordinates"":[36.474744882344794,-0.09760760872299082]}"
4024,2.1905007362365723,Nyandarua,2424.0,21.704347610473633,0.35321611166000366,918.7949829101562,-0.547039710331396,36.49877469237382,0.4564904570579529,993.0908813476562,4.0,2024,2.1905007362365723,"{""type"":""Point"",""coordinates"":[36.49877469237382,-0.547039710331396]}"
4032,1.6679610013961792,Nyandarua,2623.0,20.326086044311523,0.30494630336761475,1058.6063232421875,-0.2640901101787,36.323952553251516,0.46327659487724304,843.2105102539062,4.0,2024,1.6679610013961792,"{""type"":""Point"",""coordinates"":[36.323952553251516,-0.2640901101787]}"
4047,2.6426827907562256,Nyandarua,2232.0,19.169565200805664,0.3555998206138611,1026.3397216796875,-0.10615866676265186,36.60999269673108,0.5320090055465698,672.5469360351562,4.0,2024,2.6426827907562256,"{""type"":""Point"",""coordinates"":[36.60999269673108,-0.10615866676265186]}"
4049,2.323986053466797,Nyandarua,2359.0,18.513044357299805,0.2929328978061676,1086.5555419921875,-0.10576267527695378,36.38012000906775,0.4545687437057495,873.3862915039062,4.0,2024,2.323986053466797,"{""type"":""Point"",""coordinates"":[36.38012000906775,-0.10576267527695378]}"
4062,0.8308839201927185,Nyandarua,2596.0,22.952173233032227,0.4077829420566559,719.7100219726562,-0.7969357516574413,36.632097875856694,0.5687049031257629,1535.402099609375,4.0,2024,0.8308839201927185,"{""type"":""Point"",""coordinates"":[36.632097875856694,-0.7969357516574413]}"
4069,2.6079938411712646,Nyandarua,2412.0,23.22608757019043,0.386894553899765,957.3016967773438,-0.5681304004786921,36.483263201320206,0.5468605160713196,1003.9808349609375,4.0,2024,2.6079938411712646,"{""type"":""Point"",""coordinates"":[36.483263201320206,-0.5681304004786921]}"
4072,1.500138759613037,Nyandarua,2567.0,22.443477630615234,0.31734442710876465,903.48095703125,-0.11333160690223229,36.32580930116969,0.4895355999469757,1024.9276123046875,4.0,2024,1.500138759613037,"{""type"":""Point"",""coordinates"":[36.32580930116969,-0.11333160690223229]}"
4076,1.5350784063339233,Nyandarua,2575.0,20.639129638671875,0.40354588627815247,719.7100219726562,-0.752601354830908,36.56834070600308,0.5537509918212891,1443.79736328125,4.0,2024,1.5350784063339233,"{""type"":""Point"",""coordinates"":[36.56834070600308,-0.752601354830908]}"
4078,3.1823720932006836,Nyandarua,2376.0,16.708696365356445,0.3267861604690552,1209.62353515625,-0.020016325693579223,36.38029205590504,0.5167933702468872,821.6705322265625,1.0,2024,3.1823720932006836,"{""type"":""Point"",""coordinates"":[36.38029205590504,-0.020016325693579223]}"
4081,2.474515914916992,Nyandarua,2665.0,22.147825241088867,0.3786269724369049,751.9829711914062,-0.37956758617545927,36.53329431972147,0.5726645588874817,1072.8966064453125,4.0,2024,2.474515914916992,"{""type"":""Point"",""coordinates"":[36.53329431972147,-0.37956758617545927]}"
4089,2.751753330230713,Nyandarua,2369.0,23.265216827392578,0.3172153830528259,881.013916015625,-0.23813471518335666,36.497925896876666,0.5187987685203552,948.2301635742188,4.0,2024,2.751753330230713,"{""type"":""Point"",""coordinates"":[36.497925896876666,-0.23813471518335666]}"
4107,1.552535057067871,Nyandarua,2637.0,19.57826042175293,0.3627167344093323,881.013916015625,-0.15016858170647662,36.48339978289197,0.5037944912910461,889.2483520507812,4.0,2024,1.552535057067871,"{""type"":""Point"",""coordinates"":[36.48339978289197,-0.15016858170647662]}"
4111,2.722498893737793,Nyandarua,2347.0,20.008695602416992,0.3405298590660095,1040.6885986328125,-0.3230140541956723,36.371659474153546,0.5421839952468872,883.1970825195312,4.0,2024,2.722498893737793,"{""type"":""Point"",""coordinates"":[36.371659474153546,-0.3230140541956723]}"
4114,2.054080009460449,Nyandarua,2431.0,23.18695640563965,0.37104782462120056,1086.5555419921875,-0.14884643500451364,36.36077718130303,0.5765815377235413,873.3862915039062,4.0,2024,2.054080009460449,"{""type"":""Point"",""coordinates"":[36.36077718130303,-0.14884643500451364]}"
4115,3.023533582687378,Nyandarua,2449.0,20.439130783081055,0.42687374353408813,957.3016967773438,-0.6192867143522153,36.49285220161929,0.5620484352111816,1018.88525390625,4.0,2024,3.023533582687378,"{""type"":""Point"",""coordinates"":[36.49285220161929,-0.6192867143522153]}"
4120,2.6920177936553955,Nyandarua,2390.0,21.143478393554688,0.3351975381374359,703.086669921875,-0.3282160298516713,36.50271263020562,0.4928928017616272,1091.4190673828125,4.0,2024,2.6920177936553955,"{""type"":""Point"",""coordinates"":[36.50271263020562,-0.3282160298516713]}"
4124,0.9448873996734619,Nyandarua,2630.0,22.46956443786621,0.39992305636405945,719.7100219726562,-0.8120982749046343,36.60793093416347,0.5771569013595581,1799.856201171875,4.0,2024,0.9448873996734619,"{""type"":""Point"",""coordinates"":[36.60793093416347,-0.8120982749046343]}"
4125,2.717203140258789,Nyandarua,2420.0,23.356521606445312,0.3208688497543335,703.086669921875,-0.2918618748070593,36.520183519325016,0.49869123101234436,1077.343994140625,4.0,2024,2.717203140258789,"{""type"":""Point"",""coordinates"":[36.520183519325016,-0.2918618748070593]}"
4132,1.484971046447754,Nyandarua,2508.0,18.92173957824707,0.2215934842824936,1126.5531005859375,-0.0944036285264178,36.461510332337916,0.36632245779037476,811.5564575195312,4.0,2024,1.484971046447754,"{""type"":""Point"",""coordinates"":[36.461510332337916,-0.0944036285264178]}"
4139,2.7301595211029053,Nyandarua,2410.0,21.595651626586914,0.34485504031181335,957.3016967773438,-0.5563679514978437,36.471582102149995,0.5020490884780884,1003.9808349609375,4.0,2024,2.7301595211029053,"{""type"":""Point"",""coordinates"":[36.471582102149995,-0.5563679514978437]}"
4144,1.761211633682251,Nyandarua,2583.0,21.904348373413086,0.3729647397994995,839.247314453125,-0.19132854731354051,36.34528410719298,0.577103316783905,1030.8326416015625,4.0,2024,1.761211633682251,"{""type"":""Point"",""coordinates"":[36.34528410719298,-0.19132854731354051]}"
4157,2.7301595211029053,Nyandarua,2410.0,21.595651626586914,0.34485504031181335,957.3016967773438,-0.5561905426116635,36.47105517955711,0.5020490884780884,1003.9808349609375,4.0,2024,2.7301595211029053,"{""type"":""Point"",""coordinates"":[36.47105517955711,-0.5561905426116635]}"
4164,2.5879411697387695,Nyandarua,2308.0,24.017391204833984,0.4245302677154541,751.9829711914062,-0.3596510772962814,36.46328834243489,0.6345157027244568,995.1351318359375,1.0,2024,2.5879411697387695,"{""type"":""Point"",""coordinates"":[36.46328834243489,-0.3596510772962814]}"
4170,2.810896635055542,Nyandarua,2363.0,19.31304359436035,0.2889914810657501,1040.6885986328125,-0.2660240124627995,36.389099790530516,0.4123954176902771,904.895263671875,4.0,2024,2.810896635055542,"{""type"":""Point"",""coordinates"":[36.389099790530516,-0.2660240124627995]}"
4175,1.114514946937561,Nyandarua,2555.0,22.95652198791504,0.46071165800094604,654.1491088867188,-0.7473928041814957,36.61425475152884,0.7244731783866882,1353.095703125,4.0,2024,1.114514946937561,"{""type"":""Point"",""coordinates"":[36.61425475152884,-0.7473928041814957]}"
4177,2.526487112045288,Nyandarua,2407.0,19.2391300201416,0.29201197624206543,986.5427856445312,-0.20550197326634956,36.38679937491043,0.44160395860671997,953.46484375,4.0,2024,2.526487112045288,"{""type"":""Point"",""coordinates"":[36.38679937491043,-0.20550197326634956]}"
4184,2.918097734451294,Nyandarua,2253.0,18.31739044189453,0.3200986683368683,1026.3397216796875,-0.10608214971907697,36.62732898691738,0.49863743782043457,672.5469360351562,4.0,2024,2.918097734451294,"{""type"":""Point"",""coordinates"":[36.62732898691738,-0.10608214971907697]}"
4189,1.7401893138885498,Nyandarua,2491.0,22.26956558227539,0.3897143602371216,636.4963989257812,-0.6446253399533672,36.564453580290674,0.5236040353775024,1237.2969970703125,4.0,2024,1.7401893138885498,"{""type"":""Point"",""coordinates"":[36.564453580290674,-0.6446253399533672]}"
4193,1.9519639015197754,Nyandarua,2155.0,17.639129638671875,0.32974350452423096,1271.9952392578125,0.04528926799288039,36.50321815565662,0.46181929111480713,723.430908203125,4.0,2024,1.9519639015197754,"{""type"":""Point"",""coordinates"":[36.50321815565662,0.04528926799288039]}"
4203,4.397670745849609,Nyandarua,2231.0,19.18695640563965,0.33757150173187256,1143.9588623046875,-0.28971337922502627,36.231147746055846,0.5584419369697571,1041.4737548828125,1.0,2024,4.397670745849609,"{""type"":""Point"",""coordinates"":[36.231147746055846,-0.28971337922502627]}"
4205,2.9195966720581055,Nyandarua,2326.0,18.743478775024414,0.23283369839191437,986.5427856445312,-0.23192944749608302,36.41832395592475,0.3405637741088867,906.7599487304688,1.0,2024,2.9195966720581055,"{""type"":""Point"",""coordinates"":[36.41832395592475,-0.23192944749608302]}"
4209,1.7119691371917725,Nyandarua,2277.0,17.243478775024414,0.3527086079120636,1271.9952392578125,-1.5378409069306814E-4,36.4877452796384,0.4567939341068268,744.7572631835938,4.0,2024,1.7119691371917725,"{""type"":""Point"",""coordinates"":[36.4877452796384,-1.5378409069306814E-4]}"
4228,2.1745917797088623,Nyandarua,2518.0,22.83478355407715,0.40034219622612,931.31884765625,-0.7072754154378528,36.53655014883187,0.5823649764060974,1146.4976806640625,4.0,2024,2.1745917797088623,"{""type"":""Point"",""coordinates"":[36.53655014883187,-0.7072754154378528]}"
4253,2.1463637351989746,Nyandarua,2119.0,16.81304359436035,0.3671145737171173,1271.9952392578125,0.04136744218582264,36.538899791822516,0.4327230751514435,723.430908203125,4.0,2024,2.1463637351989746,"{""type"":""Point"",""coordinates"":[36.538899791822516,0.04136744218582264]}"
4258,1.228953242301941,Nyandarua,2407.0,25.326086044311523,0.38415393233299255,1126.5531005859375,-0.08983660615748437,36.513032683115846,0.6198866963386536,790.762451171875,4.0,2024,1.228953242301941,"{""type"":""Point"",""coordinates"":[36.513032683115846,-0.08983660615748437]}"
4268,2.6900103092193604,Nyandarua,2408.0,23.995651245117188,0.4350450038909912,703.086669921875,-0.31135192459286837,36.51777052830739,0.6292681694030762,1091.4190673828125,4.0,2024,2.6900103092193604,"{""type"":""Point"",""coordinates"":[36.51777052830739,-0.31135192459286837]}"
4270,3.1242003440856934,Nyandarua,2069.0,16.404348373413086,0.28216445446014404,1268.8878173828125,0.013380238525486749,36.58392635437636,0.41777491569519043,626.6849975585938,4.0,2024,3.1242003440856934,"{""type"":""Point"",""coordinates"":[36.58392635437636,0.013380238525486749]}"
4279,1.8001883029937744,Nyandarua,2622.0,23.92608642578125,0.3826296031475067,1058.6063232421875,-0.278847750774351,36.313097229823846,0.5491052269935608,843.2105102539062,4.0,2024,1.8001883029937744,"{""type"":""Point"",""coordinates"":[36.313097229823846,-0.278847750774351]}"
4291,3.4130778312683105,Nyandarua,2094.0,16.87826156616211,0.342553049325943,1268.8878173828125,0.012429994415113313,36.595846895659406,0.5440186262130737,626.6849975585938,4.0,2024,3.4130778312683105,"{""type"":""Point"",""coordinates"":[36.595846895659406,0.012429994415113313]}"
4293,1.3507373332977295,Nyandarua,2597.0,22.42608642578125,0.366646945476532,719.7100219726562,-0.7654175243723489,36.57904660307242,0.551359236240387,1443.79736328125,4.0,2024,1.3507373332977295,"{""type"":""Point"",""coordinates"":[36.57904660307242,-0.7654175243723489]}"
4294,2.460787057876587,Nyandarua,2422.0,20.299999237060547,0.31799784302711487,1040.6885986328125,-0.28928393355954274,36.36026650327659,0.5255033373832703,904.895263671875,1.0,2024,2.460787057876587,"{""type"":""Point"",""coordinates"":[36.36026650327659,-0.28928393355954274]}"
4295,2.086190938949585,Nyandarua,2674.0,22.3869571685791,0.4567013382911682,719.7100219726562,-0.8230454630448555,36.558291562102795,0.6353341341018677,1475.797119140625,4.0,2024,2.086190938949585,"{""type"":""Point"",""coordinates"":[36.558291562102795,-0.8230454630448555]}"
4296,1.085476040840149,Nyandarua,2534.0,24.76956558227539,0.40442320704460144,654.1491088867188,-0.7313511116083736,36.64666660097542,0.59385746717453,1353.095703125,4.0,2024,1.085476040840149,"{""type"":""Point"",""coordinates"":[36.64666660097542,-0.7313511116083736]}"
4298,1.9918091297149658,Nyandarua,2159.0,17.6130428314209,0.4317101240158081,1271.9952392578125,0.0399327090255613,36.524727339492124,0.5522991418838501,723.430908203125,4.0,2024,1.9918091297149658,"{""type"":""Point"",""coordinates"":[36.524727339492124,0.0399327090255613]}"
4310,2.64556884765625,Nyandarua,2483.0,20.869565963745117,0.24099163711071014,1058.6063232421875,-0.31382468540877134,36.307566225079334,0.3980928361415863,935.0844116210938,4.0,2024,2.64556884765625,"{""type"":""Point"",""coordinates"":[36.307566225079334,-0.31382468540877134]}"
4320,2.7014846801757812,Nyandarua,2386.0,20.765216827392578,0.3185228705406189,986.5427856445312,-0.23053310241661298,36.39078214708202,0.47572991251945496,953.46484375,1.0,2024,2.7014846801757812,"{""type"":""Point"",""coordinates"":[36.39078214708202,-0.23053310241661298]}"
4322,2.261183500289917,Nyandarua,2782.0,20.46521759033203,0.23813830316066742,881.013916015625,-0.20403904464552639,36.51693756825426,0.3989751935005188,1073.35107421875,4.0,2024,2.261183500289917,"{""type"":""Point"",""coordinates"":[36.51693756825426,-0.20403904464552639]}"
4327,2.700572967529297,Nyandarua,2373.0,19.213043212890625,0.3224184513092041,986.5427856445312,-0.24670993498083083,36.38536478984767,0.46266698837280273,953.46484375,4.0,2024,2.700572967529297,"{""type"":""Point"",""coordinates"":[36.38536478984767,-0.24670993498083083]}"
4328,2.53593111038208,Nyandarua,2343.0,20.060869216918945,0.3263241946697235,986.5427856445312,-0.18516121889263107,36.420169696525086,0.4095979332923889,909.6834716796875,1.0,2024,2.53593111038208,"{""type"":""Point"",""coordinates"":[36.420169696525086,-0.18516121889263107]}"
4329,2.0852208137512207,Nyandarua,2162.0,15.839130401611328,0.31695467233657837,1405.6363525390625,0.054164745170018534,36.49616395933585,0.3971502482891083,776.780517578125,4.0,2024,2.0852208137512207,"{""type"":""Point"",""coordinates"":[36.49616395933585,0.054164745170018534]}"
4336,3.5531938076019287,Nyandarua,2637.0,18.61739158630371,0.38110750913619995,925.9317626953125,-0.1913862725485873,36.22883172127031,0.5930169820785522,1121.9827880859375,4.0,2024,3.5531938076019287,"{""type"":""Point"",""coordinates"":[36.22883172127031,-0.1913862725485873]}"
4343,1.9026516675949097,Nyandarua,2434.0,21.33478355407715,0.3663136065006256,1209.62353515625,-0.04522481192521655,36.4488152302315,0.5529962182044983,799.9849243164062,4.0,2024,1.9026516675949097,"{""type"":""Point"",""coordinates"":[36.4488152302315,-0.04522481192521655]}"
4345,1.55696439743042,Nyandarua,2645.0,21.830434799194336,0.2692725658416748,881.013916015625,-0.16137026675836633,36.50674442179278,0.4692632853984833,938.4208374023438,4.0,2024,1.55696439743042,"{""type"":""Point"",""coordinates"":[36.50674442179278,-0.16137026675836633]}"
4354,3.327580690383911,Nyandarua,2421.0,26.61739158630371,0.43224036693573,898.3021850585938,-0.8913776895809309,36.554554947424634,0.6421015858650208,1510.875244140625,4.0,2024,3.327580690383911,"{""type"":""Point"",""coordinates"":[36.554554947424634,-0.8913776895809309]}"
4355,1.7340023517608643,Nyandarua,2497.0,24.200000762939453,0.4265793263912201,636.4963989257812,-0.5965209907025372,36.587724807625726,0.5503810048103333,1056.6494140625,4.0,2024,1.7340023517608643,"{""type"":""Point"",""coordinates"":[36.587724807625726,-0.5965209907025372]}"
4358,2.7354736328125,Nyandarua,2159.0,18.16521644592285,0.2682698369026184,1268.8878173828125,-0.014547515099984424,36.56347002499819,0.4136928915977478,612.8214111328125,4.0,2024,2.7354736328125,"{""type"":""Point"",""coordinates"":[36.56347002499819,-0.014547515099984424]}"
4368,2.738452434539795,Nyandarua,2399.0,23.356521606445312,0.32482343912124634,703.086669921875,-0.28789180672862075,36.51759691958017,0.504984974861145,1077.343994140625,4.0,2024,2.738452434539795,"{""type"":""Point"",""coordinates"":[36.51759691958017,-0.28789180672862075]}"
4372,2.5391924381256104,Nyandarua,2338.0,22.047826766967773,0.4105820655822754,751.9829711914062,-0.37097376193558707,36.471865336651334,0.5888139009475708,995.1351318359375,1.0,2024,2.5391924381256104,"{""type"":""Point"",""coordinates"":[36.471865336651334,-0.37097376193558707]}"
4376,0.966792106628418,Nyandarua,2633.0,22.46956443786621,0.44156259298324585,719.7100219726562,-0.8163564296491872,36.6064832653284,0.5994430780410767,1799.856201171875,4.0,2024,0.966792106628418,"{""type"":""Point"",""coordinates"":[36.6064832653284,-0.8163564296491872]}"
4387,1.081974744796753,Nyandarua,2536.0,23.939130783081055,0.4252088665962219,631.21240234375,-0.7222916955218704,36.652666099842676,0.6106886863708496,1913.6236572265625,4.0,2024,1.081974744796753,"{""type"":""Point"",""coordinates"":[36.652666099842676,-0.7222916955218704]}"
4398,2.2413320541381836,Nyandarua,2486.0,22.017391204833984,0.2995351254940033,986.5427856445312,-0.2289327749150686,36.36385500660621,0.45481112599372864,953.46484375,1.0,2024,2.2413320541381836,"{""type"":""Point"",""coordinates"":[36.36385500660621,-0.2289327749150686]}"
4415,1.6516237258911133,Nyandarua,2559.0,20.69130516052246,0.3571040630340576,903.48095703125,-0.12576241951386616,36.33625905827498,0.5437503457069397,1024.9276123046875,4.0,2024,1.6516237258911133,"{""type"":""Point"",""coordinates"":[36.33625905827498,-0.12576241951386616]}"
4440,1.7863441705703735,Nyandarua,2481.0,24.31739044189453,0.491026908159256,636.4963989257812,-0.5615472432568603,36.5893575214486,0.6711037755012512,1056.6494140625,4.0,2024,1.7863441705703735,"{""type"":""Point"",""coordinates"":[36.5893575214486,-0.5615472432568603]}"
4442,2.956115245819092,Nyandarua,2304.0,24.11739158630371,0.30093616247177124,1040.6885986328125,-0.3049642402530044,36.42253651060344,0.47121596336364746,919.640625,1.0,2024,2.956115245819092,"{""type"":""Point"",""coordinates"":[36.42253651060344,-0.3049642402530044]}"
4444,1.8177320957183838,Nyandarua,2436.0,20.89130401611328,0.37130266427993774,636.4963989257812,-0.5582309126357848,36.55441836721461,0.5730664730072021,1056.6494140625,4.0,2024,1.8177320957183838,"{""type"":""Point"",""coordinates"":[36.55441836721461,-0.5582309126357848]}"
4446,1.8043488264083862,Nyandarua,2178.0,18.004348754882812,0.3232034742832184,1271.9952392578125,0.0086116592660113,36.515430169591454,0.44888556003570557,723.430908203125,4.0,2024,1.8043488264083862,"{""type"":""Point"",""coordinates"":[36.515430169591454,0.0086116592660113]}"
4450,1.7068870067596436,Nyandarua,2491.0,16.700000762939453,0.3581855595111847,1126.5531005859375,-0.06496318771223454,36.45374424564586,0.5243894457817078,811.5564575195312,4.0,2024,1.7068870067596436,"{""type"":""Point"",""coordinates"":[36.45374424564586,-0.06496318771223454]}"
4452,1.9534443616867065,Nyandarua,2185.0,17.34782600402832,0.2874966561794281,1271.9952392578125,0.04338667277000224,36.494496142034755,0.47665295004844666,791.9441528320312,4.0,2024,1.9534443616867065,"{""type"":""Point"",""coordinates"":[36.494496142034755,0.04338667277000224]}"
4455,2.0676980018615723,Nyandarua,2539.0,21.360870361328125,0.4535340368747711,518.3616943359375,-0.5053867223627494,36.59193375146455,0.600368320941925,1202.222412109375,4.0,2024,2.0676980018615723,"{""type"":""Point"",""coordinates"":[36.59193375146455,-0.5053867223627494]}"
4465,1.5764057636260986,Nyandarua,2597.0,21.160869598388672,0.380652517080307,1058.6063232421875,-0.25639050505363964,36.29914023758929,0.5680432915687561,950.6990356445312,4.0,2024,1.5764057636260986,"{""type"":""Point"",""coordinates"":[36.29914023758929,-0.25639050505363964]}"
4466,2.1823108196258545,Nyandarua,2328.0,17.15217399597168,0.22745554149150848,1086.5555419921875,-0.06481840343232284,36.42268867890371,0.4364146590232849,803.188232421875,1.0,2024,2.1823108196258545,"{""type"":""Point"",""coordinates"":[36.42268867890371,-0.06481840343232284]}"
4468,1.4426058530807495,Nyandarua,2593.0,23.082609176635742,0.4333631098270416,719.7100219726562,-0.7794638061557647,36.574453360527215,0.6104617714881897,1443.79736328125,4.0,2024,1.4426058530807495,"{""type"":""Point"",""coordinates"":[36.574453360527215,-0.7794638061557647]}"
4469,2.697512149810791,Nyandarua,2441.0,20.508695602416992,0.39424842596054077,957.3016967773438,-0.6201907971672527,36.50582637881581,0.5530778765678406,1156.154296875,4.0,2024,2.697512149810791,"{""type"":""Point"",""coordinates"":[36.50582637881581,-0.6201907971672527]}"
4478,2.850386142730713,Nyandarua,2346.0,19.734783172607422,0.3166949152946472,986.5427856445312,-0.22028042136838152,36.422500522228226,0.5219526886940002,906.7599487304688,4.0,2024,2.850386142730713,"{""type"":""Point"",""coordinates"":[36.422500522228226,-0.22028042136838152]}"
4487,1.7845476865768433,Nyandarua,2662.0,19.647825241088867,0.30586665868759155,881.013916015625,-0.16653632295675477,36.486970029889925,0.4864068329334259,889.2483520507812,4.0,2024,1.7845476865768433,"{""type"":""Point"",""coordinates"":[36.486970029889925,-0.16653632295675477]}"
4491,3.1867117881774902,Nyandarua,2242.0,20.917390823364258,0.30690109729766846,1154.89013671875,-0.39980885665072874,36.4053857930462,0.5060086846351624,916.82666015625,4.0,2024,3.1867117881774902,"{""type"":""Point"",""coordinates"":[36.4053857930462,-0.39980885665072874]}"
4492,2.1165199279785156,Nyandarua,2471.0,22.39130401611328,0.34769415855407715,957.3016967773438,-0.6349104096016202,36.53462773482605,0.473209023475647,1156.154296875,4.0,2024,2.1165199279785156,"{""type"":""Point"",""coordinates"":[36.53462773482605,-0.6349104096016202]}"
4502,2.6107048988342285,Nyandarua,2288.0,21.18260955810547,0.3129436671733856,1154.89013671875,-0.35745630698241665,36.44062438933813,0.4867941737174988,907.397216796875,4.0,2024,2.6107048988342285,"{""type"":""Point"",""coordinates"":[36.44062438933813,-0.35745630698241665]}"
4504,2.895996570587158,Nyandarua,2347.0,21.104347229003906,0.32489296793937683,986.5427856445312,-0.22469895265969048,36.43698875649058,0.49173104763031006,906.7599487304688,4.0,2024,2.895996570587158,"{""type"":""Point"",""coordinates"":[36.43698875649058,-0.22469895265969048]}"
4511,1.6416035890579224,Nyandarua,2510.0,21.173913955688477,0.286182165145874,1126.5531005859375,-0.07509525564303002,36.45464644509531,0.4915843904018402,811.5564575195312,4.0,2024,1.6416035890579224,"{""type"":""Point"",""coordinates"":[36.45464644509531,-0.07509525564303002]}"
4516,1.2757986783981323,Nyandarua,2608.0,21.2608699798584,0.4037020802497864,1126.5531005859375,-0.1356204468285461,36.5479408117554,0.5829493403434753,839.7156372070312,4.0,2024,1.2757986783981323,"{""type"":""Point"",""coordinates"":[36.5479408117554,-0.1356204468285461]}"
4520,1.36702561378479,Nyandarua,2559.0,22.160869598388672,0.4479217231273651,654.1491088867188,-0.7318999546403684,36.583252293886765,0.6126967668533325,1237.4268798828125,4.0,2024,1.36702561378479,"{""type"":""Point"",""coordinates"":[36.583252293886765,-0.7318999546403684]}"
4523,1.3856886625289917,Nyandarua,2619.0,20.46956443786621,0.39301255345344543,881.013916015625,-0.15426410405340868,36.52227156109148,0.5886939764022827,938.4208374023438,4.0,2024,1.3856886625289917,"{""type"":""Point"",""coordinates"":[36.52227156109148,-0.15426410405340868]}"
4524,1.8248586654663086,Nyandarua,2194.0,17.565217971801758,0.3399634063243866,1271.9952392578125,0.004173201234962083,36.517851181985925,0.43745899200439453,723.430908203125,4.0,2024,1.8248586654663086,"{""type"":""Point"",""coordinates"":[36.517851181985925,0.004173201234962083]}"
4532,2.87784481048584,Nyandarua,2501.0,25.521739959716797,0.39794328808784485,1088.5662841796875,-0.10539766205700028,36.2204877079734,0.616212010383606,1095.2337646484375,4.0,2024,2.87784481048584,"{""type"":""Point"",""coordinates"":[36.2204877079734,-0.10539766205700028]}"
4533,2.298302173614502,Nyandarua,2065.0,17.169565200805664,0.2964007556438446,1268.8878173828125,0.026756802244071343,36.55021795409978,0.5025432109832764,626.6849975585938,4.0,2024,2.298302173614502,"{""type"":""Point"",""coordinates"":[36.55021795409978,0.026756802244071343]}"
4542,1.9198542833328247,Nyandarua,2455.0,22.30869483947754,0.33932995796203613,957.3016967773438,-0.6161548414856497,36.54552457893707,0.4680617153644562,1156.154296875,4.0,2024,1.9198542833328247,"{""type"":""Point"",""coordinates"":[36.54552457893707,-0.6161548414856497]}"
4557,3.3412275314331055,Nyandarua,2346.0,20.61739158630371,0.2867198884487152,1154.89013671875,-0.3581734172211286,36.350825072250345,0.4735839068889618,854.5677490234375,4.0,2024,3.3412275314331055,"{""type"":""Point"",""coordinates"":[36.350825072250345,-0.3581734172211286]}"
4574,3.0299272537231445,Nyandarua,2445.0,21.482608795166016,0.4411015808582306,957.3016967773438,-0.6108925215670797,36.48848974526307,0.5538327693939209,1018.88525390625,4.0,2024,3.0299272537231445,"{""type"":""Point"",""coordinates"":[36.48848974526307,-0.6108925215670797]}"
4575,1.3665204048156738,Nyandarua,2559.0,24.256521224975586,0.4893513023853302,654.1491088867188,-0.700736237502699,36.62717991916157,0.6682422757148743,1353.095703125,4.0,2024,1.3665204048156738,"{""type"":""Point"",""coordinates"":[36.62717991916157,-0.700736237502699]}"
4577,2.3548262119293213,Nyandarua,2377.0,18.982608795166016,0.27222907543182373,986.5427856445312,-0.16924972622085468,36.383546911661504,0.41564685106277466,931.747802734375,4.0,2024,2.3548262119293213,"{""type"":""Point"",""coordinates"":[36.383546911661504,-0.16924972622085468]}"
4578,2.6932339668273926,Nyandarua,2427.0,21.80869483947754,0.36211520433425903,957.3016967773438,-0.6110698643609295,36.50292550190722,0.4986001253128052,1156.154296875,4.0,2024,2.6932339668273926,"{""type"":""Point"",""coordinates"":[36.50292550190722,-0.6110698643609295]}"
4581,3.3301639556884766,Nyandarua,2194.0,17.756521224975586,0.4131138026714325,1405.6363525390625,0.09032126122399173,36.45608155310918,0.4809463322162628,776.780517578125,1.0,2024,3.3301639556884766,"{""type"":""Point"",""coordinates"":[36.45608155310918,0.09032126122399173]}"
4582,2.7814781665802,Nyandarua,2507.0,20.604347229003906,0.33362317085266113,1058.6063232421875,-0.31750076564254265,36.30504209944585,0.49106523394584656,935.0844116210938,4.0,2024,2.7814781665802,"{""type"":""Point"",""coordinates"":[36.30504209944585,-0.31750076564254265]}"
4597,1.5380988121032715,Nyandarua,2671.0,20.756521224975586,0.28583574295043945,839.247314453125,-0.20535343038305487,36.33311092426077,0.43076103925704956,1005.59912109375,4.0,2024,1.5380988121032715,"{""type"":""Point"",""coordinates"":[36.33311092426077,-0.20535343038305487]}"
4606,2.821298599243164,Nyandarua,2448.0,20.604347229003906,0.3984335958957672,1094.8021240234375,-0.005104266192249874,36.30919249598307,0.5551658868789673,864.9548950195312,4.0,2024,2.821298599243164,"{""type"":""Point"",""coordinates"":[36.30919249598307,-0.005104266192249874]}"
4614,3.536480665206909,Nyandarua,2087.0,18.326086044311523,0.35984084010124207,1405.6363525390625,0.11014426236138586,36.46344431662401,0.5032948851585388,749.438232421875,4.0,2024,3.536480665206909,"{""type"":""Point"",""coordinates"":[36.46344431662401,0.11014426236138586]}"
4615,1.6809775829315186,Nyandarua,2528.0,22.30434799194336,0.4896412789821625,636.4963989257812,-0.6337746846827774,36.590293139438984,0.6823244690895081,1237.2969970703125,4.0,2024,1.6809775829315186,"{""type"":""Point"",""coordinates"":[36.590293139438984,-0.6337746846827774]}"
4618,1.8058419227600098,Nyandarua,2461.0,22.60869598388672,0.40327057242393494,636.4963989257812,-0.5831151881768101,36.556332764320345,0.5731791257858276,1056.6494140625,4.0,2024,1.8058419227600098,"{""type"":""Point"",""coordinates"":[36.556332764320345,-0.5831151881768101]}"
4630,1.95259428024292,Nyandarua,2495.0,19.582609176635742,0.36311182379722595,1086.5555419921875,-0.13318810368815676,36.35388839924095,0.5896151065826416,873.3862915039062,1.0,2024,1.95259428024292,"{""type"":""Point"",""coordinates"":[36.35388839924095,-0.13318810368815676]}"
4642,0.8940926194190979,Nyandarua,2558.0,24.447826385498047,0.40305718779563904,719.7100219726562,-0.7747775129874553,36.635905738538256,0.5653302073478699,1535.402099609375,4.0,2024,0.8940926194190979,"{""type"":""Point"",""coordinates"":[36.635905738538256,-0.7747775129874553]}"
4643,2.3058876991271973,Nyandarua,2352.0,17.42608642578125,0.2104479968547821,1086.5555419921875,-0.12544569184292204,36.390142672595616,0.32271236181259155,873.3862915039062,1.0,2024,2.3058876991271973,"{""type"":""Point"",""coordinates"":[36.390142672595616,-0.12544569184292204]}"
4650,1.8250113725662231,Nyandarua,2691.0,20.87826156616211,0.3454950153827667,839.247314453125,-0.1905924840645738,36.269362194617905,0.5311858057975769,1070.0,4.0,2024,1.8250113725662231,"{""type"":""Point"",""coordinates"":[36.269362194617905,-0.1905924840645738]}"
4656,2.0241150856018066,Nyandarua,2595.0,19.908695220947266,0.3125634789466858,1058.6063232421875,-0.28418953999652297,36.33359017688564,0.48781582713127136,843.2105102539062,4.0,2024,2.0241150856018066,"{""type"":""Point"",""coordinates"":[36.33359017688564,-0.28418953999652297]}"
4668,1.2961314916610718,Nyandarua,2615.0,23.173913955688477,0.42633500695228577,719.7100219726562,-0.7902610213504203,36.582174012168636,0.6365382075309753,1443.79736328125,4.0,2024,1.2961314916610718,"{""type"":""Point"",""coordinates"":[36.582174012168636,-0.7902610213504203]}"
4670,1.3203766345977783,Nyandarua,2703.0,21.526086807250977,0.36001840233802795,839.247314453125,-0.21377243500349674,36.30170445036836,0.5475658178329468,1005.59912109375,4.0,2024,1.3203766345977783,"{""type"":""Point"",""coordinates"":[36.30170445036836,-0.21377243500349674]}"
4676,2.824756145477295,Nyandarua,2309.0,20.80434799194336,0.3314177393913269,1154.89013671875,-0.3536814373677409,36.38344382015848,0.560645341873169,854.5677490234375,4.0,2024,2.824756145477295,"{""type"":""Point"",""coordinates"":[36.38344382015848,-0.3536814373677409]}"
4677,2.0977277755737305,Nyandarua,2427.0,22.473913192749023,0.37835875153541565,918.7949829101562,-0.5304065363453501,36.50520299340192,0.5514864325523376,1071.072021484375,4.0,2024,2.0977277755737305,"{""type"":""Point"",""coordinates"":[36.50520299340192,-0.5304065363453501]}"
4691,3.8305985927581787,Nyandarua,2463.0,23.004348754882812,0.3223907947540283,1293.6524658203125,-0.35517980944694355,36.319355071035666,0.5179776549339294,846.8605346679688,4.0,2024,3.8305985927581787,"{""type"":""Point"",""coordinates"":[36.319355071035666,-0.35517980944694355]}"
4695,3.678926467895508,Nyandarua,2233.0,21.982608795166016,0.34644803404808044,1163.2713623046875,-0.5397272620002045,36.432486647715265,0.5368109941482544,863.3080444335938,4.0,2024,3.678926467895508,"{""type"":""Point"",""coordinates"":[36.432486647715265,-0.5397272620002045]}"
4705,2.146566390991211,Nyandarua,2467.0,18.37826156616211,0.3819172978401184,986.5427856445312,-0.1942702841258705,36.36453372631888,0.6024506092071533,931.747802734375,4.0,2024,2.146566390991211,"{""type"":""Point"",""coordinates"":[36.36453372631888,-0.1942702841258705]}"
4727,3.034982442855835,Nyandarua,2212.0,17.126087188720703,0.32280781865119934,1405.6363525390625,0.07535852031594333,36.45605990226107,0.468362033367157,776.780517578125,4.0,2024,3.034982442855835,"{""type"":""Point"",""coordinates"":[36.45605990226107,0.07535852031594333]}"
4735,2.6674320697784424,Nyandarua,2337.0,20.46521759033203,0.347208172082901,1040.6885986328125,-0.30180394017708434,36.37297379525227,0.5398256778717041,883.1970825195312,4.0,2024,2.6674320697784424,"{""type"":""Point"",""coordinates"":[36.37297379525227,-0.30180394017708434]}"
4739,2.9387521743774414,Nyandarua,2385.0,20.756521224975586,0.45520099997520447,1209.62353515625,-0.02282848214951475,36.35057080073461,0.6474941372871399,821.6705322265625,1.0,2024,2.9387521743774414,"{""type"":""Point"",""coordinates"":[36.35057080073461,-0.02282848214951475]}"
4742,1.4307491779327393,Nyandarua,2554.0,22.221738815307617,0.27486881613731384,654.1491088867188,-0.7008670472292876,36.60821916276216,0.5054675340652466,1353.095703125,4.0,2024,1.4307491779327393,"{""type"":""Point"",""coordinates"":[36.60821916276216,-0.7008670472292876]}"
4753,3.350306987762451,Nyandarua,2542.0,22.96956443786621,0.36249420046806335,1058.6063232421875,-0.3215508758645915,36.2748953154261,0.48005151748657227,908.1383056640625,4.0,2024,3.350306987762451,"{""type"":""Point"",""coordinates"":[36.2748953154261,-0.3215508758645915]}"
4755,1.7749215364456177,Nyandarua,2483.0,22.013044357299805,0.39162182807922363,654.1491088867188,-0.6512831217756511,36.55788471590576,0.5341275930404663,1301.0384521484375,4.0,2024,1.7749215364456177,"{""type"":""Point"",""coordinates"":[36.55788471590576,-0.6512831217756511]}"
4765,2.321951150894165,Nyandarua,2479.0,21.126087188720703,0.23575180768966675,1040.6885986328125,-0.2619803498897207,36.36175099374597,0.37932977080345154,904.895263671875,4.0,2024,2.321951150894165,"{""type"":""Point"",""coordinates"":[36.36175099374597,-0.2619803498897207]}"
4773,1.7700607776641846,Nyandarua,2312.0,18.169565200805664,0.300834596157074,1271.9952392578125,-0.007961344680545683,36.474185164351226,0.42061954736709595,744.7572631835938,4.0,2024,1.7700607776641846,"{""type"":""Point"",""coordinates"":[36.474185164351226,-0.007961344680545683]}"
4774,1.8273720741271973,Nyandarua,2470.0,22.30434799194336,0.4349619150161743,636.4963989257812,-0.6396485129272715,36.5546377983838,0.5927714705467224,1237.2969970703125,4.0,2024,1.8273720741271973,"{""type"":""Point"",""coordinates"":[36.5546377983838,-0.6396485129272715]}"
4785,2.1771626472473145,Nyandarua,2464.0,22.065217971801758,0.3886750340461731,957.3016967773438,-0.6304809199309644,36.53122908029329,0.5418592691421509,1156.154296875,4.0,2024,2.1771626472473145,"{""type"":""Point"",""coordinates"":[36.53122908029329,-0.6304809199309644]}"
4787,2.2194557189941406,Nyandarua,2491.0,20.778261184692383,0.4465351700782776,1058.6063232421875,-0.2962196461891103,36.299382457958224,0.6425520777702332,950.6990356445312,4.0,2024,2.2194557189941406,"{""type"":""Point"",""coordinates"":[36.299382457958224,-0.2962196461891103]}"
4796,2.456552028656006,Nyandarua,2421.0,19.713043212890625,0.28063634037971497,986.5427856445312,-0.21443258539216617,36.378502838156756,0.4469131529331207,953.46484375,4.0,2024,2.456552028656006,"{""type"":""Point"",""coordinates"":[36.378502838156756,-0.21443258539216617]}"
4799,1.8168389797210693,Nyandarua,2199.0,17.708696365356445,0.3504745066165924,1271.9952392578125,0.00457533411287884,36.51738675376023,0.4423193335533142,723.430908203125,4.0,2024,1.8168389797210693,"{""type"":""Point"",""coordinates"":[36.51738675376023,0.00457533411287884]}"
4821,1.7628871202468872,Nyandarua,2556.0,21.473913192749023,0.3484373986721039,839.247314453125,-0.15611213706640448,36.3453519151728,0.5260553956031799,1030.8326416015625,4.0,2024,1.7628871202468872,"{""type"":""Point"",""coordinates"":[36.3453519151728,-0.15611213706640448]}"
4831,2.810882568359375,Nyandarua,2331.0,19.68260955810547,0.33915093541145325,1040.6885986328125,-0.2844917198518442,36.38733253179008,0.5118286609649658,904.895263671875,1.0,2024,2.810882568359375,"{""type"":""Point"",""coordinates"":[36.38733253179008,-0.2844917198518442]}"
4834,1.1324559450149536,Nyandarua,2734.0,20.321739196777344,0.4300605058670044,839.247314453125,-0.1644507838594281,36.29470541241126,0.5958893299102783,1070.0,4.0,2024,1.1324559450149536,"{""type"":""Point"",""coordinates"":[36.29470541241126,-0.1644507838594281]}"
4835,3.0594229698181152,Nyandarua,2339.0,21.2391300201416,0.3141617476940155,1040.6885986328125,-0.25395278461378995,36.42833773574483,0.47917476296424866,931.769287109375,4.0,2024,3.0594229698181152,"{""type"":""Point"",""coordinates"":[36.42833773574483,-0.25395278461378995]}"
4838,2.755314826965332,Nyandarua,2262.0,18.778261184692383,0.41348281502723694,1026.3397216796875,-0.10639211038830242,36.61708054785516,0.5843757390975952,672.5469360351562,4.0,2024,2.755314826965332,"{""type"":""Point"",""coordinates"":[36.61708054785516,-0.10639211038830242]}"
4854,4.042056560516357,Nyandarua,2388.0,21.504348754882812,0.3277883529663086,1293.6524658203125,-0.3530085701388065,36.29793214119741,0.44279617071151733,832.1256103515625,4.0,2024,4.042056560516357,"{""type"":""Point"",""coordinates"":[36.29793214119741,-0.3530085701388065]}"
4860,1.5710768699645996,Nyandarua,2519.0,22.291303634643555,0.40447402000427246,654.1491088867188,-0.6823478732262033,36.57680580599248,0.5620339512825012,1301.0384521484375,4.0,2024,1.5710768699645996,"{""type"":""Point"",""coordinates"":[36.57680580599248,-0.6823478732262033]}"
4863,3.7688634395599365,Nyandarua,2355.0,16.526086807250977,0.26814502477645874,1209.62353515625,0.009024407138968005,36.36480894573542,0.4136987626552582,860.7394409179688,4.0,2024,3.7688634395599365,"{""type"":""Point"",""coordinates"":[36.36480894573542,0.009024407138968005]}"
4864,2.2951719760894775,Nyandarua,2565.0,20.204347610473633,0.2561352849006653,1058.6063232421875,-0.30051678090071365,36.33542496177194,0.401269793510437,935.0844116210938,4.0,2024,2.2951719760894775,"{""type"":""Point"",""coordinates"":[36.33542496177194,-0.30051678090071365]}"
4867,2.7920963764190674,Nyandarua,2424.0,21.62173843383789,0.4489317238330841,957.3016967773438,-0.5591026554832562,36.468906430556075,0.6307347416877747,1003.9808349609375,4.0,2024,2.7920963764190674,"{""type"":""Point"",""coordinates"":[36.468906430556075,-0.5591026554832562]}"
4872,3.12794828414917,Nyandarua,2305.0,25.373912811279297,0.35728880763053894,1163.2713623046875,-0.520121560921126,36.44924097366929,0.5582491159439087,863.3080444335938,1.0,2024,3.12794828414917,"{""type"":""Point"",""coordinates"":[36.44924097366929,-0.520121560921126]}"
4887,1.522829294204712,Nyandarua,2540.0,22.021739959716797,0.4289679229259491,654.1491088867188,-0.710084880488645,36.571815206950646,0.5725006461143494,1237.4268798828125,4.0,2024,1.522829294204712,"{""type"":""Point"",""coordinates"":[36.571815206950646,-0.710084880488645]}"
4905,2.848572254180908,Nyandarua,2349.0,24.130434036254883,0.34689995646476746,703.086669921875,-0.3154076717530982,36.478636179993195,0.5627176761627197,976.94140625,4.0,2024,2.848572254180908,"{""type"":""Point"",""coordinates"":[36.478636179993195,-0.3154076717530982]}"
4911,2.510077714920044,Nyandarua,2396.0,21.526086807250977,0.3089781701564789,918.7949829101562,-0.4899871011823842,36.47880312178061,0.46891269087791443,1043.3436279296875,1.0,2024,2.510077714920044,"{""type"":""Point"",""coordinates"":[36.47880312178061,-0.4899871011823842]}"
4927,2.9491426944732666,Nyandarua,2344.0,20.27391242980957,0.2984169125556946,1040.6885986328125,-0.2860776477283245,36.40275703452177,0.4994221329689026,931.769287109375,1.0,2024,2.9491426944732666,"{""type"":""Point"",""coordinates"":[36.40275703452177,-0.2860776477283245]}"
4933,1.8963040113449097,Nyandarua,2488.0,19.286956787109375,0.32982927560806274,903.48095703125,-0.09226318109858138,36.340678328562866,0.5333642363548279,932.858642578125,4.0,2024,1.8963040113449097,"{""type"":""Point"",""coordinates"":[36.340678328562866,-0.09226318109858138]}"
4941,3.0191709995269775,Nyandarua,2369.0,21.03043556213379,0.3190430998802185,1209.62353515625,-0.02823982918549119,36.36895895051357,0.499115914106369,821.6705322265625,1.0,2024,3.0191709995269775,"{""type"":""Point"",""coordinates"":[36.36895895051357,-0.02823982918549119]}"
4967,2.230997085571289,Nyandarua,2532.0,20.53043556213379,0.35074785351753235,1058.6063232421875,-0.29345568421071616,36.34111247582534,0.5300406813621521,843.2105102539062,4.0,2024,2.230997085571289,"{""type"":""Point"",""coordinates"":[36.34111247582534,-0.29345568421071616]}"
4985,1.5746889114379883,Nyandarua,2541.0,22.27391242980957,0.2960437536239624,903.48095703125,-0.10598042359292507,36.32722456735529,0.46584567427635193,1024.9276123046875,4.0,2024,1.5746889114379883,"{""type"":""Point"",""coordinates"":[36.32722456735529,-0.10598042359292507]}"
4987,1.655512809753418,Nyandarua,2588.0,21.482608795166016,0.32419127225875854,903.48095703125,-0.1356730137600123,36.33851741478679,0.5125749111175537,1024.9276123046875,4.0,2024,1.655512809753418,"{""type"":""Point"",""coordinates"":[36.33851741478679,-0.1356730137600123]}"
