system:index,actual_yield_baseline,county,elevation,et_mean,evi,gdd_total,latitude,longitude,ndvi,precip_total,soil,year,yield_value,.geo
0,6.4625959396362305,Trans Nzoia,1803.0,25.61739158630371,0.35090401768684387,1472.4818115234375,0.9643378920181832,34.87558947477503,0.5395837426185608,941.492431640625,1.0,2024,6.4625959396362305,"{""type"":""Point"",""coordinates"":[34.87558947477503,0.9643378920181832]}"
1,6.535181045532227,Trans Nzoia,1874.0,25.84782600402832,0.3547808527946472,1463.1514892578125,0.9440617728346814,35.235921275215,0.5625227093696594,1050.580810546875,1.0,2024,6.535181045532227,"{""type"":""Point"",""coordinates"":[35.235921275215,0.9440617728346814]}"
3,6.318985939025879,Trans Nzoia,2194.0,25.0,0.34763917326927185,1415.5245361328125,1.028808060877655,34.789425756318956,0.3923527002334595,954.0535278320312,1.0,2024,6.318985939025879,"{""type"":""Point"",""coordinates"":[34.789425756318956,1.028808060877655]}"
5,7.791998863220215,Trans Nzoia,1885.0,21.939130783081055,0.38135579228401184,1311.3265380859375,1.0496458302803007,35.00789213026798,0.6391533017158508,895.3138427734375,1.0,2024,7.791998863220215,"{""type"":""Point"",""coordinates"":[35.00789213026798,1.0496458302803007]}"
11,7.3904619216918945,Trans Nzoia,1862.0,26.439130783081055,0.33108726143836975,1372.1785888671875,1.1323409828074305,35.026790799741356,0.5209970474243164,862.4269409179688,1.0,2024,7.3904619216918945,"{""type"":""Point"",""coordinates"":[35.026790799741356,1.1323409828074305]}"
18,7.110733985900879,Trans Nzoia,1811.0,20.68260955810547,0.3405945301055908,1640.1566162109375,1.2332280805631506,34.867689426941936,0.4556175470352173,915.8572387695312,6.0,2024,7.110733985900879,"{""type"":""Point"",""coordinates"":[34.867689426941936,1.2332280805631506]}"
19,4.420913219451904,Trans Nzoia,2334.0,21.869565963745117,0.3870781660079956,1001.4498901367188,1.0113049071177003,35.35998904116635,0.5073205232620239,1072.848388671875,4.0,2024,4.420913219451904,"{""type"":""Point"",""coordinates"":[35.35998904116635,1.0113049071177003]}"
21,7.177041053771973,Trans Nzoia,1747.0,23.408695220947266,0.45031192898750305,1388.3951416015625,0.8913261085206473,34.9567694039984,0.6282374262809753,985.6636352539062,1.0,2024,7.177041053771973,"{""type"":""Point"",""coordinates"":[34.9567694039984,0.8913261085206473]}"
22,7.220799446105957,Trans Nzoia,1763.0,22.134782791137695,0.42031991481781006,1388.3951416015625,0.91016286206359,34.97868359526004,0.5720174908638,1042.5777587890625,1.0,2024,7.220799446105957,"{""type"":""Point"",""coordinates"":[34.97868359526004,0.91016286206359]}"
23,6.627943992614746,Trans Nzoia,2161.0,22.31304359436035,0.2554992735385895,1653.9757080078125,1.1744648915795564,34.77648413066807,0.4512782394886017,878.0504150390625,1.0,2024,6.627943992614746,"{""type"":""Point"",""coordinates"":[34.77648413066807,1.1744648915795564]}"
24,7.158464431762695,Trans Nzoia,1870.0,19.973913192749023,0.36523255705833435,1640.1566162109375,1.2177160169366326,34.89743220761562,0.509413480758667,915.8572387695312,1.0,2024,7.158464431762695,"{""type"":""Point"",""coordinates"":[34.89743220761562,1.2177160169366326]}"
27,6.655452728271484,Trans Nzoia,1924.0,24.986955642700195,0.3398267924785614,1448.66259765625,1.0072144951226054,35.24714358547851,0.5135132670402527,1040.30517578125,1.0,2024,6.655452728271484,"{""type"":""Point"",""coordinates"":[35.24714358547851,1.0072144951226054]}"
30,7.311491012573242,Trans Nzoia,1850.0,25.45652198791504,0.44444069266319275,1587.5098876953125,1.1379291857023734,34.87140608768172,0.5936902761459351,896.3999633789062,1.0,2024,7.311491012573242,"{""type"":""Point"",""coordinates"":[34.87140608768172,1.1379291857023734]}"
35,7.039436340332031,Trans Nzoia,1867.0,22.869565963745117,0.28807833790779114,1587.5098876953125,1.0781070163129651,34.86487424094225,0.4453490078449249,908.87646484375,1.0,2024,7.039436340332031,"{""type"":""Point"",""coordinates"":[34.86487424094225,1.0781070163129651]}"
36,6.754181861877441,Trans Nzoia,1872.0,22.439130783081055,0.3478066921234131,1327.4505615234375,1.0408265361105564,35.087207870527976,0.5286113619804382,969.0385131835938,1.0,2024,6.754181861877441,"{""type"":""Point"",""coordinates"":[35.087207870527976,1.0408265361105564]}"
44,6.682004928588867,Trans Nzoia,1771.0,23.600000381469727,0.43566855788230896,1388.3951416015625,0.8915869689007718,35.01801302004523,0.6648052334785461,889.9072265625,4.0,2024,6.682004928588867,"{""type"":""Point"",""coordinates"":[35.01801302004523,0.8915869689007718]}"
46,7.045117378234863,Trans Nzoia,1899.0,23.600000381469727,0.3585866689682007,1653.9757080078125,1.1587614235247983,34.844011420302195,0.5175935626029968,878.5647583007812,1.0,2024,7.045117378234863,"{""type"":""Point"",""coordinates"":[34.844011420302195,1.1587614235247983]}"
48,6.304876804351807,Trans Nzoia,2233.0,25.747825622558594,0.33150625228881836,1451.5164794921875,0.948423760529174,34.77399780234684,0.4922454357147217,1013.508056640625,1.0,2024,6.304876804351807,"{""type"":""Point"",""coordinates"":[34.77399780234684,0.948423760529174]}"
50,7.108822345733643,Trans Nzoia,1847.0,20.299999237060547,0.31717008352279663,1640.1566162109375,1.2281293972721101,34.877552840619074,0.4389365017414093,915.8572387695312,6.0,2024,7.108822345733643,"{""type"":""Point"",""coordinates"":[34.877552840619074,1.2281293972721101]}"
55,7.021932125091553,Trans Nzoia,1753.0,19.19130516052246,0.31482863426208496,1640.1566162109375,1.2488541131110598,34.88190344309676,0.42892611026763916,915.8572387695312,6.0,2024,7.021932125091553,"{""type"":""Point"",""coordinates"":[34.88190344309676,1.2488541131110598]}"
58,6.315402507781982,Trans Nzoia,2005.0,25.413043975830078,0.45683974027633667,1451.5164794921875,0.8853394677612761,34.799498216097284,0.6342846751213074,969.8295288085938,1.0,2024,6.315402507781982,"{""type"":""Point"",""coordinates"":[34.799498216097284,0.8853394677612761]}"
60,6.335938453674316,Trans Nzoia,1856.0,21.995651245117188,0.3358255624771118,1327.4505615234375,0.9512263023486942,35.11515382626995,0.5319907665252686,1042.0404052734375,1.0,2024,6.335938453674316,"{""type"":""Point"",""coordinates"":[35.11515382626995,0.9512263023486942]}"
61,7.050537109375,Trans Nzoia,1820.0,23.57391357421875,0.4630794823169708,1388.3951416015625,0.9154608667591851,35.008751463437335,0.6713604927062988,873.1403198242188,1.0,2024,7.050537109375,"{""type"":""Point"",""coordinates"":[35.008751463437335,0.9154608667591851]}"
66,6.9992570877075195,Trans Nzoia,1911.0,20.15652084350586,0.2852301597595215,1640.1566162109375,1.24013572221909,34.93066541562157,0.4104425013065338,972.9393310546875,3.0,2024,6.9992570877075195,"{""type"":""Point"",""coordinates"":[34.93066541562157,1.24013572221909]}"
68,7.097471237182617,Trans Nzoia,1835.0,19.81739044189453,0.34069064259529114,1640.1566162109375,1.2292581177592696,34.88780617580161,0.4048725664615631,915.8572387695312,4.0,2024,7.097471237182617,"{""type"":""Point"",""coordinates"":[34.88780617580161,1.2292581177592696]}"
69,6.683791160583496,Trans Nzoia,1793.0,26.84347915649414,0.5933566093444824,1472.4818115234375,1.0150322730613666,34.88743699933503,0.7944750785827637,914.8713989257812,1.0,2024,6.683791160583496,"{""type"":""Point"",""coordinates"":[34.88743699933503,1.0150322730613666]}"
70,7.523133277893066,Trans Nzoia,1836.0,21.717391967773438,0.3952813446521759,1587.5098876953125,1.1164417660870947,34.902964481948686,0.5112287998199463,960.1989135742188,1.0,2024,7.523133277893066,"{""type"":""Point"",""coordinates"":[34.902964481948686,1.1164417660870947]}"
74,7.151389122009277,Trans Nzoia,1905.0,20.600000381469727,0.3921276926994324,1640.1566162109375,1.2113985164247896,34.86389835199811,0.5070075392723083,915.8572387695312,1.0,2024,7.151389122009277,"{""type"":""Point"",""coordinates"":[34.86389835199811,1.2113985164247896]}"
75,7.2855353355407715,Trans Nzoia,1874.0,20.639129638671875,0.40259766578674316,1640.1566162109375,1.1894926268138777,34.88539029989913,0.49763211607933044,916.169677734375,1.0,2024,7.2855353355407715,"{""type"":""Point"",""coordinates"":[34.88539029989913,1.1894926268138777]}"
76,5.637211799621582,Trans Nzoia,2562.0,23.5,0.31481578946113586,898.4467163085938,0.9594921388209099,34.73572357789072,0.4959213137626648,1086.8260498046875,4.0,2024,5.637211799621582,"{""type"":""Point"",""coordinates"":[34.73572357789072,0.9594921388209099]}"
77,7.152590274810791,Trans Nzoia,1865.0,22.10869598388672,0.22303447127342224,1587.5098876953125,1.132785365294306,34.85595976674537,0.45809870958328247,896.3999633789062,1.0,2024,7.152590274810791,"{""type"":""Point"",""coordinates"":[34.85595976674537,1.132785365294306]}"
78,6.156387805938721,Trans Nzoia,2002.0,24.04347801208496,0.28109022974967957,1619.9417724609375,0.9403665798810151,35.30865244574054,0.4453284442424774,992.7603759765625,4.0,2024,6.156387805938721,"{""type"":""Point"",""coordinates"":[35.30865244574054,0.9403665798810151]}"
79,7.109745979309082,Trans Nzoia,1927.0,19.443477630615234,0.3811410069465637,1640.1566162109375,1.219922408740703,34.934567066124096,0.5232776999473572,972.9393310546875,1.0,2024,7.109745979309082,"{""type"":""Point"",""coordinates"":[34.934567066124096,1.219922408740703]}"
80,6.786717891693115,Trans Nzoia,1874.0,25.147825241088867,0.38911110162734985,1309.0179443359375,1.0990272233291583,35.09375113247205,0.5936797857284546,961.5752563476562,1.0,2024,6.786717891693115,"{""type"":""Point"",""coordinates"":[35.09375113247205,1.0990272233291583]}"
88,6.867053985595703,Trans Nzoia,1771.0,18.404348373413086,0.3038131296634674,1794.15283203125,1.2732769174441512,34.9047349665824,0.38831496238708496,953.6435546875,6.0,2024,6.867053985595703,"{""type"":""Point"",""coordinates"":[34.9047349665824,1.2732769174441512]}"
89,6.924546241760254,Trans Nzoia,1793.0,17.96956443786621,0.29158923029899597,1794.15283203125,1.2663366446745394,34.89188254817756,0.4017937183380127,882.4627075195312,6.0,2024,6.924546241760254,"{""type"":""Point"",""coordinates"":[34.89188254817756,1.2663366446745394]}"
90,7.379283428192139,Trans Nzoia,1988.0,22.591304779052734,0.35806766152381897,1303.348388671875,1.151288172344847,34.99320018203608,0.48675453662872314,1049.634765625,1.0,2024,7.379283428192139,"{""type"":""Point"",""coordinates"":[34.99320018203608,1.151288172344847]}"
95,6.919734001159668,Trans Nzoia,1910.0,22.326086044311523,0.20336824655532837,1587.5098876953125,1.0629587598984158,34.86037852441358,0.38527560234069824,908.87646484375,1.0,2024,6.919734001159668,"{""type"":""Point"",""coordinates"":[34.86037852441358,1.0629587598984158]}"
96,6.934594631195068,Trans Nzoia,1813.0,23.943477630615234,0.4379180371761322,1565.9140625,0.9287818227981839,34.90008576070831,0.5666844248771667,1014.7183227539062,1.0,2024,6.934594631195068,"{""type"":""Point"",""coordinates"":[34.90008576070831,0.9287818227981839]}"
103,7.475103855133057,Trans Nzoia,1827.0,21.952173233032227,0.41098302602767944,1311.3265380859375,0.9803330601236566,34.96480880225521,0.587520956993103,1077.162841796875,1.0,2024,7.475103855133057,"{""type"":""Point"",""coordinates"":[34.96480880225521,0.9803330601236566]}"
104,7.050912857055664,Trans Nzoia,1796.0,23.282608032226562,0.37616753578186035,1565.9140625,0.898218576929011,34.88354111572487,0.574874997138977,1008.7085571289062,1.0,2024,7.050912857055664,"{""type"":""Point"",""coordinates"":[34.88354111572487,0.898218576929011]}"
108,6.539876937866211,Trans Nzoia,2039.0,24.04347801208496,0.38999053835868835,1415.5245361328125,1.0322077982190117,34.80564509341628,0.5336169600486755,849.1492919921875,1.0,2024,6.539876937866211,"{""type"":""Point"",""coordinates"":[34.80564509341628,1.0322077982190117]}"
109,6.96522331237793,Trans Nzoia,1771.0,24.356521606445312,0.42157334089279175,1565.9140625,0.9174622894655401,34.89290917316222,0.6364632844924927,1014.7183227539062,1.0,2024,6.96522331237793,"{""type"":""Point"",""coordinates"":[34.89290917316222,0.9174622894655401]}"
112,6.352910995483398,Trans Nzoia,1866.0,23.673913955688477,0.39363354444503784,1463.1514892578125,0.9310194969808715,35.20344609216511,0.5209587216377258,1050.580810546875,1.0,2024,6.352910995483398,"{""type"":""Point"",""coordinates"":[35.20344609216511,0.9310194969808715]}"
114,5.88874626159668,Trans Nzoia,2299.0,27.42173957824707,0.4847426116466522,1415.5245361328125,0.9856120938367233,34.75828133617066,0.644439697265625,989.7182006835938,1.0,2024,5.88874626159668,"{""type"":""Point"",""coordinates"":[34.75828133617066,0.9856120938367233]}"
117,6.495449066162109,Trans Nzoia,2027.0,24.15652084350586,0.35772445797920227,1415.5245361328125,0.9721681688108235,34.80866033156987,0.548998236656189,959.7871704101562,1.0,2024,6.495449066162109,"{""type"":""Point"",""coordinates"":[34.80866033156987,0.9721681688108235]}"
118,7.189167022705078,Trans Nzoia,1861.0,24.065217971801758,0.3367213010787964,1327.4505615234375,0.9892096684126717,35.050785755480796,0.5012544989585876,994.4949951171875,1.0,2024,7.189167022705078,"{""type"":""Point"",""coordinates"":[35.050785755480796,0.9892096684126717]}"
121,6.969306945800781,Trans Nzoia,1739.0,21.42173957824707,0.3886072039604187,1565.9140625,0.857072056638617,34.90849447662091,0.5955970287322998,986.4015502929688,1.0,2024,6.969306945800781,"{""type"":""Point"",""coordinates"":[34.90849447662091,0.857072056638617]}"
123,7.25261926651001,Trans Nzoia,1903.0,21.569564819335938,0.37105223536491394,1303.348388671875,1.1781404412694059,34.96961048373075,0.5467800498008728,1049.634765625,1.0,2024,7.25261926651001,"{""type"":""Point"",""coordinates"":[34.96961048373075,1.1781404412694059]}"
124,7.2315778732299805,Trans Nzoia,1742.0,24.586956024169922,0.6592656373977661,1565.9140625,0.9146322791437619,34.92434230035368,0.5070735812187195,1008.7112426757812,1.0,2024,7.2315778732299805,"{""type"":""Point"",""coordinates"":[34.92434230035368,0.9146322791437619]}"
129,6.994519233703613,Trans Nzoia,1969.0,22.908695220947266,0.3135257363319397,1303.348388671875,1.2147633796559978,34.9657470440318,0.48549821972846985,1109.6043701171875,1.0,2024,6.994519233703613,"{""type"":""Point"",""coordinates"":[34.9657470440318,1.2147633796559978]}"
133,7.315914154052734,Trans Nzoia,1795.0,26.53043556213379,0.3439084589481354,1388.3951416015625,0.9194892380043752,34.973322370180156,0.4645736813545227,1042.5777587890625,1.0,2024,7.315914154052734,"{""type"":""Point"",""coordinates"":[34.973322370180156,0.9194892380043752]}"
134,7.256805896759033,Trans Nzoia,1853.0,19.27391242980957,0.2709802985191345,1653.9757080078125,1.246065435128988,34.83599483486508,0.36480244994163513,881.7891235351562,1.0,2024,7.256805896759033,"{""type"":""Point"",""coordinates"":[34.83599483486508,1.246065435128988]}"
137,6.910876750946045,Trans Nzoia,1930.0,22.15652084350586,0.3540993332862854,1653.9757080078125,1.1575140526121592,34.8313973849657,0.5105547904968262,878.5647583007812,1.0,2024,6.910876750946045,"{""type"":""Point"",""coordinates"":[34.8313973849657,1.1575140526121592]}"
138,6.9811482429504395,Trans Nzoia,1942.0,20.265216827392578,0.4244287312030792,1303.348388671875,1.2270781792108216,34.95885355692009,0.5771960020065308,1109.6043701171875,1.0,2024,6.9811482429504395,"{""type"":""Point"",""coordinates"":[34.95885355692009,1.2270781792108216]}"
141,6.621267318725586,Trans Nzoia,1928.0,22.700000762939453,0.3456869423389435,1303.348388671875,1.1939618992473664,35.013197833347256,0.5564311742782593,860.8521118164062,1.0,2024,6.621267318725586,"{""type"":""Point"",""coordinates"":[35.013197833347256,1.1939618992473664]}"
147,7.434169769287109,Trans Nzoia,1855.0,21.73043441772461,0.4007214903831482,1311.3265380859375,1.0134320512087323,35.0411151028139,0.5557117462158203,895.3138427734375,1.0,2024,7.434169769287109,"{""type"":""Point"",""coordinates"":[35.0411151028139,1.0134320512087323]}"
148,7.827436447143555,Trans Nzoia,1845.0,24.208696365356445,0.28949740529060364,1372.1785888671875,1.0839259544069604,34.98048212294533,0.4383772313594818,1014.598876953125,1.0,2024,7.827436447143555,"{""type"":""Point"",""coordinates"":[34.98048212294533,1.0839259544069604]}"
150,5.935786247253418,Trans Nzoia,1924.0,21.991304397583008,0.2976212799549103,1362.5670166015625,1.0567520136375403,35.19147633934562,0.4765053689479828,1080.9871826171875,1.0,2024,5.935786247253418,"{""type"":""Point"",""coordinates"":[35.19147633934562,1.0567520136375403]}"
151,6.470274448394775,Trans Nzoia,1874.0,22.92608642578125,0.3608354330062866,1415.5245361328125,0.9885573158325255,34.84507648205529,0.4977475702762604,959.7871704101562,1.0,2024,6.470274448394775,"{""type"":""Point"",""coordinates"":[34.84507648205529,0.9885573158325255]}"
153,7.236678123474121,Trans Nzoia,1855.0,19.204347610473633,0.22758759558200836,1653.9757080078125,1.245661928887902,34.83873663087883,0.2945433557033539,881.7891235351562,1.0,2024,7.236678123474121,"{""type"":""Point"",""coordinates"":[34.83873663087883,1.245661928887902]}"
154,7.331263542175293,Trans Nzoia,1796.0,22.7608699798584,0.3771880865097046,1565.9140625,0.9231336240277459,34.94649192255111,0.5201125741004944,1008.7112426757812,1.0,2024,7.331263542175293,"{""type"":""Point"",""coordinates"":[34.94649192255111,0.9231336240277459]}"
160,7.421715259552002,Trans Nzoia,1827.0,22.204347610473633,0.430801123380661,1388.3951416015625,0.945356892177929,34.96721044797029,0.5470781922340393,1042.5777587890625,1.0,2024,7.421715259552002,"{""type"":""Point"",""coordinates"":[34.96721044797029,0.945356892177929]}"
161,7.058263301849365,Trans Nzoia,1940.0,23.860870361328125,1.0341062545776367,1372.1785888671875,1.1415937398923366,35.04550059301595,0.5302515625953674,862.4269409179688,1.0,2024,7.058263301849365,"{""type"":""Point"",""coordinates"":[35.04550059301595,1.1415937398923366]}"
164,6.960079193115234,Trans Nzoia,1890.0,23.247825622558594,0.37403252720832825,1309.0179443359375,1.0718316898452251,35.08314605674131,0.5417964458465576,961.5752563476562,1.0,2024,6.960079193115234,"{""type"":""Point"",""coordinates"":[35.08314605674131,1.0718316898452251]}"
167,6.748451232910156,Trans Nzoia,2217.0,25.782608032226562,0.38340362906455994,1086.3765869140625,1.1836382267707255,34.74899088319924,0.5826141834259033,1033.228759765625,4.0,2024,6.748451232910156,"{""type"":""Point"",""coordinates"":[34.74899088319924,1.1836382267707255]}"
168,6.357649803161621,Trans Nzoia,2184.0,24.473913192749023,0.3643481731414795,1518.2637939453125,0.9969711935510992,35.29140983781082,0.5898145437240601,998.7577514648438,1.0,2024,6.357649803161621,"{""type"":""Point"",""coordinates"":[35.29140983781082,0.9969711935510992]}"
169,7.493751525878906,Trans Nzoia,1832.0,21.860870361328125,0.3821142017841339,1311.3265380859375,0.962389081363754,34.994806999601046,0.5325077772140503,1077.162841796875,1.0,2024,7.493751525878906,"{""type"":""Point"",""coordinates"":[34.994806999601046,0.962389081363754]}"
171,6.717417240142822,Trans Nzoia,2067.0,22.3869571685791,0.2805151641368866,1653.9757080078125,1.1719340825051123,34.80245317969309,0.3254093825817108,878.5647583007812,1.0,2024,6.717417240142822,"{""type"":""Point"",""coordinates"":[34.80245317969309,1.1719340825051123]}"
172,6.591797351837158,Trans Nzoia,1918.0,24.46086883544922,0.4986690580844879,1309.0179443359375,1.1324609790687024,35.09057345577477,0.7253294587135315,974.173583984375,1.0,2024,6.591797351837158,"{""type"":""Point"",""coordinates"":[35.09057345577477,1.1324609790687024]}"
174,6.265571117401123,Trans Nzoia,2090.0,24.45652198791504,0.2962135374546051,1532.4256591796875,1.0930914110168044,34.7938385114177,0.3794346749782562,888.1694946289062,1.0,2024,6.265571117401123,"{""type"":""Point"",""coordinates"":[34.7938385114177,1.0930914110168044]}"
179,6.355146884918213,Trans Nzoia,1819.0,24.004348754882812,0.39802178740501404,1339.5623779296875,0.9358910160385133,35.141581284389396,0.5658794641494751,964.28857421875,1.0,2024,6.355146884918213,"{""type"":""Point"",""coordinates"":[35.141581284389396,0.9358910160385133]}"
183,6.758327007293701,Trans Nzoia,1922.0,19.826086044311523,0.3204347491264343,1303.348388671875,1.2309846100362511,34.9909037171455,0.4647384583950043,1109.6043701171875,4.0,2024,6.758327007293701,"{""type"":""Point"",""coordinates"":[34.9909037171455,1.2309846100362511]}"
185,6.956503868103027,Trans Nzoia,1824.0,18.95652198791504,0.2865137755870819,1640.1566162109375,1.2477258787433558,34.93529177038799,0.41952455043792725,972.9393310546875,6.0,2024,6.956503868103027,"{""type"":""Point"",""coordinates"":[34.93529177038799,1.2477258787433558]}"
186,7.642491340637207,Trans Nzoia,1846.0,21.947826385498047,0.42522886395454407,1372.1785888671875,1.1262720218804185,34.998405951068015,0.5159401893615723,1015.1450805664062,1.0,2024,7.642491340637207,"{""type"":""Point"",""coordinates"":[34.998405951068015,1.1262720218804185]}"
188,6.3122029304504395,Trans Nzoia,1871.0,22.513044357299805,0.3126530051231384,1463.1514892578125,0.9342260725324188,35.17928974019635,0.44991520047187805,999.2210693359375,1.0,2024,6.3122029304504395,"{""type"":""Point"",""coordinates"":[35.17928974019635,0.9342260725324188]}"
190,6.622591972351074,Trans Nzoia,1879.0,24.221738815307617,0.38790178298950195,1448.66259765625,0.9738303636445821,35.235375828979414,0.5684218406677246,1047.075927734375,1.0,2024,6.622591972351074,"{""type"":""Point"",""coordinates"":[35.235375828979414,0.9738303636445821]}"
196,7.413893222808838,Trans Nzoia,1914.0,25.282608032226562,0.3595046103000641,1309.0179443359375,1.1050598002880307,35.052744675835804,0.5667791962623596,974.173583984375,1.0,2024,7.413893222808838,"{""type"":""Point"",""coordinates"":[35.052744675835804,1.1050598002880307]}"
198,6.198564529418945,Trans Nzoia,2153.0,23.07826042175293,0.1493884176015854,1532.4256591796875,1.1352001375091358,34.781207732849865,0.41866233944892883,876.7874755859375,1.0,2024,6.198564529418945,"{""type"":""Point"",""coordinates"":[34.781207732849865,1.1352001375091358]}"
202,7.2605133056640625,Trans Nzoia,1806.0,22.734783172607422,0.38945838809013367,1472.4818115234375,0.9791106476529767,34.94396759946978,0.5530504584312439,984.7139892578125,1.0,2024,7.2605133056640625,"{""type"":""Point"",""coordinates"":[34.94396759946978,0.9791106476529767]}"
205,5.966516017913818,Trans Nzoia,1903.0,24.639129638671875,0.4679778814315796,1217.0069580078125,1.159984580752725,35.103268592529815,0.6499199867248535,1211.0057373046875,1.0,2024,5.966516017913818,"{""type"":""Point"",""coordinates"":[35.103268592529815,1.159984580752725]}"
207,7.016668319702148,Trans Nzoia,1882.0,25.27391242980957,0.4516947567462921,1587.5098876953125,1.0543202757919832,34.888885168722574,0.5856924653053284,908.87646484375,1.0,2024,7.016668319702148,"{""type"":""Point"",""coordinates"":[34.888885168722574,1.0543202757919832]}"
209,7.0551958084106445,Trans Nzoia,1789.0,22.31304359436035,0.4190165400505066,1472.4818115234375,0.9725298518787691,34.92856113367909,0.5581784248352051,984.7139892578125,1.0,2024,7.0551958084106445,"{""type"":""Point"",""coordinates"":[34.92856113367909,0.9725298518787691]}"
210,5.903796672821045,Trans Nzoia,2212.0,23.413043975830078,0.3476513922214508,1518.2637939453125,1.001456767608601,35.311315326133176,0.5804869532585144,1062.2413330078125,1.0,2024,5.903796672821045,"{""type"":""Point"",""coordinates"":[35.311315326133176,1.001456767608601]}"
211,5.973985195159912,Trans Nzoia,1889.0,23.782608032226562,0.2755493223667145,1309.0179443359375,1.0772150197601666,35.1417051166872,0.3863484859466553,1033.5059814453125,1.0,2024,5.973985195159912,"{""type"":""Point"",""coordinates"":[35.1417051166872,1.0772150197601666]}"
214,7.102677345275879,Trans Nzoia,1917.0,23.291303634643555,0.29946184158325195,1303.348388671875,1.2073662870741941,34.955530331713945,0.5085192918777466,1109.6043701171875,1.0,2024,7.102677345275879,"{""type"":""Point"",""coordinates"":[34.955530331713945,1.2073662870741941]}"
215,6.167854309082031,Trans Nzoia,1918.0,23.100000381469727,0.2755444049835205,1327.4505615234375,1.0183106840343494,35.1193657384256,0.4048817753791809,1019.4813842773438,1.0,2024,6.167854309082031,"{""type"":""Point"",""coordinates"":[35.1193657384256,1.0183106840343494]}"
218,5.307253837585449,Trans Nzoia,1980.0,25.07391357421875,0.4687603712081909,1362.5670166015625,1.0964217983225184,35.200644169109765,0.6211354732513428,1157.1868896484375,1.0,2024,5.307253837585449,"{""type"":""Point"",""coordinates"":[35.200644169109765,1.0964217983225184]}"
219,6.603024482727051,Trans Nzoia,1983.0,23.826086044311523,0.3966354429721832,1518.2637939453125,0.9758718739680602,35.27681161824831,0.582370936870575,998.7577514648438,1.0,2024,6.603024482727051,"{""type"":""Point"",""coordinates"":[35.27681161824831,0.9758718739680602]}"
221,5.6590118408203125,Trans Nzoia,2230.0,22.62173843383789,0.34366491436958313,1518.2637939453125,0.9955649580391093,35.320403525013674,0.5354105830192566,1077.1812744140625,1.0,2024,5.6590118408203125,"{""type"":""Point"",""coordinates"":[35.320403525013674,0.9955649580391093]}"
223,7.100182056427002,Trans Nzoia,1790.0,18.752174377441406,0.2361408770084381,1794.15283203125,1.2527690559292073,34.86111996882938,0.35916170477867126,882.4627075195312,6.0,2024,7.100182056427002,"{""type"":""Point"",""coordinates"":[34.86111996882938,1.2527690559292073]}"
226,7.20661735534668,Trans Nzoia,1818.0,22.582609176635742,0.4457462728023529,1311.3265380859375,0.9517040379271363,35.03050754588292,0.5616298913955688,943.7447509765625,1.0,2024,7.20661735534668,"{""type"":""Point"",""coordinates"":[35.03050754588292,0.9517040379271363]}"
229,6.870908737182617,Trans Nzoia,1895.0,24.673913955688477,0.33818769454956055,1532.4256591796875,1.098457690277639,34.83663781318631,0.4967295825481415,813.836669921875,1.0,2024,6.870908737182617,"{""type"":""Point"",""coordinates"":[34.83663781318631,1.098457690277639]}"
232,5.966894626617432,Trans Nzoia,2112.0,24.013044357299805,0.2794906497001648,1532.4256591796875,1.09194768421564,34.78005490811816,0.48101773858070374,888.1694946289062,1.0,2024,5.966894626617432,"{""type"":""Point"",""coordinates"":[34.78005490811816,1.09194768421564]}"
234,7.521461486816406,Trans Nzoia,1859.0,22.395652770996094,0.3434079587459564,1311.3265380859375,1.0005667140554324,35.02796904205542,0.4577585756778717,895.3138427734375,1.0,2024,7.521461486816406,"{""type"":""Point"",""coordinates"":[35.02796904205542,1.0005667140554324]}"
243,7.079525470733643,Trans Nzoia,1905.0,20.19130516052246,0.4620514214038849,1640.1566162109375,1.2264361377960316,34.92974897872596,0.5966545343399048,972.9393310546875,1.0,2024,7.079525470733643,"{""type"":""Point"",""coordinates"":[34.92974897872596,1.2264361377960316]}"
245,6.221968650817871,Trans Nzoia,1978.0,24.04347801208496,0.31217721104621887,1619.9417724609375,0.9410951913855589,35.30489717172603,0.4707733988761902,992.7603759765625,1.0,2024,6.221968650817871,"{""type"":""Point"",""coordinates"":[35.30489717172603,0.9410951913855589]}"
253,7.149109840393066,Trans Nzoia,1962.0,22.15217399597168,0.3490992784500122,1640.1566162109375,1.2156650313572224,34.929320034006835,0.44710445404052734,972.9393310546875,1.0,2024,7.149109840393066,"{""type"":""Point"",""coordinates"":[34.929320034006835,1.2156650313572224]}"
254,6.587428569793701,Trans Nzoia,2046.0,23.069564819335938,0.31423521041870117,1415.5245361328125,1.0186938858993828,34.81304358748296,0.4490680694580078,849.1492919921875,1.0,2024,6.587428569793701,"{""type"":""Point"",""coordinates"":[34.81304358748296,1.0186938858993828]}"
255,6.062788009643555,Trans Nzoia,2348.0,22.81304359436035,0.36259832978248596,1227.42041015625,0.9388476949976727,34.75016238130748,0.58290034532547,1105.9439697265625,4.0,2024,6.062788009643555,"{""type"":""Point"",""coordinates"":[34.75016238130748,0.9388476949976727]}"
256,7.181326866149902,Trans Nzoia,1914.0,21.669565200805664,0.36729195713996887,1640.1566162109375,1.2034859663177648,34.94644379036388,0.5011105537414551,972.9393310546875,1.0,2024,7.181326866149902,"{""type"":""Point"",""coordinates"":[34.94644379036388,1.2034859663177648]}"
259,6.4060821533203125,Trans Nzoia,1945.0,21.34347915649414,0.40931224822998047,1303.348388671875,1.181863026854341,35.041118031596774,0.5993611216545105,860.8521118164062,1.0,2024,6.4060821533203125,"{""type"":""Point"",""coordinates"":[35.041118031596774,1.181863026854341]}"
261,6.674450874328613,Trans Nzoia,1950.0,23.3869571685791,0.3253641724586487,1518.2637939453125,0.9845680547180947,35.26419719900564,0.4867508113384247,998.7577514648438,1.0,2024,6.674450874328613,"{""type"":""Point"",""coordinates"":[35.26419719900564,0.9845680547180947]}"
264,7.112666130065918,Trans Nzoia,2139.0,27.756521224975586,0.4433290660381317,1086.3765869140625,1.1989768232222575,34.73825784606001,0.7051109075546265,1033.228759765625,1.0,2024,7.112666130065918,"{""type"":""Point"",""coordinates"":[34.73825784606001,1.1989768232222575]}"
269,6.01444673538208,Trans Nzoia,2500.0,25.856521606445312,0.4202214479446411,1086.3765869140625,1.1501569646929573,34.74784407258927,0.545036792755127,1033.228759765625,4.0,2024,6.01444673538208,"{""type"":""Point"",""coordinates"":[34.74784407258927,1.1501569646929573]}"
273,6.298555374145508,Trans Nzoia,1969.0,19.286956787109375,0.2834804952144623,1303.348388671875,1.2211514724345793,35.0335780143028,0.4477786123752594,1020.2589111328125,1.0,2024,6.298555374145508,"{""type"":""Point"",""coordinates"":[35.0335780143028,1.2211514724345793]}"
275,7.035991668701172,Trans Nzoia,1945.0,22.904348373413086,0.3829292953014374,1309.0179443359375,1.09453493282474,35.08052233998451,0.5302332639694214,961.5752563476562,1.0,2024,7.035991668701172,"{""type"":""Point"",""coordinates"":[35.08052233998451,1.09453493282474]}"
276,7.333691596984863,Trans Nzoia,1833.0,21.95652198791504,0.4309399425983429,1311.3265380859375,0.9627007052943966,34.95120719257425,0.5941053032875061,1077.162841796875,1.0,2024,7.333691596984863,"{""type"":""Point"",""coordinates"":[34.95120719257425,0.9627007052943966]}"
278,6.976662635803223,Trans Nzoia,1898.0,25.330434799194336,0.3999667763710022,1309.0179443359375,1.1205263643602097,35.074951003367374,0.559620201587677,974.173583984375,1.0,2024,6.976662635803223,"{""type"":""Point"",""coordinates"":[35.074951003367374,1.1205263643602097]}"
279,5.868768215179443,Trans Nzoia,1901.0,24.052173614501953,0.3314442038536072,1309.0179443359375,1.0868491033192662,35.146079247151825,0.5452934503555298,1033.5059814453125,1.0,2024,5.868768215179443,"{""type"":""Point"",""coordinates"":[35.146079247151825,1.0868491033192662]}"
281,7.431119918823242,Trans Nzoia,1867.0,21.65652084350586,0.38417279720306396,1311.3265380859375,0.9866108285424893,35.02990215898338,0.5446488857269287,943.7447509765625,1.0,2024,7.431119918823242,"{""type"":""Point"",""coordinates"":[35.02990215898338,0.9866108285424893]}"
282,6.801180839538574,Trans Nzoia,1889.0,24.7391300201416,0.4037979245185852,1309.0179443359375,1.0581482327064364,35.08823702470632,0.5932778120040894,961.5752563476562,1.0,2024,6.801180839538574,"{""type"":""Point"",""coordinates"":[35.08823702470632,1.0581482327064364]}"
286,7.172053337097168,Trans Nzoia,1770.0,22.647825241088867,0.34643128514289856,1388.3951416015625,0.8982290639734106,34.96858264775765,0.4953670799732208,985.6636352539062,1.0,2024,7.172053337097168,"{""type"":""Point"",""coordinates"":[34.96858264775765,0.8982290639734106]}"
287,6.831495761871338,Trans Nzoia,1960.0,21.943477630615234,0.2594752907752991,1303.348388671875,1.1978491806566625,34.99348087757822,0.3920333981513977,1049.634765625,1.0,2024,6.831495761871338,"{""type"":""Point"",""coordinates"":[34.99348087757822,1.1978491806566625]}"
288,6.510324954986572,Trans Nzoia,1791.0,23.778261184692383,0.4787137806415558,1327.4505615234375,0.9519891774039008,35.09506096553071,0.5915117859840393,994.4949951171875,1.0,2024,6.510324954986572,"{""type"":""Point"",""coordinates"":[35.09506096553071,0.9519891774039008]}"
293,7.578675270080566,Trans Nzoia,1836.0,21.243478775024414,0.3914499282836914,1640.1566162109375,1.1527326741515613,34.93900775502655,0.5430654883384705,964.7963256835938,1.0,2024,7.578675270080566,"{""type"":""Point"",""coordinates"":[34.93900775502655,1.1527326741515613]}"
294,7.769264221191406,Trans Nzoia,1857.0,21.643478393554688,0.303143709897995,1372.1785888671875,1.0628863728053786,34.97352791189789,0.5168988108634949,1014.598876953125,1.0,2024,7.769264221191406,"{""type"":""Point"",""coordinates"":[34.97352791189789,1.0628863728053786]}"
295,7.563981056213379,Trans Nzoia,1852.0,22.869565963745117,0.3893985450267792,1640.1566162109375,1.1553923378083466,34.931677711965136,0.5620307922363281,964.7963256835938,1.0,2024,7.563981056213379,"{""type"":""Point"",""coordinates"":[34.931677711965136,1.1553923378083466]}"
297,6.493932723999023,Trans Nzoia,2023.0,24.11739158630371,0.3958928883075714,1532.4256591796875,1.095959203342996,34.807441291939426,0.5651684403419495,813.836669921875,1.0,2024,6.493932723999023,"{""type"":""Point"",""coordinates"":[34.807441291939426,1.095959203342996]}"
298,5.641610145568848,Trans Nzoia,2558.0,28.22608757019043,0.40132755041122437,897.6917114257812,1.1363178400192901,34.74267857832072,0.64927738904953,1047.058837890625,1.0,2024,5.641610145568848,"{""type"":""Point"",""coordinates"":[34.74267857832072,1.1363178400192901]}"
299,7.19323205947876,Trans Nzoia,1849.0,21.356521606445312,0.48289766907691956,1653.9757080078125,1.2302516278813385,34.83837509107559,0.4305514395236969,881.7891235351562,4.0,2024,7.19323205947876,"{""type"":""Point"",""coordinates"":[34.83837509107559,1.2302516278813385]}"
309,6.358237266540527,Trans Nzoia,1865.0,20.417390823364258,0.38361236453056335,1463.1514892578125,0.9300948392295586,35.2050067679406,0.5119598507881165,1050.580810546875,4.0,2024,6.358237266540527,"{""type"":""Point"",""coordinates"":[35.2050067679406,0.9300948392295586]}"
313,6.960182189941406,Trans Nzoia,2149.0,23.713043212890625,0.33226892352104187,1653.9757080078125,1.1943683868858825,34.76303786906102,0.5214959979057312,878.0504150390625,1.0,2024,6.960182189941406,"{""type"":""Point"",""coordinates"":[34.76303786906102,1.1943683868858825]}"
316,7.000720977783203,Trans Nzoia,1837.0,19.091304779052734,0.34509721398353577,1640.1566162109375,1.2450206139495177,34.90423806558308,0.42459964752197266,972.9393310546875,6.0,2024,7.000720977783203,"{""type"":""Point"",""coordinates"":[34.90423806558308,1.2450206139495177]}"
317,7.233400344848633,Trans Nzoia,1860.0,21.443477630615234,0.30550920963287354,1640.1566162109375,1.1963062030221439,34.87828546864437,0.40928611159324646,916.169677734375,1.0,2024,7.233400344848633,"{""type"":""Point"",""coordinates"":[34.87828546864437,1.1963062030221439]}"
319,6.597024917602539,Trans Nzoia,1812.0,22.88260841369629,0.3670474886894226,1565.9140625,0.935179982791974,34.86852975540021,0.5229669213294983,1014.7183227539062,1.0,2024,6.597024917602539,"{""type"":""Point"",""coordinates"":[34.86852975540021,0.935179982791974]}"
322,7.500338077545166,Trans Nzoia,1859.0,24.047826766967773,0.414128839969635,1640.1566162109375,1.1591558563512914,34.90613711252622,0.5526355504989624,964.7963256835938,1.0,2024,7.500338077545166,"{""type"":""Point"",""coordinates"":[34.90613711252622,1.1591558563512914]}"
326,7.24609899520874,Trans Nzoia,1856.0,24.15217399597168,0.4320448935031891,1472.4818115234375,1.037109610141976,34.926378076408994,0.5331439971923828,963.7658081054688,4.0,2024,7.24609899520874,"{""type"":""Point"",""coordinates"":[34.926378076408994,1.037109610141976]}"
331,7.576333045959473,Trans Nzoia,1846.0,23.77391242980957,0.3858220875263214,1311.3265380859375,0.9799486260700506,34.99347428106416,0.5666987299919128,1077.162841796875,1.0,2024,7.576333045959473,"{""type"":""Point"",""coordinates"":[34.99347428106416,0.9799486260700506]}"
332,7.345785617828369,Trans Nzoia,1831.0,22.873912811279297,0.3115099370479584,1388.3951416015625,0.9270210352862773,34.97751323464162,0.44014209508895874,1042.5777587890625,1.0,2024,7.345785617828369,"{""type"":""Point"",""coordinates"":[34.97751323464162,0.9270210352862773]}"
335,6.3034539222717285,Trans Nzoia,2003.0,27.647825241088867,0.3433825373649597,1532.4256591796875,1.08663087085109,34.795729375419484,0.47609204053878784,888.1694946289062,1.0,2024,6.3034539222717285,"{""type"":""Point"",""coordinates"":[34.795729375419484,1.08663087085109]}"
338,7.665679454803467,Trans Nzoia,1829.0,25.8869571685791,0.3679327368736267,1587.5098876953125,1.1115200319244853,34.93044833008756,0.5107747316360474,960.1989135742188,1.0,2024,7.665679454803467,"{""type"":""Point"",""coordinates"":[34.93044833008756,1.1115200319244853]}"
340,7.47666072845459,Trans Nzoia,1839.0,22.765216827392578,0.3652176856994629,1587.5098876953125,1.1169158504793864,34.89547220802988,0.49380046129226685,896.3999633789062,1.0,2024,7.47666072845459,"{""type"":""Point"",""coordinates"":[34.89547220802988,1.1169158504793864]}"
342,7.412506103515625,Trans Nzoia,1827.0,25.339130401611328,0.41632789373397827,1472.4818115234375,1.0147947796917989,34.94980470816926,0.5752790570259094,963.7658081054688,1.0,2024,7.412506103515625,"{""type"":""Point"",""coordinates"":[34.94980470816926,1.0147947796917989]}"
343,7.651900768280029,Trans Nzoia,1834.0,24.68260955810547,0.43067285418510437,1587.5098876953125,1.1378503344287338,34.9361586520957,0.614485502243042,960.1989135742188,1.0,2024,7.651900768280029,"{""type"":""Point"",""coordinates"":[34.9361586520957,1.1378503344287338]}"
346,5.680630207061768,Trans Nzoia,2212.0,25.086956024169922,0.3678342401981354,1532.4256591796875,1.1043347237371688,34.765070660776196,0.5417657494544983,876.7874755859375,1.0,2024,5.680630207061768,"{""type"":""Point"",""coordinates"":[34.765070660776196,1.1043347237371688]}"
347,7.649991989135742,Trans Nzoia,1854.0,25.60869598388672,0.3923466205596924,1372.1785888671875,1.130472615001415,34.985338500785296,0.46852704882621765,1015.1450805664062,1.0,2024,7.649991989135742,"{""type"":""Point"",""coordinates"":[34.985338500785296,1.130472615001415]}"
350,6.153354644775391,Trans Nzoia,1868.0,21.586956024169922,0.35513609647750854,1448.66259765625,0.967128340991079,35.169520525846806,0.5472059845924377,1027.66796875,1.0,2024,6.153354644775391,"{""type"":""Point"",""coordinates"":[35.169520525846806,0.967128340991079]}"
352,6.520977020263672,Trans Nzoia,1940.0,23.565217971801758,0.425746351480484,1448.66259765625,1.0213230761900711,35.225689551727385,0.5605078935623169,1040.30517578125,1.0,2024,6.520977020263672,"{""type"":""Point"",""coordinates"":[35.225689551727385,1.0213230761900711]}"
355,7.201242923736572,Trans Nzoia,1885.0,24.047826766967773,0.31462252140045166,1303.348388671875,1.191869688654085,34.95955232910349,0.4905526340007782,1049.634765625,1.0,2024,7.201242923736572,"{""type"":""Point"",""coordinates"":[34.95955232910349,1.191869688654085]}"
356,7.215391159057617,Trans Nzoia,1866.0,25.89130401611328,0.44060418009757996,1587.5098876953125,1.0587994575518487,34.908206216276334,0.5504233241081238,961.76513671875,1.0,2024,7.215391159057617,"{""type"":""Point"",""coordinates"":[34.908206216276334,1.0587994575518487]}"
363,6.216871738433838,Trans Nzoia,1951.0,23.952173233032227,0.37391749024391174,1303.348388671875,1.2102921916114837,35.03850340494179,0.5802661776542664,1020.2589111328125,1.0,2024,6.216871738433838,"{""type"":""Point"",""coordinates"":[35.03850340494179,1.2102921916114837]}"
364,6.956686973571777,Trans Nzoia,1789.0,23.434782028198242,0.3159961998462677,1472.4818115234375,0.9637092448560058,34.920573810180784,0.4442286193370819,984.7139892578125,1.0,2024,6.956686973571777,"{""type"":""Point"",""coordinates"":[34.920573810180784,0.9637092448560058]}"
369,6.853021621704102,Trans Nzoia,1779.0,22.34782600402832,0.32860761880874634,1687.8226318359375,0.8414544612677987,34.86558485294816,0.5285316705703735,988.6344604492188,1.0,2024,6.853021621704102,"{""type"":""Point"",""coordinates"":[34.86558485294816,0.8414544612677987]}"
371,5.616989612579346,Trans Nzoia,2207.0,22.243478775024414,0.3156234622001648,1532.4256591796875,1.085559395402637,34.76616995716337,0.4898093342781067,888.1694946289062,1.0,2024,5.616989612579346,"{""type"":""Point"",""coordinates"":[34.76616995716337,1.085559395402637]}"
375,7.152858257293701,Trans Nzoia,1876.0,30.243478775024414,0.4605575203895569,1587.5098876953125,1.0561080439290453,34.90363112711615,0.5550304055213928,961.76513671875,1.0,2024,7.152858257293701,"{""type"":""Point"",""coordinates"":[34.90363112711615,1.0561080439290453]}"
379,7.388111114501953,Trans Nzoia,1891.0,22.943477630615234,0.4445091187953949,1303.348388671875,1.1710167144023997,34.958656007482084,0.554020345211029,1049.634765625,1.0,2024,7.388111114501953,"{""type"":""Point"",""coordinates"":[34.958656007482084,1.1710167144023997]}"
380,6.300948143005371,Trans Nzoia,2136.0,23.791303634643555,0.3797697126865387,1415.5245361328125,1.047021250716147,34.79085444095672,0.61005699634552,954.0535278320312,1.0,2024,6.300948143005371,"{""type"":""Point"",""coordinates"":[34.79085444095672,1.047021250716147]}"
381,7.636685371398926,Trans Nzoia,1849.0,22.547826766967773,0.4059019982814789,1587.5098876953125,1.0900620805966987,34.935852420429526,0.515376091003418,961.76513671875,1.0,2024,7.636685371398926,"{""type"":""Point"",""coordinates"":[34.935852420429526,1.0900620805966987]}"
393,7.5226593017578125,Trans Nzoia,1845.0,21.508695602416992,0.34627246856689453,1587.5098876953125,1.1436417707848534,34.90121336414499,0.4709685444831848,960.1989135742188,1.0,2024,7.5226593017578125,"{""type"":""Point"",""coordinates"":[34.90121336414499,1.1436417707848534]}"
394,5.550275802612305,Trans Nzoia,2165.0,22.430435180664062,0.33629435300827026,1532.4256591796875,1.0794408518461833,34.7642949986436,0.48643049597740173,888.1694946289062,1.0,2024,5.550275802612305,"{""type"":""Point"",""coordinates"":[34.7642949986436,1.0794408518461833]}"
397,7.666888236999512,Trans Nzoia,1829.0,24.84347915649414,0.4058430790901184,1587.5098876953125,1.1122210733273425,34.93033011971098,0.5288987755775452,960.1989135742188,1.0,2024,7.666888236999512,"{""type"":""Point"",""coordinates"":[34.93033011971098,1.1122210733273425]}"
403,6.6332478523254395,Trans Nzoia,1969.0,23.69565200805664,0.3745896518230438,1415.5245361328125,1.0212108661395605,34.826871870777445,0.5760108828544617,849.1492919921875,1.0,2024,6.6332478523254395,"{""type"":""Point"",""coordinates"":[34.826871870777445,1.0212108661395605]}"
404,6.221590995788574,Trans Nzoia,1958.0,19.84347915649414,0.3365631699562073,1303.348388671875,1.2176329823255156,35.03950850671083,0.46278899908065796,1020.2589111328125,1.0,2024,6.221590995788574,"{""type"":""Point"",""coordinates"":[35.03950850671083,1.2176329823255156]}"
406,7.184414386749268,Trans Nzoia,1819.0,23.952173233032227,0.41689300537109375,1388.3951416015625,0.9378180055576846,35.01896150443698,0.5391595363616943,873.1403198242188,1.0,2024,7.184414386749268,"{""type"":""Point"",""coordinates"":[35.01896150443698,0.9378180055576846]}"
409,6.790661334991455,Trans Nzoia,1909.0,25.38260841369629,0.389024555683136,1532.4256591796875,1.089046617830818,34.83004388133531,0.5649566054344177,813.836669921875,1.0,2024,6.790661334991455,"{""type"":""Point"",""coordinates"":[34.83004388133531,1.089046617830818]}"
414,7.005167484283447,Trans Nzoia,1905.0,22.26956558227539,0.3320792317390442,1309.0179443359375,1.0834526442189545,35.08249107664622,0.4911034107208252,961.5752563476562,1.0,2024,7.005167484283447,"{""type"":""Point"",""coordinates"":[35.08249107664622,1.0834526442189545]}"
417,7.675471305847168,Trans Nzoia,1848.0,23.200000762939453,0.4660545289516449,1587.5098876953125,1.0860496069502175,34.944622225679765,0.5987133383750916,961.76513671875,1.0,2024,7.675471305847168,"{""type"":""Point"",""coordinates"":[34.944622225679765,1.0860496069502175]}"
418,7.0277099609375,Trans Nzoia,1792.0,23.004348754882812,0.3940093219280243,1565.9140625,0.9134506224227031,34.89556014246479,0.5653523802757263,1014.7183227539062,1.0,2024,7.0277099609375,"{""type"":""Point"",""coordinates"":[34.89556014246479,0.9134506224227031]}"
419,6.397111415863037,Trans Nzoia,1851.0,22.604347229003906,0.34671810269355774,1327.4505615234375,1.0224526647854935,35.10262324193542,0.4732871949672699,1019.4813842773438,1.0,2024,6.397111415863037,"{""type"":""Point"",""coordinates"":[35.10262324193542,1.0224526647854935]}"
420,6.167568683624268,Trans Nzoia,2182.0,21.46956443786621,0.4259355366230011,1518.2637939453125,0.9608905895783925,35.30530049260696,0.5299338102340698,1077.1812744140625,4.0,2024,6.167568683624268,"{""type"":""Point"",""coordinates"":[35.30530049260696,0.9608905895783925]}"
424,6.672327995300293,Trans Nzoia,1901.0,25.504348754882812,0.3710717558860779,1415.5245361328125,1.0281496310558929,34.843408883349454,0.4839218556880951,849.1492919921875,1.0,2024,6.672327995300293,"{""type"":""Point"",""coordinates"":[34.843408883349454,1.0281496310558929]}"
427,5.870013236999512,Trans Nzoia,1870.0,24.447826385498047,0.33321574330329895,1309.0179443359375,1.080352064278455,35.149110909600715,0.46122950315475464,1033.5059814453125,1.0,2024,5.870013236999512,"{""type"":""Point"",""coordinates"":[35.149110909600715,1.080352064278455]}"
428,7.019341468811035,Trans Nzoia,1713.0,18.03043556213379,0.23955745995044708,1794.15283203125,1.2638307038884267,34.87125550465104,0.3545681834220886,882.4627075195312,6.0,2024,7.019341468811035,"{""type"":""Point"",""coordinates"":[34.87125550465104,1.2638307038884267]}"
429,7.13747501373291,Trans Nzoia,1941.0,19.826086044311523,0.4136948883533478,1640.1566162109375,1.2202077941858716,34.91573841894209,0.5645704865455627,972.9393310546875,1.0,2024,7.13747501373291,"{""type"":""Point"",""coordinates"":[34.91573841894209,1.2202077941858716]}"
434,7.044078826904297,Trans Nzoia,1758.0,19.021739959716797,0.30430471897125244,1640.1566162109375,1.2450317434678655,34.87988966420212,0.45477110147476196,915.8572387695312,6.0,2024,7.044078826904297,"{""type"":""Point"",""coordinates"":[34.87988966420212,1.2450317434678655]}"
435,7.171507358551025,Trans Nzoia,2098.0,29.839130401611328,0.46243396401405334,1086.3765869140625,1.2025813054138759,34.747621934526855,0.6665903329849243,986.7026977539062,1.0,2024,7.171507358551025,"{""type"":""Point"",""coordinates"":[34.747621934526855,1.2025813054138759]}"
436,6.7122392654418945,Trans Nzoia,1933.0,25.100000381469727,0.38512879610061646,1303.348388671875,1.1653602829765828,35.037612821548045,0.5561961531639099,860.8521118164062,1.0,2024,6.7122392654418945,"{""type"":""Point"",""coordinates"":[35.037612821548045,1.1653602829765828]}"
443,6.658606052398682,Trans Nzoia,1932.0,20.2608699798584,0.4486827254295349,1303.348388671875,1.2277740386409586,35.00156487103719,0.6191754937171936,1020.2589111328125,4.0,2024,6.658606052398682,"{""type"":""Point"",""coordinates"":[35.00156487103719,1.2277740386409586]}"
444,7.072923183441162,Trans Nzoia,1947.0,23.978260040283203,0.40045708417892456,1640.1566162109375,1.2221426888045683,34.94304071459558,0.5426878929138184,972.9393310546875,1.0,2024,7.072923183441162,"{""type"":""Point"",""coordinates"":[34.94304071459558,1.2221426888045683]}"
446,6.583806037902832,Trans Nzoia,2051.0,24.860870361328125,0.32507646083831787,1653.9757080078125,1.1594791973373426,34.798811409278876,0.42506706714630127,878.0504150390625,1.0,2024,6.583806037902832,"{""type"":""Point"",""coordinates"":[34.798811409278876,1.1594791973373426]}"
447,7.122010707855225,Trans Nzoia,1885.0,21.917390823364258,0.32307350635528564,1653.9757080078125,1.2120497207952214,34.83792125085985,0.48810678720474243,881.7891235351562,1.0,2024,7.122010707855225,"{""type"":""Point"",""coordinates"":[34.83792125085985,1.2120497207952214]}"
448,7.385916233062744,Trans Nzoia,1892.0,23.713043212890625,0.36696770787239075,1372.1785888671875,1.128707701747316,35.03318732069959,0.5249074101448059,862.4269409179688,1.0,2024,7.385916233062744,"{""type"":""Point"",""coordinates"":[35.03318732069959,1.128707701747316]}"
450,7.3183064460754395,Trans Nzoia,1862.0,23.7608699798584,0.38388675451278687,1640.1566162109375,1.1897951252125512,34.89603434823022,0.4759688377380371,916.169677734375,1.0,2024,7.3183064460754395,"{""type"":""Point"",""coordinates"":[34.89603434823022,1.1897951252125512]}"
451,7.510899543762207,Trans Nzoia,1834.0,22.130434036254883,0.391212522983551,1311.3265380859375,0.9711259731346038,34.97470597634072,0.5767664313316345,1077.162841796875,1.0,2024,7.510899543762207,"{""type"":""Point"",""coordinates"":[34.97470597634072,0.9711259731346038]}"
452,6.522141456604004,Trans Nzoia,1960.0,19.491304397583008,0.3246358036994934,1303.348388671875,1.2334909479700265,35.01942444937656,0.4073784351348877,1020.2589111328125,4.0,2024,6.522141456604004,"{""type"":""Point"",""coordinates"":[35.01942444937656,1.2334909479700265]}"
454,7.056650161743164,Trans Nzoia,1881.0,24.560869216918945,0.39165329933166504,1587.5098876953125,1.0612623990866212,34.886940904681836,0.48221638798713684,908.87646484375,1.0,2024,7.056650161743164,"{""type"":""Point"",""coordinates"":[34.886940904681836,1.0612623990866212]}"
457,6.061215877532959,Trans Nzoia,1923.0,21.39130401611328,0.4318622946739197,1448.66259765625,0.9843997820577813,35.15293268047059,0.5660496950149536,1027.66796875,1.0,2024,6.061215877532959,"{""type"":""Point"",""coordinates"":[35.15293268047059,0.9843997820577813]}"
458,7.1480889320373535,Trans Nzoia,1798.0,26.295652389526367,0.4492419362068176,1565.9140625,0.907139377560522,34.905553200883524,0.5570439100265503,1008.7112426757812,1.0,2024,7.1480889320373535,"{""type"":""Point"",""coordinates"":[34.905553200883524,0.907139377560522]}"
463,6.976150989532471,Trans Nzoia,1829.0,22.22608757019043,0.3981274366378784,1472.4818115234375,1.0095360326560405,34.91662048646605,0.6228237748146057,963.7658081054688,1.0,2024,6.976150989532471,"{""type"":""Point"",""coordinates"":[34.91662048646605,1.0095360326560405]}"
464,7.6339569091796875,Trans Nzoia,1843.0,23.96521759033203,0.30094146728515625,1587.5098876953125,1.1004180935762522,34.92995154505192,0.45493361353874207,961.76513671875,1.0,2024,7.6339569091796875,"{""type"":""Point"",""coordinates"":[34.92995154505192,1.1004180935762522]}"
465,6.143035888671875,Trans Nzoia,1845.0,24.139129638671875,0.5043162107467651,1309.0179443359375,1.0540715378052734,35.128704430924664,0.7575984597206116,1033.5059814453125,1.0,2024,6.143035888671875,"{""type"":""Point"",""coordinates"":[35.128704430924664,1.0540715378052734]}"
467,6.87305212020874,Trans Nzoia,1888.0,27.786956787109375,0.34180229902267456,1532.4256591796875,1.07655447070981,34.84198666428837,0.5380314588546753,813.836669921875,1.0,2024,6.87305212020874,"{""type"":""Point"",""coordinates"":[34.84198666428837,1.07655447070981]}"
468,6.179115295410156,Trans Nzoia,2041.0,23.482608795166016,0.36896851658821106,1362.5670166015625,1.0632216118395876,35.24227580291235,0.5710204839706421,1157.1868896484375,1.0,2024,6.179115295410156,"{""type"":""Point"",""coordinates"":[35.24227580291235,1.0632216118395876]}"
469,7.270184516906738,Trans Nzoia,1835.0,24.986955642700195,0.36174115538597107,1327.4505615234375,1.0296013548251775,35.0560464770691,0.5303734540939331,969.0385131835938,1.0,2024,7.270184516906738,"{""type"":""Point"",""coordinates"":[35.0560464770691,1.0296013548251775]}"
471,7.126240253448486,Trans Nzoia,1860.0,26.339130401611328,0.4695616662502289,1472.4818115234375,1.034805362412215,34.91669441868191,0.6376457214355469,963.7658081054688,1.0,2024,7.126240253448486,"{""type"":""Point"",""coordinates"":[34.91669441868191,1.034805362412215]}"
472,7.420675277709961,Trans Nzoia,1825.0,21.591304779052734,0.37109285593032837,1311.3265380859375,0.9526005551950527,34.96409188375339,0.5210521221160889,1077.162841796875,1.0,2024,7.420675277709961,"{""type"":""Point"",""coordinates"":[34.96409188375339,0.9526005551950527]}"
475,6.7459516525268555,Trans Nzoia,1824.0,22.717391967773438,0.3414478302001953,1388.3951416015625,0.885693103267632,34.99885940252742,0.5143193602561951,985.6636352539062,1.0,2024,6.7459516525268555,"{""type"":""Point"",""coordinates"":[34.99885940252742,0.885693103267632]}"
477,6.925394058227539,Trans Nzoia,1900.0,24.95652198791504,0.32538172602653503,1309.0179443359375,1.1019311492809132,35.086183470712015,0.5318387150764465,974.173583984375,1.0,2024,6.925394058227539,"{""type"":""Point"",""coordinates"":[35.086183470712015,1.1019311492809132]}"
483,7.428441047668457,Trans Nzoia,1880.0,23.504348754882812,0.40036508440971375,1303.348388671875,1.1677219594669679,34.95687504244057,0.5448254942893982,1049.634765625,1.0,2024,7.428441047668457,"{""type"":""Point"",""coordinates"":[34.95687504244057,1.1677219594669679]}"
485,7.307408332824707,Trans Nzoia,1873.0,21.96086883544922,0.34981927275657654,1311.3265380859375,0.9861587800509317,35.04105696068231,0.5211843848228455,943.7447509765625,1.0,2024,7.307408332824707,"{""type"":""Point"",""coordinates"":[35.04105696068231,0.9861587800509317]}"
488,6.446669101715088,Trans Nzoia,1986.0,20.76956558227539,0.31033045053482056,1518.2637939453125,0.9526372478312575,35.29073275325565,0.460889995098114,998.7577514648438,4.0,2024,6.446669101715088,"{""type"":""Point"",""coordinates"":[35.29073275325565,0.9526372478312575]}"
491,6.344404697418213,Trans Nzoia,1890.0,23.252174377441406,0.3323272466659546,1448.66259765625,1.009341396591307,35.19733226928509,0.5389729142189026,1005.9006958007812,1.0,2024,6.344404697418213,"{""type"":""Point"",""coordinates"":[35.19733226928509,1.009341396591307]}"
492,6.453392505645752,Trans Nzoia,1873.0,23.504348754882812,0.34296005964279175,1309.0179443359375,1.1358560875678736,35.09601075389971,0.526023268699646,974.173583984375,1.0,2024,6.453392505645752,"{""type"":""Point"",""coordinates"":[35.09601075389971,1.1358560875678736]}"
499,6.360939025878906,Trans Nzoia,1888.0,23.360870361328125,0.34251150488853455,1448.66259765625,0.9547830793370331,35.204886653465586,0.5459246039390564,1047.075927734375,1.0,2024,6.360939025878906,"{""type"":""Point"",""coordinates"":[35.204886653465586,0.9547830793370331]}"
502,6.415314674377441,Trans Nzoia,1911.0,21.81739044189453,0.3880663216114044,1448.66259765625,0.9750986723552874,35.206886727511844,0.5512493848800659,1047.075927734375,1.0,2024,6.415314674377441,"{""type"":""Point"",""coordinates"":[35.206886727511844,0.9750986723552874]}"
503,6.583402633666992,Trans Nzoia,1860.0,21.53913116455078,0.4431040585041046,1463.1514892578125,0.9404782342870701,35.249248926250054,0.6484841108322144,1050.580810546875,4.0,2024,6.583402633666992,"{""type"":""Point"",""coordinates"":[35.249248926250054,0.9404782342870701]}"
506,6.97944450378418,Trans Nzoia,1785.0,18.07391357421875,0.22908134758472443,1794.15283203125,1.251834654178609,34.895034648150045,0.3005066514015198,882.4627075195312,6.0,2024,6.97944450378418,"{""type"":""Point"",""coordinates"":[34.895034648150045,1.251834654178609]}"
507,6.273806095123291,Trans Nzoia,1869.0,24.404348373413086,0.33502665162086487,1339.5623779296875,0.9460739881127826,35.13453299808374,0.43741485476493835,964.28857421875,1.0,2024,6.273806095123291,"{""type"":""Point"",""coordinates"":[35.13453299808374,0.9460739881127826]}"
508,6.96807861328125,Trans Nzoia,1832.0,23.604347229003906,0.3026030361652374,1327.4505615234375,1.0270527838380938,35.07250065429376,0.42667970061302185,969.0385131835938,1.0,2024,6.96807861328125,"{""type"":""Point"",""coordinates"":[35.07250065429376,1.0270527838380938]}"
509,6.04999303817749,Trans Nzoia,1903.0,20.282608032226562,0.44872668385505676,1327.4505615234375,0.986414551208396,35.13779047697876,0.660297691822052,1042.0404052734375,1.0,2024,6.04999303817749,"{""type"":""Point"",""coordinates"":[35.13779047697876,0.986414551208396]}"
510,6.850028991699219,Trans Nzoia,1790.0,22.53043556213379,0.44093579053878784,1388.3951416015625,0.9055036979763904,35.01940790208427,0.5711339116096497,873.1403198242188,1.0,2024,6.850028991699219,"{""type"":""Point"",""coordinates"":[35.01940790208427,0.9055036979763904]}"
515,6.5011115074157715,Trans Nzoia,1914.0,21.513044357299805,0.4286274313926697,1448.66259765625,0.9623226039902835,35.22167302810956,0.6396858096122742,1047.075927734375,4.0,2024,6.5011115074157715,"{""type"":""Point"",""coordinates"":[35.22167302810956,0.9623226039902835]}"
517,6.459303855895996,Trans Nzoia,1947.0,24.521739959716797,0.39085444808006287,1451.5164794921875,0.9404858924039987,34.832460867655,0.5671718120574951,1004.1910400390625,1.0,2024,6.459303855895996,"{""type"":""Point"",""coordinates"":[34.832460867655,0.9404858924039987]}"
518,7.563756942749023,Trans Nzoia,1842.0,24.278261184692383,0.4064878523349762,1587.5098876953125,1.0975444597226807,34.91978125457245,0.5268139839172363,961.76513671875,1.0,2024,7.563756942749023,"{""type"":""Point"",""coordinates"":[34.91978125457245,1.0975444597226807]}"
519,7.18048620223999,Trans Nzoia,1863.0,23.42173957824707,0.4129818081855774,1472.4818115234375,1.0461523860217254,34.91403490961919,0.5486041307449341,963.7658081054688,1.0,2024,7.18048620223999,"{""type"":""Point"",""coordinates"":[34.91403490961919,1.0461523860217254]}"
523,6.527130603790283,Trans Nzoia,2017.0,24.017391204833984,0.35053327679634094,1532.4256591796875,1.0873103033653302,34.80946082992951,0.49197813868522644,813.836669921875,1.0,2024,6.527130603790283,"{""type"":""Point"",""coordinates"":[34.80946082992951,1.0873103033653302]}"
524,7.1983642578125,Trans Nzoia,1867.0,22.852174758911133,0.44601723551750183,1587.5098876953125,1.1435660785525321,34.860022061403136,0.5966398119926453,896.3999633789062,1.0,2024,7.1983642578125,"{""type"":""Point"",""coordinates"":[34.860022061403136,1.1435660785525321]}"
526,6.7332258224487305,Trans Nzoia,1918.0,26.708696365356445,0.4639001488685608,1415.5245361328125,1.03975869933134,34.842117712783335,0.5781800150871277,849.1492919921875,1.0,2024,6.7332258224487305,"{""type"":""Point"",""coordinates"":[34.842117712783335,1.03975869933134]}"
527,6.786332130432129,Trans Nzoia,1940.0,19.643478393554688,0.3408340811729431,1303.348388671875,1.22731424450917,34.9868900607555,0.502112627029419,1109.6043701171875,1.0,2024,6.786332130432129,"{""type"":""Point"",""coordinates"":[34.9868900607555,1.22731424450917]}"
528,6.3152642250061035,Trans Nzoia,2045.0,24.252174377441406,0.3101932406425476,1532.4256591796875,1.0788306256426725,34.795370114204886,0.5163034796714783,888.1694946289062,1.0,2024,6.3152642250061035,"{""type"":""Point"",""coordinates"":[34.795370114204886,1.0788306256426725]}"
543,7.248418807983398,Trans Nzoia,1763.0,24.04347801208496,0.4146302342414856,1565.9140625,0.9080564123194116,34.923424886781014,0.5405255556106567,1008.7112426757812,1.0,2024,7.248418807983398,"{""type"":""Point"",""coordinates"":[34.923424886781014,0.9080564123194116]}"
544,7.083782196044922,Trans Nzoia,1873.0,24.265216827392578,0.39020538330078125,1587.5098876953125,1.0610774235296623,34.89019271315042,0.5202670693397522,908.87646484375,1.0,2024,7.083782196044922,"{""type"":""Point"",""coordinates"":[34.89019271315042,1.0610774235296623]}"
548,6.885743141174316,Trans Nzoia,1770.0,25.634782791137695,0.44607576727867126,1687.8226318359375,0.8438440984486079,34.87767169917667,0.6721691489219666,988.6344604492188,1.0,2024,6.885743141174316,"{""type"":""Point"",""coordinates"":[34.87767169917667,0.8438440984486079]}"
553,6.152039527893066,Trans Nzoia,1867.0,21.586956024169922,0.3414907455444336,1448.66259765625,0.969988429603262,35.16995145325426,0.505513608455658,1027.66796875,1.0,2024,6.152039527893066,"{""type"":""Point"",""coordinates"":[35.16995145325426,0.969988429603262]}"
555,7.722017765045166,Trans Nzoia,1845.0,23.42173957824707,0.30725884437561035,1587.5098876953125,1.1053374934820421,34.946036056322306,0.4983128011226654,960.1989135742188,1.0,2024,7.722017765045166,"{""type"":""Point"",""coordinates"":[34.946036056322306,1.1053374934820421]}"
556,6.908278465270996,Trans Nzoia,1811.0,22.369565963745117,0.34952640533447266,1388.3951416015625,0.9189005634215587,35.02987888614052,0.4751617908477783,873.1403198242188,1.0,2024,6.908278465270996,"{""type"":""Point"",""coordinates"":[35.02987888614052,0.9189005634215587]}"
560,7.314298152923584,Trans Nzoia,1849.0,23.7608699798584,0.36547911167144775,1640.1566162109375,1.1915384355483887,34.89904062986228,0.45714691281318665,916.169677734375,1.0,2024,7.314298152923584,"{""type"":""Point"",""coordinates"":[34.89904062986228,1.1915384355483887]}"
562,6.34050178527832,Trans Nzoia,1937.0,22.65217399597168,0.42764875292778015,1303.348388671875,1.202023987937666,35.03003055418454,0.5485488176345825,1020.2589111328125,1.0,2024,6.34050178527832,"{""type"":""Point"",""coordinates"":[35.03003055418454,1.202023987937666]}"
563,7.375751495361328,Trans Nzoia,1858.0,21.765216827392578,0.41250401735305786,1587.5098876953125,1.149509049772513,34.878996280277086,0.5546539425849915,896.3999633789062,1.0,2024,7.375751495361328,"{""type"":""Point"",""coordinates"":[34.878996280277086,1.149509049772513]}"
564,5.728347301483154,Trans Nzoia,1877.0,25.360870361328125,0.2917766571044922,1309.0179443359375,1.1080759229571278,35.14683296112142,0.44301700592041016,1090.241455078125,1.0,2024,5.728347301483154,"{""type"":""Point"",""coordinates"":[35.14683296112142,1.1080759229571278]}"
569,7.752887725830078,Trans Nzoia,1861.0,21.57391357421875,0.25682899355888367,1372.1785888671875,1.1016346417985192,34.95510447772306,0.38849076628685,1015.1450805664062,1.0,2024,7.752887725830078,"{""type"":""Point"",""coordinates"":[34.95510447772306,1.1016346417985192]}"
575,6.749818325042725,Trans Nzoia,1953.0,23.060869216918945,0.32292672991752625,1303.348388671875,1.1825584578702957,35.013264604749196,0.4869101047515869,860.8521118164062,1.0,2024,6.749818325042725,"{""type"":""Point"",""coordinates"":[35.013264604749196,1.1825584578702957]}"
580,7.511849880218506,Trans Nzoia,1849.0,22.46086883544922,0.3726407587528229,1587.5098876953125,1.092919411277332,34.91490117090877,0.4748549163341522,961.76513671875,1.0,2024,7.511849880218506,"{""type"":""Point"",""coordinates"":[34.91490117090877,1.092919411277332]}"
582,7.599362850189209,Trans Nzoia,1819.0,26.282608032226562,0.3248937129974365,1311.3265380859375,1.0169383351870522,34.96826987359557,0.4681544601917267,1003.5731201171875,1.0,2024,7.599362850189209,"{""type"":""Point"",""coordinates"":[34.96826987359557,1.0169383351870522]}"
584,7.267320156097412,Trans Nzoia,1903.0,23.57826042175293,0.38684695959091187,1309.0179443359375,1.0869100187234595,35.06729726460274,0.5673249959945679,961.5752563476562,1.0,2024,7.267320156097412,"{""type"":""Point"",""coordinates"":[35.06729726460274,1.0869100187234595]}"
585,6.66438627243042,Trans Nzoia,1894.0,22.478260040283203,0.341924786567688,1518.2637939453125,0.9603164580070235,35.25265450473652,0.5070022940635681,998.7577514648438,1.0,2024,6.66438627243042,"{""type"":""Point"",""coordinates"":[35.25265450473652,0.9603164580070235]}"
587,6.602454662322998,Trans Nzoia,1947.0,23.76956558227539,0.3701297342777252,1518.2637939453125,1.0192962556569167,35.25841372784442,0.5270485877990723,994.1923217773438,1.0,2024,6.602454662322998,"{""type"":""Point"",""coordinates"":[35.25841372784442,1.0192962556569167]}"
588,7.648253440856934,Trans Nzoia,1838.0,20.678260803222656,0.3665723204612732,1311.3265380859375,1.0126263568103069,34.97782432342542,0.5235369205474854,1003.5731201171875,4.0,2024,7.648253440856934,"{""type"":""Point"",""coordinates"":[34.97782432342542,1.0126263568103069]}"
590,7.5472412109375,Trans Nzoia,1874.0,23.008695602416992,0.33286935091018677,1640.1566162109375,1.1576586824159476,34.92272043176479,0.5274872183799744,964.7963256835938,1.0,2024,7.5472412109375,"{""type"":""Point"",""coordinates"":[34.92272043176479,1.1576586824159476]}"
591,6.489531517028809,Trans Nzoia,2130.0,23.256521224975586,0.42623719573020935,1518.2637939453125,0.983171882877449,35.284937663569124,0.5870339274406433,998.7577514648438,1.0,2024,6.489531517028809,"{""type"":""Point"",""coordinates"":[35.284937663569124,0.983171882877449]}"
596,7.084367275238037,Trans Nzoia,1928.0,23.31739044189453,0.37346914410591125,1303.348388671875,1.212610499242219,34.9542227976707,0.5400543212890625,1109.6043701171875,1.0,2024,7.084367275238037,"{""type"":""Point"",""coordinates"":[34.9542227976707,1.212610499242219]}"
598,6.289398670196533,Trans Nzoia,2091.0,22.88260841369629,0.2856062650680542,1532.4256591796875,1.1320076971817732,34.789296728355296,0.47345253825187683,876.7874755859375,1.0,2024,6.289398670196533,"{""type"":""Point"",""coordinates"":[34.789296728355296,1.1320076971817732]}"
599,7.5209431648254395,Trans Nzoia,1874.0,20.19565200805664,0.38088077306747437,1303.348388671875,1.1553626798351564,34.95868232230228,0.4974123239517212,1049.634765625,1.0,2024,7.5209431648254395,"{""type"":""Point"",""coordinates"":[34.95868232230228,1.1553626798351564]}"
600,6.8896684646606445,Trans Nzoia,1868.0,23.430435180664062,0.42757686972618103,1309.0179443359375,1.058587374076492,35.08408988399851,0.6484909653663635,961.5752563476562,1.0,2024,6.8896684646606445,"{""type"":""Point"",""coordinates"":[35.08408988399851,1.058587374076492]}"
605,6.574291229248047,Trans Nzoia,1944.0,22.556522369384766,0.33164021372795105,1448.66259765625,1.0203182708368728,35.23626106311653,0.529412031173706,1040.30517578125,1.0,2024,6.574291229248047,"{""type"":""Point"",""coordinates"":[35.23626106311653,1.0203182708368728]}"
607,6.187256813049316,Trans Nzoia,2120.0,24.291303634643555,0.3738887310028076,1532.4256591796875,1.1205735201547438,34.78698520591371,0.48120665550231934,876.7874755859375,1.0,2024,6.187256813049316,"{""type"":""Point"",""coordinates"":[34.78698520591371,1.1205735201547438]}"
609,7.319488048553467,Trans Nzoia,1850.0,23.7608699798584,0.3706178367137909,1640.1566162109375,1.191052156855968,34.899402596965224,0.4504409730434418,916.169677734375,1.0,2024,7.319488048553467,"{""type"":""Point"",""coordinates"":[34.899402596965224,1.191052156855968]}"
616,5.767536163330078,Trans Nzoia,1881.0,24.782608032226562,0.37375396490097046,1362.5670166015625,1.069864595048235,35.173081303858666,0.5429764986038208,1080.9871826171875,1.0,2024,5.767536163330078,"{""type"":""Point"",""coordinates"":[35.173081303858666,1.069864595048235]}"
620,7.194159030914307,Trans Nzoia,1900.0,22.200000762939453,0.35086390376091003,1653.9757080078125,1.2209991060270171,34.81987180020528,0.4181751608848572,881.7891235351562,1.0,2024,7.194159030914307,"{""type"":""Point"",""coordinates"":[34.81987180020528,1.2209991060270171]}"
623,7.136941432952881,Trans Nzoia,1864.0,22.60869598388672,0.40378445386886597,1640.1566162109375,1.2213546066027723,34.89011483671132,0.5037786364555359,915.8572387695312,4.0,2024,7.136941432952881,"{""type"":""Point"",""coordinates"":[34.89011483671132,1.2213546066027723]}"
624,6.392302513122559,Trans Nzoia,1895.0,24.65217399597168,0.36884093284606934,1448.66259765625,1.0023072389238286,35.20167761627388,0.5617527961730957,1040.30517578125,1.0,2024,6.392302513122559,"{""type"":""Point"",""coordinates"":[35.20167761627388,1.0023072389238286]}"
627,6.085177421569824,Trans Nzoia,1882.0,21.991304397583008,0.3226103186607361,1327.4505615234375,0.9712655641615274,35.14360951519559,0.4796958863735199,1042.0404052734375,1.0,2024,6.085177421569824,"{""type"":""Point"",""coordinates"":[35.14360951519559,0.9712655641615274]}"
628,6.4889678955078125,Trans Nzoia,1917.0,18.39130401611328,0.35909220576286316,1448.66259765625,0.971837760724038,35.2173437494041,0.6131064891815186,1047.075927734375,1.0,2024,6.4889678955078125,"{""type"":""Point"",""coordinates"":[35.2173437494041,0.971837760724038]}"
632,7.259207725524902,Trans Nzoia,1882.0,25.92608642578125,0.3752506673336029,1372.1785888671875,1.1406662339782934,35.02720988966673,0.5473715662956238,862.4269409179688,1.0,2024,7.259207725524902,"{""type"":""Point"",""coordinates"":[35.02720988966673,1.1406662339782934]}"
637,7.284161567687988,Trans Nzoia,1851.0,24.365217208862305,0.3907252550125122,1587.5098876953125,1.0625174138472127,34.91295464770465,0.5651246905326843,961.76513671875,1.0,2024,7.284161567687988,"{""type"":""Point"",""coordinates"":[34.91295464770465,1.0625174138472127]}"
642,7.632299423217773,Trans Nzoia,1859.0,21.978260040283203,0.37961700558662415,1372.1785888671875,1.134185911642756,34.98118587236795,0.5247976183891296,1015.1450805664062,1.0,2024,7.632299423217773,"{""type"":""Point"",""coordinates"":[34.98118587236795,1.134185911642756]}"
650,6.941412925720215,Trans Nzoia,2156.0,23.713043212890625,0.3567669689655304,1653.9757080078125,1.1937604026827155,34.76396293293812,0.5319175124168396,878.0504150390625,1.0,2024,6.941412925720215,"{""type"":""Point"",""coordinates"":[34.76396293293812,1.1937604026827155]}"
652,6.555321216583252,Trans Nzoia,1947.0,25.178260803222656,0.36764487624168396,1451.5164794921875,0.8982995390564664,34.82886021593724,0.5215819478034973,985.6239013671875,1.0,2024,6.555321216583252,"{""type"":""Point"",""coordinates"":[34.82886021593724,0.8982995390564664]}"
653,6.927399158477783,Trans Nzoia,1783.0,23.0,0.4227825403213501,1565.9140625,0.9000603321346936,34.87020983873553,0.5936840772628784,1008.7085571289062,1.0,2024,6.927399158477783,"{""type"":""Point"",""coordinates"":[34.87020983873553,0.9000603321346936]}"
655,7.26339054107666,Trans Nzoia,1867.0,23.84347915649414,0.4345165491104126,1303.348388671875,1.1815236997381706,34.962721305448596,0.5486735105514526,1049.634765625,1.0,2024,7.26339054107666,"{""type"":""Point"",""coordinates"":[34.962721305448596,1.1815236997381706]}"
661,6.563963890075684,Trans Nzoia,1945.0,22.3869571685791,0.29486769437789917,1448.66259765625,1.0236145519051822,35.23910253161774,0.46140313148498535,1040.30517578125,1.0,2024,6.563963890075684,"{""type"":""Point"",""coordinates"":[35.23910253161774,1.0236145519051822]}"
664,6.200808525085449,Trans Nzoia,1913.0,21.943477630615234,0.2655651867389679,1327.4505615234375,1.014248018988243,35.11586452093786,0.47831442952156067,1019.4813842773438,1.0,2024,6.200808525085449,"{""type"":""Point"",""coordinates"":[35.11586452093786,1.014248018988243]}"
665,6.9979119300842285,Trans Nzoia,1970.0,24.026086807250977,0.31862056255340576,1303.348388671875,1.1505689826400147,35.03659032264239,0.43939557671546936,860.8521118164062,1.0,2024,6.9979119300842285,"{""type"":""Point"",""coordinates"":[35.03659032264239,1.1505689826400147]}"
669,6.972598552703857,Trans Nzoia,1750.0,22.252174377441406,0.39593371748924255,1565.9140625,0.8627617380088055,34.923382219269605,0.5639841556549072,986.4015502929688,1.0,2024,6.972598552703857,"{""type"":""Point"",""coordinates"":[34.923382219269605,0.8627617380088055]}"
671,7.217552185058594,Trans Nzoia,1883.0,21.87826156616211,0.3114219605922699,1311.3265380859375,0.9736275083234818,35.043229739070384,0.47885024547576904,943.7447509765625,1.0,2024,7.217552185058594,"{""type"":""Point"",""coordinates"":[35.043229739070384,0.9736275083234818]}"
672,5.5025177001953125,Trans Nzoia,1930.0,25.513044357299805,0.453375905752182,1217.0069580078125,1.1635252115752552,35.13745131235245,0.6071031093597412,1211.0057373046875,1.0,2024,5.5025177001953125,"{""type"":""Point"",""coordinates"":[35.13745131235245,1.1635252115752552]}"
676,7.584502220153809,Trans Nzoia,1839.0,22.278261184692383,0.34686675667762756,1640.1566162109375,1.1523155121440058,34.935415153493494,0.5342538356781006,964.7963256835938,1.0,2024,7.584502220153809,"{""type"":""Point"",""coordinates"":[34.935415153493494,1.1523155121440058]}"
677,6.662544250488281,Trans Nzoia,1795.0,23.54347801208496,0.36190757155418396,1565.9140625,0.9397616697580438,34.8826812069635,0.4815370738506317,1014.7183227539062,1.0,2024,6.662544250488281,"{""type"":""Point"",""coordinates"":[34.8826812069635,0.9397616697580438]}"
679,6.04973840713501,Trans Nzoia,2060.0,23.439130783081055,0.29463058710098267,1532.4256591796875,1.0779870557167328,34.782830690675,0.4736844003200531,888.1694946289062,1.0,2024,6.04973840713501,"{""type"":""Point"",""coordinates"":[34.782830690675,1.0779870557167328]}"
680,6.052953720092773,Trans Nzoia,1922.0,20.556522369384766,0.3273674249649048,1327.4505615234375,0.9832886531842983,35.14837364482683,0.5087718963623047,1042.0404052734375,4.0,2024,6.052953720092773,"{""type"":""Point"",""coordinates"":[35.14837364482683,0.9832886531842983]}"
685,6.843095779418945,Trans Nzoia,1944.0,22.61739158630371,0.3372521698474884,1303.348388671875,1.2118574168099296,34.98448891741403,0.5494101643562317,1109.6043701171875,1.0,2024,6.843095779418945,"{""type"":""Point"",""coordinates"":[34.98448891741403,1.2118574168099296]}"
687,6.0555596351623535,Trans Nzoia,1889.0,22.96086883544922,0.38402053713798523,1309.0179443359375,1.0568948782269292,35.13765785194871,0.5239191055297852,1033.5059814453125,1.0,2024,6.0555596351623535,"{""type"":""Point"",""coordinates"":[35.13765785194871,1.0568948782269292]}"
690,7.288890838623047,Trans Nzoia,1863.0,23.96956443786621,0.4213118851184845,1587.5098876953125,1.0562111831499694,34.91824311415991,0.6016721725463867,961.76513671875,1.0,2024,7.288890838623047,"{""type"":""Point"",""coordinates"":[34.91824311415991,1.0562111831499694]}"
693,6.433053970336914,Trans Nzoia,1884.0,22.991304397583008,0.387798935174942,1448.66259765625,0.9986544781326571,35.20664124788762,0.5558043718338013,1047.075927734375,1.0,2024,6.433053970336914,"{""type"":""Point"",""coordinates"":[35.20664124788762,0.9986544781326571]}"
694,5.904001712799072,Trans Nzoia,1870.0,22.713043212890625,0.387098103761673,1362.5670166015625,1.0642180593623942,35.15472109893478,0.5008577704429626,1080.9871826171875,1.0,2024,5.904001712799072,"{""type"":""Point"",""coordinates"":[35.15472109893478,1.0642180593623942]}"
697,5.569690704345703,Trans Nzoia,2556.0,25.365217208862305,0.5050679445266724,898.4467163085938,0.9614969459703964,34.73415088151195,0.5963347554206848,1086.8260498046875,4.0,2024,5.569690704345703,"{""type"":""Point"",""coordinates"":[34.73415088151195,0.9614969459703964]}"
699,7.34093713760376,Trans Nzoia,1825.0,20.178260803222656,0.36965063214302063,1388.3951416015625,0.9390856829367549,34.95023989715764,0.5125933885574341,1042.5777587890625,1.0,2024,7.34093713760376,"{""type"":""Point"",""coordinates"":[34.95023989715764,0.9390856829367549]}"
700,6.471172332763672,Trans Nzoia,2009.0,23.917390823364258,0.43098679184913635,1448.66259765625,1.0401352715620398,35.24769961950065,0.5854915976524353,1040.30517578125,1.0,2024,6.471172332763672,"{""type"":""Point"",""coordinates"":[35.24769961950065,1.0401352715620398]}"
701,7.1804423332214355,Trans Nzoia,1871.0,22.57391357421875,0.4148009121417999,1640.1566162109375,1.15404040282692,34.85758744260991,0.5744856595993042,916.169677734375,1.0,2024,7.1804423332214355,"{""type"":""Point"",""coordinates"":[34.85758744260991,1.15404040282692]}"
702,7.788706302642822,Trans Nzoia,1816.0,23.27391242980957,0.41058266162872314,1372.1785888671875,1.0743310970727813,35.019424694145194,0.5379173159599304,885.8496704101562,1.0,2024,7.788706302642822,"{""type"":""Point"",""coordinates"":[35.019424694145194,1.0743310970727813]}"
709,5.899539947509766,Trans Nzoia,1897.0,23.65652084350586,0.3339669108390808,1309.0179443359375,1.0833314186082095,35.14503816347209,0.5334832072257996,1033.5059814453125,1.0,2024,5.899539947509766,"{""type"":""Point"",""coordinates"":[35.14503816347209,1.0833314186082095]}"
710,6.693095684051514,Trans Nzoia,1816.0,21.556522369384766,0.3950546681880951,1339.5623779296875,0.909506246632845,35.103427532575715,0.5728065967559814,964.28857421875,1.0,2024,6.693095684051514,"{""type"":""Point"",""coordinates"":[35.103427532575715,0.909506246632845]}"
713,6.261674880981445,Trans Nzoia,2269.0,23.430435180664062,0.3000469207763672,1451.5164794921875,0.9318257425944704,34.77019150987532,0.5005428194999695,1013.508056640625,1.0,2024,6.261674880981445,"{""type"":""Point"",""coordinates"":[34.77019150987532,0.9318257425944704]}"
717,7.583868026733398,Trans Nzoia,1842.0,23.77391242980957,0.4310544729232788,1311.3265380859375,0.9813816171449744,34.99330894415361,0.5458128452301025,1077.162841796875,1.0,2024,7.583868026733398,"{""type"":""Point"",""coordinates"":[34.99330894415361,0.9813816171449744]}"
719,6.913086891174316,Trans Nzoia,1926.0,22.895652770996094,0.3529967963695526,1653.9757080078125,1.1586958799727156,34.8320356812744,0.5085804462432861,878.5647583007812,1.0,2024,6.913086891174316,"{""type"":""Point"",""coordinates"":[34.8320356812744,1.1586958799727156]}"
722,6.903303146362305,Trans Nzoia,1967.0,23.330434799194336,0.31503063440322876,1303.348388671875,1.1655896283591316,35.02094730811859,0.5352480411529541,860.8521118164062,1.0,2024,6.903303146362305,"{""type"":""Point"",""coordinates"":[35.02094730811859,1.1655896283591316]}"
728,7.835972309112549,Trans Nzoia,1823.0,22.22608757019043,0.35884883999824524,1372.1785888671875,1.0679702342431288,34.99699267964871,0.5424875617027283,1014.598876953125,1.0,2024,7.835972309112549,"{""type"":""Point"",""coordinates"":[34.99699267964871,1.0679702342431288]}"
729,6.988909721374512,Trans Nzoia,1961.0,20.513044357299805,0.38247257471084595,1303.348388671875,1.2215269695677324,34.96235233922532,0.5619205236434937,1109.6043701171875,1.0,2024,6.988909721374512,"{""type"":""Point"",""coordinates"":[34.96235233922532,1.2215269695677324]}"
731,6.991605758666992,Trans Nzoia,1899.0,19.917390823364258,0.35768789052963257,1640.1566162109375,1.2418508415234562,34.92918547532427,0.4802643656730652,972.9393310546875,4.0,2024,6.991605758666992,"{""type"":""Point"",""coordinates"":[34.92918547532427,1.2418508415234562]}"
733,6.056900978088379,Trans Nzoia,1915.0,21.939130783081055,0.40527674555778503,1362.5670166015625,1.052836118833234,35.20579968659362,0.6086568832397461,1157.1868896484375,1.0,2024,6.056900978088379,"{""type"":""Point"",""coordinates"":[35.20579968659362,1.052836118833234]}"
736,6.655020713806152,Trans Nzoia,1991.0,26.943477630615234,0.4432482123374939,1415.5245361328125,1.042785515990756,34.818779065631354,0.504668116569519,849.1492919921875,1.0,2024,6.655020713806152,"{""type"":""Point"",""coordinates"":[34.818779065631354,1.042785515990756]}"
738,6.027597427368164,Trans Nzoia,1884.0,22.45652198791504,0.35019800066947937,1448.66259765625,1.0468640281570902,35.18337697515421,0.5690967440605164,1005.9006958007812,1.0,2024,6.027597427368164,"{""type"":""Point"",""coordinates"":[35.18337697515421,1.0468640281570902]}"
739,6.085938930511475,Trans Nzoia,2116.0,28.082609176635742,0.3008459806442261,1532.4256591796875,1.0836666924598517,34.78531126297381,0.49190667271614075,888.1694946289062,1.0,2024,6.085938930511475,"{""type"":""Point"",""coordinates"":[34.78531126297381,1.0836666924598517]}"
740,7.418218612670898,Trans Nzoia,1845.0,21.913043975830078,0.43209344148635864,1640.1566162109375,1.1778535466960247,34.912230705874094,0.590335488319397,964.7963256835938,1.0,2024,7.418218612670898,"{""type"":""Point"",""coordinates"":[34.912230705874094,1.1778535466960247]}"
741,7.217921733856201,Trans Nzoia,1904.0,22.404348373413086,0.3125150203704834,1303.348388671875,1.1959441106840976,34.95017649373958,0.4267796576023102,1049.634765625,1.0,2024,7.217921733856201,"{""type"":""Point"",""coordinates"":[34.95017649373958,1.1959441106840976]}"
743,6.587340831756592,Trans Nzoia,2198.0,23.53478240966797,0.3287244737148285,1653.9757080078125,1.1685999157536306,34.78698721872098,0.42095667123794556,878.0504150390625,1.0,2024,6.587340831756592,"{""type"":""Point"",""coordinates"":[34.78698721872098,1.1685999157536306]}"
744,6.1347270011901855,Trans Nzoia,1916.0,22.708696365356445,0.2760128378868103,1327.4505615234375,1.0143555798977664,35.121435991180164,0.46864041686058044,1019.4813842773438,1.0,2024,6.1347270011901855,"{""type"":""Point"",""coordinates"":[35.121435991180164,1.0143555798977664]}"
748,6.571732521057129,Trans Nzoia,1875.0,23.45652198791504,0.36510568857192993,1309.0179443359375,1.1115663706954013,35.102768904864114,0.5554273724555969,1090.241455078125,1.0,2024,6.571732521057129,"{""type"":""Point"",""coordinates"":[35.102768904864114,1.1115663706954013]}"
750,5.716869354248047,Trans Nzoia,1903.0,23.03913116455078,0.43946442008018494,1362.5670166015625,1.0718498936424645,35.17823713440482,0.648369550704956,1080.9871826171875,1.0,2024,5.716869354248047,"{""type"":""Point"",""coordinates"":[35.17823713440482,1.0718498936424645]}"
751,5.728756904602051,Trans Nzoia,1903.0,23.03913116455078,0.4169459939002991,1362.5670166015625,1.0711008294238302,35.178040253310066,0.6264062523841858,1080.9871826171875,1.0,2024,5.728756904602051,"{""type"":""Point"",""coordinates"":[35.178040253310066,1.0711008294238302]}"
753,6.411056995391846,Trans Nzoia,1952.0,23.434782028198242,0.2882840633392334,1217.0069580078125,1.1519424272080176,35.08079772137472,0.46170344948768616,1066.3682861328125,1.0,2024,6.411056995391846,"{""type"":""Point"",""coordinates"":[35.08079772137472,1.1519424272080176]}"
755,7.2284722328186035,Trans Nzoia,1915.0,24.495651245117188,0.4041064381599426,1640.1566162109375,1.204465571015999,34.93053324890495,0.45383691787719727,972.9393310546875,1.0,2024,7.2284722328186035,"{""type"":""Point"",""coordinates"":[34.93053324890495,1.204465571015999]}"
757,7.731726169586182,Trans Nzoia,1857.0,22.88260841369629,0.34890902042388916,1372.1785888671875,1.0609278736565393,34.967756752552134,0.5008779764175415,1014.598876953125,1.0,2024,7.731726169586182,"{""type"":""Point"",""coordinates"":[34.967756752552134,1.0609278736565393]}"
762,6.5645294189453125,Trans Nzoia,1854.0,22.96086883544922,0.4040209650993347,1327.4505615234375,1.02275036751159,35.09284122740623,0.5603161454200745,969.0385131835938,1.0,2024,6.5645294189453125,"{""type"":""Point"",""coordinates"":[35.09284122740623,1.02275036751159]}"
763,6.952581882476807,Trans Nzoia,1753.0,25.234783172607422,0.48287689685821533,1565.9140625,0.9482036159212905,34.914950042661744,0.6606562733650208,1008.7112426757812,1.0,2024,6.952581882476807,"{""type"":""Point"",""coordinates"":[34.914950042661744,0.9482036159212905]}"
767,6.189162254333496,Trans Nzoia,2265.0,24.360870361328125,0.3842248320579529,1451.5164794921875,0.9303624997939505,34.76055293636195,0.5545353293418884,1013.508056640625,1.0,2024,6.189162254333496,"{""type"":""Point"",""coordinates"":[34.76055293636195,0.9303624997939505]}"
772,6.142617225646973,Trans Nzoia,1929.0,21.669565200805664,0.37181413173675537,1327.4505615234375,0.9872539893604156,35.12021924256348,0.5771690607070923,1042.0404052734375,1.0,2024,6.142617225646973,"{""type"":""Point"",""coordinates"":[35.12021924256348,0.9872539893604156]}"
778,6.789559364318848,Trans Nzoia,1784.0,24.413043975830078,0.44583335518836975,1687.8226318359375,0.8398840576734274,34.888338605758115,0.571439266204834,988.6344604492188,1.0,2024,6.789559364318848,"{""type"":""Point"",""coordinates"":[34.888338605758115,0.8398840576734274]}"
780,7.072305679321289,Trans Nzoia,2102.0,28.34782600402832,0.47272056341171265,1086.3765869140625,1.1976386667184264,34.74694810338436,0.6132184267044067,1033.228759765625,1.0,2024,7.072305679321289,"{""type"":""Point"",""coordinates"":[34.74694810338436,1.1976386667184264]}"
784,7.438896179199219,Trans Nzoia,1850.0,21.95652198791504,0.34969961643218994,1587.5098876953125,1.0634908549499429,34.928733319357164,0.47665679454803467,961.76513671875,1.0,2024,7.438896179199219,"{""type"":""Point"",""coordinates"":[34.928733319357164,1.0634908549499429]}"
785,6.574652194976807,Trans Nzoia,1959.0,23.243478775024414,0.3847697973251343,1532.4256591796875,1.132769450790865,34.81041597609673,0.5190929174423218,853.085205078125,1.0,2024,6.574652194976807,"{""type"":""Point"",""coordinates"":[34.81041597609673,1.132769450790865]}"
786,6.834356784820557,Trans Nzoia,1870.0,23.96086883544922,0.36400896310806274,1339.5623779296875,0.9454904055332847,35.063592773171194,0.5120093822479248,951.3497924804688,1.0,2024,6.834356784820557,"{""type"":""Point"",""coordinates"":[35.063592773171194,0.9454904055332847]}"
787,7.068557262420654,Trans Nzoia,1905.0,28.447826385498047,0.29826831817626953,1653.9757080078125,1.1798554813271234,34.84411581565219,0.4249756932258606,878.5647583007812,1.0,2024,7.068557262420654,"{""type"":""Point"",""coordinates"":[34.84411581565219,1.1798554813271234]}"
788,7.375143051147461,Trans Nzoia,1842.0,22.091304779052734,0.3841022551059723,1587.5098876953125,1.07466461379817,34.9128304688072,0.5110957026481628,961.76513671875,1.0,2024,7.375143051147461,"{""type"":""Point"",""coordinates"":[34.9128304688072,1.07466461379817]}"
789,7.532199859619141,Trans Nzoia,1865.0,24.46086883544922,0.35852137207984924,1640.1566162109375,1.1602284676478938,34.921302887633644,0.5416541695594788,964.7963256835938,1.0,2024,7.532199859619141,"{""type"":""Point"",""coordinates"":[34.921302887633644,1.1602284676478938]}"
794,6.258086681365967,Trans Nzoia,1837.0,20.947826385498047,0.43453922867774963,1448.66259765625,1.0009709364909696,35.18697277150162,0.6061389446258545,1005.9006958007812,1.0,2024,6.258086681365967,"{""type"":""Point"",""coordinates"":[35.18697277150162,1.0009709364909696]}"
799,5.424768924713135,Trans Nzoia,1976.0,24.282608032226562,0.3769005835056305,1217.0069580078125,1.173283168956146,35.139495832794275,0.6017811894416809,1211.0057373046875,1.0,2024,5.424768924713135,"{""type"":""Point"",""coordinates"":[35.139495832794275,1.173283168956146]}"
800,6.252519607543945,Trans Nzoia,1922.0,24.360870361328125,0.3421325087547302,1303.348388671875,1.207774401642934,35.03575251198019,0.5319541096687317,1020.2589111328125,1.0,2024,6.252519607543945,"{""type"":""Point"",""coordinates"":[35.03575251198019,1.207774401642934]}"
801,7.524352550506592,Trans Nzoia,1848.0,25.734783172607422,0.360490083694458,1587.5098876953125,1.1020169866867067,34.91114404941767,0.482856810092926,960.1989135742188,1.0,2024,7.524352550506592,"{""type"":""Point"",""coordinates"":[34.91114404941767,1.1020169866867067]}"
802,6.162936210632324,Trans Nzoia,1930.0,23.404348373413086,0.41168588399887085,1327.4505615234375,0.9936608517468475,35.11783272806806,0.42955222725868225,1042.0404052734375,1.0,2024,6.162936210632324,"{""type"":""Point"",""coordinates"":[35.11783272806806,0.9936608517468475]}"
806,6.854165077209473,Trans Nzoia,1820.0,24.799999237060547,0.48718753457069397,1388.3951416015625,0.8915010290170079,34.997429996432984,0.6499730944633484,985.6636352539062,1.0,2024,6.854165077209473,"{""type"":""Point"",""coordinates"":[34.997429996432984,0.8915010290170079]}"
809,7.746555328369141,Trans Nzoia,1824.0,22.204347610473633,0.3902374505996704,1372.1785888671875,1.1187978853516372,34.97823252517465,0.5620374083518982,1015.1450805664062,1.0,2024,7.746555328369141,"{""type"":""Point"",""coordinates"":[34.97823252517465,1.1187978853516372]}"
810,7.449512004852295,Trans Nzoia,1836.0,24.747825622558594,0.4261331260204315,1311.3265380859375,0.9630638399810815,35.00904926219375,0.5642632842063904,943.7447509765625,1.0,2024,7.449512004852295,"{""type"":""Point"",""coordinates"":[35.00904926219375,0.9630638399810815]}"
811,6.434059143066406,Trans Nzoia,1795.0,23.42173957824707,0.3555600345134735,1415.5245361328125,0.980588700532513,34.84930796742091,0.5798605680465698,959.7871704101562,1.0,2024,6.434059143066406,"{""type"":""Point"",""coordinates"":[34.84930796742091,0.980588700532513]}"
812,6.359248161315918,Trans Nzoia,1883.0,22.45652198791504,0.39685961604118347,1448.66259765625,0.9531122382325325,35.20462764031342,0.6205785870552063,1047.075927734375,1.0,2024,6.359248161315918,"{""type"":""Point"",""coordinates"":[35.20462764031342,0.9531122382325325]}"
815,6.5247039794921875,Trans Nzoia,1959.0,22.81739044189453,0.36146220564842224,1619.9417724609375,0.944916769196834,35.28354584587982,0.5458862781524658,978.35693359375,4.0,2024,6.5247039794921875,"{""type"":""Point"",""coordinates"":[35.28354584587982,0.944916769196834]}"
816,6.483537673950195,Trans Nzoia,1975.0,25.34782600402832,0.41284313797950745,1415.5245361328125,0.965760414820925,34.81134033198499,0.5358344316482544,959.7871704101562,1.0,2024,6.483537673950195,"{""type"":""Point"",""coordinates"":[34.81134033198499,0.965760414820925]}"
817,6.912877082824707,Trans Nzoia,1705.0,25.12173843383789,0.4063258767127991,1565.9140625,0.8656645568180866,34.939117895834876,0.5999042391777039,986.4015502929688,1.0,2024,6.912877082824707,"{""type"":""Point"",""coordinates"":[34.939117895834876,0.8656645568180866]}"
821,7.686697959899902,Trans Nzoia,1846.0,21.03478240966797,0.2485203593969345,1311.3265380859375,1.0109075407796726,34.990532003985216,0.321757048368454,1003.5731201171875,1.0,2024,7.686697959899902,"{""type"":""Point"",""coordinates"":[34.990532003985216,1.0109075407796726]}"
824,7.046868801116943,Trans Nzoia,1996.0,18.68695640563965,0.3738958537578583,1303.348388671875,1.1750505392863992,34.995608880520535,0.5279778838157654,1049.634765625,1.0,2024,7.046868801116943,"{""type"":""Point"",""coordinates"":[34.995608880520535,1.1750505392863992]}"
826,6.022851467132568,Trans Nzoia,1871.0,24.873912811279297,0.2326301783323288,1448.66259765625,1.0369878093607319,35.1508348478515,0.3839232623577118,1005.9006958007812,1.0,2024,6.022851467132568,"{""type"":""Point"",""coordinates"":[35.1508348478515,1.0369878093607319]}"
827,6.367937088012695,Trans Nzoia,2053.0,25.96086883544922,0.3572251796722412,1451.5164794921875,0.8817493588526778,34.805409854992476,0.5401145219802856,985.6239013671875,1.0,2024,6.367937088012695,"{""type"":""Point"",""coordinates"":[34.805409854992476,0.8817493588526778]}"
828,5.361285209655762,Trans Nzoia,2272.0,24.83478355407715,0.3515552580356598,1518.2637939453125,0.9928866860195716,35.33012794768279,0.4899948835372925,1077.1812744140625,1.0,2024,5.361285209655762,"{""type"":""Point"",""coordinates"":[35.33012794768279,0.9928866860195716]}"
836,6.338991165161133,Trans Nzoia,1851.0,23.004348754882812,0.3623054325580597,1327.4505615234375,0.9644241564157147,35.10659174276009,0.5377820730209351,1042.0404052734375,1.0,2024,6.338991165161133,"{""type"":""Point"",""coordinates"":[35.10659174276009,0.9644241564157147]}"
844,7.498602390289307,Trans Nzoia,1856.0,23.743478775024414,0.2723085880279541,1587.5098876953125,1.0823314821907881,34.9215618668339,0.4289168119430542,961.76513671875,1.0,2024,7.498602390289307,"{""type"":""Point"",""coordinates"":[34.9215618668339,1.0823314821907881]}"
849,7.083663463592529,Trans Nzoia,1880.0,24.486955642700195,0.3814694881439209,1653.9757080078125,1.1937493963555232,34.843220633106554,0.5147808790206909,878.5647583007812,1.0,2024,7.083663463592529,"{""type"":""Point"",""coordinates"":[34.843220633106554,1.1937493963555232]}"
850,6.43830680847168,Trans Nzoia,1832.0,23.052173614501953,0.4185832440853119,1339.5623779296875,0.9399864662308517,35.112950914576984,0.5500192642211914,964.28857421875,1.0,2024,6.43830680847168,"{""type"":""Point"",""coordinates"":[35.112950914576984,0.9399864662308517]}"
860,7.073042392730713,Trans Nzoia,1857.0,29.930435180664062,0.3294369876384735,1472.4818115234375,1.0380010595176141,34.91024137794093,0.4366840720176697,963.7658081054688,1.0,2024,7.073042392730713,"{""type"":""Point"",""coordinates"":[34.91024137794093,1.0380010595176141]}"
862,6.340755939483643,Trans Nzoia,1936.0,22.96521759033203,0.35785412788391113,1619.9417724609375,0.9336062683354655,35.29851479892083,0.5378280878067017,978.35693359375,4.0,2024,6.340755939483643,"{""type"":""Point"",""coordinates"":[35.29851479892083,0.9336062683354655]}"
864,6.459157466888428,Trans Nzoia,1884.0,27.1130428314209,0.3776334524154663,1463.1514892578125,0.933711076641105,35.22759346541693,0.5802834630012512,1050.580810546875,1.0,2024,6.459157466888428,"{""type"":""Point"",""coordinates"":[35.22759346541693,0.933711076641105]}"
865,7.092628002166748,Trans Nzoia,1800.0,22.939130783081055,0.4360753297805786,1565.9140625,0.9195369688267708,34.909157286014526,0.5747220516204834,1008.7112426757812,1.0,2024,7.092628002166748,"{""type"":""Point"",""coordinates"":[34.909157286014526,0.9195369688267708]}"
867,5.998292446136475,Trans Nzoia,1867.0,24.791303634643555,0.3388693332672119,1309.0179443359375,1.0553910043574108,35.14596823181292,0.5013066530227661,1033.5059814453125,1.0,2024,5.998292446136475,"{""type"":""Point"",""coordinates"":[35.14596823181292,1.0553910043574108]}"
868,6.815084457397461,Trans Nzoia,1955.0,22.452173233032227,0.343826025724411,1303.348388671875,1.2012673722406564,34.99213617809968,0.479617714881897,1109.6043701171875,1.0,2024,6.815084457397461,"{""type"":""Point"",""coordinates"":[34.99213617809968,1.2012673722406564]}"
870,7.49943733215332,Trans Nzoia,1855.0,20.434782028198242,0.2914170026779175,1587.5098876953125,1.1482879268539155,34.89851177108404,0.4439738690853119,896.3999633789062,1.0,2024,7.49943733215332,"{""type"":""Point"",""coordinates"":[34.89851177108404,1.1482879268539155]}"
875,6.841537952423096,Trans Nzoia,2019.0,28.356521606445312,0.408764511346817,1653.9757080078125,1.183233599030831,34.80546938400728,0.4758618175983429,878.5647583007812,1.0,2024,6.841537952423096,"{""type"":""Point"",""coordinates"":[34.80546938400728,1.183233599030831]}"
880,6.721040725708008,Trans Nzoia,2057.0,20.595651626586914,0.27401065826416016,1653.9757080078125,1.177705699756239,34.790083906601446,0.43364039063453674,878.0504150390625,1.0,2024,6.721040725708008,"{""type"":""Point"",""coordinates"":[34.790083906601446,1.177705699756239]}"
886,6.44175910949707,Trans Nzoia,1842.0,24.2608699798584,0.46057283878326416,1472.4818115234375,0.9876869716809609,34.86329198869879,0.615206241607666,941.492431640625,1.0,2024,6.44175910949707,"{""type"":""Point"",""coordinates"":[34.86329198869879,0.9876869716809609]}"
900,7.143997669219971,Trans Nzoia,1877.0,30.243478775024414,0.4939135015010834,1587.5098876953125,1.0566053258858676,34.90194537328569,0.6243499517440796,961.76513671875,1.0,2024,7.143997669219971,"{""type"":""Point"",""coordinates"":[34.90194537328569,1.0566053258858676]}"
906,7.338228702545166,Trans Nzoia,1807.0,23.930435180664062,0.37916916608810425,1472.4818115234375,1.0201969400347892,34.941112663816035,0.5473484992980957,963.7658081054688,1.0,2024,7.338228702545166,"{""type"":""Point"",""coordinates"":[34.941112663816035,1.0201969400347892]}"
909,7.153348922729492,Trans Nzoia,1873.0,22.143478393554688,0.3069976568222046,1640.1566162109375,1.2038621514478143,34.86057484895674,0.4165273904800415,915.8572387695312,1.0,2024,7.153348922729492,"{""type"":""Point"",""coordinates"":[34.86057484895674,1.2038621514478143]}"
910,7.079981803894043,Trans Nzoia,1902.0,19.973913192749023,0.2696571946144104,1640.1566162109375,1.2288533090680025,34.92151483753944,0.4011186957359314,972.9393310546875,4.0,2024,7.079981803894043,"{""type"":""Point"",""coordinates"":[34.92151483753944,1.2288533090680025]}"
911,6.500792980194092,Trans Nzoia,2030.0,24.017391204833984,0.37372761964797974,1532.4256591796875,1.0867690208235443,34.80765776968345,0.5566258430480957,813.836669921875,1.0,2024,6.500792980194092,"{""type"":""Point"",""coordinates"":[34.80765776968345,1.0867690208235443]}"
914,6.454065322875977,Trans Nzoia,1896.0,25.22608757019043,0.4055061936378479,1309.0179443359375,1.0932740119015192,35.11182833457855,0.5636051893234253,1033.5059814453125,1.0,2024,6.454065322875977,"{""type"":""Point"",""coordinates"":[35.11182833457855,1.0932740119015192]}"
916,6.561541557312012,Trans Nzoia,2341.0,20.77391242980957,0.2446930855512619,1653.9757080078125,1.1743204727113252,34.75378881715913,0.4392968714237213,878.0504150390625,4.0,2024,6.561541557312012,"{""type"":""Point"",""coordinates"":[34.75378881715913,1.1743204727113252]}"
917,6.910725116729736,Trans Nzoia,1876.0,24.756521224975586,0.39916953444480896,1472.4818115234375,1.0425036461625972,34.88803650948319,0.5283454060554504,914.8713989257812,1.0,2024,6.910725116729736,"{""type"":""Point"",""coordinates"":[34.88803650948319,1.0425036461625972]}"
923,7.222306251525879,Trans Nzoia,1888.0,25.88260841369629,0.3906708359718323,1372.1785888671875,1.134583091584672,35.03995061888365,0.5009903907775879,862.4269409179688,1.0,2024,7.222306251525879,"{""type"":""Point"",""coordinates"":[35.03995061888365,1.134583091584672]}"
924,6.402538299560547,Trans Nzoia,1848.0,26.282608032226562,0.41344353556632996,1451.5164794921875,0.863722159980831,34.80584343399035,0.6364600658416748,985.6239013671875,1.0,2024,6.402538299560547,"{""type"":""Point"",""coordinates"":[34.80584343399035,0.863722159980831]}"
928,7.716975688934326,Trans Nzoia,1834.0,24.69130516052246,0.3883407413959503,1372.1785888671875,1.120712599233759,34.990140173212616,0.5388261675834656,1015.1450805664062,1.0,2024,7.716975688934326,"{""type"":""Point"",""coordinates"":[34.990140173212616,1.120712599233759]}"
930,7.612148284912109,Trans Nzoia,1857.0,23.321739196777344,0.40031278133392334,1372.1785888671875,1.096922782948401,35.03824146017181,0.47294801473617554,885.8496704101562,1.0,2024,7.612148284912109,"{""type"":""Point"",""coordinates"":[35.03824146017181,1.096922782948401]}"
932,6.413729190826416,Trans Nzoia,1803.0,25.700000762939453,0.36510148644447327,1472.4818115234375,0.9741473485859257,34.863084517895736,0.5387638807296753,941.492431640625,1.0,2024,6.413729190826416,"{""type"":""Point"",""coordinates"":[34.863084517895736,0.9741473485859257]}"
933,7.1368560791015625,Trans Nzoia,1888.0,21.982608795166016,0.3097802698612213,1640.1566162109375,1.2109605402885388,34.854114107371,0.40918898582458496,915.8572387695312,1.0,2024,7.1368560791015625,"{""type"":""Point"",""coordinates"":[34.854114107371,1.2109605402885388]}"
937,7.653719902038574,Trans Nzoia,1827.0,22.291303634643555,0.38647741079330444,1311.3265380859375,1.0250550838005612,34.97300652119849,0.5648555755615234,1003.5731201171875,1.0,2024,7.653719902038574,"{""type"":""Point"",""coordinates"":[34.97300652119849,1.0250550838005612]}"
939,7.174398422241211,Trans Nzoia,1732.0,25.03913116455078,0.3595917820930481,1565.9140625,0.8769858894772634,34.916002947269966,0.5398200154304504,986.4015502929688,1.0,2024,7.174398422241211,"{""type"":""Point"",""coordinates"":[34.916002947269966,0.8769858894772634]}"
941,6.525512218475342,Trans Nzoia,1918.0,22.04347801208496,0.2873745262622833,1448.66259765625,0.9754179602713013,35.22113050630721,0.48367640376091003,1047.075927734375,4.0,2024,6.525512218475342,"{""type"":""Point"",""coordinates"":[35.22113050630721,0.9754179602713013]}"
942,7.233672618865967,Trans Nzoia,1849.0,23.134782791137695,0.34474921226501465,1640.1566162109375,1.2043857999008705,34.89502419347083,0.48311692476272583,915.8572387695312,1.0,2024,7.233672618865967,"{""type"":""Point"",""coordinates"":[34.89502419347083,1.2043857999008705]}"
945,7.0499587059021,Trans Nzoia,1789.0,18.96086883544922,0.3422085642814636,1794.15283203125,1.2496391015340964,34.87309514265477,0.4521094262599945,882.4627075195312,6.0,2024,7.0499587059021,"{""type"":""Point"",""coordinates"":[34.87309514265477,1.2496391015340964]}"
947,6.445608615875244,Trans Nzoia,1905.0,22.88260841369629,0.3593314588069916,1309.0179443359375,1.1052835202476692,35.11136884740609,0.5482995510101318,1090.241455078125,1.0,2024,6.445608615875244,"{""type"":""Point"",""coordinates"":[35.11136884740609,1.1052835202476692]}"
948,6.36712646484375,Trans Nzoia,1904.0,24.908695220947266,0.3639966547489166,1619.9417724609375,0.9064148466838979,35.3023324328871,0.4809883236885071,992.7603759765625,4.0,2024,6.36712646484375,"{""type"":""Point"",""coordinates"":[35.3023324328871,0.9064148466838979]}"
949,6.99041748046875,Trans Nzoia,1972.0,22.2608699798584,0.3863550126552582,1303.348388671875,1.187617420634116,34.98732488925719,0.5584942698478699,1049.634765625,1.0,2024,6.99041748046875,"{""type"":""Point"",""coordinates"":[34.98732488925719,1.187617420634116]}"
950,6.316072463989258,Trans Nzoia,1930.0,22.521739959716797,0.3744189441204071,1303.348388671875,1.2127368294655834,35.02984610401074,0.5389652848243713,1020.2589111328125,1.0,2024,6.316072463989258,"{""type"":""Point"",""coordinates"":[35.02984610401074,1.2127368294655834]}"
958,6.808777332305908,Trans Nzoia,1861.0,23.430435180664062,0.4774704575538635,1472.4818115234375,1.040742093359396,34.87436452440906,0.6623908281326294,914.8713989257812,1.0,2024,6.808777332305908,"{""type"":""Point"",""coordinates"":[34.87436452440906,1.040742093359396]}"
959,7.380039215087891,Trans Nzoia,1935.0,23.22608757019043,0.41396164894104004,1303.348388671875,1.166598061350914,34.96711483657681,0.5352985262870789,1049.634765625,1.0,2024,7.380039215087891,"{""type"":""Point"",""coordinates"":[34.96711483657681,1.166598061350914]}"
969,7.033605575561523,Trans Nzoia,1915.0,23.03913116455078,0.3212461471557617,1309.0179443359375,1.1158230733690833,35.073940777406236,0.48229166865348816,974.173583984375,1.0,2024,7.033605575561523,"{""type"":""Point"",""coordinates"":[35.073940777406236,1.1158230733690833]}"
971,7.233732223510742,Trans Nzoia,1866.0,24.234783172607422,0.2930309772491455,1640.1566162109375,1.1939253533370622,34.87649303289871,0.40491268038749695,916.169677734375,1.0,2024,7.233732223510742,"{""type"":""Point"",""coordinates"":[34.87649303289871,1.1939253533370622]}"
973,5.514701843261719,Trans Nzoia,2154.0,22.913043975830078,0.3816147744655609,1619.9417724609375,0.9416436492794422,35.33647440752487,0.5026946663856506,992.7603759765625,4.0,2024,5.514701843261719,"{""type"":""Point"",""coordinates"":[35.33647440752487,0.9416436492794422]}"
976,6.2404022216796875,Trans Nzoia,1846.0,23.047826766967773,0.42340636253356934,1448.66259765625,0.9553803333415053,35.182868519406604,0.587541401386261,1027.66796875,1.0,2024,6.2404022216796875,"{""type"":""Point"",""coordinates"":[35.182868519406604,0.9553803333415053]}"
977,6.322930335998535,Trans Nzoia,2121.0,24.200000762939453,0.34731629490852356,1532.4256591796875,1.118372350500237,34.795610530618575,0.5127971768379211,876.7874755859375,1.0,2024,6.322930335998535,"{""type"":""Point"",""coordinates"":[34.795610530618575,1.118372350500237]}"
979,6.603597640991211,Trans Nzoia,1897.0,24.27391242980957,0.34227731823921204,1415.5245361328125,1.0162211172367661,34.84699998541691,0.5363498330116272,849.1492919921875,1.0,2024,6.603597640991211,"{""type"":""Point"",""coordinates"":[34.84699998541691,1.0162211172367661]}"
981,6.640625953674316,Trans Nzoia,1812.0,23.947826385498047,0.4309840500354767,1451.5164794921875,0.9130602931343467,34.84832789747912,0.6599460244178772,1004.1910400390625,1.0,2024,6.640625953674316,"{""type"":""Point"",""coordinates"":[34.84832789747912,0.9130602931343467]}"
983,6.564991474151611,Trans Nzoia,1860.0,23.38260841369629,0.3878370523452759,1463.1514892578125,0.945360829985393,35.24073578530966,0.5886152386665344,1050.580810546875,4.0,2024,6.564991474151611,"{""type"":""Point"",""coordinates"":[35.24073578530966,0.945360829985393]}"
987,6.4521331787109375,Trans Nzoia,1902.0,21.899999618530273,0.44262444972991943,1463.1514892578125,0.9402823266730316,35.223436088669025,0.6367614269256592,1050.580810546875,1.0,2024,6.4521331787109375,"{""type"":""Point"",""coordinates"":[35.223436088669025,0.9402823266730316]}"
991,6.574916362762451,Trans Nzoia,2217.0,22.15652084350586,0.2393031120300293,1653.9757080078125,1.1692365811279921,34.78218528689867,0.3523976802825928,878.0504150390625,1.0,2024,6.574916362762451,"{""type"":""Point"",""coordinates"":[34.78218528689867,1.1692365811279921]}"
1002,6.769559383392334,Trans Nzoia,1911.0,24.678260803222656,0.3919028341770172,1472.4818115234375,1.0423559590212776,34.85514043648112,0.5135624408721924,914.8713989257812,1.0,2024,6.769559383392334,"{""type"":""Point"",""coordinates"":[34.85514043648112,1.0423559590212776]}"
1003,7.3012566566467285,Trans Nzoia,2044.0,22.130434036254883,0.31024888157844543,1653.9757080078125,1.2124534214536407,34.763225209636445,0.4417722523212433,877.1436767578125,1.0,2024,7.3012566566467285,"{""type"":""Point"",""coordinates"":[34.763225209636445,1.2124534214536407]}"
1005,7.168510437011719,Trans Nzoia,1944.0,19.77391242980957,0.3404071033000946,1640.1566162109375,1.2083868413717616,34.94050282738208,0.4879401922225952,972.9393310546875,1.0,2024,7.168510437011719,"{""type"":""Point"",""coordinates"":[34.94050282738208,1.2083868413717616]}"
1008,6.278924942016602,Trans Nzoia,1866.0,22.434782028198242,0.30576249957084656,1327.4505615234375,0.9608134610344818,35.11442340418303,0.48730942606925964,1042.0404052734375,1.0,2024,6.278924942016602,"{""type"":""Point"",""coordinates"":[35.11442340418303,0.9608134610344818]}"
1010,6.331708908081055,Trans Nzoia,2177.0,23.017391204833984,0.3452396094799042,1451.5164794921875,0.9251222600429722,34.78896076979496,0.6044468283653259,1013.508056640625,1.0,2024,6.331708908081055,"{""type"":""Point"",""coordinates"":[34.78896076979496,0.9251222600429722]}"
1011,6.175792694091797,Trans Nzoia,2284.0,22.943477630615234,0.33968430757522583,1451.5164794921875,0.9499107375726925,34.76171622443153,0.5641417503356934,1013.508056640625,1.0,2024,6.175792694091797,"{""type"":""Point"",""coordinates"":[34.76171622443153,0.9499107375726925]}"
1013,6.613938808441162,Trans Nzoia,2020.0,23.53043556213379,0.28369078040122986,1415.5245361328125,1.0165564652225545,34.82369294381401,0.49118226766586304,849.1492919921875,1.0,2024,6.613938808441162,"{""type"":""Point"",""coordinates"":[34.82369294381401,1.0165564652225545]}"
1016,6.556247711181641,Trans Nzoia,1833.0,22.39130401611328,0.36717554926872253,1327.4505615234375,0.9969311341994576,35.08974558346435,0.5727349519729614,994.4949951171875,1.0,2024,6.556247711181641,"{""type"":""Point"",""coordinates"":[35.08974558346435,0.9969311341994576]}"
1018,5.442419052124023,Trans Nzoia,2258.0,21.713043212890625,0.3383782207965851,1532.4256591796875,1.098660913890046,34.757364302233874,0.41089963912963867,888.1694946289062,1.0,2024,5.442419052124023,"{""type"":""Point"",""coordinates"":[34.757364302233874,1.098660913890046]}"
1019,6.119358062744141,Trans Nzoia,1871.0,22.204347610473633,0.3494375944137573,1448.66259765625,0.9804666840531999,35.16662163732621,0.5551373958587646,1027.66796875,1.0,2024,6.119358062744141,"{""type"":""Point"",""coordinates"":[35.16662163732621,0.9804666840531999]}"
1020,7.188684463500977,Trans Nzoia,1771.0,22.66521644592285,0.2898736596107483,1565.9140625,0.8800347160457994,34.904685039078046,0.43116623163223267,986.4015502929688,1.0,2024,7.188684463500977,"{""type"":""Point"",""coordinates"":[34.904685039078046,0.8800347160457994]}"
1022,6.979762077331543,Trans Nzoia,1778.0,22.07391357421875,0.4230896532535553,1472.4818115234375,0.9793448709730169,34.92329722000109,0.6262791752815247,984.7139892578125,4.0,2024,6.979762077331543,"{""type"":""Point"",""coordinates"":[34.92329722000109,0.9793448709730169]}"
1023,6.137896537780762,Trans Nzoia,2169.0,20.943477630615234,0.32552868127822876,1532.4256591796875,1.1161933617459354,34.78461498037726,0.44858163595199585,876.7874755859375,1.0,2024,6.137896537780762,"{""type"":""Point"",""coordinates"":[34.78461498037726,1.1161933617459354]}"
1024,6.861422061920166,Trans Nzoia,1898.0,21.482608795166016,0.22457429766654968,1532.4256591796875,1.0627475740759622,34.848329657772716,0.3438790440559387,813.836669921875,1.0,2024,6.861422061920166,"{""type"":""Point"",""coordinates"":[34.848329657772716,1.0627475740759622]}"
1025,6.994748592376709,Trans Nzoia,1881.0,18.986955642700195,0.35795149207115173,1640.1566162109375,1.2390772705263,34.937182780455046,0.47124555706977844,972.9393310546875,6.0,2024,6.994748592376709,"{""type"":""Point"",""coordinates"":[34.937182780455046,1.2390772705263]}"
1031,6.986863613128662,Trans Nzoia,1891.0,23.178260803222656,0.4166754484176636,1587.5098876953125,1.0593448440381354,34.87866327044283,0.5649915933609009,908.87646484375,1.0,2024,6.986863613128662,"{""type"":""Point"",""coordinates"":[34.87866327044283,1.0593448440381354]}"
1032,7.804693222045898,Trans Nzoia,1817.0,22.700000762939453,0.3583906888961792,1372.1785888671875,1.1044943800652378,34.98451301746901,0.5776057243347168,1015.1450805664062,1.0,2024,7.804693222045898,"{""type"":""Point"",""coordinates"":[34.98451301746901,1.1044943800652378]}"
1039,6.263092041015625,Trans Nzoia,1883.0,22.647825241088867,0.3766542971134186,1327.4505615234375,1.017393776519937,35.11128784641527,0.5825336575508118,1019.4813842773438,1.0,2024,6.263092041015625,"{""type"":""Point"",""coordinates"":[35.11128784641527,1.017393776519937]}"
1040,7.431334495544434,Trans Nzoia,1843.0,25.547826766967773,0.39514246582984924,1587.5098876953125,1.1083298242987245,34.89408129829112,0.5677871108055115,896.3999633789062,1.0,2024,7.431334495544434,"{""type"":""Point"",""coordinates"":[34.89408129829112,1.1083298242987245]}"
1047,7.04494047164917,Trans Nzoia,1777.0,18.917390823364258,0.3335530459880829,1794.15283203125,1.2546026538657649,34.87118702452322,0.4831768870353699,882.4627075195312,6.0,2024,7.04494047164917,"{""type"":""Point"",""coordinates"":[34.87118702452322,1.2546026538657649]}"
1049,5.6830573081970215,Trans Nzoia,1960.0,23.934782028198242,0.37584739923477173,1217.0069580078125,1.1762787578636353,35.10799373409381,0.5028900504112244,1211.0057373046875,1.0,2024,5.6830573081970215,"{""type"":""Point"",""coordinates"":[35.10799373409381,1.1762787578636353]}"
1051,7.482013702392578,Trans Nzoia,1844.0,23.33478355407715,0.4295680820941925,1472.4818115234375,1.0368483325071403,34.947420880498335,0.5805789232254028,963.7658081054688,1.0,2024,7.482013702392578,"{""type"":""Point"",""coordinates"":[34.947420880498335,1.0368483325071403]}"
1056,6.369302272796631,Trans Nzoia,2038.0,24.62173843383789,0.3916686475276947,1532.4256591796875,1.1275529516577878,34.796444050709134,0.5424990653991699,876.7874755859375,1.0,2024,6.369302272796631,"{""type"":""Point"",""coordinates"":[34.796444050709134,1.1275529516577878]}"
1057,6.537611484527588,Trans Nzoia,1725.0,25.356521606445312,0.3856315612792969,1605.135986328125,0.8464201803194605,34.815281553515405,0.5663691759109497,968.0701904296875,1.0,2024,6.537611484527588,"{""type"":""Point"",""coordinates"":[34.815281553515405,0.8464201803194605]}"
1063,6.181206226348877,Trans Nzoia,2010.0,22.799999237060547,0.2950182259082794,1532.4256591796875,1.0717471553622386,34.78859433589138,0.4948580265045166,888.1694946289062,1.0,2024,6.181206226348877,"{""type"":""Point"",""coordinates"":[34.78859433589138,1.0717471553622386]}"
1065,7.015812873840332,Trans Nzoia,1750.0,18.81739044189453,0.2974972426891327,1794.15283203125,1.2502256625091517,34.882586003688736,0.4299992024898529,882.4627075195312,6.0,2024,7.015812873840332,"{""type"":""Point"",""coordinates"":[34.882586003688736,1.2502256625091517]}"
1070,7.588679313659668,Trans Nzoia,1840.0,24.15217399597168,0.41277724504470825,1587.5098876953125,1.0961918186352133,34.92414323622728,0.5481061935424805,961.76513671875,1.0,2024,7.588679313659668,"{""type"":""Point"",""coordinates"":[34.92414323622728,1.0961918186352133]}"
1073,6.495172500610352,Trans Nzoia,1857.0,24.18260955810547,0.3545036315917969,1463.1514892578125,0.9334822408203522,35.23472848180211,0.5224612951278687,1050.580810546875,1.0,2024,6.495172500610352,"{""type"":""Point"",""coordinates"":[35.23472848180211,0.9334822408203522]}"
1074,7.080474853515625,Trans Nzoia,1844.0,19.81739044189453,0.328255295753479,1640.1566162109375,1.2331187508572257,34.88769335223725,0.4545186460018158,915.8572387695312,6.0,2024,7.080474853515625,"{""type"":""Point"",""coordinates"":[34.88769335223725,1.2331187508572257]}"
1077,6.439573764801025,Trans Nzoia,1916.0,23.082609176635742,0.39816752076148987,1309.0179443359375,1.1430198177460011,35.08980828490917,0.7087027430534363,974.173583984375,1.0,2024,6.439573764801025,"{""type"":""Point"",""coordinates"":[35.08980828490917,1.1430198177460011]}"
1080,6.068443298339844,Trans Nzoia,2236.0,23.786956787109375,0.2664361894130707,1532.4256591796875,1.125494644110524,34.77827013177178,0.4515225291252136,876.7874755859375,1.0,2024,6.068443298339844,"{""type"":""Point"",""coordinates"":[34.77827013177178,1.125494644110524]}"
1085,6.2192301750183105,Trans Nzoia,1895.0,23.3869571685791,0.3885119557380676,1217.0069580078125,1.1874894946299792,35.04963692493504,0.555470883846283,1066.3682861328125,1.0,2024,6.2192301750183105,"{""type"":""Point"",""coordinates"":[35.04963692493504,1.1874894946299792]}"
1086,6.710918426513672,Trans Nzoia,1812.0,25.38260841369629,0.3596395254135132,1565.9140625,0.9363735648463888,34.88495758949808,0.5040929913520813,1014.7183227539062,1.0,2024,6.710918426513672,"{""type"":""Point"",""coordinates"":[34.88495758949808,0.9363735648463888]}"
1088,6.4765496253967285,Trans Nzoia,1988.0,23.46956443786621,0.4045933485031128,1518.2637939453125,1.0315824616909322,35.27370878969865,0.6018969416618347,994.1923217773438,4.0,2024,6.4765496253967285,"{""type"":""Point"",""coordinates"":[35.27370878969865,1.0315824616909322]}"
1090,7.062281608581543,Trans Nzoia,1908.0,19.782608032226562,0.2915971875190735,1640.1566162109375,1.232193751304919,34.91723352428535,0.40090736746788025,972.9393310546875,4.0,2024,7.062281608581543,"{""type"":""Point"",""coordinates"":[34.91723352428535,1.232193751304919]}"
1091,5.356173515319824,Trans Nzoia,1894.0,25.04347801208496,0.3550581932067871,1362.5670166015625,1.1092622201002,35.16913788788294,0.5775821208953857,1263.162353515625,1.0,2024,5.356173515319824,"{""type"":""Point"",""coordinates"":[35.16913788788294,1.1092622201002]}"
1095,6.472893714904785,Trans Nzoia,1965.0,23.747825622558594,0.3385273516178131,1518.2637939453125,1.0376716464493863,35.26949401891555,0.5520955920219421,994.1923217773438,1.0,2024,6.472893714904785,"{""type"":""Point"",""coordinates"":[35.26949401891555,1.0376716464493863]}"
1096,6.62355899810791,Trans Nzoia,1939.0,26.839130401611328,0.43654385209083557,1518.2637939453125,0.9620163180609956,35.27337513747388,0.5235105156898499,998.7577514648438,1.0,2024,6.62355899810791,"{""type"":""Point"",""coordinates"":[35.27337513747388,0.9620163180609956]}"
1100,6.753787040710449,Trans Nzoia,1706.0,23.96521759033203,0.3613007366657257,1565.9140625,0.8550531148000514,34.93273767582279,0.5489411354064941,986.4015502929688,1.0,2024,6.753787040710449,"{""type"":""Point"",""coordinates"":[34.93273767582279,0.8550531148000514]}"
1102,6.5986785888671875,Trans Nzoia,1964.0,22.069564819335938,0.36497747898101807,1415.5245361328125,1.0133702952014232,34.81881799436087,0.556075930595398,849.1492919921875,1.0,2024,6.5986785888671875,"{""type"":""Point"",""coordinates"":[34.81881799436087,1.0133702952014232]}"
1105,7.227155685424805,Trans Nzoia,1885.0,27.60869598388672,0.45901113748550415,1372.1785888671875,1.1344952326800877,35.04089129723147,0.6439756751060486,862.4269409179688,1.0,2024,7.227155685424805,"{""type"":""Point"",""coordinates"":[35.04089129723147,1.1344952326800877]}"
1107,6.799361228942871,Trans Nzoia,1810.0,22.38260841369629,0.3617100119590759,1339.5623779296875,0.882970302857249,35.10739131674407,0.5344269871711731,974.6353759765625,1.0,2024,6.799361228942871,"{""type"":""Point"",""coordinates"":[35.10739131674407,0.882970302857249]}"
1108,6.388983726501465,Trans Nzoia,1809.0,22.591304779052734,0.35797345638275146,1339.5623779296875,0.931637394116439,35.142218865621224,0.49688196182250977,964.28857421875,1.0,2024,6.388983726501465,"{""type"":""Point"",""coordinates"":[35.142218865621224,0.931637394116439]}"
1110,6.598930835723877,Trans Nzoia,1942.0,22.126087188720703,0.25225329399108887,1303.348388671875,1.1904175276085622,35.0180928080321,0.3816273808479309,860.8521118164062,1.0,2024,6.598930835723877,"{""type"":""Point"",""coordinates"":[35.0180928080321,1.1904175276085622]}"
1111,5.968438148498535,Trans Nzoia,1877.0,22.939130783081055,0.37699267268180847,1448.66259765625,1.049243258770488,35.16236373324461,0.5578945279121399,1005.9006958007812,1.0,2024,5.968438148498535,"{""type"":""Point"",""coordinates"":[35.16236373324461,1.049243258770488]}"
1113,7.091842174530029,Trans Nzoia,1924.0,22.826086044311523,0.3812642991542816,1303.348388671875,1.2072919313231796,34.95833066317256,0.5304166674613953,1109.6043701171875,1.0,2024,7.091842174530029,"{""type"":""Point"",""coordinates"":[34.95833066317256,1.2072919313231796]}"
1116,6.542189598083496,Trans Nzoia,1898.0,25.830434799194336,0.39404767751693726,1451.5164794921875,0.9159920207261015,34.835121564468956,0.5769359469413757,1004.1910400390625,1.0,2024,6.542189598083496,"{""type"":""Point"",""coordinates"":[34.835121564468956,0.9159920207261015]}"
1120,7.425961494445801,Trans Nzoia,1905.0,26.013044357299805,0.4237677752971649,1372.1785888671875,1.126758332015765,35.030797014833965,0.6078916788101196,862.4269409179688,1.0,2024,7.425961494445801,"{""type"":""Point"",""coordinates"":[35.030797014833965,1.126758332015765]}"
1123,6.66715145111084,Trans Nzoia,1834.0,21.486955642700195,0.4107968211174011,1339.5623779296875,0.9153245499134258,35.098930505431,0.5849496722221375,951.3497924804688,1.0,2024,6.66715145111084,"{""type"":""Point"",""coordinates"":[35.098930505431,0.9153245499134258]}"
1130,7.448151111602783,Trans Nzoia,1835.0,22.134782791137695,0.37444570660591125,1587.5098876953125,1.0761531583875197,34.92055234827157,0.5598135590553284,961.76513671875,1.0,2024,7.448151111602783,"{""type"":""Point"",""coordinates"":[34.92055234827157,1.0761531583875197]}"
1137,6.6066741943359375,Trans Nzoia,1924.0,23.139129638671875,0.3141958713531494,1303.348388671875,1.1983849899624255,35.01101703488951,0.4819611608982086,860.8521118164062,1.0,2024,6.6066741943359375,"{""type"":""Point"",""coordinates"":[35.01101703488951,1.1983849899624255]}"
1138,7.33262825012207,Trans Nzoia,1856.0,22.678260803222656,0.3452383577823639,1640.1566162109375,1.191178779306968,34.91310109794137,0.4626898169517517,964.7963256835938,1.0,2024,7.33262825012207,"{""type"":""Point"",""coordinates"":[34.91310109794137,1.191178779306968]}"
1140,7.1497907638549805,Trans Nzoia,1879.0,22.38260841369629,0.26838722825050354,1303.348388671875,1.190961247358499,34.96731883075556,0.4290022850036621,1049.634765625,1.0,2024,7.1497907638549805,"{""type"":""Point"",""coordinates"":[34.96731883075556,1.190961247358499]}"
1141,7.258939266204834,Trans Nzoia,1742.0,22.865217208862305,0.4175988435745239,1565.9140625,0.897175041375037,34.94705937095286,0.6557722687721252,986.4015502929688,1.0,2024,7.258939266204834,"{""type"":""Point"",""coordinates"":[34.94705937095286,0.897175041375037]}"
1142,7.5625224113464355,Trans Nzoia,1871.0,21.704347610473633,0.3433918356895447,1311.3265380859375,0.9805979023463188,35.00385489327319,0.5240572094917297,943.7447509765625,1.0,2024,7.5625224113464355,"{""type"":""Point"",""coordinates"":[35.00385489327319,0.9805979023463188]}"
1145,7.024423599243164,Trans Nzoia,1972.0,22.943477630615234,0.36011865735054016,1303.348388671875,1.2141067812810784,34.96161772604566,0.56025630235672,1109.6043701171875,1.0,2024,7.024423599243164,"{""type"":""Point"",""coordinates"":[34.96161772604566,1.2141067812810784]}"
1146,6.571559906005859,Trans Nzoia,1876.0,27.978260040283203,0.42802175879478455,1472.4818115234375,1.0127346825854682,34.857750683433636,0.5965619683265686,914.8713989257812,1.0,2024,6.571559906005859,"{""type"":""Point"",""coordinates"":[34.857750683433636,1.0127346825854682]}"
1147,6.372681617736816,Trans Nzoia,2066.0,25.356521606445312,0.30514025688171387,1451.5164794921875,0.9041511045365763,34.806501993525195,0.5299216508865356,1004.1910400390625,1.0,2024,6.372681617736816,"{""type"":""Point"",""coordinates"":[34.806501993525195,0.9041511045365763]}"
1150,7.179305076599121,Trans Nzoia,1873.0,22.852174758911133,0.44950318336486816,1587.5098876953125,1.1432373008377898,34.8578678680836,0.574888288974762,896.3999633789062,1.0,2024,7.179305076599121,"{""type"":""Point"",""coordinates"":[34.8578678680836,1.1432373008377898]}"
1151,7.215719223022461,Trans Nzoia,1856.0,17.939130783081055,0.3507302701473236,1640.1566162109375,1.2006051536356555,34.87803056814324,0.5147094130516052,915.8572387695312,1.0,2024,7.215719223022461,"{""type"":""Point"",""coordinates"":[34.87803056814324,1.2006051536356555]}"
1153,6.905308723449707,Trans Nzoia,1768.0,17.913043975830078,0.33185094594955444,1794.15283203125,1.2683590123151773,34.89619946095532,0.46064260601997375,882.4627075195312,6.0,2024,6.905308723449707,"{""type"":""Point"",""coordinates"":[34.89619946095532,1.2683590123151773]}"
1154,7.313899993896484,Trans Nzoia,1966.0,22.491304397583008,0.390257865190506,1303.348388671875,1.1668571156472056,34.97727211799288,0.5805699229240417,1049.634765625,1.0,2024,7.313899993896484,"{""type"":""Point"",""coordinates"":[34.97727211799288,1.1668571156472056]}"
1156,7.2906646728515625,Trans Nzoia,1801.0,26.18695640563965,0.3963712751865387,1472.4818115234375,1.013650780774272,34.939832095162714,0.5619484782218933,963.7658081054688,1.0,2024,7.2906646728515625,"{""type"":""Point"",""coordinates"":[34.939832095162714,1.013650780774272]}"
1158,7.017727375030518,Trans Nzoia,1926.0,21.299999237060547,0.29114431142807007,1653.9757080078125,1.1991725123848378,34.8200601788353,0.4146548807621002,878.5647583007812,1.0,2024,7.017727375030518,"{""type"":""Point"",""coordinates"":[34.8200601788353,1.1991725123848378]}"
1159,6.514484882354736,Trans Nzoia,1918.0,21.399999618530273,0.291934609413147,1448.66259765625,0.9735973509979732,35.22018121938993,0.48995521664619446,1047.075927734375,4.0,2024,6.514484882354736,"{""type"":""Point"",""coordinates"":[35.22018121938993,0.9735973509979732]}"
1160,7.1688337326049805,Trans Nzoia,1863.0,24.100000381469727,0.3902167081832886,1327.4505615234375,0.9824575633837058,35.050163263808784,0.5563250780105591,994.4949951171875,1.0,2024,7.1688337326049805,"{""type"":""Point"",""coordinates"":[35.050163263808784,0.9824575633837058]}"
1161,6.241684436798096,Trans Nzoia,2282.0,22.321739196777344,0.39576801657676697,1518.2637939453125,0.9859310004120722,35.29909013688107,0.5542895197868347,998.7577514648438,1.0,2024,6.241684436798096,"{""type"":""Point"",""coordinates"":[35.29909013688107,0.9859310004120722]}"
1162,6.269114017486572,Trans Nzoia,1865.0,22.782608032226562,0.4257744550704956,1448.66259765625,1.015719100257533,35.190111303143986,0.5987087488174438,1005.9006958007812,1.0,2024,6.269114017486572,"{""type"":""Point"",""coordinates"":[35.190111303143986,1.015719100257533]}"
1163,6.652260780334473,Trans Nzoia,1794.0,23.556522369384766,0.3695741891860962,1339.5623779296875,0.9025799350254767,35.05408334246088,0.5366989970207214,951.3497924804688,1.0,2024,6.652260780334473,"{""type"":""Point"",""coordinates"":[35.05408334246088,0.9025799350254767]}"
1164,6.65248966217041,Trans Nzoia,1907.0,24.708696365356445,0.37226951122283936,1415.5245361328125,1.0242696482850937,34.843650341891234,0.5103241801261902,849.1492919921875,1.0,2024,6.65248966217041,"{""type"":""Point"",""coordinates"":[34.843650341891234,1.0242696482850937]}"
1166,6.062575340270996,Trans Nzoia,1917.0,22.84347915649414,0.35029780864715576,1309.0179443359375,1.0763164411115314,35.13546577157035,0.5324696898460388,1033.5059814453125,1.0,2024,6.062575340270996,"{""type"":""Point"",""coordinates"":[35.13546577157035,1.0763164411115314]}"
1168,7.169234752655029,Trans Nzoia,1890.0,23.417390823364258,0.27648594975471497,1640.1566162109375,1.2071802220980248,34.8688431951701,0.40339311957359314,915.8572387695312,4.0,2024,7.169234752655029,"{""type"":""Point"",""coordinates"":[34.8688431951701,1.2071802220980248]}"
1169,6.658635139465332,Trans Nzoia,1777.0,23.660869598388672,0.37115588784217834,1388.3951416015625,0.897522653713204,35.03494963523547,0.5431164503097534,889.9072265625,4.0,2024,6.658635139465332,"{""type"":""Point"",""coordinates"":[35.03494963523547,0.897522653713204]}"
1174,6.440337181091309,Trans Nzoia,1817.0,25.365217208862305,0.45748114585876465,1472.4818115234375,0.9513205670864779,34.85170147926732,0.6031163930892944,941.492431640625,1.0,2024,6.440337181091309,"{""type"":""Point"",""coordinates"":[34.85170147926732,0.9513205670864779]}"
1180,6.946258544921875,Trans Nzoia,1854.0,18.83478355407715,0.3384946584701538,1794.15283203125,1.251420523662414,34.9205840258623,0.4218287467956543,953.6435546875,6.0,2024,6.946258544921875,"{""type"":""Point"",""coordinates"":[34.9205840258623,1.251420523662414]}"
1183,6.496674537658691,Trans Nzoia,1822.0,25.439130783081055,0.41981884837150574,1339.5623779296875,0.9205626174781599,35.145994578640234,0.6161568760871887,964.28857421875,1.0,2024,6.496674537658691,"{""type"":""Point"",""coordinates"":[35.145994578640234,0.9205626174781599]}"
1185,7.228327751159668,Trans Nzoia,1909.0,24.704347610473633,0.4177584648132324,1372.1785888671875,1.1489077331011028,35.01653602359431,0.543592095375061,862.4269409179688,1.0,2024,7.228327751159668,"{""type"":""Point"",""coordinates"":[35.01653602359431,1.1489077331011028]}"
1186,6.542485237121582,Trans Nzoia,1945.0,22.104347229003906,0.4351407587528229,1303.348388671875,1.2265558856180427,35.013458215927976,0.6380482316017151,1020.2589111328125,1.0,2024,6.542485237121582,"{""type"":""Point"",""coordinates"":[35.013458215927976,1.2265558856180427]}"
1187,7.486571788787842,Trans Nzoia,1821.0,22.42608642578125,0.44259196519851685,1311.3265380859375,0.9605724309634174,34.97747616992437,0.5789568424224854,1077.162841796875,1.0,2024,7.486571788787842,"{""type"":""Point"",""coordinates"":[34.97747616992437,0.9605724309634174]}"
1188,6.548994064331055,Trans Nzoia,1793.0,24.84347915649414,0.410869836807251,1339.5623779296875,0.9317521009607169,35.10434155353538,0.5780696272850037,964.28857421875,1.0,2024,6.548994064331055,"{""type"":""Point"",""coordinates"":[35.10434155353538,0.9317521009607169]}"
1191,6.983067989349365,Trans Nzoia,1857.0,21.96521759033203,0.39776983857154846,1327.4505615234375,1.0495239427279415,35.07683944104193,0.6050705313682556,969.0385131835938,1.0,2024,6.983067989349365,"{""type"":""Point"",""coordinates"":[35.07683944104193,1.0495239427279415]}"
1193,6.530533313751221,Trans Nzoia,2056.0,25.2608699798584,0.33978956937789917,1415.5245361328125,1.032471848129546,34.80495167033195,0.45651495456695557,849.1492919921875,1.0,2024,6.530533313751221,"{""type"":""Point"",""coordinates"":[34.80495167033195,1.032471848129546]}"
1200,5.728290557861328,Trans Nzoia,2179.0,25.147825241088867,0.3200593888759613,1518.2637939453125,1.008101527999572,35.31740351017326,0.545128583908081,1062.2413330078125,1.0,2024,5.728290557861328,"{""type"":""Point"",""coordinates"":[35.31740351017326,1.008101527999572]}"
1208,5.679958343505859,Trans Nzoia,2547.0,23.5,0.2654920518398285,898.4467163085938,0.9594750492052212,34.737327084538514,0.4604032337665558,1086.8260498046875,4.0,2024,5.679958343505859,"{""type"":""Point"",""coordinates"":[34.737327084538514,0.9594750492052212]}"
1211,6.765608310699463,Trans Nzoia,1965.0,22.46086883544922,0.3904133141040802,1303.348388671875,1.2224227304705744,34.98949791476305,0.5596191883087158,1109.6043701171875,1.0,2024,6.765608310699463,"{""type"":""Point"",""coordinates"":[34.98949791476305,1.2224227304705744]}"
1212,7.349066257476807,Trans Nzoia,1853.0,22.734783172607422,0.35932812094688416,1388.3951416015625,0.9291669166954613,34.98056501661656,0.502244234085083,1042.5777587890625,1.0,2024,7.349066257476807,"{""type"":""Point"",""coordinates"":[34.98056501661656,0.9291669166954613]}"
1214,6.616849899291992,Trans Nzoia,1946.0,22.126087188720703,0.3330029845237732,1303.348388671875,1.1883170616095124,35.01812669586566,0.49298232793807983,860.8521118164062,1.0,2024,6.616849899291992,"{""type"":""Point"",""coordinates"":[35.01812669586566,1.1883170616095124]}"
1217,7.098764896392822,Trans Nzoia,1881.0,23.547826766967773,0.4061657190322876,1653.9757080078125,1.2031419748787409,34.84167834948508,0.5325772166252136,881.7891235351562,1.0,2024,7.098764896392822,"{""type"":""Point"",""coordinates"":[34.84167834948508,1.2031419748787409]}"
1221,6.090865612030029,Trans Nzoia,1909.0,23.082609176635742,0.4068394601345062,1327.4505615234375,0.9909747228827566,35.126352906611,0.6250995993614197,1042.0404052734375,1.0,2024,6.090865612030029,"{""type"":""Point"",""coordinates"":[35.126352906611,0.9909747228827566]}"
1225,6.662271499633789,Trans Nzoia,1921.0,22.443477630615234,0.2503513991832733,1518.2637939453125,0.9588602761580871,35.26193620497538,0.4136136770248413,998.7577514648438,1.0,2024,6.662271499633789,"{""type"":""Point"",""coordinates"":[35.26193620497538,0.9588602761580871]}"
1227,7.6852312088012695,Trans Nzoia,1843.0,25.060869216918945,0.38212984800338745,1372.1785888671875,1.12635225988054,34.98628398275549,0.48933151364326477,1015.1450805664062,1.0,2024,7.6852312088012695,"{""type"":""Point"",""coordinates"":[34.98628398275549,1.12635225988054]}"
1228,6.526046276092529,Trans Nzoia,1947.0,21.721738815307617,0.27588847279548645,1303.348388671875,1.207243675431642,35.01432008704909,0.3585188686847687,1020.2589111328125,1.0,2024,6.526046276092529,"{""type"":""Point"",""coordinates"":[35.01432008704909,1.207243675431642]}"
1229,7.6682891845703125,Trans Nzoia,1828.0,24.7608699798584,0.3778763711452484,1587.5098876953125,1.1262136928508002,34.93024322370341,0.5306904315948486,960.1989135742188,1.0,2024,7.6682891845703125,"{""type"":""Point"",""coordinates"":[34.93024322370341,1.1262136928508002]}"
1231,6.351593017578125,Trans Nzoia,1853.0,24.200000762939453,0.3117314875125885,1339.5623779296875,0.9373393743128469,35.13752080982981,0.48734745383262634,964.28857421875,1.0,2024,6.351593017578125,"{""type"":""Point"",""coordinates"":[35.13752080982981,0.9373393743128469]}"
1232,6.752934455871582,Trans Nzoia,1813.0,28.45652198791504,0.4590355455875397,1565.9140625,0.9325530869175626,34.8855880868817,0.6115483641624451,1014.7183227539062,1.0,2024,6.752934455871582,"{""type"":""Point"",""coordinates"":[34.8855880868817,0.9325530869175626]}"
1233,7.198755264282227,Trans Nzoia,1832.0,18.630434036254883,0.26878947019577026,1653.9757080078125,1.2430762271028122,34.84458627374532,0.3908742368221283,881.7891235351562,4.0,2024,7.198755264282227,"{""type"":""Point"",""coordinates"":[34.84458627374532,1.2430762271028122]}"
1235,7.811408996582031,Trans Nzoia,1862.0,24.021739959716797,0.3156411349773407,1372.1785888671875,1.0539183992072416,34.99727759265033,0.4545862376689911,1014.598876953125,1.0,2024,7.811408996582031,"{""type"":""Point"",""coordinates"":[34.99727759265033,1.0539183992072416]}"
1238,7.449590682983398,Trans Nzoia,1913.0,23.934782028198242,0.27116745710372925,1309.0179443359375,1.098500468090229,35.05231162510693,0.481312096118927,961.5752563476562,1.0,2024,7.449590682983398,"{""type"":""Point"",""coordinates"":[35.05231162510693,1.098500468090229]}"
1240,6.689456939697266,Trans Nzoia,1909.0,23.569564819335938,0.3866663873195648,1518.2637939453125,0.9913507386097061,35.254274204292564,0.5778315663337708,998.7577514648438,1.0,2024,6.689456939697266,"{""type"":""Point"",""coordinates"":[35.254274204292564,0.9913507386097061]}"
1241,7.632119178771973,Trans Nzoia,1830.0,21.92608642578125,0.3986266553401947,1587.5098876953125,1.1336335796005341,34.92234944476,0.5975579619407654,960.1989135742188,1.0,2024,7.632119178771973,"{""type"":""Point"",""coordinates"":[34.92234944476,1.1336335796005341]}"
1245,7.020846366882324,Trans Nzoia,1890.0,19.634782791137695,0.2092515230178833,1640.1566162109375,1.2324670733122518,34.941964587532766,0.4238138794898987,972.9393310546875,6.0,2024,7.020846366882324,"{""type"":""Point"",""coordinates"":[34.941964587532766,1.2324670733122518]}"
1251,6.633145809173584,Trans Nzoia,1939.0,26.839130401611328,0.5837888717651367,1518.2637939453125,0.9606757656244814,35.27156764571396,0.753318190574646,998.7577514648438,1.0,2024,6.633145809173584,"{""type"":""Point"",""coordinates"":[35.27156764571396,0.9606757656244814]}"
1253,6.602471351623535,Trans Nzoia,1826.0,24.126087188720703,0.3290454149246216,1327.4505615234375,0.9963050658246536,35.08682518278345,0.5051187872886658,994.4949951171875,1.0,2024,6.602471351623535,"{""type"":""Point"",""coordinates"":[35.08682518278345,0.9963050658246536]}"
1255,5.596841812133789,Trans Nzoia,2141.0,23.330434799194336,0.34549424052238464,1518.2637939453125,0.9629314636190626,35.326469585062405,0.5107088685035706,1077.1812744140625,4.0,2024,5.596841812133789,"{""type"":""Point"",""coordinates"":[35.326469585062405,0.9629314636190626]}"
1260,7.190725803375244,Trans Nzoia,1858.0,24.65217399597168,0.40509161353111267,1587.5098876953125,1.0801495170268123,34.88448105356064,0.524559736251831,908.87646484375,1.0,2024,7.190725803375244,"{""type"":""Point"",""coordinates"":[34.88448105356064,1.0801495170268123]}"
1267,6.662783145904541,Trans Nzoia,1798.0,23.54347801208496,0.38894984126091003,1565.9140625,0.9391249932275157,34.88205512695976,0.5393819212913513,1014.7183227539062,1.0,2024,6.662783145904541,"{""type"":""Point"",""coordinates"":[34.88205512695976,0.9391249932275157]}"
1272,6.5640788078308105,Trans Nzoia,1778.0,24.069564819335938,0.46513476967811584,1472.4818115234375,0.9830384263949264,34.889744963607825,0.6489986181259155,941.492431640625,1.0,2024,6.5640788078308105,"{""type"":""Point"",""coordinates"":[34.889744963607825,0.9830384263949264]}"
1273,6.537140846252441,Trans Nzoia,1924.0,21.8869571685791,0.39669695496559143,1448.66259765625,1.0136118551186857,35.22307155355986,0.5980674028396606,1040.30517578125,1.0,2024,6.537140846252441,"{""type"":""Point"",""coordinates"":[35.22307155355986,1.0136118551186857]}"
1274,7.682371616363525,Trans Nzoia,1828.0,24.021739959716797,0.349351167678833,1587.5098876953125,1.1280196455111697,34.93714247186451,0.5016952157020569,960.1989135742188,1.0,2024,7.682371616363525,"{""type"":""Point"",""coordinates"":[34.93714247186451,1.1280196455111697]}"
1277,6.8612189292907715,Trans Nzoia,1736.0,18.086956024169922,0.30095621943473816,1794.15283203125,1.279567844885307,34.89726715053027,0.4094454050064087,882.4627075195312,6.0,2024,6.8612189292907715,"{""type"":""Point"",""coordinates"":[34.89726715053027,1.279567844885307]}"
1278,6.798683166503906,Trans Nzoia,1910.0,24.65217399597168,0.35679036378860474,1532.4256591796875,1.063328774028394,34.83592661096435,0.5192321538925171,813.836669921875,1.0,2024,6.798683166503906,"{""type"":""Point"",""coordinates"":[34.83592661096435,1.063328774028394]}"
1279,6.908956527709961,Trans Nzoia,1871.0,27.5,0.3574953079223633,1472.4818115234375,1.0393936131627663,34.89128016289312,0.4828827381134033,914.8713989257812,1.0,2024,6.908956527709961,"{""type"":""Point"",""coordinates"":[34.89128016289312,1.0393936131627663]}"
1281,7.130222797393799,Trans Nzoia,1954.0,19.03043556213379,0.4752960801124573,1640.1566162109375,1.2191396953440667,34.92662964013692,0.6559509634971619,972.9393310546875,1.0,2024,7.130222797393799,"{""type"":""Point"",""coordinates"":[34.92662964013692,1.2191396953440667]}"
1291,6.778180122375488,Trans Nzoia,2054.0,22.986955642700195,0.3889469802379608,1653.9757080078125,1.1829463497960384,34.791400375915586,0.5354399085044861,878.0504150390625,1.0,2024,6.778180122375488,"{""type"":""Point"",""coordinates"":[34.791400375915586,1.1829463497960384]}"
1292,7.101695537567139,Trans Nzoia,1808.0,23.782608032226562,0.4076351225376129,1565.9140625,0.9143524393789022,34.90495406141685,0.5901070833206177,1008.7112426757812,1.0,2024,7.101695537567139,"{""type"":""Point"",""coordinates"":[34.90495406141685,0.9143524393789022]}"
1293,6.361728191375732,Trans Nzoia,2231.0,23.76956558227539,0.2216038852930069,1451.5164794921875,0.9301736211162203,34.7917728965821,0.3502674102783203,1013.508056640625,1.0,2024,6.361728191375732,"{""type"":""Point"",""coordinates"":[34.7917728965821,0.9301736211162203]}"
1296,7.3281402587890625,Trans Nzoia,1815.0,22.973913192749023,0.46599945425987244,1388.3951416015625,0.9493612603740409,35.012702263347286,0.5964773893356323,873.1403198242188,1.0,2024,7.3281402587890625,"{""type"":""Point"",""coordinates"":[35.012702263347286,0.9493612603740409]}"
1301,7.1229448318481445,Trans Nzoia,1831.0,20.81739044189453,0.32720789313316345,1640.1566162109375,1.2378927329626417,34.86045315739646,0.45569008588790894,915.8572387695312,6.0,2024,7.1229448318481445,"{""type"":""Point"",""coordinates"":[34.86045315739646,1.2378927329626417]}"
1304,7.127534866333008,Trans Nzoia,1897.0,21.978260040283203,0.3407588303089142,1640.1566162109375,1.171955854860423,34.85232297561505,0.48528510332107544,916.169677734375,4.0,2024,7.127534866333008,"{""type"":""Point"",""coordinates"":[34.85232297561505,1.171955854860423]}"
1305,6.134968280792236,Trans Nzoia,1863.0,21.81739044189453,0.33781078457832336,1327.4505615234375,0.960881088073421,35.14711182057953,0.5291871428489685,1042.0404052734375,1.0,2024,6.134968280792236,"{""type"":""Point"",""coordinates"":[35.14711182057953,0.960881088073421]}"
1307,5.775181770324707,Trans Nzoia,1874.0,24.339130401611328,0.4309828281402588,1309.0179443359375,1.1143775669706983,35.14249986743072,0.6294485330581665,1090.241455078125,1.0,2024,5.775181770324707,"{""type"":""Point"",""coordinates"":[35.14249986743072,1.1143775669706983]}"
1308,6.709456443786621,Trans Nzoia,1918.0,24.321739196777344,0.3068980276584625,1309.0179443359375,1.110498430169614,35.095813510957086,0.5076098442077637,974.173583984375,1.0,2024,6.709456443786621,"{""type"":""Point"",""coordinates"":[35.095813510957086,1.110498430169614]}"
1312,7.471738815307617,Trans Nzoia,1897.0,23.23043441772461,0.34528157114982605,1303.348388671875,1.1604445132798604,34.96082090978277,0.48332908749580383,1049.634765625,1.0,2024,7.471738815307617,"{""type"":""Point"",""coordinates"":[34.96082090978277,1.1604445132798604]}"
1313,6.5213494300842285,Trans Nzoia,1951.0,26.443477630615234,0.3455430567264557,1532.4256591796875,1.070477431666279,34.80714872009553,0.5597996115684509,813.836669921875,1.0,2024,6.5213494300842285,"{""type"":""Point"",""coordinates"":[34.80714872009553,1.070477431666279]}"
1316,7.046899795532227,Trans Nzoia,1754.0,23.795652389526367,0.4153478145599365,1565.9140625,0.8615419413095364,34.90358011522479,0.5962983965873718,986.4015502929688,1.0,2024,7.046899795532227,"{""type"":""Point"",""coordinates"":[34.90358011522479,0.8615419413095364]}"
1318,6.522686958312988,Trans Nzoia,2095.0,25.81304359436035,0.29833316802978516,1653.9757080078125,1.1548610423209156,34.79617228984354,0.47446030378341675,878.0504150390625,1.0,2024,6.522686958312988,"{""type"":""Point"",""coordinates"":[34.79617228984354,1.1548610423209156]}"
1319,7.433223724365234,Trans Nzoia,1819.0,22.160869598388672,0.3929828405380249,1311.3265380859375,0.9554032914834603,34.965959729439206,0.4921332895755768,1077.162841796875,4.0,2024,7.433223724365234,"{""type"":""Point"",""coordinates"":[34.965959729439206,0.9554032914834603]}"
1320,6.069741249084473,Trans Nzoia,1908.0,20.200000762939453,0.3136230409145355,1448.66259765625,0.9858717657665075,35.15700783549991,0.46292388439178467,1027.66796875,1.0,2024,6.069741249084473,"{""type"":""Point"",""coordinates"":[35.15700783549991,0.9858717657665075]}"
1321,6.153731822967529,Trans Nzoia,1864.0,24.013044357299805,0.3352387547492981,1327.4505615234375,0.9638035397527156,35.13214781453325,0.5243118405342102,1042.0404052734375,1.0,2024,6.153731822967529,"{""type"":""Point"",""coordinates"":[35.13214781453325,0.9638035397527156]}"
1323,7.0051069259643555,Trans Nzoia,1750.0,21.53478240966797,0.40263843536376953,1388.3951416015625,0.8788293445798936,34.9580821197838,0.5179296135902405,985.6636352539062,1.0,2024,7.0051069259643555,"{""type"":""Point"",""coordinates"":[34.9580821197838,0.8788293445798936]}"
1328,6.33853006362915,Trans Nzoia,1903.0,23.447826385498047,0.32391393184661865,1448.66259765625,1.0413009507730417,35.22427972172464,0.5358923673629761,1040.30517578125,1.0,2024,6.33853006362915,"{""type"":""Point"",""coordinates"":[35.22427972172464,1.0413009507730417]}"
1330,6.5975661277771,Trans Nzoia,1952.0,24.68260955810547,0.39347460865974426,1415.5245361328125,1.0108933944704177,34.82748061978184,0.5493974685668945,849.1492919921875,1.0,2024,6.5975661277771,"{""type"":""Point"",""coordinates"":[34.82748061978184,1.0108933944704177]}"
1332,6.147312164306641,Trans Nzoia,1853.0,23.904348373413086,0.3944815695285797,1448.66259765625,0.9765702550554993,35.17096004370416,0.5972521305084229,1027.66796875,1.0,2024,6.147312164306641,"{""type"":""Point"",""coordinates"":[35.17096004370416,0.9765702550554993]}"
1333,6.172465801239014,Trans Nzoia,2288.0,21.830434799194336,0.3477427661418915,1518.2637939453125,0.981406947122885,35.302717545343725,0.5111569166183472,1077.1812744140625,1.0,2024,6.172465801239014,"{""type"":""Point"",""coordinates"":[35.302717545343725,0.981406947122885]}"
1334,7.07255744934082,Trans Nzoia,1905.0,19.782608032226562,0.2794380784034729,1640.1566162109375,1.2302974984407642,34.91828417359815,0.45170003175735474,972.9393310546875,4.0,2024,7.07255744934082,"{""type"":""Point"",""coordinates"":[34.91828417359815,1.2302974984407642]}"
1335,7.143483638763428,Trans Nzoia,1853.0,21.69130516052246,0.30057939887046814,1472.4818115234375,1.0291498508557713,34.92141076920269,0.4543169140815735,963.7658081054688,1.0,2024,7.143483638763428,"{""type"":""Point"",""coordinates"":[34.92141076920269,1.0291498508557713]}"
1336,6.293458938598633,Trans Nzoia,1867.0,21.556522369384766,0.4647507071495056,1327.4505615234375,0.9625120318538377,35.111918374113046,0.6513505578041077,1042.0404052734375,1.0,2024,6.293458938598633,"{""type"":""Point"",""coordinates"":[35.111918374113046,0.9625120318538377]}"
1340,6.4463043212890625,Trans Nzoia,1941.0,23.547826766967773,0.37071728706359863,1303.348388671875,1.2135111870217743,35.019456322176765,0.5105670094490051,1020.2589111328125,1.0,2024,6.4463043212890625,"{""type"":""Point"",""coordinates"":[35.019456322176765,1.2135111870217743]}"
1346,5.722919464111328,Trans Nzoia,1860.0,22.243478775024414,0.2633081376552582,1362.5670166015625,1.0907336826041452,35.15407076290543,0.3550548851490021,1080.9871826171875,1.0,2024,5.722919464111328,"{""type"":""Point"",""coordinates"":[35.15407076290543,1.0907336826041452]}"
1347,6.412417888641357,Trans Nzoia,1813.0,25.700000762939453,0.43128111958503723,1472.4818115234375,0.973772791506533,34.86214613610067,0.6294671893119812,941.492431640625,1.0,2024,6.412417888641357,"{""type"":""Point"",""coordinates"":[34.86214613610067,0.973772791506533]}"
1352,7.26776647567749,Trans Nzoia,1957.0,22.399999618530273,0.3748859465122223,1309.0179443359375,1.1175129279950478,35.056434858227625,0.5647323131561279,974.173583984375,1.0,2024,7.26776647567749,"{""type"":""Point"",""coordinates"":[35.056434858227625,1.1175129279950478]}"
1353,6.364751815795898,Trans Nzoia,2133.0,23.752174377441406,0.2789883315563202,1532.4256591796875,1.1371300185046207,34.79297645562604,0.4262716472148895,876.7874755859375,1.0,2024,6.364751815795898,"{""type"":""Point"",""coordinates"":[34.79297645562604,1.1371300185046207]}"
1354,7.3774213790893555,Trans Nzoia,1981.0,22.373912811279297,0.40509551763534546,1303.348388671875,1.1573372127755186,34.98242467146726,0.551403820514679,1049.634765625,1.0,2024,7.3774213790893555,"{""type"":""Point"",""coordinates"":[34.98242467146726,1.1573372127755186]}"
1356,6.876395225524902,Trans Nzoia,1896.0,24.92173957824707,0.3574225604534149,1532.4256591796875,1.0951217667169026,34.83741970511549,0.45829543471336365,813.836669921875,1.0,2024,6.876395225524902,"{""type"":""Point"",""coordinates"":[34.83741970511549,1.0951217667169026]}"
1360,6.72548770904541,Trans Nzoia,1904.0,24.169565200805664,0.38114434480667114,1309.0179443359375,1.0527421796556657,35.0914562147388,0.5150576233863831,961.5752563476562,1.0,2024,6.72548770904541,"{""type"":""Point"",""coordinates"":[35.0914562147388,1.0527421796556657]}"
1361,7.101721286773682,Trans Nzoia,1882.0,18.908695220947266,0.41373971104621887,1653.9757080078125,1.2067291711987533,34.83835786466374,0.5202425122261047,881.7891235351562,1.0,2024,7.101721286773682,"{""type"":""Point"",""coordinates"":[34.83835786466374,1.2067291711987533]}"
1363,7.263784885406494,Trans Nzoia,1745.0,24.104347229003906,0.41828644275665283,1388.3951416015625,0.9047096532990425,34.962538264368604,0.6171818375587463,1042.5777587890625,1.0,2024,7.263784885406494,"{""type"":""Point"",""coordinates"":[34.962538264368604,0.9047096532990425]}"
1365,6.376831531524658,Trans Nzoia,1879.0,21.591304779052734,0.3666439950466156,1463.1514892578125,0.9325487172457094,35.21105389433629,0.5387554168701172,1050.580810546875,1.0,2024,6.376831531524658,"{""type"":""Point"",""coordinates"":[35.21105389433629,0.9325487172457094]}"
1370,7.772051811218262,Trans Nzoia,1864.0,24.908695220947266,0.3519594073295593,1372.1785888671875,1.0908358557920628,34.96217176007718,0.48648571968078613,1014.598876953125,1.0,2024,7.772051811218262,"{""type"":""Point"",""coordinates"":[34.96217176007718,1.0908358557920628]}"
1373,7.3217339515686035,Trans Nzoia,1827.0,23.404348373413086,0.39774367213249207,1309.0179443359375,1.0576496982010524,35.059799672161404,0.5742553472518921,961.5752563476562,1.0,2024,7.3217339515686035,"{""type"":""Point"",""coordinates"":[35.059799672161404,1.0576496982010524]}"
1376,7.390194416046143,Trans Nzoia,1941.0,22.634782791137695,0.4224630892276764,1372.1785888671875,1.122765157386895,35.041139963951444,0.5880368947982788,862.4269409179688,1.0,2024,7.390194416046143,"{""type"":""Point"",""coordinates"":[35.041139963951444,1.122765157386895]}"
1377,7.077464580535889,Trans Nzoia,1876.0,24.560869216918945,0.4499749541282654,1587.5098876953125,1.0625829602116053,34.888621473680104,0.5532700419425964,908.87646484375,1.0,2024,7.077464580535889,"{""type"":""Point"",""coordinates"":[34.888621473680104,1.0625829602116053]}"
1379,7.1873979568481445,Trans Nzoia,1860.0,21.895652770996094,0.3866439759731293,1640.1566162109375,1.2110494608183178,34.88881228809992,0.46939051151275635,915.8572387695312,4.0,2024,7.1873979568481445,"{""type"":""Point"",""coordinates"":[34.88881228809992,1.2110494608183178]}"
1380,7.222270965576172,Trans Nzoia,1908.0,24.704347610473633,0.3920287787914276,1372.1785888671875,1.1491117261059254,35.01559162067233,0.5102860927581787,862.4269409179688,1.0,2024,7.222270965576172,"{""type"":""Point"",""coordinates"":[35.01559162067233,1.1491117261059254]}"
1384,7.667420387268066,Trans Nzoia,1845.0,23.600000381469727,0.38454315066337585,1372.1785888671875,1.1166435512918487,35.01181069587033,0.5334511995315552,862.4269409179688,1.0,2024,7.667420387268066,"{""type"":""Point"",""coordinates"":[35.01181069587033,1.1166435512918487]}"
1387,6.610116481781006,Trans Nzoia,1880.0,21.947826385498047,0.40473705530166626,1327.4505615234375,1.0258867479201659,35.09105458999124,0.5513667464256287,969.0385131835938,1.0,2024,6.610116481781006,"{""type"":""Point"",""coordinates"":[35.09105458999124,1.0258867479201659]}"
1390,6.302341461181641,Trans Nzoia,1865.0,21.31739044189453,0.25820115208625793,1327.4505615234375,0.9935417813742047,35.10602661639391,0.48351895809173584,1042.0404052734375,1.0,2024,6.302341461181641,"{""type"":""Point"",""coordinates"":[35.10602661639391,0.9935417813742047]}"
1393,6.0880208015441895,Trans Nzoia,2084.0,25.45652198791504,0.36035144329071045,1532.4256591796875,1.0675181118766452,34.784397872272464,0.5160849094390869,888.1694946289062,1.0,2024,6.0880208015441895,"{""type"":""Point"",""coordinates"":[34.784397872272464,1.0675181118766452]}"
1395,7.211253643035889,Trans Nzoia,1909.0,20.734783172607422,0.35684576630592346,1640.1566162109375,1.2090330958820592,34.92138223643636,0.5124508142471313,972.9393310546875,1.0,2024,7.211253643035889,"{""type"":""Point"",""coordinates"":[34.92138223643636,1.2090330958820592]}"
1396,6.626274108886719,Trans Nzoia,1757.0,24.673913955688477,0.4517129957675934,1451.5164794921875,0.8534814435916281,34.826027669418906,0.6438448429107666,985.6239013671875,1.0,2024,6.626274108886719,"{""type"":""Point"",""coordinates"":[34.826027669418906,0.8534814435916281]}"
1397,7.095698356628418,Trans Nzoia,1913.0,23.92173957824707,0.40159082412719727,1309.0179443359375,1.1148262520530146,35.07062301555151,0.5737441778182983,974.173583984375,1.0,2024,7.095698356628418,"{""type"":""Point"",""coordinates"":[35.07062301555151,1.1148262520530146]}"
1398,6.847139358520508,Trans Nzoia,2000.0,20.404348373413086,0.40884238481521606,1303.348388671875,1.166180345654011,35.02502149966852,0.553193211555481,860.8521118164062,1.0,2024,6.847139358520508,"{""type"":""Point"",""coordinates"":[35.02502149966852,1.166180345654011]}"
1399,6.441090106964111,Trans Nzoia,1814.0,25.365217208862305,0.4343121647834778,1472.4818115234375,0.9516110631267319,34.8523588845773,0.615292489528656,941.492431640625,1.0,2024,6.441090106964111,"{""type"":""Point"",""coordinates"":[34.8523588845773,0.9516110631267319]}"
1402,7.18012809753418,Trans Nzoia,1935.0,23.286956787109375,0.37167155742645264,1640.1566162109375,1.2122008284859487,34.92595497124253,0.47718048095703125,972.9393310546875,1.0,2024,7.18012809753418,"{""type"":""Point"",""coordinates"":[34.92595497124253,1.2122008284859487]}"
1404,6.25588321685791,Trans Nzoia,2032.0,24.756521224975586,0.4401566982269287,1362.5670166015625,1.0591123435793939,35.243691947340345,0.6624895930290222,1157.1868896484375,1.0,2024,6.25588321685791,"{""type"":""Point"",""coordinates"":[35.243691947340345,1.0591123435793939]}"
1405,6.159538745880127,Trans Nzoia,1848.0,22.143478393554688,0.37394124269485474,1448.66259765625,1.0271960618553841,35.18108510645638,0.5565958023071289,1005.9006958007812,1.0,2024,6.159538745880127,"{""type"":""Point"",""coordinates"":[35.18108510645638,1.0271960618553841]}"
1407,5.96640157699585,Trans Nzoia,2316.0,22.143478393554688,0.29827484488487244,1532.4256591796875,1.1212563946310408,34.77329519725468,0.4706381857395172,876.7874755859375,1.0,2024,5.96640157699585,"{""type"":""Point"",""coordinates"":[34.77329519725468,1.1212563946310408]}"
1411,6.796323776245117,Trans Nzoia,1824.0,24.6130428314209,0.3438129723072052,1388.3951416015625,0.8896745243394033,35.0002401630901,0.5383920073509216,889.9072265625,1.0,2024,6.796323776245117,"{""type"":""Point"",""coordinates"":[35.0002401630901,0.8896745243394033]}"
1414,7.52638578414917,Trans Nzoia,1896.0,24.473913192749023,0.36207064986228943,1372.1785888671875,1.1411708063594876,34.988990966053315,0.4671427011489868,1015.1450805664062,1.0,2024,7.52638578414917,"{""type"":""Point"",""coordinates"":[34.988990966053315,1.1411708063594876]}"
1416,6.828317165374756,Trans Nzoia,1808.0,26.10869598388672,0.49690404534339905,1327.4505615234375,1.0030973110674284,35.07478979843962,0.7113654613494873,969.0385131835938,1.0,2024,6.828317165374756,"{""type"":""Point"",""coordinates"":[35.07478979843962,1.0030973110674284]}"
1418,6.118509769439697,Trans Nzoia,2298.0,30.017391204833984,0.46302053332328796,1415.5245361328125,0.9833064224451015,34.76785430741042,0.6417438387870789,989.7182006835938,4.0,2024,6.118509769439697,"{""type"":""Point"",""coordinates"":[34.76785430741042,0.9833064224451015]}"
1419,6.5821428298950195,Trans Nzoia,1931.0,23.07391357421875,0.32794031500816345,1303.348388671875,1.1880173908446143,35.02114126086476,0.4944441616535187,860.8521118164062,1.0,2024,6.5821428298950195,"{""type"":""Point"",""coordinates"":[35.02114126086476,1.1880173908446143]}"
1420,6.4796295166015625,Trans Nzoia,2239.0,24.395652770996094,0.29441526532173157,1653.9757080078125,1.1638580933282427,34.77739946174616,0.42893096804618835,878.0504150390625,1.0,2024,6.4796295166015625,"{""type"":""Point"",""coordinates"":[34.77739946174616,1.1638580933282427]}"
1422,6.963717460632324,Trans Nzoia,1958.0,18.68695640563965,0.35077396035194397,1303.348388671875,1.1789702504494468,34.998930383843245,0.5183103680610657,1049.634765625,1.0,2024,6.963717460632324,"{""type"":""Point"",""coordinates"":[34.998930383843245,1.1789702504494468]}"
1423,6.576133728027344,Trans Nzoia,1871.0,21.65217399597168,0.38416263461112976,1448.66259765625,0.9555292018493494,35.23590557947639,0.5812864303588867,1047.075927734375,1.0,2024,6.576133728027344,"{""type"":""Point"",""coordinates"":[35.23590557947639,0.9555292018493494]}"
1427,7.264294147491455,Trans Nzoia,1753.0,22.865217208862305,0.4109004735946655,1565.9140625,0.8985085346199849,34.94940131447069,0.5722951292991638,986.4015502929688,4.0,2024,7.264294147491455,"{""type"":""Point"",""coordinates"":[34.94940131447069,0.8985085346199849]}"
1433,7.117188453674316,Trans Nzoia,1854.0,23.200000762939453,0.36261507868766785,1472.4818115234375,1.0302719501251587,34.91902940487446,0.5109823346138,963.7658081054688,1.0,2024,7.117188453674316,"{""type"":""Point"",""coordinates"":[34.91902940487446,1.0302719501251587]}"
1438,7.324246406555176,Trans Nzoia,1790.0,23.373912811279297,0.3601442873477936,1388.3951416015625,0.9124354805069093,34.954225781617595,0.5645850300788879,1042.5777587890625,1.0,2024,7.324246406555176,"{""type"":""Point"",""coordinates"":[34.954225781617595,0.9124354805069093]}"
1439,7.079521179199219,Trans Nzoia,1809.0,23.065217971801758,0.437934935092926,1388.3951416015625,0.9411290525216714,35.03450373890738,0.6166099905967712,873.1403198242188,4.0,2024,7.079521179199219,"{""type"":""Point"",""coordinates"":[35.03450373890738,0.9411290525216714]}"
1442,6.929117202758789,Trans Nzoia,1916.0,24.1130428314209,0.37679439783096313,1653.9757080078125,1.1609034935097793,34.83241807398693,0.513972818851471,878.5647583007812,1.0,2024,6.929117202758789,"{""type"":""Point"",""coordinates"":[34.83241807398693,1.1609034935097793]}"
1444,7.279815673828125,Trans Nzoia,1753.0,23.678260803222656,0.46804574131965637,1388.3951416015625,0.9068358102413357,34.961754561332334,0.6553086638450623,1042.5777587890625,1.0,2024,7.279815673828125,"{""type"":""Point"",""coordinates"":[34.961754561332334,0.9068358102413357]}"
1445,7.042429447174072,Trans Nzoia,1765.0,18.917390823364258,0.2883923053741455,1794.15283203125,1.255676899127597,34.87086457377129,0.44107863306999207,882.4627075195312,6.0,2024,7.042429447174072,"{""type"":""Point"",""coordinates"":[34.87086457377129,1.255676899127597]}"
1446,7.023149013519287,Trans Nzoia,1903.0,19.952173233032227,0.30770614743232727,1640.1566162109375,1.2318258608926977,34.94112730483093,0.4391246438026428,972.9393310546875,6.0,2024,7.023149013519287,"{""type"":""Point"",""coordinates"":[34.94112730483093,1.2318258608926977]}"
1447,6.305427551269531,Trans Nzoia,2231.0,25.747825622558594,0.2945746183395386,1451.5164794921875,0.9504171755402171,34.77416607265228,0.4410233199596405,1013.508056640625,1.0,2024,6.305427551269531,"{""type"":""Point"",""coordinates"":[34.77416607265228,0.9504171755402171]}"
1450,7.290882587432861,Trans Nzoia,1908.0,21.413043975830078,0.36603525280952454,1311.3265380859375,0.9789834351132821,35.03918665523395,0.5534632802009583,943.7447509765625,1.0,2024,7.290882587432861,"{""type"":""Point"",""coordinates"":[35.03918665523395,0.9789834351132821]}"
1451,6.960904598236084,Trans Nzoia,1978.0,20.81304359436035,0.3826783299446106,1303.348388671875,1.2240294403110104,34.96429872661307,0.5418736338615417,1109.6043701171875,1.0,2024,6.960904598236084,"{""type"":""Point"",""coordinates"":[34.96429872661307,1.2240294403110104]}"
1452,7.301846504211426,Trans Nzoia,1909.0,23.282608032226562,0.3716878294944763,1640.1566162109375,1.1906401674472282,34.940610667937314,0.5031195878982544,964.7963256835938,1.0,2024,7.301846504211426,"{""type"":""Point"",""coordinates"":[34.940610667937314,1.1906401674472282]}"
1453,7.1691436767578125,Trans Nzoia,1931.0,23.19565200805664,0.3521130383014679,1309.0179443359375,1.1007254520311207,35.071257634679355,0.5129932165145874,974.173583984375,1.0,2024,7.1691436767578125,"{""type"":""Point"",""coordinates"":[35.071257634679355,1.1007254520311207]}"
1454,7.0229010581970215,Trans Nzoia,1861.0,18.826086044311523,0.3704673647880554,1640.1566162109375,1.2396778769795465,34.90726361398917,0.4825626015663147,972.9393310546875,6.0,2024,7.0229010581970215,"{""type"":""Point"",""coordinates"":[34.90726361398917,1.2396778769795465]}"
1456,7.679166316986084,Trans Nzoia,1840.0,23.717391967773438,0.34345272183418274,1372.1785888671875,1.1306519918740578,34.97362018177175,0.5153064727783203,1015.1450805664062,1.0,2024,7.679166316986084,"{""type"":""Point"",""coordinates"":[34.97362018177175,1.1306519918740578]}"
1458,7.313802242279053,Trans Nzoia,1791.0,26.53043556213379,0.31226280331611633,1388.3951416015625,0.9182832225909832,34.97259512866282,0.4617035686969757,1042.5777587890625,1.0,2024,7.313802242279053,"{""type"":""Point"",""coordinates"":[34.97259512866282,0.9182832225909832]}"
1459,7.790761947631836,Trans Nzoia,1871.0,21.3869571685791,0.3136916756629944,1311.3265380859375,1.0458068681924435,34.99542587527131,0.45350611209869385,1003.5731201171875,1.0,2024,7.790761947631836,"{""type"":""Point"",""coordinates"":[34.99542587527131,1.0458068681924435]}"
1460,7.58056640625,Trans Nzoia,1864.0,21.95652198791504,0.2217443436384201,1640.1566162109375,1.1498449976514662,34.922712924627504,0.3399633765220642,964.7963256835938,1.0,2024,7.58056640625,"{""type"":""Point"",""coordinates"":[34.922712924627504,1.1498449976514662]}"
1461,6.331820487976074,Trans Nzoia,1871.0,23.095651626586914,0.3768954277038574,1463.1514892578125,0.9404636908270345,35.199192296266276,0.5140947103500366,999.2210693359375,4.0,2024,6.331820487976074,"{""type"":""Point"",""coordinates"":[35.199192296266276,0.9404636908270345]}"
1466,6.321434020996094,Trans Nzoia,1914.0,23.1130428314209,0.3630423843860626,1217.0069580078125,1.1694681951388821,35.06316580720611,0.5289967656135559,1066.3682861328125,1.0,2024,6.321434020996094,"{""type"":""Point"",""coordinates"":[35.06316580720611,1.1694681951388821]}"
1467,6.5680389404296875,Trans Nzoia,1801.0,24.282608032226562,0.3983542025089264,1472.4818115234375,0.9563174958260542,34.885280973749715,0.5664982199668884,941.492431640625,1.0,2024,6.5680389404296875,"{""type"":""Point"",""coordinates"":[34.885280973749715,0.9563174958260542]}"
1469,6.01823091506958,Trans Nzoia,1910.0,22.282608032226562,0.34523728489875793,1362.5670166015625,1.0544527287822614,35.201139260900966,0.5351181626319885,1157.1868896484375,1.0,2024,6.01823091506958,"{""type"":""Point"",""coordinates"":[35.201139260900966,1.0544527287822614]}"
1471,6.7615275382995605,Trans Nzoia,1915.0,26.799999237060547,0.35323336720466614,1472.4818115234375,1.042315929468239,34.85028684344679,0.506220817565918,914.8713989257812,1.0,2024,6.7615275382995605,"{""type"":""Point"",""coordinates"":[34.85028684344679,1.042315929468239]}"
1473,5.233714580535889,Trans Nzoia,1932.0,24.399999618530273,0.3661230206489563,1362.5670166015625,1.113967195628503,35.1758575557919,0.5689825415611267,1263.162353515625,1.0,2024,5.233714580535889,"{""type"":""Point"",""coordinates"":[35.1758575557919,1.113967195628503]}"
1474,7.0308332443237305,Trans Nzoia,1898.0,23.600000381469727,0.3247081935405731,1653.9757080078125,1.1618024067750112,34.84272818214068,0.41375237703323364,878.5647583007812,1.0,2024,7.0308332443237305,"{""type"":""Point"",""coordinates"":[34.84272818214068,1.1618024067750112]}"
1475,7.246005058288574,Trans Nzoia,1776.0,24.526086807250977,0.42453426122665405,1565.9140625,0.9341254366167339,34.93550711164413,0.6274063587188721,1008.7112426757812,1.0,2024,7.246005058288574,"{""type"":""Point"",""coordinates"":[34.93550711164413,0.9341254366167339]}"
1477,7.251265525817871,Trans Nzoia,1832.0,24.830434799194336,0.3857886791229248,1472.4818115234375,1.0289504294481011,34.93014390527594,0.575208842754364,963.7658081054688,1.0,2024,7.251265525817871,"{""type"":""Point"",""coordinates"":[34.93014390527594,1.0289504294481011]}"
1481,6.586008071899414,Trans Nzoia,1817.0,22.15217399597168,0.4267866015434265,1339.5623779296875,0.9473205901388432,35.0890098257079,0.6175201535224915,951.3497924804688,1.0,2024,6.586008071899414,"{""type"":""Point"",""coordinates"":[35.0890098257079,0.9473205901388432]}"
1483,7.4314494132995605,Trans Nzoia,1894.0,21.021739959716797,0.31373757123947144,1309.0179443359375,1.092816742903933,35.05542528069161,0.4714387059211731,961.5752563476562,1.0,2024,7.4314494132995605,"{""type"":""Point"",""coordinates"":[35.05542528069161,1.092816742903933]}"
1490,6.954964637756348,Trans Nzoia,1887.0,25.978260040283203,0.3633354902267456,1532.4256591796875,1.0882386563201145,34.84729740039695,0.48565638065338135,813.836669921875,1.0,2024,6.954964637756348,"{""type"":""Point"",""coordinates"":[34.84729740039695,1.0882386563201145]}"
1492,6.470978736877441,Trans Nzoia,1942.0,24.439130783081055,0.40432238578796387,1415.5245361328125,0.9657024206626331,34.82275485040137,0.5937947630882263,959.7871704101562,1.0,2024,6.470978736877441,"{""type"":""Point"",""coordinates"":[34.82275485040137,0.9657024206626331]}"
1495,6.461048603057861,Trans Nzoia,1912.0,20.18695640563965,0.4171143174171448,1309.0179443359375,1.0504402538129485,35.10541130829131,0.5879431962966919,1033.5059814453125,1.0,2024,6.461048603057861,"{""type"":""Point"",""coordinates"":[35.10541130829131,1.0504402538129485]}"
1497,6.7571539878845215,Trans Nzoia,1960.0,22.46086883544922,0.3219282329082489,1303.348388671875,1.2218811506845195,34.99047594278678,0.47624099254608154,1109.6043701171875,1.0,2024,6.7571539878845215,"{""type"":""Point"",""coordinates"":[34.99047594278678,1.2218811506845195]}"
1498,6.251084327697754,Trans Nzoia,1853.0,22.147825241088867,0.39807286858558655,1463.1514892578125,0.9435322401656437,35.15583712825956,0.5562132596969604,999.2210693359375,1.0,2024,6.251084327697754,"{""type"":""Point"",""coordinates"":[35.15583712825956,0.9435322401656437]}"
1499,7.140264511108398,Trans Nzoia,1786.0,23.052173614501953,0.40019547939300537,1565.9140625,0.905340319656836,34.90312702041313,0.5489042401313782,1008.7112426757812,1.0,2024,7.140264511108398,"{""type"":""Point"",""coordinates"":[34.90312702041313,0.905340319656836]}"
1500,7.64626932144165,Trans Nzoia,1832.0,21.917390823364258,0.32857128977775574,1587.5098876953125,1.1400398460692631,34.94350957375795,0.49381276965141296,960.1989135742188,4.0,2024,7.64626932144165,"{""type"":""Point"",""coordinates"":[34.94350957375795,1.1400398460692631]}"
1501,6.928977966308594,Trans Nzoia,1958.0,25.547826766967773,0.4019191265106201,1653.9757080078125,1.1927251596174069,34.80623908137458,0.5267897844314575,878.5647583007812,1.0,2024,6.928977966308594,"{""type"":""Point"",""coordinates"":[34.80623908137458,1.1927251596174069]}"
1502,6.551208972930908,Trans Nzoia,2050.0,28.134782791137695,0.38283151388168335,1653.9757080078125,1.153920172423668,34.79968429589967,0.48575887084007263,878.0504150390625,1.0,2024,6.551208972930908,"{""type"":""Point"",""coordinates"":[34.79968429589967,1.153920172423668]}"
1504,6.579721450805664,Trans Nzoia,1714.0,28.34782600402832,0.3939877450466156,1605.135986328125,0.8448281382887072,34.81990886091532,0.5129058957099915,968.0701904296875,1.0,2024,6.579721450805664,"{""type"":""Point"",""coordinates"":[34.81990886091532,0.8448281382887072]}"
1507,7.006084442138672,Trans Nzoia,1834.0,24.81739044189453,0.3535957336425781,1327.4505615234375,1.0363757470577832,35.07252288811118,0.5173467993736267,969.0385131835938,1.0,2024,7.006084442138672,"{""type"":""Point"",""coordinates"":[35.07252288811118,1.0363757470577832]}"
1508,5.681839466094971,Trans Nzoia,2206.0,23.869565963745117,0.2806609570980072,1518.2637939453125,1.013536509269688,35.31938795421826,0.4811440110206604,1062.2413330078125,1.0,2024,5.681839466094971,"{""type"":""Point"",""coordinates"":[35.31938795421826,1.013536509269688]}"
1513,6.288176536560059,Trans Nzoia,1835.0,22.360870361328125,0.31803303956985474,1463.1514892578125,0.9391925951644325,35.15644821710581,0.49214398860931396,999.2210693359375,1.0,2024,6.288176536560059,"{""type"":""Point"",""coordinates"":[35.15644821710581,0.9391925951644325]}"
1532,5.535809516906738,Trans Nzoia,2190.0,23.27391242980957,0.27256837487220764,1518.2637939453125,0.9508517691420109,35.33190725654028,0.40651917457580566,1077.1812744140625,4.0,2024,5.535809516906738,"{""type"":""Point"",""coordinates"":[35.33190725654028,0.9508517691420109]}"
1533,6.467282295227051,Trans Nzoia,1870.0,27.22608757019043,0.3964780569076538,1463.1514892578125,0.9321285328208416,35.230745302058864,0.5693338513374329,1050.580810546875,1.0,2024,6.467282295227051,"{""type"":""Point"",""coordinates"":[35.230745302058864,0.9321285328208416]}"
1534,7.586762428283691,Trans Nzoia,1866.0,23.560869216918945,0.32769712805747986,1311.3265380859375,0.9924307824079993,35.01250133594334,0.5137384533882141,943.7447509765625,1.0,2024,7.586762428283691,"{""type"":""Point"",""coordinates"":[35.01250133594334,0.9924307824079993]}"
1537,6.928896903991699,Trans Nzoia,1986.0,24.026086807250977,0.39030009508132935,1303.348388671875,1.152867258829758,35.03811062845054,0.535153329372406,860.8521118164062,1.0,2024,6.928896903991699,"{""type"":""Point"",""coordinates"":[35.03811062845054,1.152867258829758]}"
1539,6.66313362121582,Trans Nzoia,1824.0,24.399999618530273,0.32989513874053955,1327.4505615234375,0.9962043321574108,35.08341093179542,0.504248321056366,994.4949951171875,1.0,2024,6.66313362121582,"{""type"":""Point"",""coordinates"":[35.08341093179542,0.9962043321574108]}"
1541,6.890027046203613,Trans Nzoia,2006.0,26.42608642578125,0.3689389228820801,1303.348388671875,1.1552965423209896,35.03748812211673,0.545402467250824,860.8521118164062,1.0,2024,6.890027046203613,"{""type"":""Point"",""coordinates"":[35.03748812211673,1.1552965423209896]}"
1544,7.480491638183594,Trans Nzoia,1841.0,22.39130401611328,0.36049336194992065,1311.3265380859375,1.005653268371306,34.95829457742853,0.5051960349082947,1003.5731201171875,1.0,2024,7.480491638183594,"{""type"":""Point"",""coordinates"":[34.95829457742853,1.005653268371306]}"
1545,6.721657752990723,Trans Nzoia,1898.0,22.830434799194336,0.4946381449699402,1532.4256591796875,1.0717107452435362,34.82473179470403,0.7477261424064636,813.836669921875,1.0,2024,6.721657752990723,"{""type"":""Point"",""coordinates"":[34.82473179470403,1.0717107452435362]}"
1546,7.585157871246338,Trans Nzoia,1835.0,21.62173843383789,0.33857905864715576,1587.5098876953125,1.1087209002297265,34.916376102864724,0.4887242317199707,960.1989135742188,1.0,2024,7.585157871246338,"{""type"":""Point"",""coordinates"":[34.916376102864724,1.1087209002297265]}"
1555,7.141775131225586,Trans Nzoia,1865.0,23.660869598388672,0.3851776719093323,1472.4818115234375,1.0430906786420833,34.91237642518227,0.5195468664169312,963.7658081054688,1.0,2024,7.141775131225586,"{""type"":""Point"",""coordinates"":[34.91237642518227,1.0430906786420833]}"
1556,7.3460187911987305,Trans Nzoia,1891.0,24.03478240966797,0.40230417251586914,1640.1566162109375,1.1807400755118187,34.949160189970584,0.5629615783691406,964.7963256835938,1.0,2024,7.3460187911987305,"{""type"":""Point"",""coordinates"":[34.949160189970584,1.1807400755118187]}"
1558,5.7526631355285645,Trans Nzoia,2038.0,22.765216827392578,0.350778192281723,1532.4256591796875,1.077330824957252,34.77156986590845,0.5463505983352661,888.1694946289062,1.0,2024,5.7526631355285645,"{""type"":""Point"",""coordinates"":[34.77156986590845,1.077330824957252]}"
1559,7.1688337326049805,Trans Nzoia,1863.0,24.100000381469727,0.3902167081832886,1327.4505615234375,0.9820905457392332,35.05024598028945,0.5563250780105591,994.4949951171875,1.0,2024,7.1688337326049805,"{""type"":""Point"",""coordinates"":[35.05024598028945,0.9820905457392332]}"
1562,6.705789566040039,Trans Nzoia,1788.0,22.678260803222656,0.369927316904068,1388.3951416015625,0.9059287446362976,35.043804847129074,0.5069888830184937,873.1403198242188,1.0,2024,6.705789566040039,"{""type"":""Point"",""coordinates"":[35.043804847129074,0.9059287446362976]}"
1564,7.494693279266357,Trans Nzoia,1846.0,24.2608699798584,0.35241061449050903,1640.1566162109375,1.164998003764473,34.94353480978779,0.47600334882736206,964.7963256835938,1.0,2024,7.494693279266357,"{""type"":""Point"",""coordinates"":[34.94353480978779,1.164998003764473]}"
1565,6.644853591918945,Trans Nzoia,1836.0,24.556522369384766,0.3822441101074219,1451.5164794921875,0.9047466630625153,34.842145928338525,0.5734856128692627,1004.1910400390625,1.0,2024,6.644853591918945,"{""type"":""Point"",""coordinates"":[34.842145928338525,0.9047466630625153]}"
1572,6.644759654998779,Trans Nzoia,1803.0,23.560869216918945,0.43146973848342896,1339.5623779296875,0.917544303720708,35.10354723132819,0.5756765604019165,964.28857421875,1.0,2024,6.644759654998779,"{""type"":""Point"",""coordinates"":[35.10354723132819,0.917544303720708]}"
1573,6.209051609039307,Trans Nzoia,1970.0,21.934782028198242,0.3844110667705536,1362.5670166015625,1.0530216005912185,35.2281906380813,0.5304870009422302,1157.1868896484375,1.0,2024,6.209051609039307,"{""type"":""Point"",""coordinates"":[35.2281906380813,1.0530216005912185]}"
1578,6.420452117919922,Trans Nzoia,2041.0,23.200000762939453,0.4237419068813324,1451.5164794921875,0.9380943279849983,34.80477265203723,0.5999073386192322,1004.1910400390625,1.0,2024,6.420452117919922,"{""type"":""Point"",""coordinates"":[34.80477265203723,0.9380943279849983]}"
1579,6.643058776855469,Trans Nzoia,2000.0,22.19130516052246,0.32365959882736206,1532.4256591796875,1.1419867497615765,34.81281470088716,0.49512141942977905,853.085205078125,1.0,2024,6.643058776855469,"{""type"":""Point"",""coordinates"":[34.81281470088716,1.1419867497615765]}"
1580,6.170365333557129,Trans Nzoia,1939.0,21.869565963745117,0.2661808431148529,1309.0179443359375,1.1409196206637833,35.1079975431624,0.40328624844551086,1090.241455078125,1.0,2024,6.170365333557129,"{""type"":""Point"",""coordinates"":[35.1079975431624,1.1409196206637833]}"
1582,6.667752742767334,Trans Nzoia,1949.0,24.19130516052246,0.3367709815502167,1518.2637939453125,1.004230706902449,35.249927497567555,0.5152742862701416,994.1923217773438,1.0,2024,6.667752742767334,"{""type"":""Point"",""coordinates"":[35.249927497567555,1.004230706902449]}"
1583,7.677066326141357,Trans Nzoia,1848.0,22.7391300201416,0.40796637535095215,1587.5098876953125,1.093216667365715,34.94111732908515,0.5677257180213928,961.76513671875,1.0,2024,7.677066326141357,"{""type"":""Point"",""coordinates"":[34.94111732908515,1.093216667365715]}"
1587,6.603061676025391,Trans Nzoia,2034.0,23.765216827392578,0.3447139263153076,1415.5245361328125,1.0194626433231107,34.81639244044917,0.5531768798828125,849.1492919921875,1.0,2024,6.603061676025391,"{""type"":""Point"",""coordinates"":[34.81639244044917,1.0194626433231107]}"
1588,7.538297653198242,Trans Nzoia,1884.0,23.799999237060547,0.3605877459049225,1372.1785888671875,1.1382098895161943,34.99229242670703,0.49694952368736267,1015.1450805664062,1.0,2024,7.538297653198242,"{""type"":""Point"",""coordinates"":[34.99229242670703,1.1382098895161943]}"
1590,4.770330905914307,Trans Nzoia,2558.0,29.330434799194336,0.6420807242393494,897.6917114257812,1.111611300180433,34.72627473192894,0.6590906977653503,1047.058837890625,4.0,2024,4.770330905914307,"{""type"":""Point"",""coordinates"":[34.72627473192894,1.111611300180433]}"
1591,6.827247142791748,Trans Nzoia,1950.0,23.678260803222656,0.3848516345024109,1303.348388671875,1.1811352449044812,35.00897965001845,0.5346531271934509,860.8521118164062,1.0,2024,6.827247142791748,"{""type"":""Point"",""coordinates"":[35.00897965001845,1.1811352449044812]}"
1596,7.125268936157227,Trans Nzoia,1858.0,23.321739196777344,0.3401359021663666,1587.5098876953125,1.1047708196905814,34.85937152381927,0.4553449749946594,896.3999633789062,1.0,2024,7.125268936157227,"{""type"":""Point"",""coordinates"":[34.85937152381927,1.1047708196905814]}"
1597,7.395870208740234,Trans Nzoia,1835.0,21.69130516052246,0.34338250756263733,1388.3951416015625,0.9455925241664945,34.960315097776586,0.4499189257621765,1042.5777587890625,1.0,2024,7.395870208740234,"{""type"":""Point"",""coordinates"":[34.960315097776586,0.9455925241664945]}"
1598,6.658716678619385,Trans Nzoia,2030.0,26.34347915649414,0.3622294068336487,1415.5245361328125,1.0456669438918729,34.819213761405955,0.5248872637748718,849.1492919921875,1.0,2024,6.658716678619385,"{""type"":""Point"",""coordinates"":[34.819213761405955,1.0456669438918729]}"
1604,7.087660312652588,Trans Nzoia,1903.0,21.23043441772461,0.380569726228714,1653.9757080078125,1.1678176094844392,34.84790258577472,0.48941096663475037,878.5647583007812,1.0,2024,7.087660312652588,"{""type"":""Point"",""coordinates"":[34.84790258577472,1.1678176094844392]}"
1605,6.881313323974609,Trans Nzoia,1943.0,20.991304397583008,0.2843899428844452,1532.4256591796875,1.1380701609908284,34.83222983626822,0.4306153357028961,853.085205078125,1.0,2024,6.881313323974609,"{""type"":""Point"",""coordinates"":[34.83222983626822,1.1380701609908284]}"
1606,6.3670973777771,Trans Nzoia,1897.0,23.200000762939453,0.3774142861366272,1448.66259765625,1.0270006491335217,35.20936953008837,0.5162377953529358,1040.30517578125,1.0,2024,6.3670973777771,"{""type"":""Point"",""coordinates"":[35.20936953008837,1.0270006491335217]}"
1610,6.244556427001953,Trans Nzoia,1923.0,24.83478355407715,0.35590407252311707,1619.9417724609375,0.91717411666431,35.31000021165468,0.5738062262535095,992.7603759765625,1.0,2024,6.244556427001953,"{""type"":""Point"",""coordinates"":[35.31000021165468,0.91717411666431]}"
1611,7.295368194580078,Trans Nzoia,1824.0,22.734783172607422,0.40808963775634766,1388.3951416015625,0.9473834126742293,35.01535758532832,0.6009655594825745,873.1403198242188,1.0,2024,7.295368194580078,"{""type"":""Point"",""coordinates"":[35.01535758532832,0.9473834126742293]}"
1612,7.645170211791992,Trans Nzoia,1832.0,21.917390823364258,0.3746687173843384,1587.5098876953125,1.1400541333926466,34.940384457807916,0.53253173828125,960.1989135742188,4.0,2024,7.645170211791992,"{""type"":""Point"",""coordinates"":[34.940384457807916,1.1400541333926466]}"
1613,6.07445764541626,Trans Nzoia,1911.0,24.852174758911133,0.34125256538391113,1309.0179443359375,1.067495800298452,35.135643744005634,0.5121673941612244,1033.5059814453125,1.0,2024,6.07445764541626,"{""type"":""Point"",""coordinates"":[35.135643744005634,1.067495800298452]}"
1617,7.685641288757324,Trans Nzoia,1831.0,23.03478240966797,0.3615418076515198,1587.5098876953125,1.1309945396318768,34.945078082951945,0.5002633929252625,960.1989135742188,4.0,2024,7.685641288757324,"{""type"":""Point"",""coordinates"":[34.945078082951945,1.1309945396318768]}"
1622,6.383516311645508,Trans Nzoia,1980.0,22.95652198791504,0.4074813425540924,1451.5164794921875,0.8926512433644617,34.808721003869636,0.6392896771430969,985.6239013671875,1.0,2024,6.383516311645508,"{""type"":""Point"",""coordinates"":[34.808721003869636,0.8926512433644617]}"
1623,6.068063259124756,Trans Nzoia,2092.0,25.69565200805664,0.36222800612449646,1532.4256591796875,1.0811860201219117,34.78392727766656,0.5473510026931763,888.1694946289062,1.0,2024,6.068063259124756,"{""type"":""Point"",""coordinates"":[34.78392727766656,1.0811860201219117]}"
1624,7.544565200805664,Trans Nzoia,1862.0,25.143478393554688,0.3657974898815155,1640.1566162109375,1.1542126637011483,34.91369587300355,0.5099313855171204,964.7963256835938,1.0,2024,7.544565200805664,"{""type"":""Point"",""coordinates"":[34.91369587300355,1.1542126637011483]}"
1625,6.522004127502441,Trans Nzoia,1723.0,25.356521606445312,0.43165215849876404,1605.135986328125,0.847098741067736,34.81359431142092,0.6292305588722229,968.0701904296875,1.0,2024,6.522004127502441,"{""type"":""Point"",""coordinates"":[34.81359431142092,0.847098741067736]}"
1626,6.749687671661377,Trans Nzoia,1987.0,23.069564819335938,0.313090056180954,1532.4256591796875,1.1346036576071807,34.82308264548017,0.48093846440315247,853.085205078125,1.0,2024,6.749687671661377,"{""type"":""Point"",""coordinates"":[34.82308264548017,1.1346036576071807]}"
1628,6.337262153625488,Trans Nzoia,2023.0,23.521739959716797,0.3754129111766815,1327.3070068359375,1.0598768491018293,35.259982963006344,0.5035094022750854,1108.3787841796875,1.0,2024,6.337262153625488,"{""type"":""Point"",""coordinates"":[35.259982963006344,1.0598768491018293]}"
1634,6.226551532745361,Trans Nzoia,1899.0,23.491304397583008,0.2880871891975403,1303.348388671875,1.1920370631297657,35.04570070630658,0.4330134689807892,860.8521118164062,1.0,2024,6.226551532745361,"{""type"":""Point"",""coordinates"":[35.04570070630658,1.1920370631297657]}"
1635,6.994596481323242,Trans Nzoia,1886.0,21.765216827392578,0.2868185043334961,1587.5098876953125,1.066351830218341,34.870005493538095,0.4707392156124115,908.87646484375,1.0,2024,6.994596481323242,"{""type"":""Point"",""coordinates"":[34.870005493538095,1.066351830218341]}"
1637,7.067684650421143,Trans Nzoia,1971.0,20.404348373413086,0.42085903882980347,1303.348388671875,1.1623803793882608,35.01152694938558,0.6258810758590698,860.8521118164062,1.0,2024,7.067684650421143,"{""type"":""Point"",""coordinates"":[35.01152694938558,1.1623803793882608]}"
1639,7.248194694519043,Trans Nzoia,1823.0,24.252174377441406,0.33086714148521423,1472.4818115234375,0.9616228738016614,34.94276543812056,0.5119222402572632,984.7139892578125,1.0,2024,7.248194694519043,"{""type"":""Point"",""coordinates"":[34.94276543812056,0.9616228738016614]}"
1644,7.223240852355957,Trans Nzoia,1903.0,23.934782028198242,0.3486688733100891,1640.1566162109375,1.207399098905686,34.91227667390002,0.48480677604675293,972.9393310546875,1.0,2024,7.223240852355957,"{""type"":""Point"",""coordinates"":[34.91227667390002,1.207399098905686]}"
1647,7.811377048492432,Trans Nzoia,1813.0,23.452173233032227,0.3706892132759094,1372.1785888671875,1.0892971415916088,35.01026664095126,0.5509285926818848,885.8496704101562,1.0,2024,7.811377048492432,"{""type"":""Point"",""coordinates"":[35.01026664095126,1.0892971415916088]}"
1648,6.565490245819092,Trans Nzoia,1973.0,22.086956024169922,0.2750442326068878,1532.4256591796875,1.113318242039982,34.81203942946293,0.44693467020988464,853.085205078125,1.0,2024,6.565490245819092,"{""type"":""Point"",""coordinates"":[34.81203942946293,1.113318242039982]}"
1650,6.861996650695801,Trans Nzoia,1881.0,23.265216827392578,0.29743605852127075,1472.4818115234375,1.0493260689487962,34.8695746662301,0.48408234119415283,914.8713989257812,1.0,2024,6.861996650695801,"{""type"":""Point"",""coordinates"":[34.8695746662301,1.0493260689487962]}"
1654,6.239934921264648,Trans Nzoia,1811.0,22.799999237060547,0.3809766173362732,1463.1514892578125,0.9454930191071234,35.16896026154543,0.5899077653884888,999.2210693359375,1.0,2024,6.239934921264648,"{""type"":""Point"",""coordinates"":[35.16896026154543,0.9454930191071234]}"
1655,7.625643730163574,Trans Nzoia,1876.0,21.65217399597168,0.25304368138313293,1311.3265380859375,0.9924834786856319,34.997617841782436,0.4033448398113251,1077.162841796875,1.0,2024,7.625643730163574,"{""type"":""Point"",""coordinates"":[34.997617841782436,0.9924834786856319]}"
1656,6.267958164215088,Trans Nzoia,1857.0,23.31739044189453,0.37707364559173584,1448.66259765625,1.0311589330993687,35.1988988548501,0.5923511981964111,1005.9006958007812,1.0,2024,6.267958164215088,"{""type"":""Point"",""coordinates"":[35.1988988548501,1.0311589330993687]}"
1657,7.076478958129883,Trans Nzoia,2006.0,22.295652389526367,0.3315856158733368,1303.348388671875,1.1743642402921164,34.99333495414064,0.465994656085968,1049.634765625,1.0,2024,7.076478958129883,"{""type"":""Point"",""coordinates"":[34.99333495414064,1.1743642402921164]}"
1658,7.299981594085693,Trans Nzoia,1839.0,22.169565200805664,0.37230414152145386,1388.3951416015625,0.9229588097936454,34.98286604758039,0.5378632545471191,1042.5777587890625,1.0,2024,7.299981594085693,"{""type"":""Point"",""coordinates"":[34.98286604758039,0.9229588097936454]}"
1659,7.2344183921813965,Trans Nzoia,1867.0,25.352174758911133,0.3746386170387268,1640.1566162109375,1.1670913231528381,34.86490463623912,0.5214287638664246,916.169677734375,1.0,2024,7.2344183921813965,"{""type"":""Point"",""coordinates"":[34.86490463623912,1.1670913231528381]}"
1662,6.625061988830566,Trans Nzoia,1977.0,25.252174377441406,0.3737161457538605,1415.5245361328125,1.0184028337921835,34.8300573140552,0.5591842532157898,849.1492919921875,1.0,2024,6.625061988830566,"{""type"":""Point"",""coordinates"":[34.8300573140552,1.0184028337921835]}"
1663,6.573097229003906,Trans Nzoia,1812.0,24.68260955810547,0.4336061477661133,1472.4818115234375,0.9902858901507093,34.88915296036404,0.6544694304466248,941.492431640625,1.0,2024,6.573097229003906,"{""type"":""Point"",""coordinates"":[34.88915296036404,0.9902858901507093]}"
1665,7.1526665687561035,Trans Nzoia,1873.0,23.07826042175293,0.40653035044670105,1587.5098876953125,1.1487288163479774,34.85482069054074,0.5174187421798706,896.3999633789062,1.0,2024,7.1526665687561035,"{""type"":""Point"",""coordinates"":[34.85482069054074,1.1487288163479774]}"
1674,6.6905975341796875,Trans Nzoia,1871.0,23.008695602416992,0.3915138244628906,1472.4818115234375,1.0301564727058212,34.861637313848895,0.5747448801994324,914.8713989257812,1.0,2024,6.6905975341796875,"{""type"":""Point"",""coordinates"":[34.861637313848895,1.0301564727058212]}"
1675,6.959166049957275,Trans Nzoia,1780.0,22.452173233032227,0.42972230911254883,1472.4818115234375,0.9913325216773362,34.92105803179402,0.6894437670707703,984.7139892578125,1.0,2024,6.959166049957275,"{""type"":""Point"",""coordinates"":[34.92105803179402,0.9913325216773362]}"
1678,7.126450538635254,Trans Nzoia,1880.0,24.46521759033203,0.32697105407714844,1640.1566162109375,1.1557584152673344,34.85195611416795,0.4634479880332947,916.169677734375,1.0,2024,7.126450538635254,"{""type"":""Point"",""coordinates"":[34.85195611416795,1.1557584152673344]}"
1687,7.315337657928467,Trans Nzoia,1858.0,28.439130783081055,0.32883355021476746,1587.5098876953125,1.081628581240482,34.898489633743104,0.45969483256340027,908.87646484375,1.0,2024,7.315337657928467,"{""type"":""Point"",""coordinates"":[34.898489633743104,1.081628581240482]}"
1688,7.165318012237549,Trans Nzoia,1814.0,22.7608699798584,0.39053094387054443,1388.3951416015625,0.9415833196132403,35.025876969438286,0.5904407501220703,873.1403198242188,1.0,2024,7.165318012237549,"{""type"":""Point"",""coordinates"":[35.025876969438286,0.9415833196132403]}"
1690,6.909690856933594,Trans Nzoia,1891.0,19.83478355407715,0.38222211599349976,1303.348388671875,1.2338872347119494,34.9685384634655,0.5496934652328491,1109.6043701171875,6.0,2024,6.909690856933594,"{""type"":""Point"",""coordinates"":[34.9685384634655,1.2338872347119494]}"
1691,6.49838399887085,Trans Nzoia,2138.0,23.647825241088867,0.4385753870010376,1518.2637939453125,0.9849342995499998,35.284585061985325,0.6292590498924255,998.7577514648438,4.0,2024,6.49838399887085,"{""type"":""Point"",""coordinates"":[35.284585061985325,0.9849342995499998]}"
1692,6.774499893188477,Trans Nzoia,2188.0,21.12173843383789,0.3292093873023987,1653.9757080078125,1.1845861050172746,34.76993160304176,0.4806998074054718,878.0504150390625,1.0,2024,6.774499893188477,"{""type"":""Point"",""coordinates"":[34.76993160304176,1.1845861050172746]}"
1697,7.155821800231934,Trans Nzoia,1894.0,18.87826156616211,0.2533734142780304,1640.1566162109375,1.2142420062984864,34.87207511248917,0.372444748878479,915.8572387695312,1.0,2024,7.155821800231934,"{""type"":""Point"",""coordinates"":[34.87207511248917,1.2142420062984864]}"
1698,5.131304740905762,Trans Nzoia,2102.0,22.986955642700195,0.4077298939228058,1518.2637939453125,0.9769571048178955,35.339678358873165,0.5928476452827454,1077.1812744140625,1.0,2024,5.131304740905762,"{""type"":""Point"",""coordinates"":[35.339678358873165,0.9769571048178955]}"
1700,6.246707916259766,Trans Nzoia,1838.0,23.791303634643555,0.3524487614631653,1448.66259765625,0.9598176214061008,35.18546299569217,0.5538812875747681,1027.66796875,1.0,2024,6.246707916259766,"{""type"":""Point"",""coordinates"":[35.18546299569217,0.9598176214061008]}"
1701,7.199210166931152,Trans Nzoia,1740.0,23.22608757019043,0.3771226108074188,1565.9140625,0.8809380732294707,34.912919463884705,0.5470361113548279,986.4015502929688,1.0,2024,7.199210166931152,"{""type"":""Point"",""coordinates"":[34.912919463884705,0.8809380732294707]}"
1704,6.291802406311035,Trans Nzoia,1915.0,23.217391967773438,0.36287400126457214,1217.0069580078125,1.1810270060490577,35.05089780061792,0.5578258633613586,1066.3682861328125,1.0,2024,6.291802406311035,"{""type"":""Point"",""coordinates"":[35.05089780061792,1.1810270060490577]}"
1707,6.404545307159424,Trans Nzoia,1941.0,23.504348754882812,0.3601634204387665,1303.348388671875,1.197851198737946,35.02731286116756,0.5289433598518372,860.8521118164062,1.0,2024,6.404545307159424,"{""type"":""Point"",""coordinates"":[35.02731286116756,1.197851198737946]}"
1708,6.3097052574157715,Trans Nzoia,1849.0,24.15217399597168,0.3424064815044403,1448.66259765625,0.9658106001402614,35.19578042093375,0.5126607418060303,1027.66796875,1.0,2024,6.3097052574157715,"{""type"":""Point"",""coordinates"":[35.19578042093375,0.9658106001402614]}"
1711,7.136536121368408,Trans Nzoia,1900.0,22.626087188720703,0.2535712420940399,1653.9757080078125,1.2162451553826916,34.8484412559644,0.36466941237449646,881.7891235351562,1.0,2024,7.136536121368408,"{""type"":""Point"",""coordinates"":[34.8484412559644,1.2162451553826916]}"
1714,6.482310771942139,Trans Nzoia,1926.0,23.639129638671875,0.4242778420448303,1217.0069580078125,1.1649858658027907,35.05722993260057,0.575088620185852,1066.3682861328125,1.0,2024,6.482310771942139,"{""type"":""Point"",""coordinates"":[35.05722993260057,1.1649858658027907]}"
1715,6.78669548034668,Trans Nzoia,1915.0,26.286956787109375,0.29503652453422546,1532.4256591796875,1.0964071607414518,34.82926748095359,0.4585847556591034,813.836669921875,1.0,2024,6.78669548034668,"{""type"":""Point"",""coordinates"":[34.82926748095359,1.0964071607414518]}"
1716,6.190544128417969,Trans Nzoia,1901.0,22.495651245117188,0.37412309646606445,1448.66259765625,1.0425559372085174,35.20348408767976,0.5393453240394592,1040.30517578125,1.0,2024,6.190544128417969,"{""type"":""Point"",""coordinates"":[35.20348408767976,1.0425559372085174]}"
1717,7.380454063415527,Trans Nzoia,1859.0,26.595651626586914,0.39111921191215515,1388.3951416015625,0.93176251778712,34.97477521560687,0.5104978084564209,1042.5777587890625,1.0,2024,7.380454063415527,"{""type"":""Point"",""coordinates"":[34.97477521560687,0.93176251778712]}"
1724,6.650678634643555,Trans Nzoia,1782.0,23.634782791137695,0.37574195861816406,1472.4818115234375,1.0011018285903088,34.892541292558874,0.5642464756965637,914.8713989257812,1.0,2024,6.650678634643555,"{""type"":""Point"",""coordinates"":[34.892541292558874,1.0011018285903088]}"
1730,7.750988006591797,Trans Nzoia,1821.0,24.39130401611328,0.3612273633480072,1372.1785888671875,1.1167574588870128,34.983456585378406,0.5460249185562134,1015.1450805664062,1.0,2024,7.750988006591797,"{""type"":""Point"",""coordinates"":[34.983456585378406,1.1167574588870128]}"
1733,6.147896766662598,Trans Nzoia,2083.0,22.995651245117188,0.4201975464820862,1362.5670166015625,1.0669776787478449,35.24313921063544,0.5669608116149902,1157.1868896484375,1.0,2024,6.147896766662598,"{""type"":""Point"",""coordinates"":[35.24313921063544,1.0669776787478449]}"
1735,6.889792442321777,Trans Nzoia,1894.0,26.404348373413086,0.36639097332954407,1532.4256591796875,1.0881617259858034,34.839366585922555,0.5094909071922302,813.836669921875,1.0,2024,6.889792442321777,"{""type"":""Point"",""coordinates"":[34.839366585922555,1.0881617259858034]}"
1739,6.609385013580322,Trans Nzoia,1924.0,24.526086807250977,0.34833723306655884,1415.5245361328125,1.0158973330757008,34.83835859604077,0.5291140079498291,849.1492919921875,1.0,2024,6.609385013580322,"{""type"":""Point"",""coordinates"":[34.83835859604077,1.0158973330757008]}"
1740,7.015244960784912,Trans Nzoia,1817.0,23.417390823364258,0.4184458553791046,1565.9140625,0.9281402433373506,34.90764230620887,0.5883346796035767,1008.7112426757812,1.0,2024,7.015244960784912,"{""type"":""Point"",""coordinates"":[34.90764230620887,0.9281402433373506]}"
1742,7.657357215881348,Trans Nzoia,1860.0,22.37826156616211,0.37528902292251587,1372.1785888671875,1.104213411531379,35.0288798520369,0.5520206689834595,862.4269409179688,1.0,2024,7.657357215881348,"{""type"":""Point"",""coordinates"":[35.0288798520369,1.104213411531379]}"
1744,7.324221611022949,Trans Nzoia,1819.0,22.704347610473633,0.3269105851650238,1388.3951416015625,0.9391096554898596,35.00096604718922,0.433372437953949,873.1403198242188,1.0,2024,7.324221611022949,"{""type"":""Point"",""coordinates"":[35.00096604718922,0.9391096554898596]}"
1745,7.181066513061523,Trans Nzoia,1932.0,24.18260955810547,0.2971278131008148,1309.0179443359375,1.1209949737279052,35.06098349524406,0.4551568329334259,974.173583984375,1.0,2024,7.181066513061523,"{""type"":""Point"",""coordinates"":[35.06098349524406,1.1209949737279052]}"
1751,6.873167991638184,Trans Nzoia,1965.0,22.521739959716797,0.34398502111434937,1303.348388671875,1.209554981505888,34.9825939404805,0.4457191526889801,1109.6043701171875,1.0,2024,6.873167991638184,"{""type"":""Point"",""coordinates"":[34.9825939404805,1.209554981505888]}"
1752,6.565490245819092,Trans Nzoia,1973.0,22.086956024169922,0.2750442326068878,1532.4256591796875,1.1135185515565107,34.81170591333838,0.44693467020988464,853.085205078125,1.0,2024,6.565490245819092,"{""type"":""Point"",""coordinates"":[34.81170591333838,1.1135185515565107]}"
1753,7.26891565322876,Trans Nzoia,1852.0,19.569564819335938,0.252045214176178,1653.9757080078125,1.2432408947495643,34.83230133648452,0.394426554441452,881.7891235351562,1.0,2024,7.26891565322876,"{""type"":""Point"",""coordinates"":[34.83230133648452,1.2432408947495643]}"
1754,6.502074241638184,Trans Nzoia,1957.0,25.61739158630371,0.37293508648872375,1415.5245361328125,0.9808664746100649,34.82363717566981,0.5554642081260681,959.7871704101562,1.0,2024,6.502074241638184,"{""type"":""Point"",""coordinates"":[34.82363717566981,0.9808664746100649]}"
1755,7.743157386779785,Trans Nzoia,1843.0,26.18695640563965,0.5062398314476013,1372.1785888671875,1.110651695697232,34.95197373339663,0.6177897453308105,1015.1450805664062,1.0,2024,7.743157386779785,"{""type"":""Point"",""coordinates"":[34.95197373339663,1.110651695697232]}"
1760,7.098255157470703,Trans Nzoia,1788.0,18.752174377441406,0.27056604623794556,1794.15283203125,1.2507212076925915,34.86187817657127,0.4457866847515106,882.4627075195312,6.0,2024,7.098255157470703,"{""type"":""Point"",""coordinates"":[34.86187817657127,1.2507212076925915]}"
1762,6.326480388641357,Trans Nzoia,1872.0,23.095651626586914,0.30906832218170166,1463.1514892578125,0.9393000679416899,35.197527525256966,0.4363082945346832,999.2210693359375,1.0,2024,6.326480388641357,"{""type"":""Point"",""coordinates"":[35.197527525256966,0.9393000679416899]}"
1763,6.9457855224609375,Trans Nzoia,1877.0,25.521739959716797,0.4039361774921417,1532.4256591796875,1.1020214202513379,34.84279315746249,0.5142571926116943,853.085205078125,1.0,2024,6.9457855224609375,"{""type"":""Point"",""coordinates"":[34.84279315746249,1.1020214202513379]}"
1768,7.007193088531494,Trans Nzoia,2106.0,22.495651245117188,0.3196394145488739,1653.9757080078125,1.1978848981547128,34.771982534734704,0.4716237783432007,878.0504150390625,1.0,2024,7.007193088531494,"{""type"":""Point"",""coordinates"":[34.771982534734704,1.1978848981547128]}"
1770,7.150935173034668,Trans Nzoia,1884.0,20.913043975830078,0.425630122423172,1640.1566162109375,1.2294262367016162,34.851060338950184,0.5343517065048218,915.8572387695312,4.0,2024,7.150935173034668,"{""type"":""Point"",""coordinates"":[34.851060338950184,1.2294262367016162]}"
1771,6.882063865661621,Trans Nzoia,1813.0,22.12173843383789,0.3948148787021637,1472.4818115234375,1.0129921501525045,34.908155159021895,0.5807587504386902,963.7658081054688,1.0,2024,6.882063865661621,"{""type"":""Point"",""coordinates"":[34.908155159021895,1.0129921501525045]}"
1776,6.874377250671387,Trans Nzoia,1848.0,22.15652084350586,0.3713085353374481,1339.5623779296875,0.9329534375082338,35.05146140320803,0.5664503574371338,951.3497924804688,1.0,2024,6.874377250671387,"{""type"":""Point"",""coordinates"":[35.05146140320803,0.9329534375082338]}"
1777,6.512622833251953,Trans Nzoia,1935.0,24.45652198791504,0.33394932746887207,1217.0069580078125,1.1560527513322802,35.068169658123054,0.46407413482666016,1066.3682861328125,1.0,2024,6.512622833251953,"{""type"":""Point"",""coordinates"":[35.068169658123054,1.1560527513322802]}"
1781,7.280101299285889,Trans Nzoia,1849.0,22.84782600402832,0.34978750348091125,1587.5098876953125,1.102194328976581,34.87845942524731,0.49091804027557373,896.3999633789062,1.0,2024,7.280101299285889,"{""type"":""Point"",""coordinates"":[34.87845942524731,1.102194328976581]}"
1782,6.956834316253662,Trans Nzoia,1881.0,25.052173614501953,0.29352039098739624,1532.4256591796875,1.0863701166131445,34.84813437590019,0.4173175096511841,813.836669921875,1.0,2024,6.956834316253662,"{""type"":""Point"",""coordinates"":[34.84813437590019,1.0863701166131445]}"
1783,7.119765758514404,Trans Nzoia,1927.0,19.19565200805664,0.35704702138900757,1653.9757080078125,1.2117420368989766,34.81124999950856,0.5397597551345825,881.7891235351562,1.0,2024,7.119765758514404,"{""type"":""Point"",""coordinates"":[34.81124999950856,1.2117420368989766]}"
1784,6.616237163543701,Trans Nzoia,1883.0,21.952173233032227,0.2591199278831482,1619.9417724609375,0.9445992126748892,35.2659917244378,0.41417837142944336,978.35693359375,1.0,2024,6.616237163543701,"{""type"":""Point"",""coordinates"":[35.2659917244378,0.9445992126748892]}"
1785,7.6485724449157715,Trans Nzoia,1828.0,23.517391204833984,0.42480775713920593,1587.5098876953125,1.1281194880192116,34.92538444399129,0.5587583780288696,960.1989135742188,1.0,2024,7.6485724449157715,"{""type"":""Point"",""coordinates"":[34.92538444399129,1.1281194880192116]}"
1788,5.950183391571045,Trans Nzoia,1877.0,25.07826042175293,0.3927413523197174,1362.5670166015625,1.0527474766905611,35.16355694218393,0.5963430404663086,1080.9871826171875,1.0,2024,5.950183391571045,"{""type"":""Point"",""coordinates"":[35.16355694218393,1.0527474766905611]}"
1793,7.394111633300781,Trans Nzoia,1811.0,23.19565200805664,0.43455541133880615,1388.3951416015625,0.9435061199957288,34.99264750389803,0.5827583074569702,1042.5777587890625,1.0,2024,7.394111633300781,"{""type"":""Point"",""coordinates"":[34.99264750389803,0.9435061199957288]}"
1797,7.0087480545043945,Trans Nzoia,1906.0,24.178260803222656,0.3883402645587921,1532.4256591796875,1.1341777097485088,34.84306595128911,0.5443322062492371,853.085205078125,1.0,2024,7.0087480545043945,"{""type"":""Point"",""coordinates"":[34.84306595128911,1.1341777097485088]}"
1800,7.209893226623535,Trans Nzoia,1824.0,23.047826766967773,0.394684374332428,1327.4505615234375,1.041461984733256,35.06260931884331,0.5763547420501709,969.0385131835938,1.0,2024,7.209893226623535,"{""type"":""Point"",""coordinates"":[35.06260931884331,1.041461984733256]}"
1801,6.027419567108154,Trans Nzoia,2467.0,30.278261184692383,0.5314443111419678,1532.4256591796875,1.1446223432635345,34.757623988449986,0.6858150959014893,876.7874755859375,4.0,2024,6.027419567108154,"{""type"":""Point"",""coordinates"":[34.757623988449986,1.1446223432635345]}"
1806,6.619785308837891,Trans Nzoia,2015.0,25.252174377441406,0.373809278011322,1415.5245361328125,1.0172619657209738,34.826603322977626,0.542945921421051,849.1492919921875,1.0,2024,6.619785308837891,"{""type"":""Point"",""coordinates"":[34.826603322977626,1.0172619657209738]}"
1811,6.857450485229492,Trans Nzoia,1792.0,27.0,0.4005335569381714,1565.9140625,0.9231737262252484,34.88683716891443,0.5903316736221313,1014.7183227539062,1.0,2024,6.857450485229492,"{""type"":""Point"",""coordinates"":[34.88683716891443,0.9231737262252484]}"
1812,6.2586350440979,Trans Nzoia,2209.0,23.12173843383789,0.3100239634513855,1451.5164794921875,0.924459966472941,34.77255530723441,0.54531329870224,1013.508056640625,1.0,2024,6.2586350440979,"{""type"":""Point"",""coordinates"":[34.77255530723441,0.924459966472941]}"
1814,7.614384651184082,Trans Nzoia,1885.0,21.569564819335938,0.32444846630096436,1311.3265380859375,1.0279243645543354,35.029120060365244,0.45666953921318054,895.3138427734375,1.0,2024,7.614384651184082,"{""type"":""Point"",""coordinates"":[35.029120060365244,1.0279243645543354]}"
1816,6.921257019042969,Trans Nzoia,1882.0,25.04347801208496,0.3905974328517914,1532.4256591796875,1.1045714684004042,34.83967073367741,0.4533185660839081,853.085205078125,1.0,2024,6.921257019042969,"{""type"":""Point"",""coordinates"":[34.83967073367741,1.1045714684004042]}"
1818,7.019925594329834,Trans Nzoia,1952.0,20.243478775024414,0.405795693397522,1303.348388671875,1.1906146356006884,34.98143825884488,0.5099241137504578,1049.634765625,1.0,2024,7.019925594329834,"{""type"":""Point"",""coordinates"":[34.98143825884488,1.1906146356006884]}"
1819,6.667240142822266,Trans Nzoia,1928.0,22.995651245117188,0.34662601351737976,1518.2637939453125,0.9710840408614096,35.26622944456604,0.5126498937606812,998.7577514648438,1.0,2024,6.667240142822266,"{""type"":""Point"",""coordinates"":[35.26622944456604,0.9710840408614096]}"
1822,6.239934921264648,Trans Nzoia,1811.0,22.799999237060547,0.3809766173362732,1463.1514892578125,0.9452113220928208,35.16821621118469,0.5899077653884888,999.2210693359375,1.0,2024,6.239934921264648,"{""type"":""Point"",""coordinates"":[35.16821621118469,0.9452113220928208]}"
1823,6.9749064445495605,Trans Nzoia,1863.0,19.643478393554688,0.30937743186950684,1640.1566162109375,1.2475405932876833,34.91555021488866,0.44108420610427856,972.9393310546875,6.0,2024,6.9749064445495605,"{""type"":""Point"",""coordinates"":[34.91555021488866,1.2475405932876833]}"
1826,6.5672688484191895,Trans Nzoia,1902.0,23.34782600402832,0.3527510464191437,1309.0179443359375,1.1347279846076392,35.08988475356834,0.5734168887138367,974.173583984375,1.0,2024,6.5672688484191895,"{""type"":""Point"",""coordinates"":[35.08988475356834,1.1347279846076392]}"
1828,6.789465427398682,Trans Nzoia,1718.0,22.630434036254883,0.46171578764915466,1687.8226318359375,0.8458129016331688,34.90530157106624,0.6274201273918152,987.9306030273438,1.0,2024,6.789465427398682,"{""type"":""Point"",""coordinates"":[34.90530157106624,0.8458129016331688]}"
1830,6.464677333831787,Trans Nzoia,1861.0,25.991304397583008,0.4029426574707031,1463.1514892578125,0.9281256592210684,35.23269943597461,0.5788923501968384,1050.580810546875,1.0,2024,6.464677333831787,"{""type"":""Point"",""coordinates"":[35.23269943597461,0.9281256592210684]}"
1832,6.549795150756836,Trans Nzoia,2081.0,23.630434036254883,0.3628852069377899,1532.4256591796875,1.1498136839143798,34.80181821901364,0.4920556843280792,853.085205078125,1.0,2024,6.549795150756836,"{""type"":""Point"",""coordinates"":[34.80181821901364,1.1498136839143798]}"
1834,6.5498738288879395,Trans Nzoia,1730.0,25.69130516052246,0.42140018939971924,1605.135986328125,0.8483580582562438,34.816967753802196,0.5807971358299255,968.0701904296875,1.0,2024,6.5498738288879395,"{""type"":""Point"",""coordinates"":[34.816967753802196,0.8483580582562438]}"
1838,6.462149620056152,Trans Nzoia,1832.0,25.395652770996094,0.4548519253730774,1565.9140625,0.9469845321987985,34.853855401530105,0.62322598695755,1014.7183227539062,1.0,2024,6.462149620056152,"{""type"":""Point"",""coordinates"":[34.853855401530105,0.9469845321987985]}"
1840,6.512088775634766,Trans Nzoia,1832.0,25.939130783081055,0.4198234975337982,1472.4818115234375,1.0031567604890859,34.85883699714687,0.569691002368927,914.8713989257812,1.0,2024,6.512088775634766,"{""type"":""Point"",""coordinates"":[34.85883699714687,1.0031567604890859]}"
1841,6.8908162117004395,Trans Nzoia,1781.0,25.017391204833984,0.3334685266017914,1472.4818115234375,0.9743388671078081,34.91705437341598,0.48533928394317627,984.7139892578125,1.0,2024,6.8908162117004395,"{""type"":""Point"",""coordinates"":[34.91705437341598,0.9743388671078081]}"
1842,7.253172874450684,Trans Nzoia,1853.0,19.647825241088867,0.30355262756347656,1854.9388427734375,1.2551977508652519,34.839012014699094,0.4769552946090698,855.2916870117188,1.0,2024,7.253172874450684,"{""type"":""Point"",""coordinates"":[34.839012014699094,1.2551977508652519]}"
1844,7.032046318054199,Trans Nzoia,1773.0,24.69565200805664,0.5122109651565552,1472.4818115234375,0.981509663066235,34.92658228350627,0.7391612529754639,984.7139892578125,1.0,2024,7.032046318054199,"{""type"":""Point"",""coordinates"":[34.92658228350627,0.981509663066235]}"
1846,6.6887407302856445,Trans Nzoia,1918.0,21.799999237060547,0.36739882826805115,1518.2637939453125,0.9729805072602624,35.25743251499915,0.5507243871688843,998.7577514648438,1.0,2024,6.6887407302856445,"{""type"":""Point"",""coordinates"":[35.25743251499915,0.9729805072602624]}"
1851,7.3284711837768555,Trans Nzoia,1867.0,25.42608642578125,0.3947876989841461,1640.1566162109375,1.17561636005229,34.882309581434306,0.5436601042747498,916.169677734375,1.0,2024,7.3284711837768555,"{""type"":""Point"",""coordinates"":[34.882309581434306,1.17561636005229]}"
1854,6.05093240737915,Trans Nzoia,1921.0,21.53043556213379,0.36903417110443115,1327.4505615234375,0.984681222372682,35.1492028866351,0.5665836334228516,1042.0404052734375,1.0,2024,6.05093240737915,"{""type"":""Point"",""coordinates"":[35.1492028866351,0.984681222372682]}"
1856,6.602358341217041,Trans Nzoia,1943.0,22.88260841369629,0.7164839506149292,1532.4256591796875,1.128821780898393,34.81243169705795,0.5509592890739441,853.085205078125,1.0,2024,6.602358341217041,"{""type"":""Point"",""coordinates"":[34.81243169705795,1.128821780898393]}"
1857,6.363179683685303,Trans Nzoia,1908.0,24.26956558227539,0.451561838388443,1217.0069580078125,1.175040984008003,35.052127707897796,0.6547269225120544,1066.3682861328125,1.0,2024,6.363179683685303,"{""type"":""Point"",""coordinates"":[35.052127707897796,1.175040984008003]}"
1858,7.021019458770752,Trans Nzoia,1850.0,22.086956024169922,0.37945234775543213,1327.4505615234375,1.0467099240129758,35.07462709327849,0.54575115442276,969.0385131835938,1.0,2024,7.021019458770752,"{""type"":""Point"",""coordinates"":[35.07462709327849,1.0467099240129758]}"
1859,6.494616508483887,Trans Nzoia,1925.0,23.565217971801758,0.37807103991508484,1448.66259765625,1.0241028339409628,35.224937178821094,0.5497125387191772,1040.30517578125,1.0,2024,6.494616508483887,"{""type"":""Point"",""coordinates"":[35.224937178821094,1.0241028339409628]}"
1860,7.615048408508301,Trans Nzoia,1842.0,22.630434036254883,0.3993072807788849,1587.5098876953125,1.0949087941077615,34.92971812226773,0.5165573954582214,961.76513671875,1.0,2024,7.615048408508301,"{""type"":""Point"",""coordinates"":[34.92971812226773,1.0949087941077615]}"
1861,6.545468330383301,Trans Nzoia,1951.0,21.10869598388672,0.432954341173172,1448.66259765625,1.0203995582882093,35.22950803753454,0.588607907295227,1040.30517578125,1.0,2024,6.545468330383301,"{""type"":""Point"",""coordinates"":[35.22950803753454,1.0203995582882093]}"
1862,7.532423973083496,Trans Nzoia,1836.0,24.15217399597168,0.41779717803001404,1372.1785888671875,1.0533901417780729,35.0443656561574,0.5574032664299011,885.8496704101562,1.0,2024,7.532423973083496,"{""type"":""Point"",""coordinates"":[35.0443656561574,1.0533901417780729]}"
1864,6.9854302406311035,Trans Nzoia,1906.0,23.04347801208496,0.36684906482696533,1309.0179443359375,1.109276304678834,35.080718908668366,0.5057600736618042,974.173583984375,1.0,2024,6.9854302406311035,"{""type"":""Point"",""coordinates"":[35.080718908668366,1.109276304678834]}"
1865,6.575912952423096,Trans Nzoia,1961.0,22.700000762939453,0.307327002286911,1303.348388671875,1.17740347300331,35.03263441136522,0.46482858061790466,860.8521118164062,1.0,2024,6.575912952423096,"{""type"":""Point"",""coordinates"":[35.03263441136522,1.17740347300331]}"
1866,5.641116619110107,Trans Nzoia,2259.0,21.100000381469727,0.3859878480434418,1532.4256591796875,1.0932226554166755,34.76651248267164,0.5471982359886169,888.1694946289062,1.0,2024,5.641116619110107,"{""type"":""Point"",""coordinates"":[34.76651248267164,1.0932226554166755]}"
1869,6.97347354888916,Trans Nzoia,1873.0,19.42173957824707,0.33719342947006226,1640.1566162109375,1.2480419319354257,34.911436469166546,0.475279301404953,972.9393310546875,6.0,2024,6.97347354888916,"{""type"":""Point"",""coordinates"":[34.911436469166546,1.2480419319354257]}"
1870,6.960491180419922,Trans Nzoia,1744.0,21.42173957824707,0.2996993660926819,1565.9140625,0.8570074467441486,34.91027735192415,0.4403192102909088,986.4015502929688,1.0,2024,6.960491180419922,"{""type"":""Point"",""coordinates"":[34.91027735192415,0.8570074467441486]}"
1871,5.904287338256836,Trans Nzoia,2255.0,21.721738815307617,0.23427045345306396,1532.4256591796875,1.1149815561114678,34.77215209289808,0.40029531717300415,876.7874755859375,1.0,2024,5.904287338256836,"{""type"":""Point"",""coordinates"":[34.77215209289808,1.1149815561114678]}"
1872,6.545884132385254,Trans Nzoia,1780.0,22.908695220947266,0.34847021102905273,1472.4818115234375,0.9532601241501147,34.881413735341134,0.5351751446723938,941.492431640625,1.0,2024,6.545884132385254,"{""type"":""Point"",""coordinates"":[34.881413735341134,0.9532601241501147]}"
1873,7.031754493713379,Trans Nzoia,1882.0,21.19565200805664,0.4172786474227905,1640.1566162109375,1.2353265664524038,34.925562707803955,0.5426718592643738,972.9393310546875,4.0,2024,7.031754493713379,"{""type"":""Point"",""coordinates"":[34.925562707803955,1.2353265664524038]}"
1874,6.820024490356445,Trans Nzoia,1923.0,24.243478775024414,0.33544448018074036,1532.4256591796875,1.0530090207443685,34.849701693324114,0.4658200144767761,813.836669921875,1.0,2024,6.820024490356445,"{""type"":""Point"",""coordinates"":[34.849701693324114,1.0530090207443685]}"
1876,6.674450874328613,Trans Nzoia,1950.0,23.3869571685791,0.3253641724586487,1518.2637939453125,0.9851062603434455,35.263517319087214,0.4867508113384247,998.7577514648438,1.0,2024,6.674450874328613,"{""type"":""Point"",""coordinates"":[35.263517319087214,0.9851062603434455]}"
1877,7.138866424560547,Trans Nzoia,1915.0,24.643478393554688,0.36668527126312256,1372.1785888671875,1.1392440508012336,35.04096243561183,0.5043250918388367,862.4269409179688,1.0,2024,7.138866424560547,"{""type"":""Point"",""coordinates"":[35.04096243561183,1.1392440508012336]}"
1878,6.9739556312561035,Trans Nzoia,1947.0,22.68260955810547,0.35683849453926086,1303.348388671875,1.2046132331213961,34.97528116390109,0.4617503881454468,1109.6043701171875,1.0,2024,6.9739556312561035,"{""type"":""Point"",""coordinates"":[34.97528116390109,1.2046132331213961]}"
1880,6.354585647583008,Trans Nzoia,1872.0,23.673913955688477,0.38842377066612244,1463.1514892578125,0.933082682660384,35.204358690862314,0.5005877614021301,1050.580810546875,4.0,2024,6.354585647583008,"{""type"":""Point"",""coordinates"":[35.204358690862314,0.933082682660384]}"
1881,7.227852821350098,Trans Nzoia,1852.0,19.582609176635742,0.2792809009552002,1640.1566162109375,1.2037817344865946,34.89128521761391,0.45100101828575134,915.8572387695312,1.0,2024,7.227852821350098,"{""type"":""Point"",""coordinates"":[34.89128521761391,1.2037817344865946]}"
1883,6.19480037689209,Trans Nzoia,1856.0,23.62173843383789,0.31305626034736633,1327.4505615234375,0.9557570312808661,35.13539018755413,0.452923983335495,1042.0404052734375,1.0,2024,6.19480037689209,"{""type"":""Point"",""coordinates"":[35.13539018755413,0.9557570312808661]}"
1884,7.200871467590332,Trans Nzoia,1856.0,25.013044357299805,0.3709143102169037,1653.9757080078125,1.228087660996289,34.8332619487199,0.4603703022003174,881.7891235351562,1.0,2024,7.200871467590332,"{""type"":""Point"",""coordinates"":[34.8332619487199,1.228087660996289]}"
1886,6.359963417053223,Trans Nzoia,1852.0,23.365217208862305,0.2945138216018677,1463.1514892578125,0.9267567846298752,35.20566518628432,0.42864975333213806,1050.580810546875,1.0,2024,6.359963417053223,"{""type"":""Point"",""coordinates"":[35.20566518628432,0.9267567846298752]}"
1890,6.708826541900635,Trans Nzoia,1846.0,23.478260040283203,0.5321799516677856,1339.5623779296875,0.9234121011970375,35.07319621501579,0.7058526277542114,951.3497924804688,1.0,2024,6.708826541900635,"{""type"":""Point"",""coordinates"":[35.07319621501579,0.9234121011970375]}"
1892,6.6431660652160645,Trans Nzoia,1917.0,24.6130428314209,0.39743587374687195,1309.0179443359375,1.1493218367759925,35.06669360496152,0.5669263601303101,974.173583984375,1.0,2024,6.6431660652160645,"{""type"":""Point"",""coordinates"":[35.06669360496152,1.1493218367759925]}"
1894,6.698803424835205,Trans Nzoia,1785.0,25.80434799194336,0.4025632441043854,1472.4818115234375,0.9580104611662348,34.89921300975842,0.603446364402771,941.492431640625,1.0,2024,6.698803424835205,"{""type"":""Point"",""coordinates"":[34.89921300975842,0.9580104611662348]}"
1899,5.873517036437988,Trans Nzoia,1910.0,23.717391967773438,0.4270033836364746,1362.5670166015625,1.064240171902045,35.203371585791466,0.5467697381973267,1157.1868896484375,1.0,2024,5.873517036437988,"{""type"":""Point"",""coordinates"":[35.203371585791466,1.064240171902045]}"
1900,6.450567245483398,Trans Nzoia,1917.0,22.68260955810547,0.3891586661338806,1448.66259765625,0.964652614128414,35.214156563602224,0.5652750730514526,1047.075927734375,1.0,2024,6.450567245483398,"{""type"":""Point"",""coordinates"":[35.214156563602224,0.964652614128414]}"
1901,6.85718297958374,Trans Nzoia,1947.0,23.399999618530273,0.3551095128059387,1532.4256591796875,1.1371088633916677,34.8307525079028,0.5038063526153564,853.085205078125,1.0,2024,6.85718297958374,"{""type"":""Point"",""coordinates"":[34.8307525079028,1.1371088633916677]}"
1902,5.838743209838867,Trans Nzoia,2196.0,26.256521224975586,0.2937743067741394,1532.4256591796875,1.091150828583001,34.77380575587941,0.4783100187778473,888.1694946289062,1.0,2024,5.838743209838867,"{""type"":""Point"",""coordinates"":[34.77380575587941,1.091150828583001]}"
1904,6.688429832458496,Trans Nzoia,1805.0,24.399999618530273,0.39894187450408936,1327.4505615234375,0.9926597841963894,35.08124283034426,0.5682491660118103,994.4949951171875,1.0,2024,6.688429832458496,"{""type"":""Point"",""coordinates"":[35.08124283034426,0.9926597841963894]}"
1906,5.48655891418457,Trans Nzoia,2275.0,23.65652084350586,0.26166775822639465,1532.4256591796875,1.1046931880074622,34.7570954531847,0.4063163697719574,876.7874755859375,1.0,2024,5.48655891418457,"{""type"":""Point"",""coordinates"":[34.7570954531847,1.1046931880074622]}"
1907,7.178396701812744,Trans Nzoia,1779.0,22.76956558227539,0.4144899547100067,1472.4818115234375,0.9878554210381479,34.93643446841091,0.5678881406784058,984.7139892578125,1.0,2024,7.178396701812744,"{""type"":""Point"",""coordinates"":[34.93643446841091,0.9878554210381479]}"
1908,6.089073181152344,Trans Nzoia,1886.0,23.417390823364258,0.39060643315315247,1309.0179443359375,1.0580150241101465,35.13403116581042,0.5638578534126282,1033.5059814453125,1.0,2024,6.089073181152344,"{""type"":""Point"",""coordinates"":[35.13403116581042,1.0580150241101465]}"
1910,6.741412162780762,Trans Nzoia,1753.0,23.252174377441406,0.3990170955657959,1687.8226318359375,0.8304644359290382,34.858959254050255,0.6351781487464905,988.6344604492188,1.0,2024,6.741412162780762,"{""type"":""Point"",""coordinates"":[34.858959254050255,0.8304644359290382]}"
1912,6.8294758796691895,Trans Nzoia,1920.0,23.286956787109375,0.31385260820388794,1532.4256591796875,1.0550144828354016,34.84971003381544,0.4609262943267822,813.836669921875,1.0,2024,6.8294758796691895,"{""type"":""Point"",""coordinates"":[34.84971003381544,1.0550144828354016]}"
1914,7.227075576782227,Trans Nzoia,1821.0,23.060869216918945,0.38977178931236267,1327.4505615234375,1.034251781168374,35.0599553982217,0.5838618874549866,969.0385131835938,1.0,2024,7.227075576782227,"{""type"":""Point"",""coordinates"":[35.0599553982217,1.034251781168374]}"
1920,6.325774669647217,Trans Nzoia,2228.0,25.22608757019043,0.4367254376411438,1415.5245361328125,0.9725419178522242,34.778636785674436,0.5429641604423523,989.7182006835938,1.0,2024,6.325774669647217,"{""type"":""Point"",""coordinates"":[34.778636785674436,0.9725419178522242]}"
1921,7.302577018737793,Trans Nzoia,1916.0,23.265216827392578,0.30245766043663025,1640.1566162109375,1.1898325537972854,34.94189775122239,0.4088056683540344,964.7963256835938,1.0,2024,7.302577018737793,"{""type"":""Point"",""coordinates"":[34.94189775122239,1.1898325537972854]}"
1922,6.250836372375488,Trans Nzoia,2024.0,25.77391242980957,0.3567287027835846,1532.4256591796875,1.0882139124263908,34.79349148979375,0.5265957117080688,888.1694946289062,1.0,2024,6.250836372375488,"{""type"":""Point"",""coordinates"":[34.79349148979375,1.0882139124263908]}"
1923,6.550483703613281,Trans Nzoia,1952.0,24.130434036254883,0.37429988384246826,1415.5245361328125,0.9988530381933279,34.828406435707386,0.5637885928153992,959.7871704101562,1.0,2024,6.550483703613281,"{""type"":""Point"",""coordinates"":[34.828406435707386,0.9988530381933279]}"
1924,6.486027240753174,Trans Nzoia,1941.0,24.869565963745117,0.3386126458644867,1532.4256591796875,1.0766367351908497,34.80588443800097,0.49821916222572327,813.836669921875,1.0,2024,6.486027240753174,"{""type"":""Point"",""coordinates"":[34.80588443800097,1.0766367351908497]}"
1931,6.568849086761475,Trans Nzoia,1942.0,23.552173614501953,0.3901105225086212,1451.5164794921875,0.898876889799095,34.830933180186165,0.5372602939605713,985.6239013671875,1.0,2024,6.568849086761475,"{""type"":""Point"",""coordinates"":[34.830933180186165,0.898876889799095]}"
1933,7.607992172241211,Trans Nzoia,1843.0,22.630434036254883,0.3970746099948883,1587.5098876953125,1.0929035142925712,34.929284085990936,0.5409625172615051,961.76513671875,1.0,2024,7.607992172241211,"{""type"":""Point"",""coordinates"":[34.929284085990936,1.0929035142925712]}"
1934,7.378727912902832,Trans Nzoia,1849.0,24.504348754882812,0.2749169170856476,1587.5098876953125,1.102248721055791,34.88998385112255,0.4096897542476654,896.3999633789062,1.0,2024,7.378727912902832,"{""type"":""Point"",""coordinates"":[34.88998385112255,1.102248721055791]}"
1935,6.5146379470825195,Trans Nzoia,1892.0,23.243478775024414,0.4424070715904236,1448.66259765625,0.992134210124567,35.21611823132513,0.67692631483078,1047.075927734375,1.0,2024,6.5146379470825195,"{""type"":""Point"",""coordinates"":[35.21611823132513,0.992134210124567]}"
1936,7.47044038772583,Trans Nzoia,1851.0,22.952173233032227,0.4005695581436157,1587.5098876953125,1.086480598632287,34.91471066565574,0.5073186159133911,961.76513671875,1.0,2024,7.47044038772583,"{""type"":""Point"",""coordinates"":[34.91471066565574,1.086480598632287]}"
1937,6.685076713562012,Trans Nzoia,1930.0,24.96956443786621,0.4024244248867035,1415.5245361328125,1.0318700169497548,34.83571578517095,0.6069040298461914,849.1492919921875,1.0,2024,6.685076713562012,"{""type"":""Point"",""coordinates"":[34.83571578517095,1.0318700169497548]}"
1940,7.100246429443359,Trans Nzoia,1802.0,20.34347915649414,0.35396888852119446,1640.1566162109375,1.2443596028381574,34.86389567789771,0.4974338412284851,915.8572387695312,6.0,2024,7.100246429443359,"{""type"":""Point"",""coordinates"":[34.86389567789771,1.2443596028381574]}"
1941,7.702419757843018,Trans Nzoia,1843.0,21.673913955688477,0.3751985430717468,1372.1785888671875,1.1288369248276695,34.95330748508498,0.5008059144020081,1015.1450805664062,1.0,2024,7.702419757843018,"{""type"":""Point"",""coordinates"":[34.95330748508498,1.1288369248276695]}"
1945,6.619612693786621,Trans Nzoia,1945.0,22.634782791137695,0.39545753598213196,1303.348388671875,1.1777807199294719,35.028151206195986,0.5151929259300232,860.8521118164062,1.0,2024,6.619612693786621,"{""type"":""Point"",""coordinates"":[35.028151206195986,1.1777807199294719]}"
1946,6.782097816467285,Trans Nzoia,1982.0,24.31739044189453,0.32466253638267517,1303.348388671875,1.1594298291758751,35.0407542380757,0.45894768834114075,860.8521118164062,1.0,2024,6.782097816467285,"{""type"":""Point"",""coordinates"":[35.0407542380757,1.1594298291758751]}"
1950,6.368851661682129,Trans Nzoia,1941.0,19.352174758911133,0.3558443784713745,1303.348388671875,1.226707907930473,35.03068513769169,0.46097642183303833,1020.2589111328125,1.0,2024,6.368851661682129,"{""type"":""Point"",""coordinates"":[35.03068513769169,1.226707907930473]}"
1951,5.125586986541748,Trans Nzoia,2059.0,25.782608032226562,0.42795196175575256,1362.5670166015625,1.1258763718363498,35.179280116420365,0.5807406306266785,1263.162353515625,1.0,2024,5.125586986541748,"{""type"":""Point"",""coordinates"":[35.179280116420365,1.1258763718363498]}"
1952,6.386375904083252,Trans Nzoia,2198.0,22.782608032226562,0.3681228756904602,1451.5164794921875,0.9366724390786728,34.794239942066426,0.508853554725647,1013.508056640625,1.0,2024,6.386375904083252,"{""type"":""Point"",""coordinates"":[34.794239942066426,0.9366724390786728]}"
1957,6.350953578948975,Trans Nzoia,2248.0,23.53043556213379,0.29981496930122375,1451.5164794921875,0.9367022728691816,34.78469566442276,0.484129399061203,1013.508056640625,1.0,2024,6.350953578948975,"{""type"":""Point"",""coordinates"":[34.78469566442276,0.9367022728691816]}"
1958,7.172860622406006,Trans Nzoia,1870.0,21.586956024169922,0.2937338650226593,1653.9757080078125,1.2277475207038082,34.84203034304696,0.4237953722476959,881.7891235351562,1.0,2024,7.172860622406006,"{""type"":""Point"",""coordinates"":[34.84203034304696,1.2277475207038082]}"
1960,6.461977481842041,Trans Nzoia,1907.0,26.256521224975586,0.3584551513195038,1451.5164794921875,0.8672511134380572,34.81280361469361,0.5773577690124512,985.6239013671875,1.0,2024,6.461977481842041,"{""type"":""Point"",""coordinates"":[34.81280361469361,0.8672511134380572]}"
1962,7.435609817504883,Trans Nzoia,1844.0,24.30869483947754,0.403516948223114,1640.1566162109375,1.1761337071789362,34.92562160784401,0.5102227330207825,964.7963256835938,1.0,2024,7.435609817504883,"{""type"":""Point"",""coordinates"":[34.92562160784401,1.1761337071789362]}"
1963,7.152641296386719,Trans Nzoia,1880.0,23.839130401611328,0.33641043305397034,1640.1566162109375,1.1626695241066156,34.85546179766359,0.5103671550750732,916.169677734375,1.0,2024,7.152641296386719,"{""type"":""Point"",""coordinates"":[34.85546179766359,1.1626695241066156]}"
1965,6.877745628356934,Trans Nzoia,1762.0,23.256521224975586,0.36989685893058777,1687.8226318359375,0.8429668325503127,34.872883016082106,0.5180001854896545,988.6344604492188,1.0,2024,6.877745628356934,"{""type"":""Point"",""coordinates"":[34.872883016082106,0.8429668325503127]}"
1968,6.491811275482178,Trans Nzoia,1808.0,24.547826766967773,0.33309534192085266,1472.4818115234375,0.9997713517334715,34.861967046284825,0.5055396556854248,941.492431640625,1.0,2024,6.491811275482178,"{""type"":""Point"",""coordinates"":[34.861967046284825,0.9997713517334715]}"
1969,5.696438789367676,Trans Nzoia,2253.0,25.369565963745117,0.34343698620796204,1532.4256591796875,1.0882153498214242,34.76876480319351,0.46741366386413574,888.1694946289062,1.0,2024,5.696438789367676,"{""type"":""Point"",""coordinates"":[34.76876480319351,1.0882153498214242]}"
1970,6.114959716796875,Trans Nzoia,1976.0,23.913043975830078,0.4608669579029083,1362.5670166015625,1.059680066559015,35.228056447952,0.6098245978355408,1157.1868896484375,1.0,2024,6.114959716796875,"{""type"":""Point"",""coordinates"":[35.228056447952,1.059680066559015]}"
1971,6.856087684631348,Trans Nzoia,1893.0,22.0,0.3564755320549011,1309.0179443359375,1.051566208638307,35.08430385346949,0.5428829193115234,961.5752563476562,1.0,2024,6.856087684631348,"{""type"":""Point"",""coordinates"":[35.08430385346949,1.051566208638307]}"
1972,7.568417549133301,Trans Nzoia,1830.0,24.07826042175293,0.5042443871498108,1311.3265380859375,0.9777361041783672,34.98957863884407,0.7409428954124451,1077.162841796875,1.0,2024,7.568417549133301,"{""type"":""Point"",""coordinates"":[34.98957863884407,0.9777361041783672]}"
1974,6.947934150695801,Trans Nzoia,1774.0,27.247825622558594,0.4856705665588379,1565.9140625,0.8632042620812153,34.86005415294223,0.6944738030433655,1008.7085571289062,1.0,2024,6.947934150695801,"{""type"":""Point"",""coordinates"":[34.86005415294223,0.8632042620812153]}"
1977,7.042422771453857,Trans Nzoia,1825.0,25.091304779052734,0.3915001451969147,1388.3951416015625,0.9048814759227622,34.99553702072984,0.5567634105682373,1042.5777587890625,1.0,2024,7.042422771453857,"{""type"":""Point"",""coordinates"":[34.99553702072984,0.9048814759227622]}"
1982,7.727169036865234,Trans Nzoia,1844.0,23.908695220947266,0.505212664604187,1587.5098876953125,1.1106619868124339,34.94641162088278,0.6672115325927734,960.1989135742188,1.0,2024,7.727169036865234,"{""type"":""Point"",""coordinates"":[34.94641162088278,1.1106619868124339]}"
1983,6.442880153656006,Trans Nzoia,1861.0,22.30434799194336,0.34018415212631226,1448.66259765625,0.9880592341824478,35.207760236741365,0.5214598774909973,1047.075927734375,1.0,2024,6.442880153656006,"{""type"":""Point"",""coordinates"":[35.207760236741365,0.9880592341824478]}"
1990,6.603504180908203,Trans Nzoia,1805.0,25.321739196777344,0.42707836627960205,1472.4818115234375,0.9616347860783688,34.8916278777825,0.584591269493103,941.492431640625,1.0,2024,6.603504180908203,"{""type"":""Point"",""coordinates"":[34.8916278777825,0.9616347860783688]}"
1991,7.24278450012207,Trans Nzoia,1745.0,24.939130783081055,0.4802338778972626,1388.3951416015625,0.9054585847679117,34.96697009350289,0.5459070205688477,1042.5777587890625,1.0,2024,7.24278450012207,"{""type"":""Point"",""coordinates"":[34.96697009350289,0.9054585847679117]}"
1997,6.297469139099121,Trans Nzoia,1906.0,23.713043212890625,0.41091474890708923,1303.348388671875,1.208064986547853,35.031681770609126,0.5511272549629211,1020.2589111328125,1.0,2024,6.297469139099121,"{""type"":""Point"",""coordinates"":[35.031681770609126,1.208064986547853]}"
1999,7.363743305206299,Trans Nzoia,1865.0,24.31304359436035,0.38123875856399536,1640.1566162109375,1.1867542075404574,34.92036621684478,0.5429667234420776,964.7963256835938,1.0,2024,7.363743305206299,"{""type"":""Point"",""coordinates"":[34.92036621684478,1.1867542075404574]}"
2001,7.568559169769287,Trans Nzoia,1861.0,23.8869571685791,0.2684364914894104,1587.5098876953125,1.055880217635513,34.947159981356364,0.3600479066371918,961.76513671875,1.0,2024,7.568559169769287,"{""type"":""Point"",""coordinates"":[34.947159981356364,1.055880217635513]}"
2005,6.289790153503418,Trans Nzoia,1837.0,22.973913192749023,0.3885785639286041,1339.5623779296875,0.9430064038021397,35.139965043408175,0.5704057216644287,964.28857421875,1.0,2024,6.289790153503418,"{""type"":""Point"",""coordinates"":[35.139965043408175,0.9430064038021397]}"
2009,5.967394828796387,Trans Nzoia,2108.0,26.873912811279297,0.3171769976615906,1532.4256591796875,1.1018045124035916,34.77842434347404,0.5282723903656006,876.7874755859375,1.0,2024,5.967394828796387,"{""type"":""Point"",""coordinates"":[34.77842434347404,1.1018045124035916]}"
2011,7.074753761291504,Trans Nzoia,1757.0,24.447826385498047,0.3866223990917206,1565.9140625,0.8715570923764371,34.876243052042064,0.595685601234436,1008.7085571289062,1.0,2024,7.074753761291504,"{""type"":""Point"",""coordinates"":[34.876243052042064,0.8715570923764371]}"
2012,6.404628753662109,Trans Nzoia,1861.0,22.556522369384766,0.384321004152298,1448.66259765625,0.988422246936249,35.2035675549095,0.5389725565910339,1047.075927734375,1.0,2024,6.404628753662109,"{""type"":""Point"",""coordinates"":[35.2035675549095,0.988422246936249]}"
2013,6.19757604598999,Trans Nzoia,1947.0,19.84347915649414,0.41526877880096436,1303.348388671875,1.2166904904573155,35.04089275788468,0.5592981576919556,1020.2589111328125,1.0,2024,6.19757604598999,"{""type"":""Point"",""coordinates"":[35.04089275788468,1.2166904904573155]}"
2014,7.45103120803833,Trans Nzoia,1859.0,27.330434799194336,0.45866110920906067,1587.5098876953125,1.05686538979727,34.93421389066354,0.5993810892105103,961.76513671875,1.0,2024,7.45103120803833,"{""type"":""Point"",""coordinates"":[34.93421389066354,1.05686538979727]}"
2015,6.936569690704346,Trans Nzoia,1831.0,23.934782028198242,0.35418426990509033,1388.3951416015625,0.9303652469730365,35.04089645258659,0.513181746006012,873.1403198242188,1.0,2024,6.936569690704346,"{""type"":""Point"",""coordinates"":[35.04089645258659,0.9303652469730365]}"
2016,7.130694389343262,Trans Nzoia,1922.0,25.508695602416992,0.4468842148780823,1309.0179443359375,1.110743086255188,35.070570988674895,0.6029068231582642,974.173583984375,1.0,2024,7.130694389343262,"{""type"":""Point"",""coordinates"":[35.070570988674895,1.110743086255188]}"
2017,6.992199420928955,Trans Nzoia,1718.0,24.060869216918945,0.3977658748626709,1565.9140625,0.8573693328769015,34.90256052157638,0.5701776742935181,986.4015502929688,4.0,2024,6.992199420928955,"{""type"":""Point"",""coordinates"":[34.90256052157638,0.8573693328769015]}"
2019,6.253161907196045,Trans Nzoia,1933.0,23.747825622558594,0.29968416690826416,1619.9417724609375,0.9127930419221238,35.310653019315566,0.470294326543808,992.7603759765625,1.0,2024,6.253161907196045,"{""type"":""Point"",""coordinates"":[35.310653019315566,0.9127930419221238]}"
2024,7.49957799911499,Trans Nzoia,1831.0,24.03043556213379,0.3732035756111145,1311.3265380859375,0.9688688057824832,34.973952196565456,0.5198776721954346,1077.162841796875,1.0,2024,7.49957799911499,"{""type"":""Point"",""coordinates"":[34.973952196565456,0.9688688057824832]}"
2027,7.195803642272949,Trans Nzoia,1919.0,22.991304397583008,0.3532555401325226,1640.1566162109375,1.201975603678343,34.944797198800075,0.49398285150527954,972.9393310546875,1.0,2024,7.195803642272949,"{""type"":""Point"",""coordinates"":[34.944797198800075,1.201975603678343]}"
2029,6.510164260864258,Trans Nzoia,1957.0,20.752174377441406,0.3420785665512085,1303.348388671875,1.2165759062114978,35.01419371275199,0.5017197728157043,1020.2589111328125,1.0,2024,6.510164260864258,"{""type"":""Point"",""coordinates"":[35.01419371275199,1.2165759062114978]}"
2030,7.776663303375244,Trans Nzoia,1826.0,24.23043441772461,0.46869179606437683,1372.1785888671875,1.110357561049864,34.96923877524002,0.6254376769065857,1015.1450805664062,1.0,2024,7.776663303375244,"{""type"":""Point"",""coordinates"":[34.96923877524002,1.110357561049864]}"
2034,7.138041973114014,Trans Nzoia,1878.0,25.626087188720703,0.3894821107387543,1640.1566162109375,1.1866693507051824,34.85428036094394,0.5232342481613159,916.169677734375,1.0,2024,7.138041973114014,"{""type"":""Point"",""coordinates"":[34.85428036094394,1.1866693507051824]}"
2036,7.507460117340088,Trans Nzoia,1835.0,24.204347610473633,0.32265210151672363,1311.3265380859375,1.0123413165199358,34.95928265900094,0.4534670114517212,1003.5731201171875,1.0,2024,7.507460117340088,"{""type"":""Point"",""coordinates"":[34.95928265900094,1.0123413165199358]}"
2042,6.636533260345459,Trans Nzoia,1893.0,22.46521759033203,0.35129284858703613,1619.9417724609375,0.9496377078155733,35.256790173413506,0.51340252161026,978.35693359375,1.0,2024,6.636533260345459,"{""type"":""Point"",""coordinates"":[35.256790173413506,0.9496377078155733]}"
2043,6.979255676269531,Trans Nzoia,1973.0,20.908695220947266,0.3475950360298157,1303.348388671875,1.2163581579388987,34.96654226640739,0.5028516054153442,1109.6043701171875,1.0,2024,6.979255676269531,"{""type"":""Point"",""coordinates"":[34.96654226640739,1.2163581579388987]}"
2044,5.580569267272949,Trans Nzoia,2565.0,25.27391242980957,0.4980039894580841,898.4467163085938,0.9621960252662252,34.734743644074534,0.6506571173667908,1086.8260498046875,4.0,2024,5.580569267272949,"{""type"":""Point"",""coordinates"":[34.734743644074534,0.9621960252662252]}"
2045,7.361606597900391,Trans Nzoia,1844.0,21.439130783081055,0.3623087704181671,1587.5098876953125,1.129463360942019,34.87794828801045,0.489411324262619,896.3999633789062,1.0,2024,7.361606597900391,"{""type"":""Point"",""coordinates"":[34.87794828801045,1.129463360942019]}"
2046,6.624555587768555,Trans Nzoia,2021.0,22.243478775024414,0.21809819340705872,1532.4256591796875,1.1372548369421087,34.81278450158434,0.3292638659477234,853.085205078125,1.0,2024,6.624555587768555,"{""type"":""Point"",""coordinates"":[34.81278450158434,1.1372548369421087]}"
2048,6.165075302124023,Trans Nzoia,2291.0,23.0,0.38871055841445923,1451.5164794921875,0.9397455274919119,34.759058404652166,0.5772588849067688,1013.508056640625,1.0,2024,6.165075302124023,"{""type"":""Point"",""coordinates"":[34.759058404652166,0.9397455274919119]}"
2050,6.41362190246582,Trans Nzoia,1827.0,26.173913955688477,0.3660901188850403,1472.4818115234375,0.9707930436521054,34.85226342686213,0.5356887578964233,941.492431640625,1.0,2024,6.41362190246582,"{""type"":""Point"",""coordinates"":[34.85226342686213,0.9707930436521054]}"
2051,7.387550354003906,Trans Nzoia,1843.0,25.547826766967773,0.44552916288375854,1587.5098876953125,1.1046295206959467,34.890185973029816,0.6047641038894653,896.3999633789062,1.0,2024,7.387550354003906,"{""type"":""Point"",""coordinates"":[34.890185973029816,1.1046295206959467]}"
2052,6.318410873413086,Trans Nzoia,1859.0,24.03478240966797,0.4987221956253052,1448.66259765625,0.961177075420142,35.197099044963664,0.6706590056419373,1027.66796875,1.0,2024,6.318410873413086,"{""type"":""Point"",""coordinates"":[35.197099044963664,0.961177075420142]}"
2056,6.434422016143799,Trans Nzoia,1937.0,21.778261184692383,0.3267200291156769,1303.348388671875,1.2234332323673478,35.021932435168395,0.4777996242046356,1020.2589111328125,1.0,2024,6.434422016143799,"{""type"":""Point"",""coordinates"":[35.021932435168395,1.2234332323673478]}"
2057,6.496182441711426,Trans Nzoia,1705.0,28.03913116455078,0.4500901699066162,1605.135986328125,0.8446197930774891,34.80989731408575,0.6634718775749207,968.0701904296875,1.0,2024,6.496182441711426,"{""type"":""Point"",""coordinates"":[34.80989731408575,0.8446197930774891]}"
2059,6.323540687561035,Trans Nzoia,1878.0,24.247825622558594,0.366424560546875,1448.66259765625,1.0118188372991492,35.195658502719446,0.5533202886581421,1005.9006958007812,1.0,2024,6.323540687561035,"{""type"":""Point"",""coordinates"":[35.195658502719446,1.0118188372991492]}"
2060,6.4800262451171875,Trans Nzoia,1909.0,20.18695640563965,0.33767062425613403,1309.0179443359375,1.0514900105096285,35.10485212396298,0.5090604424476624,1033.5059814453125,1.0,2024,6.4800262451171875,"{""type"":""Point"",""coordinates"":[35.10485212396298,1.0514900105096285]}"
2061,7.653329372406006,Trans Nzoia,1835.0,24.34782600402832,0.358511358499527,1311.3265380859375,1.0272594529509635,34.971851483643256,0.5600953102111816,1003.5731201171875,1.0,2024,7.653329372406006,"{""type"":""Point"",""coordinates"":[34.971851483643256,1.0272594529509635]}"
2062,6.425225257873535,Trans Nzoia,1838.0,22.521739959716797,0.4047943353652954,1463.1514892578125,0.9234372720143937,35.15842400595158,0.562122106552124,999.2210693359375,1.0,2024,6.425225257873535,"{""type"":""Point"",""coordinates"":[35.15842400595158,0.9234372720143937]}"
2064,5.73966121673584,Trans Nzoia,1891.0,24.178260803222656,0.32747742533683777,1362.5670166015625,1.0787717062002289,35.1620928623843,0.5055573582649231,1080.9871826171875,1.0,2024,5.73966121673584,"{""type"":""Point"",""coordinates"":[35.1620928623843,1.0787717062002289]}"
2067,6.5829572677612305,Trans Nzoia,1932.0,23.552173614501953,0.3638296127319336,1451.5164794921875,0.8966519329074774,34.83215475055668,0.5158352851867676,985.6239013671875,1.0,2024,6.5829572677612305,"{""type"":""Point"",""coordinates"":[34.83215475055668,0.8966519329074774]}"
2070,7.456974029541016,Trans Nzoia,1927.0,24.747825622558594,0.3812422454357147,1372.1785888671875,1.1146708622179393,35.04307494296353,0.4823502004146576,862.4269409179688,1.0,2024,7.456974029541016,"{""type"":""Point"",""coordinates"":[35.04307494296353,1.1146708622179393]}"
2075,6.474680423736572,Trans Nzoia,1794.0,22.091304779052734,0.39931854605674744,1472.4818115234375,0.9807286315444682,34.87896915583278,0.5864469408988953,941.492431640625,1.0,2024,6.474680423736572,"{""type"":""Point"",""coordinates"":[34.87896915583278,0.9807286315444682]}"
2078,7.735371112823486,Trans Nzoia,1831.0,21.069564819335938,0.3570351302623749,1311.3265380859375,1.0430322447974203,34.97843789947383,0.5038015246391296,1003.5731201171875,1.0,2024,7.735371112823486,"{""type"":""Point"",""coordinates"":[34.97843789947383,1.0430322447974203]}"
2080,7.139807224273682,Trans Nzoia,1891.0,20.31304359436035,0.3275958299636841,1640.1566162109375,1.2193368529300428,34.85547996878692,0.4992082715034485,915.8572387695312,4.0,2024,7.139807224273682,"{""type"":""Point"",""coordinates"":[34.85547996878692,1.2193368529300428]}"
2081,6.023430824279785,Trans Nzoia,1862.0,23.856521606445312,0.2166225165128708,1448.66259765625,1.036265396612771,35.152775233751974,0.34881311655044556,1005.9006958007812,1.0,2024,6.023430824279785,"{""type"":""Point"",""coordinates"":[35.152775233751974,1.036265396612771]}"
2083,7.02880334854126,Trans Nzoia,1906.0,21.869565963745117,0.36824965476989746,1653.9757080078125,1.1929739437083022,34.83216373873928,0.48302406072616577,878.5647583007812,1.0,2024,7.02880334854126,"{""type"":""Point"",""coordinates"":[34.83216373873928,1.1929739437083022]}"
2084,7.064340591430664,Trans Nzoia,1835.0,22.92173957824707,0.3993624746799469,1472.4818115234375,1.0176261193832112,34.92066724411854,0.6065762042999268,963.7658081054688,1.0,2024,7.064340591430664,"{""type"":""Point"",""coordinates"":[34.92066724411854,1.0176261193832112]}"
2085,6.179421424865723,Trans Nzoia,2010.0,20.930435180664062,0.35296499729156494,1619.9417724609375,0.943432400655007,35.306738518882554,0.5355024337768555,992.7603759765625,4.0,2024,6.179421424865723,"{""type"":""Point"",""coordinates"":[35.306738518882554,0.943432400655007]}"
2087,6.646881103515625,Trans Nzoia,1908.0,21.81304359436035,0.26432812213897705,1309.0179443359375,1.053193129882534,35.095552456085485,0.42336714267730713,961.5752563476562,1.0,2024,6.646881103515625,"{""type"":""Point"",""coordinates"":[35.095552456085485,1.053193129882534]}"
2089,7.6229352951049805,Trans Nzoia,1846.0,22.865217208862305,0.3975431025028229,1372.1785888671875,1.1253298696666603,35.00470362505014,0.5867195725440979,862.4269409179688,1.0,2024,7.6229352951049805,"{""type"":""Point"",""coordinates"":[35.00470362505014,1.1253298696666603]}"
2091,6.954784870147705,Trans Nzoia,1863.0,22.53043556213379,0.4478335678577423,1472.4818115234375,1.0401303317720476,34.89637592780136,0.587593138217926,914.8713989257812,1.0,2024,6.954784870147705,"{""type"":""Point"",""coordinates"":[34.89637592780136,1.0401303317720476]}"
2092,7.247028827667236,Trans Nzoia,1927.0,23.69565200805664,0.3390694856643677,1640.1566162109375,1.1970927950061572,34.94203873432535,0.4639977514743805,964.7963256835938,1.0,2024,7.247028827667236,"{""type"":""Point"",""coordinates"":[34.94203873432535,1.1970927950061572]}"
2093,7.12665319442749,Trans Nzoia,2079.0,29.839130401611328,0.3464092016220093,1086.3765869140625,1.200836081807912,34.74947491791123,0.5319236516952515,986.7026977539062,1.0,2024,7.12665319442749,"{""type"":""Point"",""coordinates"":[34.74947491791123,1.200836081807912]}"
2094,6.432326316833496,Trans Nzoia,2163.0,24.678260803222656,0.31967732310295105,1653.9757080078125,1.1503207478485684,34.79006646948856,0.4627263844013214,878.0504150390625,1.0,2024,6.432326316833496,"{""type"":""Point"",""coordinates"":[34.79006646948856,1.1503207478485684]}"
2099,6.44236946105957,Trans Nzoia,1892.0,22.734783172607422,0.3897748589515686,1309.0179443359375,1.0528510264340198,35.10794825158622,0.6039261817932129,1033.5059814453125,1.0,2024,6.44236946105957,"{""type"":""Point"",""coordinates"":[35.10794825158622,1.0528510264340198]}"
2100,6.786215782165527,Trans Nzoia,1936.0,19.54347801208496,0.38256242871284485,1303.348388671875,1.2296151338020815,34.98675467852563,0.5067976713180542,1109.6043701171875,4.0,2024,6.786215782165527,"{""type"":""Point"",""coordinates"":[34.98675467852563,1.2296151338020815]}"
2101,6.663971424102783,Trans Nzoia,1929.0,24.634782791137695,0.42267945408821106,1448.66259765625,1.0045805794153466,35.247741594517194,0.6293045878410339,1040.30517578125,1.0,2024,6.663971424102783,"{""type"":""Point"",""coordinates"":[35.247741594517194,1.0045805794153466]}"
2103,5.876250267028809,Trans Nzoia,2282.0,21.721738815307617,0.19201985001564026,1532.4256591796875,1.1164494114057915,34.77064623696754,0.3543933033943176,876.7874755859375,1.0,2024,5.876250267028809,"{""type"":""Point"",""coordinates"":[34.77064623696754,1.1164494114057915]}"
2104,6.062972545623779,Trans Nzoia,1906.0,22.62173843383789,0.33587583899497986,1327.4505615234375,1.0064218345102598,35.13099820599095,0.5063437819480896,1019.4813842773438,1.0,2024,6.062972545623779,"{""type"":""Point"",""coordinates"":[35.13099820599095,1.0064218345102598]}"
2106,6.446943283081055,Trans Nzoia,1951.0,24.92608642578125,0.3639011085033417,1217.0069580078125,1.1627932318741963,35.06258615751607,0.5018344521522522,1066.3682861328125,1.0,2024,6.446943283081055,"{""type"":""Point"",""coordinates"":[35.06258615751607,1.1627932318741963]}"
2108,6.9156341552734375,Trans Nzoia,1980.0,21.004348754882812,0.2140687257051468,1303.348388671875,1.2136115013223558,34.976040904228846,0.2733219265937805,1109.6043701171875,1.0,2024,6.9156341552734375,"{""type"":""Point"",""coordinates"":[34.976040904228846,1.2136115013223558]}"
2110,6.839217185974121,Trans Nzoia,1852.0,21.65217399597168,0.33334219455718994,1327.4505615234375,1.028805983425877,35.079581500504304,0.48552465438842773,969.0385131835938,1.0,2024,6.839217185974121,"{""type"":""Point"",""coordinates"":[35.079581500504304,1.028805983425877]}"
2116,7.533984184265137,Trans Nzoia,1878.0,24.10869598388672,0.37600523233413696,1640.1566162109375,1.1577459841971456,34.915662097335,0.5501806735992432,964.7963256835938,1.0,2024,7.533984184265137,"{""type"":""Point"",""coordinates"":[34.915662097335,1.1577459841971456]}"
2117,6.229110240936279,Trans Nzoia,2090.0,24.2608699798584,0.23370181024074554,1532.4256591796875,1.1102144196301893,34.791645119525796,0.4122869372367859,876.7874755859375,1.0,2024,6.229110240936279,"{""type"":""Point"",""coordinates"":[34.791645119525796,1.1102144196301893]}"
2118,7.478738784790039,Trans Nzoia,1836.0,24.747825622558594,0.379937082529068,1311.3265380859375,0.9658264559807906,35.005687112050154,0.5371325612068176,943.7447509765625,1.0,2024,7.478738784790039,"{""type"":""Point"",""coordinates"":[35.005687112050154,0.9658264559807906]}"
2126,7.432060241699219,Trans Nzoia,1860.0,20.84347915649414,0.4575877785682678,1303.348388671875,1.1694873133154922,34.95215855101225,0.5938079953193665,1049.634765625,1.0,2024,7.432060241699219,"{""type"":""Point"",""coordinates"":[34.95215855101225,1.1694873133154922]}"
2128,7.684463977813721,Trans Nzoia,1848.0,22.7391300201416,0.4158945679664612,1587.5098876953125,1.093750237220624,34.94203030394943,0.5990042686462402,961.76513671875,1.0,2024,7.684463977813721,"{""type"":""Point"",""coordinates"":[34.94203030394943,1.093750237220624]}"
2129,7.590590000152588,Trans Nzoia,1863.0,25.626087188720703,0.30438145995140076,1587.5098876953125,1.149347524246774,34.92625391160477,0.4207374155521393,960.1989135742188,1.0,2024,7.590590000152588,"{""type"":""Point"",""coordinates"":[34.92625391160477,1.149347524246774]}"
2131,7.198424816131592,Trans Nzoia,2219.0,29.295652389526367,0.4075877070426941,1086.3765869140625,1.201891736369567,34.72517485749549,0.5824004411697388,986.7026977539062,4.0,2024,7.198424816131592,"{""type"":""Point"",""coordinates"":[34.72517485749549,1.201891736369567]}"
2133,6.888680934906006,Trans Nzoia,1894.0,19.630434036254883,0.37637072801589966,1303.348388671875,1.2377157117400095,34.97087172370309,0.5132988095283508,1109.6043701171875,4.0,2024,6.888680934906006,"{""type"":""Point"",""coordinates"":[34.97087172370309,1.2377157117400095]}"
2135,7.771513938903809,Trans Nzoia,1822.0,25.126087188720703,0.34096500277519226,1372.1785888671875,1.1124575271854669,34.98619893156573,0.5474637150764465,1015.1450805664062,1.0,2024,7.771513938903809,"{""type"":""Point"",""coordinates"":[34.98619893156573,1.1124575271854669]}"
2136,7.6253204345703125,Trans Nzoia,1841.0,26.021739959716797,0.3626125156879425,1587.5098876953125,1.0795842316507869,34.94088611153322,0.44468748569488525,961.76513671875,1.0,2024,7.6253204345703125,"{""type"":""Point"",""coordinates"":[34.94088611153322,1.0795842316507869]}"
2141,7.149627208709717,Trans Nzoia,1969.0,19.03043556213379,0.39061856269836426,1640.1566162109375,1.2168755016662138,34.92570902044329,0.39472702145576477,972.9393310546875,1.0,2024,7.149627208709717,"{""type"":""Point"",""coordinates"":[34.92570902044329,1.2168755016662138]}"
2149,6.929534912109375,Trans Nzoia,1981.0,23.013044357299805,0.398194819688797,1653.9757080078125,1.189649561956026,34.813398849095776,0.4915330708026886,878.5647583007812,1.0,2024,6.929534912109375,"{""type"":""Point"",""coordinates"":[34.813398849095776,1.189649561956026]}"
2152,5.940878868103027,Trans Nzoia,1910.0,21.68695640563965,0.3481201231479645,1309.0179443359375,1.0860349032999272,35.14203401528079,0.5427915453910828,1033.5059814453125,1.0,2024,5.940878868103027,"{""type"":""Point"",""coordinates"":[35.14203401528079,1.0860349032999272]}"
2154,7.443608283996582,Trans Nzoia,1852.0,24.221738815307617,0.4306701719760895,1640.1566162109375,1.1747912619119827,34.93144079868825,0.541897177696228,964.7963256835938,1.0,2024,7.443608283996582,"{""type"":""Point"",""coordinates"":[34.93144079868825,1.1747912619119827]}"
2157,6.2405686378479,Trans Nzoia,1827.0,22.291303634643555,0.38333046436309814,1463.1514892578125,0.9469382039779106,35.17469497722546,0.5718668699264526,999.2210693359375,1.0,2024,6.2405686378479,"{""type"":""Point"",""coordinates"":[35.17469497722546,0.9469382039779106]}"
2158,6.630922317504883,Trans Nzoia,1957.0,22.478260040283203,0.25749826431274414,1518.2637939453125,1.0136134289678786,35.2555111551505,0.4496409595012665,994.1923217773438,1.0,2024,6.630922317504883,"{""type"":""Point"",""coordinates"":[35.2555111551505,1.0136134289678786]}"
2163,7.45964241027832,Trans Nzoia,1903.0,23.291303634643555,0.3388862907886505,1303.348388671875,1.1612925485972532,34.96238530315119,0.46615108847618103,1049.634765625,1.0,2024,7.45964241027832,"{""type"":""Point"",""coordinates"":[34.96238530315119,1.1612925485972532]}"
2164,7.694025993347168,Trans Nzoia,1850.0,21.747825622558594,0.34006062150001526,1372.1785888671875,1.1309756863518745,34.951504440744955,0.46836981177330017,1015.1450805664062,1.0,2024,7.694025993347168,"{""type"":""Point"",""coordinates"":[34.951504440744955,1.1309756863518745]}"
2169,6.303368091583252,Trans Nzoia,2362.0,26.256521224975586,0.4720708727836609,1653.9757080078125,1.1571681458751104,34.76557054064103,0.6550235748291016,878.0504150390625,1.0,2024,6.303368091583252,"{""type"":""Point"",""coordinates"":[34.76557054064103,1.1571681458751104]}"
2170,7.043731689453125,Trans Nzoia,1800.0,23.352174758911133,0.4340190589427948,1565.9140625,0.924674261865126,34.90806650093082,0.6312967538833618,1008.7112426757812,1.0,2024,7.043731689453125,"{""type"":""Point"",""coordinates"":[34.90806650093082,0.924674261865126]}"
2172,6.655740261077881,Trans Nzoia,1919.0,23.639129638671875,0.28241655230522156,1532.4256591796875,1.074061575698411,34.81863683497976,0.41161584854125977,813.836669921875,1.0,2024,6.655740261077881,"{""type"":""Point"",""coordinates"":[34.81863683497976,1.074061575698411]}"
2178,6.617339134216309,Trans Nzoia,1789.0,21.856521606445312,0.22193679213523865,1565.9140625,0.9415976943486211,34.87973760839014,0.37514397501945496,1014.7183227539062,1.0,2024,6.617339134216309,"{""type"":""Point"",""coordinates"":[34.87973760839014,0.9415976943486211]}"
2182,7.802298069000244,Trans Nzoia,1819.0,25.160869598388672,0.3515874147415161,1372.1785888671875,1.1041947951583944,34.99075987067456,0.5308265089988708,1015.1450805664062,1.0,2024,7.802298069000244,"{""type"":""Point"",""coordinates"":[34.99075987067456,1.1041947951583944]}"
2183,5.664710998535156,Trans Nzoia,1945.0,25.082609176635742,0.37007376551628113,1362.5670166015625,1.0744843460605196,35.184364470245754,0.5397030711174011,1080.9871826171875,1.0,2024,5.664710998535156,"{""type"":""Point"",""coordinates"":[35.184364470245754,1.0744843460605196]}"
2184,6.763329029083252,Trans Nzoia,1946.0,22.12173843383789,0.3309979736804962,1303.348388671875,1.2011891875392768,34.99665485496222,0.4484705626964569,1109.6043701171875,1.0,2024,6.763329029083252,"{""type"":""Point"",""coordinates"":[34.99665485496222,1.2011891875392768]}"
2186,7.116828918457031,Trans Nzoia,1876.0,21.53478240966797,0.3529818654060364,1653.9757080078125,1.2052011783140522,34.847067074719305,0.4892793297767639,881.7891235351562,1.0,2024,7.116828918457031,"{""type"":""Point"",""coordinates"":[34.847067074719305,1.2052011783140522]}"
2191,5.857109546661377,Trans Nzoia,2237.0,21.082609176635742,0.30858972668647766,1518.2637939453125,0.9521934839339318,35.31964433670993,0.5030904412269592,1077.1812744140625,4.0,2024,5.857109546661377,"{""type"":""Point"",""coordinates"":[35.31964433670993,0.9521934839339318]}"
2194,7.1875762939453125,Trans Nzoia,1839.0,18.560869216918945,0.2991314232349396,1653.9757080078125,1.2465803704104481,34.847217375541106,0.41267895698547363,881.7891235351562,4.0,2024,7.1875762939453125,"{""type"":""Point"",""coordinates"":[34.847217375541106,1.2465803704104481]}"
2195,6.91903829574585,Trans Nzoia,1834.0,23.643478393554688,0.36039015650749207,1327.4505615234375,0.9864344208535795,35.067487235812806,0.5615550875663757,994.4949951171875,1.0,2024,6.91903829574585,"{""type"":""Point"",""coordinates"":[35.067487235812806,0.9864344208535795]}"
2196,5.961174488067627,Trans Nzoia,1898.0,22.53043556213379,0.4833790361881256,1362.5670166015625,1.050759964304016,35.16604628103369,0.7369126677513123,1080.9871826171875,1.0,2024,5.961174488067627,"{""type"":""Point"",""coordinates"":[35.16604628103369,1.050759964304016]}"
2197,6.649808406829834,Trans Nzoia,1903.0,22.569564819335938,0.3983292877674103,1309.0179443359375,1.1122490985453062,35.098793880416686,0.583977460861206,974.173583984375,1.0,2024,6.649808406829834,"{""type"":""Point"",""coordinates"":[35.098793880416686,1.1122490985453062]}"
2199,6.4821696281433105,Trans Nzoia,2001.0,18.669565200805664,0.35921159386634827,1518.2637939453125,0.9508747062436063,35.28832119951137,0.4954536259174347,998.7577514648438,1.0,2024,6.4821696281433105,"{""type"":""Point"",""coordinates"":[35.28832119951137,0.9508747062436063]}"
2201,7.384915828704834,Trans Nzoia,1899.0,24.265216827392578,0.3187642991542816,1372.1785888671875,1.143790224685196,35.00594541075412,0.4480051100254059,862.4269409179688,1.0,2024,7.384915828704834,"{""type"":""Point"",""coordinates"":[35.00594541075412,1.143790224685196]}"
2203,6.4897613525390625,Trans Nzoia,1957.0,24.278261184692383,0.42856305837631226,1518.2637939453125,1.03748217369013,35.26574058825401,0.6511392593383789,994.1923217773438,1.0,2024,6.4897613525390625,"{""type"":""Point"",""coordinates"":[35.26574058825401,1.03748217369013]}"
2204,6.224286079406738,Trans Nzoia,1902.0,21.865217208862305,0.18870827555656433,1327.4505615234375,1.0152611818304298,35.113780503757106,0.35845670104026794,1019.4813842773438,1.0,2024,6.224286079406738,"{""type"":""Point"",""coordinates"":[35.113780503757106,1.0152611818304298]}"
2206,7.505279064178467,Trans Nzoia,1867.0,23.052173614501953,0.40507400035858154,1311.3265380859375,1.0259450297535235,35.03967219738583,0.543865978717804,895.3138427734375,1.0,2024,7.505279064178467,"{""type"":""Point"",""coordinates"":[35.03967219738583,1.0259450297535235]}"
2209,6.464861869812012,Trans Nzoia,1869.0,25.208696365356445,0.44429004192352295,1451.5164794921875,0.9435481523373921,34.846536206650285,0.638443648815155,1004.1910400390625,1.0,2024,6.464861869812012,"{""type"":""Point"",""coordinates"":[34.846536206650285,0.9435481523373921]}"
2213,6.754829406738281,Trans Nzoia,1948.0,25.100000381469727,0.33855774998664856,1303.348388671875,1.1636799649734848,35.03654689407091,0.5103123188018799,860.8521118164062,1.0,2024,6.754829406738281,"{""type"":""Point"",""coordinates"":[35.03654689407091,1.1636799649734848]}"
2215,6.826799392700195,Trans Nzoia,1835.0,23.373912811279297,0.4356781840324402,1388.3951416015625,0.919172084914645,35.04409894936446,0.5145619511604309,873.1403198242188,1.0,2024,6.826799392700195,"{""type"":""Point"",""coordinates"":[35.04409894936446,0.919172084914645]}"
2216,7.059425354003906,Trans Nzoia,1920.0,22.717391967773438,0.3418431282043457,1303.348388671875,1.204737530397156,34.96443812079994,0.5113896131515503,1109.6043701171875,1.0,2024,7.059425354003906,"{""type"":""Point"",""coordinates"":[34.96443812079994,1.204737530397156]}"
2219,6.143668174743652,Trans Nzoia,1875.0,21.586956024169922,0.34036821126937866,1448.66259765625,0.9698054120265258,35.16889124021837,0.4903987944126129,1027.66796875,1.0,2024,6.143668174743652,"{""type"":""Point"",""coordinates"":[35.16889124021837,0.9698054120265258]}"
2223,7.124972343444824,Trans Nzoia,1927.0,20.22608757019043,0.3285719156265259,1640.1566162109375,1.222486624737748,34.917159536499916,0.4383511245250702,972.9393310546875,1.0,2024,7.124972343444824,"{""type"":""Point"",""coordinates"":[34.917159536499916,1.222486624737748]}"
2228,7.652554988861084,Trans Nzoia,1827.0,23.517391204833984,0.44235944747924805,1587.5098876953125,1.1270733905667603,34.926199853431285,0.5894632935523987,960.1989135742188,1.0,2024,7.652554988861084,"{""type"":""Point"",""coordinates"":[34.926199853431285,1.1270733905667603]}"
2231,7.354959964752197,Trans Nzoia,1778.0,24.54347801208496,0.43851765990257263,1388.3951416015625,0.92224474488038,34.963144535674566,0.5978239178657532,1042.5777587890625,1.0,2024,7.354959964752197,"{""type"":""Point"",""coordinates"":[34.963144535674566,0.92224474488038]}"
2236,6.86784029006958,Trans Nzoia,1755.0,23.256521224975586,0.37344083189964294,1687.8226318359375,0.842133087702465,34.87358298383632,0.5236961841583252,988.6344604492188,1.0,2024,6.86784029006958,"{""type"":""Point"",""coordinates"":[34.87358298383632,0.842133087702465]}"
2237,6.563290596008301,Trans Nzoia,1917.0,22.778261184692383,0.39742857217788696,1448.66259765625,0.9950200634102461,35.222857963758464,0.5617445707321167,1047.075927734375,1.0,2024,6.563290596008301,"{""type"":""Point"",""coordinates"":[35.222857963758464,0.9950200634102461]}"
2239,7.513094902038574,Trans Nzoia,1848.0,22.18695640563965,0.3265025317668915,1587.5098876953125,1.1488417499520742,34.901278987853,0.4752443730831146,960.1989135742188,1.0,2024,7.513094902038574,"{""type"":""Point"",""coordinates"":[34.901278987853,1.1488417499520742]}"
2241,6.666024208068848,Trans Nzoia,1916.0,21.673913955688477,0.29160386323928833,1532.4256591796875,1.0729442965938485,34.81904055194031,0.4240873456001282,813.836669921875,1.0,2024,6.666024208068848,"{""type"":""Point"",""coordinates"":[34.81904055194031,1.0729442965938485]}"
2242,6.223604202270508,Trans Nzoia,1842.0,24.734783172607422,0.5445557832717896,1448.66259765625,1.0077681503352267,35.18304029852677,0.6954048871994019,1005.9006958007812,1.0,2024,6.223604202270508,"{""type"":""Point"",""coordinates"":[35.18304029852677,1.0077681503352267]}"
2244,6.396904468536377,Trans Nzoia,1938.0,22.556522369384766,0.3332271873950958,1217.0069580078125,1.1698977040648517,35.056437789547985,0.4636540412902832,1066.3682861328125,1.0,2024,6.396904468536377,"{""type"":""Point"",""coordinates"":[35.056437789547985,1.1698977040648517]}"
2245,7.677770137786865,Trans Nzoia,1829.0,26.03043556213379,0.3515098989009857,1587.5098876953125,1.1090408273697596,34.93371815576842,0.5255944728851318,960.1989135742188,1.0,2024,7.677770137786865,"{""type"":""Point"",""coordinates"":[34.93371815576842,1.1090408273697596]}"
2247,7.406470775604248,Trans Nzoia,1945.0,23.22608757019043,0.371673583984375,1303.348388671875,1.1639468883916524,34.96752094418041,0.49181807041168213,1049.634765625,1.0,2024,7.406470775604248,"{""type"":""Point"",""coordinates"":[34.96752094418041,1.1639468883916524]}"
2249,7.140648365020752,Trans Nzoia,1902.0,20.10869598388672,0.2917654812335968,1640.1566162109375,1.219874050348347,34.8521861154141,0.4416409134864807,915.8572387695312,4.0,2024,7.140648365020752,"{""type"":""Point"",""coordinates"":[34.8521861154141,1.219874050348347]}"
2250,7.059149742126465,Trans Nzoia,1951.0,22.747825622558594,0.40382471680641174,1640.1566162109375,1.220758417172791,34.94966060303413,0.5530351996421814,972.9393310546875,1.0,2024,7.059149742126465,"{""type"":""Point"",""coordinates"":[34.94966060303413,1.220758417172791]}"
2252,6.484841823577881,Trans Nzoia,1883.0,23.03043556213379,0.3640271723270416,1619.9417724609375,0.9218349147916164,35.28427255414905,0.5008353590965271,978.35693359375,4.0,2024,6.484841823577881,"{""type"":""Point"",""coordinates"":[35.28427255414905,0.9218349147916164]}"
2254,7.37380313873291,Trans Nzoia,1872.0,23.96086883544922,0.3627130687236786,1640.1566162109375,1.1848642713426216,34.930628462921696,0.47144144773483276,964.7963256835938,1.0,2024,7.37380313873291,"{""type"":""Point"",""coordinates"":[34.930628462921696,1.1848642713426216]}"
2255,6.416747570037842,Trans Nzoia,1988.0,20.717391967773438,0.3761252760887146,1518.2637939453125,0.9582742862585577,35.29225723760406,0.5225003957748413,998.7577514648438,1.0,2024,6.416747570037842,"{""type"":""Point"",""coordinates"":[35.29225723760406,0.9582742862585577]}"
2261,7.562396049499512,Trans Nzoia,1836.0,23.452173233032227,0.4410759508609772,1587.5098876953125,1.1217888338334145,34.90694007219186,0.6153326630592346,960.1989135742188,1.0,2024,7.562396049499512,"{""type"":""Point"",""coordinates"":[34.90694007219186,1.1217888338334145]}"
2263,7.320775032043457,Trans Nzoia,1848.0,23.265216827392578,0.36944618821144104,1640.1566162109375,1.1925023196945235,34.90639051662658,0.5276268720626831,964.7963256835938,1.0,2024,7.320775032043457,"{""type"":""Point"",""coordinates"":[34.90639051662658,1.1925023196945235]}"
2264,5.624921798706055,Trans Nzoia,1901.0,22.839130401611328,0.36554211378097534,1362.5670166015625,1.0793285783355795,35.17725750064237,0.5923991799354553,1080.9871826171875,1.0,2024,5.624921798706055,"{""type"":""Point"",""coordinates"":[35.17725750064237,1.0793285783355795]}"
2268,6.4708452224731445,Trans Nzoia,1953.0,24.856521606445312,0.35901057720184326,1415.5245361328125,0.9677572579140588,34.82414856075323,0.5880098938941956,959.7871704101562,1.0,2024,6.4708452224731445,"{""type"":""Point"",""coordinates"":[34.82414856075323,0.9677572579140588]}"
2269,7.519260406494141,Trans Nzoia,1857.0,23.204347610473633,0.3435607850551605,1587.5098876953125,1.095375941784519,34.91448045759934,0.4616299867630005,961.76513671875,1.0,2024,7.519260406494141,"{""type"":""Point"",""coordinates"":[34.91448045759934,1.095375941784519]}"
2271,6.660098075866699,Trans Nzoia,1898.0,22.03043556213379,0.3877772092819214,1448.66259765625,0.9650695690980705,35.246574372996804,0.6004274487495422,1047.075927734375,1.0,2024,6.660098075866699,"{""type"":""Point"",""coordinates"":[35.246574372996804,0.9650695690980705]}"
2276,7.781185150146484,Trans Nzoia,1823.0,24.221738815307617,0.3640010952949524,1372.1785888671875,1.1088832602631522,34.9921926968172,0.5758208632469177,1015.1450805664062,1.0,2024,7.781185150146484,"{""type"":""Point"",""coordinates"":[34.9921926968172,1.1088832602631522]}"
2280,7.201642036437988,Trans Nzoia,1785.0,24.913043975830078,0.40796005725860596,1565.9140625,0.8998577000361813,34.90929452580411,0.6115197539329529,986.4015502929688,1.0,2024,7.201642036437988,"{""type"":""Point"",""coordinates"":[34.90929452580411,0.8998577000361813]}"
2283,7.260589599609375,Trans Nzoia,1857.0,20.908695220947266,0.25488170981407166,1653.9757080078125,1.2434242246935294,34.834853676804656,0.4159127175807953,881.7891235351562,1.0,2024,7.260589599609375,"{""type"":""Point"",""coordinates"":[34.834853676804656,1.2434242246935294]}"
2285,6.031040668487549,Trans Nzoia,1858.0,22.204347610473633,0.3340282440185547,1448.66259765625,1.031518893026403,35.153596829274605,0.5290987491607666,1005.9006958007812,1.0,2024,6.031040668487549,"{""type"":""Point"",""coordinates"":[35.153596829274605,1.031518893026403]}"
2288,6.07695198059082,Trans Nzoia,1885.0,22.369565963745117,0.32495009899139404,1327.4505615234375,1.0245191899893205,35.13163926148212,0.5346167683601379,1019.4813842773438,1.0,2024,6.07695198059082,"{""type"":""Point"",""coordinates"":[35.13163926148212,1.0245191899893205]}"
2291,7.103952884674072,Trans Nzoia,1847.0,20.07826042175293,0.4108576476573944,1640.1566162109375,1.2280457406359377,34.88403348114407,0.5327883958816528,915.8572387695312,6.0,2024,7.103952884674072,"{""type"":""Point"",""coordinates"":[34.88403348114407,1.2280457406359377]}"
2293,7.1405415534973145,Trans Nzoia,1809.0,18.03478240966797,0.2977162003517151,1794.15283203125,1.2687153002535512,34.85136668183404,0.42923375964164734,882.4627075195312,6.0,2024,7.1405415534973145,"{""type"":""Point"",""coordinates"":[34.85136668183404,1.2687153002535512]}"
2294,6.569361209869385,Trans Nzoia,1941.0,20.486955642700195,0.4070490002632141,1303.348388671875,1.226852963339588,35.010791324712464,0.6099460124969482,1020.2589111328125,1.0,2024,6.569361209869385,"{""type"":""Point"",""coordinates"":[35.010791324712464,1.226852963339588]}"
2297,7.626046180725098,Trans Nzoia,1853.0,22.756521224975586,0.37524616718292236,1372.1785888671875,1.131671975048449,34.990218351812594,0.47588613629341125,1015.1450805664062,1.0,2024,7.626046180725098,"{""type"":""Point"",""coordinates"":[34.990218351812594,1.131671975048449]}"
2298,7.115416049957275,Trans Nzoia,1892.0,22.756521224975586,0.3458959758281708,1653.9757080078125,1.2114582432555652,34.83382442135148,0.46495264768600464,881.7891235351562,1.0,2024,7.115416049957275,"{""type"":""Point"",""coordinates"":[34.83382442135148,1.2114582432555652]}"
2300,5.725872993469238,Trans Nzoia,1938.0,23.39130401611328,0.38671407103538513,1362.5670166015625,1.0733344054592646,35.20556528410607,0.5675469636917114,1157.1868896484375,1.0,2024,5.725872993469238,"{""type"":""Point"",""coordinates"":[35.20556528410607,1.0733344054592646]}"
2305,7.076403617858887,Trans Nzoia,1770.0,20.60869598388672,0.3235112428665161,1640.1566162109375,1.2453105126988713,34.86916684486887,0.4772489070892334,915.8572387695312,6.0,2024,7.076403617858887,"{""type"":""Point"",""coordinates"":[34.86916684486887,1.2453105126988713]}"
2306,6.912744045257568,Trans Nzoia,1874.0,24.756521224975586,0.4216849207878113,1472.4818115234375,1.0442453363869795,34.886515081315416,0.5673055648803711,914.8713989257812,1.0,2024,6.912744045257568,"{""type"":""Point"",""coordinates"":[34.886515081315416,1.0442453363869795]}"
2308,6.878134727478027,Trans Nzoia,1841.0,25.1130428314209,0.4313531219959259,1472.4818115234375,1.0282960826885033,34.8984233811033,0.5564242005348206,914.8713989257812,1.0,2024,6.878134727478027,"{""type"":""Point"",""coordinates"":[34.8984233811033,1.0282960826885033]}"
2311,7.283318519592285,Trans Nzoia,1872.0,23.6130428314209,0.4078506529331207,1640.1566162109375,1.1989973203910704,34.91753915302536,0.5506007075309753,964.7963256835938,1.0,2024,7.283318519592285,"{""type"":""Point"",""coordinates"":[34.91753915302536,1.1989973203910704]}"
2313,7.3595290184021,Trans Nzoia,1913.0,24.265216827392578,0.37823283672332764,1372.1785888671875,1.1460892545451127,35.00640374288084,0.5277367234230042,862.4269409179688,1.0,2024,7.3595290184021,"{""type"":""Point"",""coordinates"":[35.00640374288084,1.1460892545451127]}"
2317,6.075899600982666,Trans Nzoia,1897.0,23.786956787109375,0.37725478410720825,1327.4505615234375,0.9834592645663593,35.1321112584802,0.5618072748184204,1042.0404052734375,4.0,2024,6.075899600982666,"{""type"":""Point"",""coordinates"":[35.1321112584802,0.9834592645663593]}"
2319,6.393362045288086,Trans Nzoia,1938.0,22.713043212890625,0.3503077030181885,1448.66259765625,1.034913774979023,35.222609211343155,0.5466822385787964,1040.30517578125,1.0,2024,6.393362045288086,"{""type"":""Point"",""coordinates"":[35.222609211343155,1.034913774979023]}"
2320,7.547203063964844,Trans Nzoia,1836.0,22.660869598388672,0.42467615008354187,1587.5098876953125,1.1128638462582165,34.90847717865035,0.6330962181091309,960.1989135742188,1.0,2024,7.547203063964844,"{""type"":""Point"",""coordinates"":[34.90847717865035,1.1128638462582165]}"
2322,6.64194393157959,Trans Nzoia,2029.0,23.03043556213379,0.38444891571998596,1518.2637939453125,0.9850714639499487,35.27030676400402,0.5226126909255981,998.7577514648438,1.0,2024,6.64194393157959,"{""type"":""Point"",""coordinates"":[35.27030676400402,0.9850714639499487]}"
2324,7.162004470825195,Trans Nzoia,1864.0,28.747825622558594,0.41807040572166443,1472.4818115234375,1.0464784476551894,34.91295916481174,0.5549795627593994,963.7658081054688,1.0,2024,7.162004470825195,"{""type"":""Point"",""coordinates"":[34.91295916481174,1.0464784476551894]}"
2326,6.526046276092529,Trans Nzoia,1947.0,21.721738815307617,0.27588847279548645,1303.348388671875,1.2068190054223609,35.014172624310476,0.3585188686847687,1020.2589111328125,1.0,2024,6.526046276092529,"{""type"":""Point"",""coordinates"":[35.014172624310476,1.2068190054223609]}"
2329,7.104651927947998,Trans Nzoia,1873.0,25.23043441772461,0.44466325640678406,1587.5098876953125,1.0586843435620934,34.89557719528925,0.5772830247879028,908.87646484375,1.0,2024,7.104651927947998,"{""type"":""Point"",""coordinates"":[34.89557719528925,1.0586843435620934]}"
2335,6.8814873695373535,Trans Nzoia,1924.0,22.826086044311523,0.3827190697193146,1532.4256591796875,1.1305878104009528,34.83387668618162,0.5256553292274475,853.085205078125,1.0,2024,6.8814873695373535,"{""type"":""Point"",""coordinates"":[34.83387668618162,1.1305878104009528]}"
2336,6.484175205230713,Trans Nzoia,1856.0,23.134782791137695,0.3308464586734772,1327.4505615234375,0.9988132519215994,35.09447807497964,0.5065795183181763,994.4949951171875,1.0,2024,6.484175205230713,"{""type"":""Point"",""coordinates"":[35.09447807497964,0.9988132519215994]}"
2338,7.816786766052246,Trans Nzoia,1849.0,22.973913192749023,0.3706740140914917,1372.1785888671875,1.0596538935634956,35.00640917041499,0.6119118332862854,885.8496704101562,1.0,2024,7.816786766052246,"{""type"":""Point"",""coordinates"":[35.00640917041499,1.0596538935634956]}"
2340,7.505461692810059,Trans Nzoia,1919.0,24.217391967773438,0.3319835364818573,1372.1785888671875,1.1184511534566701,35.032619525795305,0.4497392475605011,862.4269409179688,1.0,2024,7.505461692810059,"{""type"":""Point"",""coordinates"":[35.032619525795305,1.1184511534566701]}"
2342,6.585261821746826,Trans Nzoia,1714.0,22.18260955810547,0.3599588871002197,1605.135986328125,0.8399266028461433,34.8203389319385,0.5180683732032776,968.0701904296875,1.0,2024,6.585261821746826,"{""type"":""Point"",""coordinates"":[34.8203389319385,0.8399266028461433]}"
2343,6.4415974617004395,Trans Nzoia,1907.0,25.2391300201416,0.3701185882091522,1217.0069580078125,1.155765494262437,35.073815795511564,0.5663578510284424,1066.3682861328125,1.0,2024,6.4415974617004395,"{""type"":""Point"",""coordinates"":[35.073815795511564,1.155765494262437]}"
2349,7.126953125,Trans Nzoia,1962.0,23.700000762939453,0.35298144817352295,1309.0179443359375,1.125502056089918,35.060583927698815,0.424037903547287,974.173583984375,1.0,2024,7.126953125,"{""type"":""Point"",""coordinates"":[35.060583927698815,1.125502056089918]}"
2351,6.218392372131348,Trans Nzoia,2035.0,25.982608795166016,0.30400681495666504,1532.4256591796875,1.0851230923442226,34.790989980991064,0.49206939339637756,888.1694946289062,1.0,2024,6.218392372131348,"{""type"":""Point"",""coordinates"":[34.790989980991064,1.0851230923442226]}"
2354,6.550748825073242,Trans Nzoia,1926.0,22.81739044189453,0.35571661591529846,1619.9417724609375,0.9425465093168678,35.280008321588596,0.533312976360321,978.35693359375,4.0,2024,6.550748825073242,"{""type"":""Point"",""coordinates"":[35.280008321588596,0.9425465093168678]}"
2357,7.572673797607422,Trans Nzoia,1829.0,23.452173233032227,0.3631596863269806,1587.5098876953125,1.1211015996568607,34.90916711574049,0.5890844464302063,960.1989135742188,1.0,2024,7.572673797607422,"{""type"":""Point"",""coordinates"":[34.90916711574049,1.1211015996568607]}"
2359,7.2901291847229,Trans Nzoia,1874.0,23.6130428314209,0.31774207949638367,1640.1566162109375,1.1982661087044506,34.91592715823293,0.44324859976768494,964.7963256835938,1.0,2024,7.2901291847229,"{""type"":""Point"",""coordinates"":[34.91592715823293,1.1982661087044506]}"
2363,6.318752288818359,Trans Nzoia,2163.0,24.126087188720703,0.36217573285102844,1451.5164794921875,0.9264238166803779,34.78422860380348,0.6086292862892151,1013.508056640625,1.0,2024,6.318752288818359,"{""type"":""Point"",""coordinates"":[34.78422860380348,0.9264238166803779]}"
2369,7.202866554260254,Trans Nzoia,1844.0,18.630434036254883,0.30880072712898254,1653.9757080078125,1.2452764271413541,34.844611507874106,0.40799573063850403,881.7891235351562,4.0,2024,7.202866554260254,"{""type"":""Point"",""coordinates"":[34.844611507874106,1.2452764271413541]}"
2370,6.865176200866699,Trans Nzoia,1864.0,24.482608795166016,0.484073668718338,1327.4505615234375,0.9744590182118712,35.06756387794751,0.7322232127189636,994.4949951171875,1.0,2024,6.865176200866699,"{""type"":""Point"",""coordinates"":[35.06756387794751,0.9744590182118712]}"
2372,6.57167911529541,Trans Nzoia,1970.0,22.978260040283203,0.3195253610610962,1303.348388671875,1.2166784899401153,35.00907415059771,0.5080560445785522,1020.2589111328125,1.0,2024,6.57167911529541,"{""type"":""Point"",""coordinates"":[35.00907415059771,1.2166784899401153]}"
2373,7.232838153839111,Trans Nzoia,1851.0,19.204347610473633,0.23045791685581207,1653.9757080078125,1.2420192641779857,34.837645622088665,0.38104939460754395,881.7891235351562,1.0,2024,7.232838153839111,"{""type"":""Point"",""coordinates"":[34.837645622088665,1.2420192641779857]}"
2377,6.40213680267334,Trans Nzoia,2080.0,23.42173957824707,0.34776297211647034,1532.4256591796875,1.126041519917731,34.79969230868675,0.5242534279823303,876.7874755859375,1.0,2024,6.40213680267334,"{""type"":""Point"",""coordinates"":[34.79969230868675,1.126041519917731]}"
2381,6.913351058959961,Trans Nzoia,1759.0,24.247825622558594,0.4026421904563904,1565.9140625,0.8644131028561962,34.85636405882159,0.5843115448951721,1008.7085571289062,1.0,2024,6.913351058959961,"{""type"":""Point"",""coordinates"":[34.85636405882159,0.8644131028561962]}"
2386,6.06736421585083,Trans Nzoia,1906.0,22.11739158630371,0.41938263177871704,1448.66259765625,0.9808013302175842,35.1528852519683,0.5301784873008728,1027.66796875,1.0,2024,6.06736421585083,"{""type"":""Point"",""coordinates"":[35.1528852519683,0.9808013302175842]}"
2387,7.068791389465332,Trans Nzoia,1947.0,24.169565200805664,0.40229207277297974,1372.1785888671875,1.1484225940078567,35.032703473726386,0.4974347949028015,862.4269409179688,1.0,2024,7.068791389465332,"{""type"":""Point"",""coordinates"":[35.032703473726386,1.1484225940078567]}"
2392,6.679962158203125,Trans Nzoia,2031.0,24.047826766967773,0.4189594089984894,1653.9757080078125,1.1650258224591419,34.80468168161482,0.5805901885032654,878.5647583007812,1.0,2024,6.679962158203125,"{""type"":""Point"",""coordinates"":[34.80468168161482,1.1650258224591419]}"
2393,7.586741924285889,Trans Nzoia,1827.0,22.978260040283203,0.40315231680870056,1372.1785888671875,1.0714312099636603,35.04330027102713,0.5699825286865234,885.8496704101562,1.0,2024,7.586741924285889,"{""type"":""Point"",""coordinates"":[35.04330027102713,1.0714312099636603]}"
2396,5.473328590393066,Trans Nzoia,2365.0,25.565217971801758,0.5595902800559998,897.6917114257812,1.1244635963584784,34.745586828865584,0.6301491260528564,1047.058837890625,1.0,2024,5.473328590393066,"{""type"":""Point"",""coordinates"":[34.745586828865584,1.1244635963584784]}"
2400,7.50798225402832,Trans Nzoia,1846.0,24.26956558227539,0.37602826952934265,1587.5098876953125,1.1038724478431472,34.90686829892334,0.540998101234436,960.1989135742188,1.0,2024,7.50798225402832,"{""type"":""Point"",""coordinates"":[34.90686829892334,1.1038724478431472]}"
2402,6.5518479347229,Trans Nzoia,1804.0,25.352174758911133,0.3862287402153015,1339.5623779296875,0.9291815038697145,35.10736564813896,0.5552326440811157,964.28857421875,4.0,2024,6.5518479347229,"{""type"":""Point"",""coordinates"":[35.10736564813896,0.9291815038697145]}"
2403,6.594182968139648,Trans Nzoia,1867.0,23.07826042175293,0.46001318097114563,1448.66259765625,0.9566890732750556,35.2383901535304,0.6409002542495728,1047.075927734375,1.0,2024,6.594182968139648,"{""type"":""Point"",""coordinates"":[35.2383901535304,0.9566890732750556]}"
2406,7.581031799316406,Trans Nzoia,1841.0,24.278261184692383,0.38420504331588745,1587.5098876953125,1.0971154873700997,34.92261759613913,0.5223824977874756,961.76513671875,1.0,2024,7.581031799316406,"{""type"":""Point"",""coordinates"":[34.92261759613913,1.0971154873700997]}"
2407,7.5782294273376465,Trans Nzoia,1843.0,22.504348754882812,0.31687724590301514,1587.5098876953125,1.0804789225112137,34.93456865090606,0.4927300810813904,961.76513671875,1.0,2024,7.5782294273376465,"{""type"":""Point"",""coordinates"":[34.93456865090606,1.0804789225112137]}"
2409,7.483563423156738,Trans Nzoia,1857.0,22.404348373413086,0.3115729093551636,1640.1566162109375,1.151530849008398,34.89621250109466,0.4583684206008911,916.169677734375,1.0,2024,7.483563423156738,"{""type"":""Point"",""coordinates"":[34.89621250109466,1.151530849008398]}"
2410,6.320460319519043,Trans Nzoia,1891.0,23.143478393554688,0.3563216030597687,1327.4505615234375,1.0330536635504957,35.1101270742928,0.5563236474990845,1019.4813842773438,1.0,2024,6.320460319519043,"{""type"":""Point"",""coordinates"":[35.1101270742928,1.0330536635504957]}"
2411,6.266748905181885,Trans Nzoia,2044.0,24.052173614501953,0.35741132497787476,1362.5670166015625,1.0580543245914964,35.244492047110974,0.5624411106109619,1157.1868896484375,1.0,2024,6.266748905181885,"{""type"":""Point"",""coordinates"":[35.244492047110974,1.0580543245914964]}"
2412,7.284551620483398,Trans Nzoia,1835.0,23.104347229003906,0.3706945478916168,1327.4505615234375,1.0332293223396662,35.05627957632536,0.6066500544548035,969.0385131835938,1.0,2024,7.284551620483398,"{""type"":""Point"",""coordinates"":[35.05627957632536,1.0332293223396662]}"
2413,6.5721540451049805,Trans Nzoia,1947.0,23.873912811279297,0.3585396111011505,1303.348388671875,1.174543792252483,35.03696170035443,0.5346754193305969,860.8521118164062,1.0,2024,6.5721540451049805,"{""type"":""Point"",""coordinates"":[35.03696170035443,1.174543792252483]}"
2415,6.532137393951416,Trans Nzoia,1867.0,23.352174758911133,0.3589968979358673,1309.0179443359375,1.1201807928431224,35.10200391572532,0.5514225363731384,1090.241455078125,1.0,2024,6.532137393951416,"{""type"":""Point"",""coordinates"":[35.10200391572532,1.1201807928431224]}"
2417,7.152880668640137,Trans Nzoia,1868.0,26.31739044189453,0.3591354787349701,1640.1566162109375,1.1946447562823574,34.8574685618279,0.5186622142791748,916.169677734375,1.0,2024,7.152880668640137,"{""type"":""Point"",""coordinates"":[34.8574685618279,1.1946447562823574]}"
2419,7.5661211013793945,Trans Nzoia,1810.0,24.62173843383789,0.4454854726791382,1311.3265380859375,0.9873648219763452,34.97624025018922,0.6410502791404724,1077.162841796875,1.0,2024,7.5661211013793945,"{""type"":""Point"",""coordinates"":[34.97624025018922,0.9873648219763452]}"
2420,7.84251594543457,Trans Nzoia,1817.0,23.752174377441406,0.29055675864219666,1372.1785888671875,1.079288605577755,35.00088697114946,0.46055275201797485,885.8496704101562,1.0,2024,7.84251594543457,"{""type"":""Point"",""coordinates"":[35.00088697114946,1.079288605577755]}"
2422,6.907820701599121,Trans Nzoia,1716.0,25.19130516052246,0.446926087141037,1565.9140625,0.8535010464765347,34.9086227594601,0.6746395230293274,986.4015502929688,1.0,2024,6.907820701599121,"{""type"":""Point"",""coordinates"":[34.9086227594601,0.8535010464765347]}"
2423,7.182961463928223,Trans Nzoia,1860.0,20.173913955688477,0.3401342034339905,1653.9757080078125,1.2345128837009105,34.84461501348679,0.5000247359275818,881.7891235351562,4.0,2024,7.182961463928223,"{""type"":""Point"",""coordinates"":[34.84461501348679,1.2345128837009105]}"
2425,7.386261940002441,Trans Nzoia,1852.0,22.626087188720703,0.38847973942756653,1587.5098876953125,1.077751287235524,34.911641693402906,0.47679901123046875,961.76513671875,1.0,2024,7.386261940002441,"{""type"":""Point"",""coordinates"":[34.911641693402906,1.077751287235524]}"
2426,6.828317165374756,Trans Nzoia,1808.0,26.10869598388672,0.49690404534339905,1327.4505615234375,1.0031865902608204,35.07525041877303,0.7113654613494873,969.0385131835938,1.0,2024,6.828317165374756,"{""type"":""Point"",""coordinates"":[35.07525041877303,1.0031865902608204]}"
2427,5.587806701660156,Trans Nzoia,1926.0,24.38260841369629,0.3263797163963318,1362.5670166015625,1.0797738368150573,35.19130116982438,0.5611645579338074,1080.9871826171875,1.0,2024,5.587806701660156,"{""type"":""Point"",""coordinates"":[35.19130116982438,1.0797738368150573]}"
2430,6.45796012878418,Trans Nzoia,1858.0,23.10869598388672,0.3579968512058258,1339.5623779296875,0.9332994345579216,35.12151519943867,0.5195390582084656,964.28857421875,1.0,2024,6.45796012878418,"{""type"":""Point"",""coordinates"":[35.12151519943867,0.9332994345579216]}"
2431,6.451827049255371,Trans Nzoia,1964.0,23.552173614501953,0.3367373049259186,1415.5245361328125,0.9546736735701824,34.825597320249976,0.5060413479804993,959.7871704101562,1.0,2024,6.451827049255371,"{""type"":""Point"",""coordinates"":[34.825597320249976,0.9546736735701824]}"
2432,6.4997076988220215,Trans Nzoia,1957.0,24.408695220947266,0.38755500316619873,1415.5245361328125,0.9758684893145888,34.81819456838602,0.5909287929534912,959.7871704101562,1.0,2024,6.4997076988220215,"{""type"":""Point"",""coordinates"":[34.81819456838602,0.9758684893145888]}"
2442,6.5658040046691895,Trans Nzoia,1920.0,25.80434799194336,0.3752540946006775,1532.4256591796875,1.0745088109023306,34.81084873097087,0.5317084193229675,813.836669921875,1.0,2024,6.5658040046691895,"{""type"":""Point"",""coordinates"":[34.81084873097087,1.0745088109023306]}"
2443,6.602804660797119,Trans Nzoia,2000.0,24.57391357421875,0.34945300221443176,1415.5245361328125,1.026827114563229,34.81355608221247,0.5106345415115356,849.1492919921875,1.0,2024,6.602804660797119,"{""type"":""Point"",""coordinates"":[34.81355608221247,1.026827114563229]}"
2446,7.713174819946289,Trans Nzoia,1841.0,24.265216827392578,0.33479273319244385,1372.1785888671875,1.1258706019171685,34.969878777951806,0.4983782172203064,1015.1450805664062,1.0,2024,7.713174819946289,"{""type"":""Point"",""coordinates"":[34.969878777951806,1.1258706019171685]}"
2448,7.007154941558838,Trans Nzoia,1773.0,22.173913955688477,0.35666096210479736,1565.9140625,0.8742209796535995,34.866454112442796,0.5094620585441589,1008.7085571289062,1.0,2024,7.007154941558838,"{""type"":""Point"",""coordinates"":[34.866454112442796,0.8742209796535995]}"
2451,6.967243671417236,Trans Nzoia,1871.0,22.330434799194336,0.4323505461215973,1327.4505615234375,0.9584748352710281,35.056654543709485,0.5242998600006104,994.4949951171875,1.0,2024,6.967243671417236,"{""type"":""Point"",""coordinates"":[35.056654543709485,0.9584748352710281]}"
2458,7.274660587310791,Trans Nzoia,1849.0,23.752174377441406,0.2779400944709778,1587.5098876953125,1.1223720269487483,34.869746933950005,0.3693477213382721,896.3999633789062,1.0,2024,7.274660587310791,"{""type"":""Point"",""coordinates"":[34.869746933950005,1.1223720269487483]}"
2461,7.2270708084106445,Trans Nzoia,1830.0,23.447826385498047,0.3683275580406189,1309.0179443359375,1.0572901257314362,35.06491628022432,0.5313978791236877,961.5752563476562,1.0,2024,7.2270708084106445,"{""type"":""Point"",""coordinates"":[35.06491628022432,1.0572901257314362]}"
2462,7.088669776916504,Trans Nzoia,1852.0,24.69565200805664,0.4000006318092346,1472.4818115234375,1.0420999254470085,34.907984196944895,0.5389546155929565,963.7658081054688,1.0,2024,7.088669776916504,"{""type"":""Point"",""coordinates"":[34.907984196944895,1.0420999254470085]}"
2465,6.380441665649414,Trans Nzoia,1889.0,22.84347915649414,0.4041914641857147,1448.66259765625,1.0229830633857293,35.20749970055319,0.6248134970664978,1040.30517578125,1.0,2024,6.380441665649414,"{""type"":""Point"",""coordinates"":[35.20749970055319,1.0229830633857293]}"
2473,6.204466342926025,Trans Nzoia,1834.0,22.517391204833984,0.5060222744941711,1448.66259765625,0.9749071016032391,35.18053552794422,0.7083901166915894,1027.66796875,1.0,2024,6.204466342926025,"{""type"":""Point"",""coordinates"":[35.18053552794422,0.9749071016032391]}"
2474,5.673828601837158,Trans Nzoia,2094.0,24.39130401611328,0.37256431579589844,1619.9417724609375,0.932028397085194,35.33446607752308,0.5310165882110596,992.7603759765625,4.0,2024,5.673828601837158,"{""type"":""Point"",""coordinates"":[35.33446607752308,0.932028397085194]}"
2484,6.608833312988281,Trans Nzoia,1985.0,24.2608699798584,0.41920238733291626,1532.4256591796875,1.0800243813058101,34.814750447844,0.5451642870903015,813.836669921875,1.0,2024,6.608833312988281,"{""type"":""Point"",""coordinates"":[34.814750447844,1.0800243813058101]}"
2485,6.694136142730713,Trans Nzoia,1973.0,21.673913955688477,0.37035372853279114,1303.348388671875,1.1717712292821818,35.03052591428655,0.5378798842430115,860.8521118164062,1.0,2024,6.694136142730713,"{""type"":""Point"",""coordinates"":[35.03052591428655,1.1717712292821818]}"
2487,6.741558074951172,Trans Nzoia,1797.0,23.930435180664062,0.42069393396377563,1565.9140625,0.9282267804187301,34.87928119340823,0.5720707774162292,1014.7183227539062,1.0,2024,6.741558074951172,"{""type"":""Point"",""coordinates"":[34.87928119340823,0.9282267804187301]}"
2491,7.3615288734436035,Trans Nzoia,1779.0,26.504348754882812,0.40876227617263794,1388.3951416015625,0.923859669286688,34.96232759922132,0.5412204265594482,1042.5777587890625,1.0,2024,7.3615288734436035,"{""type"":""Point"",""coordinates"":[34.96232759922132,0.923859669286688]}"
2492,7.21655797958374,Trans Nzoia,1872.0,22.15652084350586,0.35308682918548584,1640.1566162109375,1.1860650709364446,34.86788482271692,0.5372516512870789,916.169677734375,1.0,2024,7.21655797958374,"{""type"":""Point"",""coordinates"":[34.86788482271692,1.1860650709364446]}"
2493,7.290041446685791,Trans Nzoia,1869.0,22.704347610473633,0.36660993099212646,1587.5098876953125,1.052821223865989,34.920790908407454,0.6168800592422485,961.76513671875,1.0,2024,7.290041446685791,"{""type"":""Point"",""coordinates"":[34.920790908407454,1.052821223865989]}"
2494,7.716484069824219,Trans Nzoia,1841.0,23.752174377441406,0.3118693232536316,1372.1785888671875,1.1263197934438873,34.95998587212342,0.45255038142204285,1015.1450805664062,4.0,2024,7.716484069824219,"{""type"":""Point"",""coordinates"":[34.95998587212342,1.1263197934438873]}"
2502,5.669144630432129,Trans Nzoia,1914.0,23.952173233032227,0.4340728223323822,1309.0179443359375,1.1321220303583623,35.141603773543665,0.6159651279449463,1090.241455078125,1.0,2024,5.669144630432129,"{""type"":""Point"",""coordinates"":[35.141603773543665,1.1321220303583623]}"
2503,6.858597278594971,Trans Nzoia,2032.0,24.221738815307617,0.44287165999412537,1653.9757080078125,1.1816928225984615,34.8117242774508,0.5318514704704285,878.5647583007812,1.0,2024,6.858597278594971,"{""type"":""Point"",""coordinates"":[34.8117242774508,1.1816928225984615]}"
2504,6.457927703857422,Trans Nzoia,1974.0,24.369565963745117,0.36458054184913635,1518.2637939453125,1.042944530977243,35.25737519577409,0.6105332374572754,994.1923217773438,1.0,2024,6.457927703857422,"{""type"":""Point"",""coordinates"":[35.25737519577409,1.042944530977243]}"
2506,7.562548637390137,Trans Nzoia,1854.0,21.743478775024414,0.32328760623931885,1311.3265380859375,0.9768960668900843,34.99596957412091,0.4885052442550659,1077.162841796875,1.0,2024,7.562548637390137,"{""type"":""Point"",""coordinates"":[34.99596957412091,0.9768960668900843]}"
2508,7.756437301635742,Trans Nzoia,1830.0,21.88260841369629,0.4184177815914154,1372.1785888671875,1.0742873092396583,34.96572429317321,0.5294679999351501,1014.598876953125,1.0,2024,7.756437301635742,"{""type"":""Point"",""coordinates"":[34.96572429317321,1.0742873092396583]}"
2513,6.361569404602051,Trans Nzoia,2180.0,22.80434799194336,0.33101797103881836,1532.4256591796875,1.1489026317049242,34.784661624603025,0.4827080965042114,876.7874755859375,4.0,2024,6.361569404602051,"{""type"":""Point"",""coordinates"":[34.784661624603025,1.1489026317049242]}"
2515,6.351158618927002,Trans Nzoia,1853.0,24.504348754882812,0.4474230110645294,1463.1514892578125,0.9286755965606998,35.20186697653431,0.6144809126853943,1050.580810546875,1.0,2024,6.351158618927002,"{""type"":""Point"",""coordinates"":[35.20186697653431,0.9286755965606998]}"
2516,6.662679672241211,Trans Nzoia,1908.0,22.53478240966797,0.3561345636844635,1448.66259765625,0.9953112010506229,35.24003594851406,0.5323953032493591,1047.075927734375,1.0,2024,6.662679672241211,"{""type"":""Point"",""coordinates"":[35.24003594851406,0.9953112010506229]}"
2519,6.5814208984375,Trans Nzoia,1860.0,27.517391204833984,0.41335904598236084,1472.4818115234375,1.0135402778748017,34.86677805352792,0.5863449573516846,914.8713989257812,1.0,2024,6.5814208984375,"{""type"":""Point"",""coordinates"":[34.86677805352792,1.0135402778748017]}"
2521,5.971504211425781,Trans Nzoia,2366.0,23.995651245117188,0.33950838446617126,1227.42041015625,0.9398653149365712,34.74367185737198,0.5176747441291809,1105.9439697265625,1.0,2024,5.971504211425781,"{""type"":""Point"",""coordinates"":[34.74367185737198,0.9398653149365712]}"
2522,7.39610481262207,Trans Nzoia,1819.0,21.69130516052246,0.3288603127002716,1388.3951416015625,0.9415199281661059,34.9610030680878,0.4874902069568634,1042.5777587890625,1.0,2024,7.39610481262207,"{""type"":""Point"",""coordinates"":[34.9610030680878,0.9415199281661059]}"
2523,7.758003234863281,Trans Nzoia,1821.0,23.3869571685791,0.3485749661922455,1372.1785888671875,1.1160402979184851,34.966449801568416,0.5804013013839722,1015.1450805664062,1.0,2024,7.758003234863281,"{""type"":""Point"",""coordinates"":[34.966449801568416,1.1160402979184851]}"
2524,6.10969352722168,Trans Nzoia,1896.0,22.1130428314209,0.3580983877182007,1327.4505615234375,1.0178128974643268,35.12538148542711,0.49333980679512024,1019.4813842773438,1.0,2024,6.10969352722168,"{""type"":""Point"",""coordinates"":[35.12538148542711,1.0178128974643268]}"
2533,6.595480442047119,Trans Nzoia,1722.0,24.069564819335938,0.3651965260505676,1605.135986328125,0.8360511684270274,34.82097230986257,0.5404582023620605,968.0701904296875,1.0,2024,6.595480442047119,"{""type"":""Point"",""coordinates"":[34.82097230986257,0.8360511684270274]}"
2534,7.806499481201172,Trans Nzoia,1857.0,23.100000381469727,0.4117976427078247,1372.1785888671875,1.0528509437635452,35.00382821162913,0.5929891467094421,885.8496704101562,1.0,2024,7.806499481201172,"{""type"":""Point"",""coordinates"":[35.00382821162913,1.0528509437635452]}"
2537,7.407355308532715,Trans Nzoia,1847.0,23.5,0.3556373715400696,1640.1566162109375,1.1792210238121914,34.908713414276804,0.4910869300365448,964.7963256835938,1.0,2024,7.407355308532715,"{""type"":""Point"",""coordinates"":[34.908713414276804,1.1792210238121914]}"
2538,7.272205352783203,Trans Nzoia,1850.0,23.217391967773438,0.33842340111732483,1587.5098876953125,1.1155977654995104,34.87143781146857,0.46127596497535706,896.3999633789062,1.0,2024,7.272205352783203,"{""type"":""Point"",""coordinates"":[34.87143781146857,1.1155977654995104]}"
2539,7.529521942138672,Trans Nzoia,1834.0,23.30434799194336,0.42192181944847107,1587.5098876953125,1.125570847598779,34.90067269612695,0.6006225943565369,960.1989135742188,1.0,2024,7.529521942138672,"{""type"":""Point"",""coordinates"":[34.90067269612695,1.125570847598779]}"
2541,6.357635974884033,Trans Nzoia,1887.0,23.84347915649414,0.3951548933982849,1448.66259765625,1.013990728688166,35.199712349254646,0.5852046012878418,1040.30517578125,1.0,2024,6.357635974884033,"{""type"":""Point"",""coordinates"":[35.199712349254646,1.013990728688166]}"
2545,6.408996105194092,Trans Nzoia,1864.0,20.743478775024414,0.3807210624217987,1463.1514892578125,0.9267785319470205,35.22110227979803,0.554585874080658,1050.580810546875,1.0,2024,6.408996105194092,"{""type"":""Point"",""coordinates"":[35.22110227979803,0.9267785319470205]}"
2546,6.142760276794434,Trans Nzoia,1867.0,23.66521644592285,0.33703047037124634,1448.66259765625,0.9844206671222963,35.17153758615167,0.5586103796958923,1027.66796875,1.0,2024,6.142760276794434,"{""type"":""Point"",""coordinates"":[35.17153758615167,0.9844206671222963]}"
2548,6.857977867126465,Trans Nzoia,2008.0,28.356521606445312,0.35578930377960205,1653.9757080078125,1.1855231945355071,34.805866369774414,0.4768034517765045,878.5647583007812,1.0,2024,6.857977867126465,"{""type"":""Point"",""coordinates"":[34.805866369774414,1.1855231945355071]}"
2550,7.308653831481934,Trans Nzoia,1868.0,22.673913955688477,0.14209333062171936,1640.1566162109375,1.1950734654055442,34.91426267115471,0.21720154583454132,964.7963256835938,1.0,2024,7.308653831481934,"{""type"":""Point"",""coordinates"":[34.91426267115471,1.1950734654055442]}"
2555,5.372609615325928,Trans Nzoia,2078.0,24.004348754882812,0.34482327103614807,1217.0069580078125,1.1722440020041855,35.14837329906954,0.5618171095848083,1211.0057373046875,1.0,2024,5.372609615325928,"{""type"":""Point"",""coordinates"":[35.14837329906954,1.1722440020041855]}"
2558,6.268856525421143,Trans Nzoia,2262.0,24.19130516052246,0.3244863450527191,1451.5164794921875,0.9329407400555985,34.77138185217008,0.494218111038208,1013.508056640625,1.0,2024,6.268856525421143,"{""type"":""Point"",""coordinates"":[34.77138185217008,0.9329407400555985]}"
2561,6.064021587371826,Trans Nzoia,2251.0,24.2608699798584,0.5371238589286804,1415.5245361328125,1.006787817641054,34.77232450995087,0.7395074963569641,954.0535278320312,1.0,2024,6.064021587371826,"{""type"":""Point"",""coordinates"":[34.77232450995087,1.006787817641054]}"
2563,7.202240943908691,Trans Nzoia,1881.0,26.095651626586914,0.3737504184246063,1640.1566162109375,1.1754690047051755,34.86195485619603,0.4800335764884949,916.169677734375,1.0,2024,7.202240943908691,"{""type"":""Point"",""coordinates"":[34.86195485619603,1.1754690047051755]}"
2564,6.710455894470215,Trans Nzoia,2010.0,22.54347801208496,0.34706851840019226,1532.4256591796875,1.1489338926387493,34.816712314746866,0.4738994836807251,853.085205078125,1.0,2024,6.710455894470215,"{""type"":""Point"",""coordinates"":[34.816712314746866,1.1489338926387493]}"
2570,7.689249515533447,Trans Nzoia,1852.0,25.143478393554688,0.3884507119655609,1587.5098876953125,1.0921108045085202,34.94387962894956,0.5171295404434204,961.76513671875,4.0,2024,7.689249515533447,"{""type"":""Point"",""coordinates"":[34.94387962894956,1.0921108045085202]}"
2572,5.544400691986084,Trans Nzoia,1870.0,24.92608642578125,0.4309820532798767,1362.5670166015625,1.103634165414127,35.159264343639094,0.5952653884887695,1263.162353515625,1.0,2024,5.544400691986084,"{""type"":""Point"",""coordinates"":[35.159264343639094,1.103634165414127]}"
2573,6.615931510925293,Trans Nzoia,1895.0,23.600000381469727,0.338388055562973,1448.66259765625,0.9900034279202299,35.230349132282825,0.5120809674263,1047.075927734375,1.0,2024,6.615931510925293,"{""type"":""Point"",""coordinates"":[35.230349132282825,0.9900034279202299]}"
2575,6.445641040802002,Trans Nzoia,1871.0,22.399999618530273,0.37927868962287903,1327.4505615234375,1.035825926291185,35.10336389254897,0.6100369691848755,1019.4813842773438,1.0,2024,6.445641040802002,"{""type"":""Point"",""coordinates"":[35.10336389254897,1.035825926291185]}"
2578,7.081138610839844,Trans Nzoia,1879.0,24.486955642700195,0.4075682759284973,1653.9757080078125,1.1942679718855576,34.84265847893082,0.5225033760070801,878.5647583007812,1.0,2024,7.081138610839844,"{""type"":""Point"",""coordinates"":[34.84265847893082,1.1942679718855576]}"
2580,7.252649307250977,Trans Nzoia,1852.0,22.895652770996094,0.3841492235660553,1640.1566162109375,1.2025800439253225,34.900538994259605,0.5496332049369812,972.9393310546875,1.0,2024,7.252649307250977,"{""type"":""Point"",""coordinates"":[34.900538994259605,1.2025800439253225]}"
2581,6.0329437255859375,Trans Nzoia,1924.0,22.443477630615234,0.31913742423057556,1362.5670166015625,1.0546047402373748,35.20319744566243,0.5359424352645874,1157.1868896484375,1.0,2024,6.0329437255859375,"{""type"":""Point"",""coordinates"":[35.20319744566243,1.0546047402373748]}"
2582,6.042137145996094,Trans Nzoia,1885.0,24.013044357299805,0.3588342070579529,1448.66259765625,1.002841307684085,35.15164547544153,0.5357025265693665,1005.9006958007812,1.0,2024,6.042137145996094,"{""type"":""Point"",""coordinates"":[35.15164547544153,1.002841307684085]}"
2584,7.151950836181641,Trans Nzoia,1882.0,23.839130401611328,0.3199009597301483,1640.1566162109375,1.1659638003860149,34.854797164834935,0.4108579754829407,916.169677734375,1.0,2024,7.151950836181641,"{""type"":""Point"",""coordinates"":[34.854797164834935,1.1659638003860149]}"
2585,6.373333930969238,Trans Nzoia,2073.0,23.021739959716797,0.2851400077342987,1451.5164794921875,0.9054894657538815,34.80690336169169,0.5002247095108032,1004.1910400390625,1.0,2024,6.373333930969238,"{""type"":""Point"",""coordinates"":[34.80690336169169,0.9054894657538815]}"
2587,6.50235652923584,Trans Nzoia,1835.0,25.939130783081055,0.4093647301197052,1472.4818115234375,1.001044520252318,34.85853883723832,0.5643944144248962,914.8713989257812,1.0,2024,6.50235652923584,"{""type"":""Point"",""coordinates"":[34.85853883723832,1.001044520252318]}"
2588,6.554553508758545,Trans Nzoia,1898.0,25.360870361328125,0.38246890902519226,1472.4818115234375,1.0090364948939898,34.85270784777719,0.5891602635383606,914.8713989257812,1.0,2024,6.554553508758545,"{""type"":""Point"",""coordinates"":[34.85270784777719,1.0090364948939898]}"
2591,7.676394462585449,Trans Nzoia,1832.0,25.708696365356445,0.36250966787338257,1587.5098876953125,1.1033351127296358,34.9357549046762,0.49403050541877747,960.1989135742188,1.0,2024,7.676394462585449,"{""type"":""Point"",""coordinates"":[34.9357549046762,1.1033351127296358]}"
2594,6.094412326812744,Trans Nzoia,1888.0,23.586956024169922,0.3361658751964569,1362.5670166015625,1.053896939427148,35.213162710685616,0.5315811038017273,1157.1868896484375,1.0,2024,6.094412326812744,"{""type"":""Point"",""coordinates"":[35.213162710685616,1.053896939427148]}"
2595,7.103120803833008,Trans Nzoia,1884.0,25.66521644592285,0.3875865042209625,1587.5098876953125,1.1458963319051387,34.85043696741614,0.47863712906837463,896.3999633789062,1.0,2024,7.103120803833008,"{""type"":""Point"",""coordinates"":[34.85043696741614,1.1458963319051387]}"
2596,7.281430244445801,Trans Nzoia,1842.0,26.830434799194336,0.3982353210449219,1472.4818115234375,1.0343872193186305,34.93024378833695,0.5619907975196838,963.7658081054688,1.0,2024,7.281430244445801,"{""type"":""Point"",""coordinates"":[34.93024378833695,1.0343872193186305]}"
2597,7.563340663909912,Trans Nzoia,1901.0,21.30434799194336,0.3600476086139679,1311.3265380859375,0.9830653256313472,35.00748423653902,0.5189669728279114,943.7447509765625,1.0,2024,7.563340663909912,"{""type"":""Point"",""coordinates"":[35.00748423653902,0.9830653256313472]}"
2598,6.207768440246582,Trans Nzoia,1892.0,23.3869571685791,0.4331226348876953,1217.0069580078125,1.187217379784309,35.05100858733151,0.5887972712516785,1066.3682861328125,1.0,2024,6.207768440246582,"{""type"":""Point"",""coordinates"":[35.05100858733151,1.187217379784309]}"
2599,7.682809352874756,Trans Nzoia,1843.0,25.060869216918945,0.3708726763725281,1372.1785888671875,1.1259159910756862,34.98732654812224,0.513234555721283,1015.1450805664062,1.0,2024,7.682809352874756,"{""type"":""Point"",""coordinates"":[34.98732654812224,1.1259159910756862]}"
2600,6.437441825866699,Trans Nzoia,1979.0,24.96521759033203,0.4078632593154907,1451.5164794921875,0.9084203534342333,34.81656637085418,0.5874965190887451,1004.1910400390625,1.0,2024,6.437441825866699,"{""type"":""Point"",""coordinates"":[34.81656637085418,0.9084203534342333]}"
2601,6.0298566818237305,Trans Nzoia,2341.0,25.208696365356445,0.5950284600257874,1415.5245361328125,0.9541920531622303,34.75270189736057,0.7273605465888977,989.7182006835938,4.0,2024,6.0298566818237305,"{""type"":""Point"",""coordinates"":[34.75270189736057,0.9541920531622303]}"
2604,6.490619659423828,Trans Nzoia,2029.0,25.356521606445312,0.33136114478111267,1415.5245361328125,0.9695416386744748,34.80882102914158,0.5414608716964722,959.7871704101562,1.0,2024,6.490619659423828,"{""type"":""Point"",""coordinates"":[34.80882102914158,0.9695416386744748]}"
2607,6.478427886962891,Trans Nzoia,1945.0,23.373912811279297,0.44632652401924133,1448.66259765625,1.033176143650722,35.23545745839534,0.6555286049842834,1040.30517578125,1.0,2024,6.478427886962891,"{""type"":""Point"",""coordinates"":[35.23545745839534,1.033176143650722]}"
2608,6.489031791687012,Trans Nzoia,1852.0,22.369565963745117,0.20495662093162537,1327.4505615234375,1.0013442839113407,35.09428380654059,0.35341212153434753,969.0385131835938,1.0,2024,6.489031791687012,"{""type"":""Point"",""coordinates"":[35.09428380654059,1.0013442839113407]}"
2609,6.429346084594727,Trans Nzoia,2003.0,20.752174377441406,0.3892596364021301,1518.2637939453125,0.9598994122969061,35.29187281525896,0.5354620814323425,998.7577514648438,4.0,2024,6.429346084594727,"{""type"":""Point"",""coordinates"":[35.29187281525896,0.9598994122969061]}"
2613,6.3049821853637695,Trans Nzoia,1873.0,23.178260803222656,0.34236156940460205,1327.4505615234375,1.0189898348562167,35.10835799233885,0.51798015832901,1019.4813842773438,1.0,2024,6.3049821853637695,"{""type"":""Point"",""coordinates"":[35.10835799233885,1.0189898348562167]}"
2614,7.443910598754883,Trans Nzoia,1896.0,24.091304779052734,0.4026111364364624,1303.348388671875,1.1574458598057467,34.97150779745781,0.5353483557701111,1049.634765625,1.0,2024,7.443910598754883,"{""type"":""Point"",""coordinates"":[34.97150779745781,1.1574458598057467]}"
2615,6.952584266662598,Trans Nzoia,1853.0,19.091304779052734,0.3862471580505371,1794.15283203125,1.2518258792813068,34.91321192692033,0.47697824239730835,953.6435546875,6.0,2024,6.952584266662598,"{""type"":""Point"",""coordinates"":[34.91321192692033,1.2518258792813068]}"
2617,7.130882740020752,Trans Nzoia,1883.0,22.30434799194336,0.3657848536968231,1653.9757080078125,1.2117831665871306,34.84982873122978,0.4849902391433716,881.7891235351562,1.0,2024,7.130882740020752,"{""type"":""Point"",""coordinates"":[34.84982873122978,1.2117831665871306]}"
2620,7.2531561851501465,Trans Nzoia,1934.0,21.973913192749023,0.2700502872467041,1640.1566162109375,1.1941256965096876,34.94570158197115,0.4236460030078888,964.7963256835938,1.0,2024,7.2531561851501465,"{""type"":""Point"",""coordinates"":[34.94570158197115,1.1941256965096876]}"
2621,6.606550693511963,Trans Nzoia,1926.0,26.217391967773438,0.369415819644928,1303.348388671875,1.165012079562749,35.04776399273772,0.5476248264312744,860.8521118164062,1.0,2024,6.606550693511963,"{""type"":""Point"",""coordinates"":[35.04776399273772,1.165012079562749]}"
2624,7.2278971672058105,Trans Nzoia,1936.0,23.76956558227539,0.3379822075366974,1640.1566162109375,1.2026551943907773,34.93561789830884,0.4495658576488495,972.9393310546875,1.0,2024,7.2278971672058105,"{""type"":""Point"",""coordinates"":[34.93561789830884,1.2026551943907773]}"
2627,6.93607759475708,Trans Nzoia,1890.0,25.978260040283203,0.3431067168712616,1532.4256591796875,1.0897743820751669,34.84427121330364,0.5335761904716492,813.836669921875,1.0,2024,6.93607759475708,"{""type"":""Point"",""coordinates"":[34.84427121330364,1.0897743820751669]}"
2628,7.225827693939209,Trans Nzoia,1873.0,22.15652084350586,0.38042038679122925,1640.1566162109375,1.1844904823767959,34.86858238959306,0.5320259928703308,916.169677734375,1.0,2024,7.225827693939209,"{""type"":""Point"",""coordinates"":[34.86858238959306,1.1844904823767959]}"
2630,7.44818115234375,Trans Nzoia,1846.0,21.07391357421875,0.3617440462112427,1640.1566162109375,1.168803553623657,34.947592512625405,0.5239185094833374,964.7963256835938,1.0,2024,7.44818115234375,"{""type"":""Point"",""coordinates"":[34.947592512625405,1.168803553623657]}"
2633,5.327005386352539,Trans Nzoia,2233.0,21.65217399597168,0.31879669427871704,1518.2637939453125,0.9983979184663616,35.33118102636333,0.5047126412391663,1077.1812744140625,1.0,2024,5.327005386352539,"{""type"":""Point"",""coordinates"":[35.33118102636333,0.9983979184663616]}"
2634,6.833876609802246,Trans Nzoia,1880.0,21.995651245117188,0.3951408267021179,1472.4818115234375,1.0447671083489554,34.871184693118025,0.5426506996154785,914.8713989257812,1.0,2024,6.833876609802246,"{""type"":""Point"",""coordinates"":[34.871184693118025,1.0447671083489554]}"
2635,7.2944231033325195,Trans Nzoia,2025.0,22.7391300201416,0.29411235451698303,1653.9757080078125,1.2129214030724005,34.76766768106927,0.402659147977829,877.1436767578125,1.0,2024,7.2944231033325195,"{""type"":""Point"",""coordinates"":[34.76766768106927,1.2129214030724005]}"
2647,6.812271595001221,Trans Nzoia,1867.0,23.430435180664062,0.4213649034500122,1472.4818115234375,1.0416422662570166,34.87301181291098,0.5739439129829407,914.8713989257812,1.0,2024,6.812271595001221,"{""type"":""Point"",""coordinates"":[34.87301181291098,1.0416422662570166]}"
2650,6.901394844055176,Trans Nzoia,1851.0,25.560869216918945,0.45758235454559326,1327.4505615234375,0.9769242060411896,35.06635701629228,0.6076131463050842,994.4949951171875,1.0,2024,6.901394844055176,"{""type"":""Point"",""coordinates"":[35.06635701629228,0.9769242060411896]}"
2651,7.620739459991455,Trans Nzoia,1864.0,23.321739196777344,0.4078977108001709,1372.1785888671875,1.099379476006812,35.03629531169978,0.4328317940235138,885.8496704101562,1.0,2024,7.620739459991455,"{""type"":""Point"",""coordinates"":[35.03629531169978,1.099379476006812]}"
2656,6.975996494293213,Trans Nzoia,1742.0,22.830434799194336,0.37058067321777344,1388.3951416015625,0.8809752874528751,34.96518716744349,0.5295095443725586,985.6636352539062,1.0,2024,6.975996494293213,"{""type"":""Point"",""coordinates"":[34.96518716744349,0.8809752874528751]}"
2657,7.102208137512207,Trans Nzoia,1886.0,18.908695220947266,0.3866192400455475,1653.9757080078125,1.2057286122189126,34.83963932775469,0.5057268738746643,881.7891235351562,1.0,2024,7.102208137512207,"{""type"":""Point"",""coordinates"":[34.83963932775469,1.2057286122189126]}"
2663,6.512629985809326,Trans Nzoia,1943.0,23.37826156616211,0.4055910110473633,1448.66259765625,1.0282756855271222,35.23365612653978,0.5543755888938904,1040.30517578125,1.0,2024,6.512629985809326,"{""type"":""Point"",""coordinates"":[35.23365612653978,1.0282756855271222]}"
2664,6.627294540405273,Trans Nzoia,1712.0,26.81739044189453,0.3823223114013672,1605.135986328125,0.8189980191561066,34.83840668384862,0.5654677152633667,968.0701904296875,1.0,2024,6.627294540405273,"{""type"":""Point"",""coordinates"":[34.83840668384862,0.8189980191561066]}"
2665,7.209268093109131,Trans Nzoia,1824.0,23.57826042175293,0.31083619594573975,1388.3951416015625,0.9310235380433439,35.00822798094587,0.4402250349521637,873.1403198242188,1.0,2024,7.209268093109131,"{""type"":""Point"",""coordinates"":[35.00822798094587,0.9310235380433439]}"
2669,6.459972381591797,Trans Nzoia,1823.0,21.856521606445312,0.47849488258361816,1327.4505615234375,0.955244839044214,35.09874105372831,0.5887948870658875,994.4949951171875,1.0,2024,6.459972381591797,"{""type"":""Point"",""coordinates"":[35.09874105372831,0.955244839044214]}"
2670,7.758510589599609,Trans Nzoia,1841.0,22.634782791137695,0.3856538236141205,1372.1785888671875,1.0560956983597527,34.97587196600145,0.5019680261611938,1014.598876953125,1.0,2024,7.758510589599609,"{""type"":""Point"",""coordinates"":[34.97587196600145,1.0560956983597527]}"
2673,7.651759147644043,Trans Nzoia,1818.0,20.660869598388672,0.3422183394432068,1311.3265380859375,1.008461107258789,34.98150651823652,0.4978235363960266,1003.5731201171875,1.0,2024,7.651759147644043,"{""type"":""Point"",""coordinates"":[34.98150651823652,1.008461107258789]}"
2675,5.739710330963135,Trans Nzoia,1897.0,24.139129638671875,0.34837135672569275,1362.5670166015625,1.0716783466854682,35.17464672937699,0.49936869740486145,1080.9871826171875,1.0,2024,5.739710330963135,"{""type"":""Point"",""coordinates"":[35.17464672937699,1.0716783466854682]}"
2678,7.499415874481201,Trans Nzoia,1852.0,21.247825622558594,0.4362066090106964,1372.1785888671875,1.1348532226309314,35.006813556519404,0.5908694863319397,862.4269409179688,1.0,2024,7.499415874481201,"{""type"":""Point"",""coordinates"":[35.006813556519404,1.1348532226309314]}"
2679,6.45239782333374,Trans Nzoia,1974.0,26.556522369384766,0.36033543944358826,1415.5245361328125,0.9522717284532299,34.82375602288272,0.6020528078079224,959.7871704101562,1.0,2024,6.45239782333374,"{""type"":""Point"",""coordinates"":[34.82375602288272,0.9522717284532299]}"
2680,7.71843957901001,Trans Nzoia,1829.0,18.80434799194336,0.3545256555080414,1372.1785888671875,1.124065547349368,34.975732762547956,0.4910166561603546,1015.1450805664062,1.0,2024,7.71843957901001,"{""type"":""Point"",""coordinates"":[34.975732762547956,1.124065547349368]}"
2684,6.487246036529541,Trans Nzoia,1881.0,24.72608757019043,0.33723101019859314,1415.5245361328125,0.9940806665916165,34.846947955410705,0.5480651259422302,959.7871704101562,1.0,2024,6.487246036529541,"{""type"":""Point"",""coordinates"":[34.846947955410705,0.9940806665916165]}"
2686,6.601086139678955,Trans Nzoia,2049.0,23.96956443786621,0.3657718002796173,1653.9757080078125,1.1527276298721412,34.80464180885631,0.48006153106689453,878.5647583007812,1.0,2024,6.601086139678955,"{""type"":""Point"",""coordinates"":[34.80464180885631,1.1527276298721412]}"
2690,6.568634033203125,Trans Nzoia,1930.0,23.947826385498047,0.38144904375076294,1303.348388671875,1.1815740149477987,35.028456252800396,0.5464651584625244,860.8521118164062,1.0,2024,6.568634033203125,"{""type"":""Point"",""coordinates"":[35.028456252800396,1.1815740149477987]}"
2691,6.314406394958496,Trans Nzoia,1881.0,23.143478393554688,0.3657812774181366,1327.4505615234375,1.030549609898644,35.10998508103976,0.4687861502170563,1019.4813842773438,1.0,2024,6.314406394958496,"{""type"":""Point"",""coordinates"":[35.10998508103976,1.030549609898644]}"
2695,6.032342433929443,Trans Nzoia,1892.0,24.130434036254883,0.3268861174583435,1327.4505615234375,1.035863156193664,35.145195704058075,0.4869620203971863,1019.4813842773438,1.0,2024,6.032342433929443,"{""type"":""Point"",""coordinates"":[35.145195704058075,1.035863156193664]}"
2698,6.920470714569092,Trans Nzoia,1926.0,20.991304397583008,0.4568726718425751,1532.4256591796875,1.141363720410468,34.835758139783,0.5521050095558167,853.085205078125,1.0,2024,6.920470714569092,"{""type"":""Point"",""coordinates"":[34.835758139783,1.141363720410468]}"
2703,6.8923468589782715,Trans Nzoia,1949.0,22.056522369384766,0.3768218457698822,1653.9757080078125,1.1543260182307424,34.83123473182083,0.441552996635437,878.5647583007812,1.0,2024,6.8923468589782715,"{""type"":""Point"",""coordinates"":[34.83123473182083,1.1543260182307424]}"
2707,7.658576488494873,Trans Nzoia,1838.0,26.908695220947266,0.4139849543571472,1372.1785888671875,1.0527089892680428,35.032754247529155,0.5541349649429321,885.8496704101562,1.0,2024,7.658576488494873,"{""type"":""Point"",""coordinates"":[35.032754247529155,1.0527089892680428]}"
2711,7.662014484405518,Trans Nzoia,1852.0,20.88260841369629,0.407355397939682,1372.1785888671875,1.1355204173655407,34.960686692207524,0.5598387718200684,1015.1450805664062,1.0,2024,7.662014484405518,"{""type"":""Point"",""coordinates"":[34.960686692207524,1.1355204173655407]}"
2714,6.8319854736328125,Trans Nzoia,1904.0,23.286956787109375,0.2860892713069916,1532.4256591796875,1.0615142187080437,34.84321823109961,0.4005683660507202,813.836669921875,1.0,2024,6.8319854736328125,"{""type"":""Point"",""coordinates"":[34.84321823109961,1.0615142187080437]}"
2715,7.526642799377441,Trans Nzoia,1834.0,23.30434799194336,0.40325334668159485,1587.5098876953125,1.1277513840061786,34.900102693436864,0.6078885197639465,896.3999633789062,1.0,2024,7.526642799377441,"{""type"":""Point"",""coordinates"":[34.900102693436864,1.1277513840061786]}"
2718,6.186671257019043,Trans Nzoia,2275.0,23.321739196777344,0.29363560676574707,1415.5245361328125,0.9578391152484509,34.76455494002927,0.3916867673397064,989.7182006835938,1.0,2024,6.186671257019043,"{""type"":""Point"",""coordinates"":[34.76455494002927,0.9578391152484509]}"
2721,6.419405460357666,Trans Nzoia,1862.0,24.799999237060547,0.38394781947135925,1415.5245361328125,0.9638974902603821,34.84689414417973,0.5523119568824768,959.7871704101562,1.0,2024,6.419405460357666,"{""type"":""Point"",""coordinates"":[34.84689414417973,0.9638974902603821]}"
2723,6.644251823425293,Trans Nzoia,1841.0,23.356521606445312,0.3910045027732849,1339.5623779296875,0.9299367623280578,35.08681285454018,0.563067615032196,951.3497924804688,1.0,2024,6.644251823425293,"{""type"":""Point"",""coordinates"":[35.08681285454018,0.9299367623280578]}"
2729,6.705175399780273,Trans Nzoia,1748.0,24.704347610473633,0.47129690647125244,1687.8226318359375,0.8269937950332704,34.85699409279148,0.6613382697105408,988.6344604492188,1.0,2024,6.705175399780273,"{""type"":""Point"",""coordinates"":[34.85699409279148,0.8269937950332704]}"
2730,6.281002998352051,Trans Nzoia,1823.0,22.80434799194336,0.3569050133228302,1463.1514892578125,0.9389090589743176,35.163444550758776,0.5356515049934387,999.2210693359375,1.0,2024,6.281002998352051,"{""type"":""Point"",""coordinates"":[35.163444550758776,0.9389090589743176]}"
2733,6.922163963317871,Trans Nzoia,1794.0,25.69565200805664,0.4783269762992859,1687.8226318359375,0.847215290336222,34.88172730479387,0.5271468162536621,988.6344604492188,1.0,2024,6.922163963317871,"{""type"":""Point"",""coordinates"":[34.88172730479387,0.847215290336222]}"
2735,7.569148063659668,Trans Nzoia,1868.0,22.03478240966797,0.4174029231071472,1372.1785888671875,1.0991237239273934,35.041855335149066,0.5922261476516724,885.8496704101562,1.0,2024,7.569148063659668,"{""type"":""Point"",""coordinates"":[35.041855335149066,1.0991237239273934]}"
2737,6.333293437957764,Trans Nzoia,1873.0,23.452173233032227,0.310155987739563,1339.5623779296875,0.9431566408023108,35.12841893235809,0.5053043365478516,964.28857421875,1.0,2024,6.333293437957764,"{""type"":""Point"",""coordinates"":[35.12841893235809,0.9431566408023108]}"
2739,7.162117004394531,Trans Nzoia,1905.0,25.443477630615234,0.4085632264614105,1372.1785888671875,1.1435479847636798,35.03322632586251,0.5038798451423645,862.4269409179688,1.0,2024,7.162117004394531,"{""type"":""Point"",""coordinates"":[35.03322632586251,1.1435479847636798]}"
2740,6.161008834838867,Trans Nzoia,2039.0,25.295652389526367,0.3119480311870575,1532.4256591796875,1.0878780560931391,34.78871769341422,0.5310432314872742,888.1694946289062,1.0,2024,6.161008834838867,"{""type"":""Point"",""coordinates"":[34.78871769341422,1.0878780560931391]}"
2746,5.856848239898682,Trans Nzoia,1887.0,24.904348373413086,0.4551723301410675,1309.0179443359375,1.142650096112837,35.126488897326915,0.6437109112739563,1090.241455078125,1.0,2024,5.856848239898682,"{""type"":""Point"",""coordinates"":[35.126488897326915,1.142650096112837]}"
2747,6.215972900390625,Trans Nzoia,2155.0,26.795652389526367,0.2884591817855835,1532.4256591796875,1.0646590428598812,34.78918681260771,0.5229383707046509,888.1694946289062,1.0,2024,6.215972900390625,"{""type"":""Point"",""coordinates"":[34.78918681260771,1.0646590428598812]}"
2748,7.313843250274658,Trans Nzoia,1861.0,21.830434799194336,0.30791038274765015,1653.9757080078125,1.2388153205856087,34.8223398113344,0.43814265727996826,881.7891235351562,1.0,2024,7.313843250274658,"{""type"":""Point"",""coordinates"":[34.8223398113344,1.2388153205856087]}"
2751,7.2244062423706055,Trans Nzoia,1830.0,22.895652770996094,0.4115646779537201,1388.3951416015625,0.9429465350403408,35.019921920159774,0.5863016843795776,873.1403198242188,1.0,2024,7.2244062423706055,"{""type"":""Point"",""coordinates"":[35.019921920159774,0.9429465350403408]}"
2752,6.508181095123291,Trans Nzoia,1907.0,23.752174377441406,0.4216855764389038,1448.66259765625,0.9519372981495002,35.22726284445202,0.6330132484436035,1047.075927734375,1.0,2024,6.508181095123291,"{""type"":""Point"",""coordinates"":[35.22726284445202,0.9519372981495002]}"
2755,6.633196830749512,Trans Nzoia,2048.0,24.721738815307617,0.2911706268787384,1518.2637939453125,1.009098415843352,35.26134762249954,0.49592307209968567,994.1923217773438,1.0,2024,6.633196830749512,"{""type"":""Point"",""coordinates"":[35.26134762249954,1.009098415843352]}"
2756,6.812664031982422,Trans Nzoia,1817.0,27.930435180664062,0.4045296907424927,1565.9140625,0.9332954162780501,34.89184117607503,0.5198246240615845,1014.7183227539062,1.0,2024,6.812664031982422,"{""type"":""Point"",""coordinates"":[34.89184117607503,0.9332954162780501]}"
2758,6.5612688064575195,Trans Nzoia,1778.0,24.53913116455078,0.40255677700042725,1565.9140625,0.9477064425175571,34.87718713805596,0.5662477016448975,1014.7183227539062,1.0,2024,6.5612688064575195,"{""type"":""Point"",""coordinates"":[34.87718713805596,0.9477064425175571]}"
2760,7.202858924865723,Trans Nzoia,1844.0,20.65217399597168,0.3870058059692383,1653.9757080078125,1.2303019881387158,34.83521079522323,0.54768306016922,881.7891235351562,1.0,2024,7.202858924865723,"{""type"":""Point"",""coordinates"":[34.83521079522323,1.2303019881387158]}"
2762,7.719412326812744,Trans Nzoia,1893.0,20.939130783081055,0.33465173840522766,1311.3265380859375,1.0287732983785818,35.01301476575028,0.5174029469490051,895.3138427734375,1.0,2024,7.719412326812744,"{""type"":""Point"",""coordinates"":[35.01301476575028,1.0287732983785818]}"
2763,6.096550941467285,Trans Nzoia,1912.0,21.939130783081055,0.401213675737381,1362.5670166015625,1.0506319811052334,35.20564509921345,0.5706406235694885,1157.1868896484375,1.0,2024,6.096550941467285,"{""type"":""Point"",""coordinates"":[35.20564509921345,1.0506319811052334]}"
2767,6.598622798919678,Trans Nzoia,1942.0,22.282608032226562,0.25636300444602966,1532.4256591796875,1.1195541502913469,34.814031262946635,0.40022221207618713,853.085205078125,1.0,2024,6.598622798919678,"{""type"":""Point"",""coordinates"":[34.814031262946635,1.1195541502913469]}"
2768,7.299296855926514,Trans Nzoia,1781.0,23.10869598388672,0.44536569714546204,1388.3951416015625,0.9087092913973074,34.959116760926946,0.5451047420501709,1042.5777587890625,1.0,2024,7.299296855926514,"{""type"":""Point"",""coordinates"":[34.959116760926946,0.9087092913973074]}"
2771,7.342150688171387,Trans Nzoia,1883.0,24.234783172607422,0.403738409280777,1640.1566162109375,1.1883642291065215,34.933145200455556,0.5277566313743591,964.7963256835938,1.0,2024,7.342150688171387,"{""type"":""Point"",""coordinates"":[34.933145200455556,1.1883642291065215]}"
2773,6.637065410614014,Trans Nzoia,1931.0,24.60869598388672,0.36653831601142883,1303.348388671875,1.1827607478424196,35.022259952100185,0.5437787175178528,860.8521118164062,1.0,2024,6.637065410614014,"{""type"":""Point"",""coordinates"":[35.022259952100185,1.1827607478424196]}"
2774,7.566648006439209,Trans Nzoia,1836.0,22.22608757019043,0.38616910576820374,1587.5098876953125,1.1036861358313668,34.916304600524256,0.4910680651664734,960.1989135742188,1.0,2024,7.566648006439209,"{""type"":""Point"",""coordinates"":[34.916304600524256,1.1036861358313668]}"
2780,7.423379898071289,Trans Nzoia,1835.0,21.913043975830078,0.4041613042354584,1587.5098876953125,1.0730988346002845,34.919402866577904,0.5834862589836121,961.76513671875,1.0,2024,7.423379898071289,"{""type"":""Point"",""coordinates"":[34.919402866577904,1.0730988346002845]}"
2782,7.049844741821289,Trans Nzoia,1804.0,23.03478240966797,0.3839612603187561,1565.9140625,0.8967912081931365,34.883206947613,0.5741715431213379,1008.7085571289062,1.0,2024,7.049844741821289,"{""type"":""Point"",""coordinates"":[34.883206947613,0.8967912081931365]}"
2783,6.004417419433594,Trans Nzoia,2114.0,28.082609176635742,0.30338579416275024,1532.4256591796875,1.087790285156766,34.78158657693747,0.5140542984008789,888.1694946289062,1.0,2024,6.004417419433594,"{""type"":""Point"",""coordinates"":[34.78158657693747,1.087790285156766]}"
2791,7.035614967346191,Trans Nzoia,1926.0,22.517391204833984,0.3915516138076782,1309.0179443359375,1.13227790474678,35.06010153944569,0.5966269373893738,974.173583984375,1.0,2024,7.035614967346191,"{""type"":""Point"",""coordinates"":[35.06010153944569,1.13227790474678]}"
2794,7.234766960144043,Trans Nzoia,1830.0,22.134782791137695,0.4027392566204071,1327.4505615234375,0.9965947549194374,35.050312916700214,0.6075602769851685,994.4949951171875,1.0,2024,7.234766960144043,"{""type"":""Point"",""coordinates"":[35.050312916700214,0.9965947549194374]}"
2797,7.399291515350342,Trans Nzoia,1848.0,22.1130428314209,0.41107094287872314,1640.1566162109375,1.157130295687759,34.884635511137894,0.5116925835609436,916.169677734375,1.0,2024,7.399291515350342,"{""type"":""Point"",""coordinates"":[34.884635511137894,1.157130295687759]}"
2799,7.149111747741699,Trans Nzoia,1784.0,22.895652770996094,0.445313423871994,1388.3951416015625,0.9067588115330911,34.9844323141382,0.602471113204956,1042.5777587890625,1.0,2024,7.149111747741699,"{""type"":""Point"",""coordinates"":[34.9844323141382,0.9067588115330911]}"
2800,7.12930154800415,Trans Nzoia,1941.0,19.443477630615234,0.3804003894329071,1640.1566162109375,1.2174879708846806,34.93342392684527,0.4635453522205353,972.9393310546875,1.0,2024,7.12930154800415,"{""type"":""Point"",""coordinates"":[34.93342392684527,1.2174879708846806]}"
2801,6.533920764923096,Trans Nzoia,1942.0,23.947826385498047,0.38736626505851746,1303.348388671875,1.1821650217399804,35.031080170808565,0.5900353789329529,860.8521118164062,1.0,2024,6.533920764923096,"{""type"":""Point"",""coordinates"":[35.031080170808565,1.1821650217399804]}"
2802,7.122653961181641,Trans Nzoia,1871.0,22.10869598388672,0.348956823348999,1587.5098876953125,1.13365462874136,34.85358404838347,0.46498754620552063,896.3999633789062,1.0,2024,7.122653961181641,"{""type"":""Point"",""coordinates"":[34.85358404838347,1.13365462874136]}"
2804,6.493753433227539,Trans Nzoia,1711.0,28.03913116455078,0.5294254422187805,1605.135986328125,0.8456546363727313,34.81037924393065,0.7241086363792419,968.0701904296875,1.0,2024,6.493753433227539,"{""type"":""Point"",""coordinates"":[34.81037924393065,0.8456546363727313]}"
2805,5.361212730407715,Trans Nzoia,1890.0,25.352174758911133,0.42554712295532227,1362.5670166015625,1.1030885964657602,35.174064411460584,0.6826784014701843,1263.162353515625,1.0,2024,5.361212730407715,"{""type"":""Point"",""coordinates"":[35.174064411460584,1.1030885964657602]}"
2810,6.601288318634033,Trans Nzoia,1957.0,25.021739959716797,0.28906819224357605,1415.5245361328125,1.0128386276426236,34.83385860817242,0.4558587372303009,849.1492919921875,1.0,2024,6.601288318634033,"{""type"":""Point"",""coordinates"":[34.83385860817242,1.0128386276426236]}"
2812,6.437509059906006,Trans Nzoia,1844.0,21.369565963745117,0.38040590286254883,1339.5623779296875,0.933829037418701,35.124578248103596,0.5987090468406677,964.28857421875,1.0,2024,6.437509059906006,"{""type"":""Point"",""coordinates"":[35.124578248103596,0.933829037418701]}"
2814,6.211884021759033,Trans Nzoia,1829.0,24.0,0.38184306025505066,1448.66259765625,0.9512551026325871,35.16924807764377,0.5305423140525818,1027.66796875,1.0,2024,6.211884021759033,"{""type"":""Point"",""coordinates"":[35.16924807764377,0.9512551026325871]}"
2816,6.443169593811035,Trans Nzoia,2070.0,24.373912811279297,0.47034314274787903,1415.5245361328125,1.002131671091919,34.79435168120108,0.6807926893234253,954.0535278320312,1.0,2024,6.443169593811035,"{""type"":""Point"",""coordinates"":[34.79435168120108,1.002131671091919]}"
2818,6.516437530517578,Trans Nzoia,1953.0,22.700000762939453,0.33508414030075073,1303.348388671875,1.1783240865428222,35.03685057482252,0.4859779477119446,860.8521118164062,1.0,2024,6.516437530517578,"{""type"":""Point"",""coordinates"":[35.03685057482252,1.1783240865428222]}"
2824,7.024271488189697,Trans Nzoia,1754.0,22.252174377441406,0.2996019124984741,1565.9140625,0.8666013421791321,34.92445066478876,0.43358540534973145,986.4015502929688,1.0,2024,7.024271488189697,"{""type"":""Point"",""coordinates"":[34.92445066478876,0.8666013421791321]}"
2833,6.2120819091796875,Trans Nzoia,1899.0,21.017391204833984,0.3475313186645508,1327.4505615234375,0.9909756019246343,35.11328517664201,0.5639349222183228,1042.0404052734375,1.0,2024,6.2120819091796875,"{""type"":""Point"",""coordinates"":[35.11328517664201,0.9909756019246343]}"
2834,6.896536350250244,Trans Nzoia,1915.0,21.004348754882812,0.2483757585287094,1587.5098876953125,1.0611616249594384,34.85757564402291,0.3931758999824524,908.87646484375,1.0,2024,6.896536350250244,"{""type"":""Point"",""coordinates"":[34.85757564402291,1.0611616249594384]}"
2839,6.72006368637085,Trans Nzoia,2081.0,20.595651626586914,0.2649669945240021,1653.9757080078125,1.178618311986616,34.78660736479543,0.398531973361969,878.0504150390625,1.0,2024,6.72006368637085,"{""type"":""Point"",""coordinates"":[34.78660736479543,1.178618311986616]}"
2842,6.919578552246094,Trans Nzoia,1877.0,21.96521759033203,0.39216431975364685,1327.4505615234375,1.0473935494286595,35.07989003499286,0.5897026658058167,969.0385131835938,1.0,2024,6.919578552246094,"{""type"":""Point"",""coordinates"":[35.07989003499286,1.0473935494286595]}"
2846,6.779204368591309,Trans Nzoia,1777.0,25.1130428314209,0.4865626096725464,1472.4818115234375,0.9874486025222182,34.90788046030909,0.6452323198318481,984.7139892578125,1.0,2024,6.779204368591309,"{""type"":""Point"",""coordinates"":[34.90788046030909,0.9874486025222182]}"
2848,7.31579065322876,Trans Nzoia,1898.0,23.282608032226562,0.3401978611946106,1640.1566162109375,1.1888536879383362,34.940371810663144,0.47493651509284973,964.7963256835938,1.0,2024,7.31579065322876,"{""type"":""Point"",""coordinates"":[34.940371810663144,1.1888536879383362]}"
2851,6.000495433807373,Trans Nzoia,1869.0,24.473913192749023,0.3644877076148987,1448.66259765625,1.0474760231599864,35.17794634730645,0.5412543416023254,1005.9006958007812,1.0,2024,6.000495433807373,"{""type"":""Point"",""coordinates"":[35.17794634730645,1.0474760231599864]}"
2852,6.083771705627441,Trans Nzoia,1875.0,22.060869216918945,0.25810372829437256,1448.66259765625,1.0422303776571924,35.18560059175778,0.4299658536911011,1005.9006958007812,1.0,2024,6.083771705627441,"{""type"":""Point"",""coordinates"":[35.18560059175778,1.0422303776571924]}"
2858,7.091183185577393,Trans Nzoia,1890.0,22.943477630615234,0.42896074056625366,1653.9757080078125,1.2066100752504287,34.83189988071866,0.5696864724159241,881.7891235351562,1.0,2024,7.091183185577393,"{""type"":""Point"",""coordinates"":[34.83189988071866,1.2066100752504287]}"
2859,5.719234466552734,Trans Nzoia,2556.0,26.213043212890625,0.46107861399650574,897.6917114257812,1.137149690287768,34.74667464500144,0.5847481489181519,1047.058837890625,4.0,2024,5.719234466552734,"{""type"":""Point"",""coordinates"":[34.74667464500144,1.137149690287768]}"
2860,6.437406063079834,Trans Nzoia,1916.0,23.04347801208496,0.30619022250175476,1448.66259765625,0.961369298540037,35.21310807731627,0.48975813388824463,1047.075927734375,1.0,2024,6.437406063079834,"{""type"":""Point"",""coordinates"":[35.21310807731627,0.961369298540037]}"
2862,7.271204948425293,Trans Nzoia,2088.0,24.373912811279297,0.34735116362571716,1653.9757080078125,1.208604391218891,34.75506049361847,0.5507807731628418,877.1436767578125,1.0,2024,7.271204948425293,"{""type"":""Point"",""coordinates"":[34.75506049361847,1.208604391218891]}"
2863,7.519845008850098,Trans Nzoia,1846.0,22.46086883544922,0.4062645435333252,1587.5098876953125,1.0917072824528349,34.9167178008916,0.5538479089736938,961.76513671875,1.0,2024,7.519845008850098,"{""type"":""Point"",""coordinates"":[34.9167178008916,1.0917072824528349]}"
2865,7.147782325744629,Trans Nzoia,1903.0,21.356521606445312,0.40788114070892334,1653.9757080078125,1.216545182367902,34.82767123329526,0.5055215954780579,881.7891235351562,1.0,2024,7.147782325744629,"{""type"":""Point"",""coordinates"":[34.82767123329526,1.216545182367902]}"
2866,6.3277082443237305,Trans Nzoia,1933.0,22.521739959716797,0.3886283040046692,1303.348388671875,1.2140860987853621,35.02890650989752,0.5651273727416992,1020.2589111328125,1.0,2024,6.3277082443237305,"{""type"":""Point"",""coordinates"":[35.02890650989752,1.2140860987853621]}"
2874,6.966061115264893,Trans Nzoia,1830.0,24.913043975830078,0.3215523660182953,1327.4505615234375,1.030613670520975,35.073595937912344,0.46292397379875183,969.0385131835938,1.0,2024,6.966061115264893,"{""type"":""Point"",""coordinates"":[35.073595937912344,1.030613670520975]}"
2877,5.666529655456543,Trans Nzoia,2059.0,24.39130401611328,0.30665987730026245,1619.9417724609375,0.9312628398858624,35.33603971259573,0.456529825925827,992.7603759765625,4.0,2024,5.666529655456543,"{""type"":""Point"",""coordinates"":[35.33603971259573,0.9312628398858624]}"
2878,6.707246780395508,Trans Nzoia,1838.0,24.660869598388672,0.3674911856651306,1327.4505615234375,0.9707575531580358,35.078042755294845,0.5420008897781372,994.4949951171875,1.0,2024,6.707246780395508,"{""type"":""Point"",""coordinates"":[35.078042755294845,0.9707575531580358]}"
2879,7.458346366882324,Trans Nzoia,1851.0,24.721738815307617,0.3931572437286377,1640.1566162109375,1.1514818179074873,34.89154404064634,0.5260454416275024,916.169677734375,1.0,2024,7.458346366882324,"{""type"":""Point"",""coordinates"":[34.89154404064634,1.1514818179074873]}"
2880,7.698395252227783,Trans Nzoia,1837.0,22.60869598388672,0.3829188644886017,1372.1785888671875,1.1075158339786495,35.019747040154144,0.5572552680969238,862.4269409179688,1.0,2024,7.698395252227783,"{""type"":""Point"",""coordinates"":[35.019747040154144,1.1075158339786495]}"
2884,6.0820207595825195,Trans Nzoia,1914.0,24.952173233032227,0.2841053903102875,1327.4505615234375,0.9956769894521575,35.12749087632227,0.4421546757221222,1042.0404052734375,1.0,2024,6.0820207595825195,"{""type"":""Point"",""coordinates"":[35.12749087632227,0.9956769894521575]}"
2886,6.3213582038879395,Trans Nzoia,1837.0,23.34347915649414,0.36881890892982483,1463.1514892578125,0.9336277817384998,35.163965476305336,0.5650299191474915,999.2210693359375,1.0,2024,6.3213582038879395,"{""type"":""Point"",""coordinates"":[35.163965476305336,0.9336277817384998]}"
2888,6.951685905456543,Trans Nzoia,1912.0,22.7608699798584,0.31095120310783386,1532.4256591796875,1.132448376464896,34.839062036091484,0.48438113927841187,853.085205078125,1.0,2024,6.951685905456543,"{""type"":""Point"",""coordinates"":[34.839062036091484,1.132448376464896]}"
2901,7.259611129760742,Trans Nzoia,1885.0,21.417390823364258,0.33834677934646606,1640.1566162109375,1.2019509457115165,34.911726255665116,0.4891740381717682,972.9393310546875,1.0,2024,7.259611129760742,"{""type"":""Point"",""coordinates"":[34.911726255665116,1.2019509457115165]}"
2902,7.399869441986084,Trans Nzoia,1839.0,21.89130401611328,0.3972226083278656,1311.3265380859375,0.9580580852781649,34.9590884238084,0.5682459473609924,1077.162841796875,1.0,2024,7.399869441986084,"{""type"":""Point"",""coordinates"":[34.9590884238084,0.9580580852781649]}"
2908,6.602344989776611,Trans Nzoia,2199.0,20.626087188720703,0.22937150299549103,1653.9757080078125,1.1707158033606806,34.78304564720905,0.40452536940574646,878.0504150390625,1.0,2024,6.602344989776611,"{""type"":""Point"",""coordinates"":[34.78304564720905,1.1707158033606806]}"
2910,6.750970363616943,Trans Nzoia,1846.0,22.986955642700195,0.43649768829345703,1339.5623779296875,0.9284320200069015,35.06726410812193,0.6259397268295288,951.3497924804688,1.0,2024,6.750970363616943,"{""type"":""Point"",""coordinates"":[35.06726410812193,0.9284320200069015]}"
2912,5.909809589385986,Trans Nzoia,1896.0,22.72608757019043,0.3498750329017639,1362.5670166015625,1.0572955356000668,35.16752248382224,0.5559229850769043,1080.9871826171875,1.0,2024,5.909809589385986,"{""type"":""Point"",""coordinates"":[35.16752248382224,1.0572955356000668]}"
2913,6.417031764984131,Trans Nzoia,1794.0,26.547826766967773,0.34685516357421875,1472.4818115234375,0.9778157253861051,34.86211027177938,0.5681964755058289,941.492431640625,1.0,2024,6.417031764984131,"{""type"":""Point"",""coordinates"":[34.86211027177938,0.9778157253861051]}"
2917,6.875618934631348,Trans Nzoia,1945.0,19.547826766967773,0.36544400453567505,1303.348388671875,1.2320989845758357,34.97436965717031,0.500010073184967,1109.6043701171875,6.0,2024,6.875618934631348,"{""type"":""Point"",""coordinates"":[34.97436965717031,1.2320989845758357]}"
2920,5.994746208190918,Trans Nzoia,1917.0,22.369565963745117,0.33604785799980164,1309.0179443359375,1.146421329583111,35.114762705194494,0.5012373328208923,1090.241455078125,1.0,2024,5.994746208190918,"{""type"":""Point"",""coordinates"":[35.114762705194494,1.146421329583111]}"
2922,7.229727745056152,Trans Nzoia,1878.0,24.23043441772461,0.383727103471756,1303.348388671875,1.18258115255964,34.96665848223315,0.5304688811302185,1049.634765625,1.0,2024,7.229727745056152,"{""type"":""Point"",""coordinates"":[34.96665848223315,1.18258115255964]}"
2931,7.744958877563477,Trans Nzoia,1828.0,21.81304359436035,0.3395114839076996,1372.1785888671875,1.1201983884185769,34.972980424937155,0.4615025818347931,1015.1450805664062,1.0,2024,7.744958877563477,"{""type"":""Point"",""coordinates"":[34.972980424937155,1.1201983884185769]}"
2934,5.583146095275879,Trans Nzoia,2220.0,20.80869483947754,0.3590697646141052,1532.4256591796875,1.082412482365309,34.764945824860256,0.5115013718605042,888.1694946289062,1.0,2024,5.583146095275879,"{""type"":""Point"",""coordinates"":[34.764945824860256,1.082412482365309]}"
2937,6.541925430297852,Trans Nzoia,1891.0,24.647825241088867,0.30529528856277466,1472.4818115234375,1.0069331234469965,34.850306793530855,0.5065993070602417,914.8713989257812,1.0,2024,6.541925430297852,"{""type"":""Point"",""coordinates"":[34.850306793530855,1.0069331234469965]}"
2940,6.008810043334961,Trans Nzoia,1894.0,22.45652198791504,0.42414402961730957,1448.66259765625,1.048563517872357,35.18300108744557,0.5919654369354248,1005.9006958007812,1.0,2024,6.008810043334961,"{""type"":""Point"",""coordinates"":[35.18300108744557,1.048563517872357]}"
2942,6.613564968109131,Trans Nzoia,1851.0,22.717391967773438,0.32141655683517456,1339.5623779296875,0.9373363114749734,35.08822691988131,0.45950958132743835,951.3497924804688,1.0,2024,6.613564968109131,"{""type"":""Point"",""coordinates"":[35.08822691988131,0.9373363114749734]}"
2946,6.479679107666016,Trans Nzoia,1917.0,26.208696365356445,0.4044463038444519,1451.5164794921875,0.9273290911333146,34.83010742279778,0.5779539942741394,1004.1910400390625,1.0,2024,6.479679107666016,"{""type"":""Point"",""coordinates"":[34.83010742279778,0.9273290911333146]}"
2952,6.5516462326049805,Trans Nzoia,1986.0,25.943477630615234,0.36801573634147644,1532.4256591796875,1.0901810881981002,34.81149955854681,0.4566473662853241,813.836669921875,1.0,2024,6.5516462326049805,"{""type"":""Point"",""coordinates"":[34.81149955854681,1.0901810881981002]}"
2954,7.499289512634277,Trans Nzoia,1852.0,23.03913116455078,0.4248117506504059,1311.3265380859375,0.9651862655991145,34.99892872303588,0.5498316884040833,1077.162841796875,1.0,2024,7.499289512634277,"{""type"":""Point"",""coordinates"":[34.99892872303588,0.9651862655991145]}"
2955,7.2860283851623535,Trans Nzoia,1847.0,25.778261184692383,0.3909032940864563,1587.5098876953125,1.107945168432809,34.87574181327059,0.5071454644203186,896.3999633789062,1.0,2024,7.2860283851623535,"{""type"":""Point"",""coordinates"":[34.87574181327059,1.107945168432809]}"
2958,6.530279636383057,Trans Nzoia,1909.0,23.508695602416992,0.4002631604671478,1309.0179443359375,1.1441714738142175,35.08279373404966,0.5551134943962097,974.173583984375,1.0,2024,6.530279636383057,"{""type"":""Point"",""coordinates"":[35.08279373404966,1.1441714738142175]}"
2965,7.316625595092773,Trans Nzoia,1865.0,26.07391357421875,0.3784843683242798,1640.1566162109375,1.1742634421355296,34.87959751739341,0.5026567578315735,916.169677734375,1.0,2024,7.316625595092773,"{""type"":""Point"",""coordinates"":[34.87959751739341,1.1742634421355296]}"
2966,5.629316329956055,Trans Nzoia,2225.0,23.19130516052246,0.3075278401374817,1518.2637939453125,1.011959954858917,35.321542646859946,0.5247685313224792,1062.2413330078125,1.0,2024,5.629316329956055,"{""type"":""Point"",""coordinates"":[35.321542646859946,1.011959954858917]}"
2967,7.06575345993042,Trans Nzoia,2094.0,25.395652770996094,0.33593520522117615,1653.9757080078125,1.1995190492212724,34.76227333595626,0.5186337232589722,878.0504150390625,1.0,2024,7.06575345993042,"{""type"":""Point"",""coordinates"":[34.76227333595626,1.1995190492212724]}"
2972,5.11331844329834,Trans Nzoia,2092.0,22.986955642700195,0.3521203100681305,1518.2637939453125,0.9750964912417973,35.33999615563912,0.5031629204750061,1077.1812744140625,4.0,2024,5.11331844329834,"{""type"":""Point"",""coordinates"":[35.33999615563912,0.9750964912417973]}"
2973,6.186538219451904,Trans Nzoia,2143.0,23.07826042175293,0.35419976711273193,1532.4256591796875,1.1352945304284419,34.78096387844169,0.4334430694580078,876.7874755859375,1.0,2024,6.186538219451904,"{""type"":""Point"",""coordinates"":[34.78096387844169,1.1352945304284419]}"
2975,7.239906311035156,Trans Nzoia,1852.0,26.830434799194336,0.3678136169910431,1472.4818115234375,1.034437242270168,34.9266314355317,0.47991684079170227,963.7658081054688,1.0,2024,7.239906311035156,"{""type"":""Point"",""coordinates"":[34.9266314355317,1.034437242270168]}"
2983,7.452088356018066,Trans Nzoia,1839.0,23.03913116455078,0.38375362753868103,1587.5098876953125,1.1268959112369012,34.88936455398439,0.5851223468780518,896.3999633789062,1.0,2024,7.452088356018066,"{""type"":""Point"",""coordinates"":[34.88936455398439,1.1268959112369012]}"
2984,7.707746505737305,Trans Nzoia,1850.0,25.143478393554688,0.4266440272331238,1587.5098876953125,1.0936567725195319,34.946404428263236,0.5521904826164246,961.76513671875,1.0,2024,7.707746505737305,"{""type"":""Point"",""coordinates"":[34.946404428263236,1.0936567725195319]}"
2987,7.116002559661865,Trans Nzoia,1764.0,25.504348754882812,0.40412506461143494,1565.9140625,0.8681638734124387,34.894786904005144,0.5553018450737,1008.7085571289062,1.0,2024,7.116002559661865,"{""type"":""Point"",""coordinates"":[34.894786904005144,0.8681638734124387]}"
2991,6.480834484100342,Trans Nzoia,1993.0,26.065217971801758,0.42176973819732666,1415.5245361328125,0.9650942844594426,34.80755078620956,0.5245076417922974,959.7871704101562,1.0,2024,6.480834484100342,"{""type"":""Point"",""coordinates"":[34.80755078620956,0.9650942844594426]}"
2995,7.004180908203125,Trans Nzoia,1900.0,20.19565200805664,0.33035507798194885,1640.1566162109375,1.2371915118945602,34.93674681366252,0.44008660316467285,972.9393310546875,6.0,2024,7.004180908203125,"{""type"":""Point"",""coordinates"":[34.93674681366252,1.2371915118945602]}"
2996,6.864009857177734,Trans Nzoia,2059.0,19.747825622558594,0.29468512535095215,1653.9757080078125,1.1894115916865426,34.7865065752938,0.4209631681442261,878.0504150390625,1.0,2024,6.864009857177734,"{""type"":""Point"",""coordinates"":[34.7865065752938,1.1894115916865426]}"
2997,7.030787944793701,Trans Nzoia,2207.0,30.282608032226562,0.39118048548698425,1086.3765869140625,1.1950698138401554,34.73104870348892,0.6031399369239807,1033.228759765625,1.0,2024,7.030787944793701,"{""type"":""Point"",""coordinates"":[34.73104870348892,1.1950698138401554]}"
2998,6.375241756439209,Trans Nzoia,1875.0,21.591304779052734,0.32282403111457825,1463.1514892578125,0.9304226577041885,35.21061838904315,0.4701448678970337,1050.580810546875,4.0,2024,6.375241756439209,"{""type"":""Point"",""coordinates"":[35.21061838904315,0.9304226577041885]}"
3000,7.048274993896484,Trans Nzoia,1820.0,22.7608699798584,0.38374125957489014,1388.3951416015625,0.9334954697748894,35.03132126240063,0.5283990502357483,873.1403198242188,1.0,2024,7.048274993896484,"{""type"":""Point"",""coordinates"":[35.03132126240063,0.9334954697748894]}"
3001,6.407757759094238,Trans Nzoia,2098.0,26.30869483947754,0.32201823592185974,1415.5245361328125,1.0362887251381678,34.795955271035275,0.4261218309402466,954.0535278320312,1.0,2024,6.407757759094238,"{""type"":""Point"",""coordinates"":[34.795955271035275,1.0362887251381678]}"
3002,7.20707368850708,Trans Nzoia,1868.0,22.57391357421875,0.37520527839660645,1640.1566162109375,1.152671215849058,34.860800738096415,0.5210303068161011,916.169677734375,1.0,2024,7.20707368850708,"{""type"":""Point"",""coordinates"":[34.860800738096415,1.152671215849058]}"
3003,7.186982154846191,Trans Nzoia,1805.0,21.54347801208496,0.33640190958976746,1472.4818115234375,1.00456745491944,34.93428838145808,0.47147759795188904,963.7658081054688,4.0,2024,7.186982154846191,"{""type"":""Point"",""coordinates"":[34.93428838145808,1.00456745491944]}"
3006,6.586979866027832,Trans Nzoia,2212.0,25.15217399597168,0.3844887912273407,1653.9757080078125,1.1749739459540967,34.76252359523195,0.5589745044708252,878.0504150390625,1.0,2024,6.586979866027832,"{""type"":""Point"",""coordinates"":[34.76252359523195,1.1749739459540967]}"
3014,7.116280555725098,Trans Nzoia,1879.0,25.96521759033203,0.4101216495037079,1640.1566162109375,1.187333235240039,34.85067980763152,0.5076056122779846,916.169677734375,1.0,2024,7.116280555725098,"{""type"":""Point"",""coordinates"":[34.85067980763152,1.187333235240039]}"
3015,7.556803226470947,Trans Nzoia,1890.0,23.356521606445312,0.3131430149078369,1372.1785888671875,1.1227721662515582,35.02138002455659,0.46896108984947205,862.4269409179688,1.0,2024,7.556803226470947,"{""type"":""Point"",""coordinates"":[35.02138002455659,1.1227721662515582]}"
3016,7.70697546005249,Trans Nzoia,1842.0,24.265216827392578,0.3235236704349518,1372.1785888671875,1.1272523356206654,34.971276566336925,0.4830685257911682,1015.1450805664062,1.0,2024,7.70697546005249,"{""type"":""Point"",""coordinates"":[34.971276566336925,1.1272523356206654]}"
3023,7.212003707885742,Trans Nzoia,1803.0,21.930435180664062,0.35207855701446533,1472.4818115234375,1.0082280120953937,34.93518549390974,0.504188060760498,963.7658081054688,1.0,2024,7.212003707885742,"{""type"":""Point"",""coordinates"":[34.93518549390974,1.0082280120953937]}"
3024,7.3287458419799805,Trans Nzoia,1847.0,24.53913116455078,0.36967912316322327,1587.5098876953125,1.1241229127650139,34.87493958005811,0.48962780833244324,896.3999633789062,1.0,2024,7.3287458419799805,"{""type"":""Point"",""coordinates"":[34.87493958005811,1.1241229127650139]}"
3026,6.511288166046143,Trans Nzoia,1905.0,23.752174377441406,0.45954060554504395,1448.66259765625,0.9512948825697971,35.22829512220321,0.647642970085144,1047.075927734375,1.0,2024,6.511288166046143,"{""type"":""Point"",""coordinates"":[35.22829512220321,0.9512948825697971]}"
3027,7.169199466705322,Trans Nzoia,1779.0,23.46521759033203,0.36669912934303284,1565.9140625,0.8761593431329786,34.900629171258174,0.515636682510376,986.4015502929688,1.0,2024,7.169199466705322,"{""type"":""Point"",""coordinates"":[34.900629171258174,0.8761593431329786]}"
3029,7.429698944091797,Trans Nzoia,1821.0,23.12173843383789,0.3835393488407135,1388.3951416015625,0.9460335659862069,34.98519277850142,0.5294600129127502,1042.5777587890625,1.0,2024,7.429698944091797,"{""type"":""Point"",""coordinates"":[34.98519277850142,0.9460335659862069]}"
3032,6.977046012878418,Trans Nzoia,1869.0,25.069564819335938,0.35395559668540955,1327.4505615234375,0.9713901847570235,35.05985133541374,0.5476223230361938,994.4949951171875,1.0,2024,6.977046012878418,"{""type"":""Point"",""coordinates"":[35.05985133541374,0.9713901847570235]}"
3034,7.131561756134033,Trans Nzoia,1908.0,23.291303634643555,0.5225750207901001,1303.348388671875,1.2049519081167783,34.953889703372916,0.49703872203826904,1109.6043701171875,1.0,2024,7.131561756134033,"{""type"":""Point"",""coordinates"":[34.953889703372916,1.2049519081167783]}"
3035,6.889517307281494,Trans Nzoia,1951.0,22.5,0.37101465463638306,1653.9757080078125,1.1702830652100942,34.82524813119831,0.5225875377655029,878.5647583007812,1.0,2024,6.889517307281494,"{""type"":""Point"",""coordinates"":[34.82524813119831,1.1702830652100942]}"
3037,5.273568630218506,Trans Nzoia,2090.0,21.517391204833984,0.46949470043182373,1518.2637939453125,0.9718586773820642,35.33544110538355,0.6220455765724182,1077.1812744140625,1.0,2024,5.273568630218506,"{""type"":""Point"",""coordinates"":[35.33544110538355,0.9718586773820642]}"
3038,6.671967029571533,Trans Nzoia,1942.0,22.130434036254883,0.3169761002063751,1518.2637939453125,1.0017180617705315,35.2520136759832,0.509131669998169,994.1923217773438,1.0,2024,6.671967029571533,"{""type"":""Point"",""coordinates"":[35.2520136759832,1.0017180617705315]}"
3039,7.144448757171631,Trans Nzoia,1777.0,23.265216827392578,0.38136017322540283,1565.9140625,0.9035196670885389,34.90220541228484,0.5876982808113098,1008.7112426757812,1.0,2024,7.144448757171631,"{""type"":""Point"",""coordinates"":[34.90220541228484,0.9035196670885389]}"
3040,7.109745979309082,Trans Nzoia,1927.0,19.443477630615234,0.3811410069465637,1640.1566162109375,1.2206117594411776,34.9340143822311,0.5232776999473572,972.9393310546875,1.0,2024,7.109745979309082,"{""type"":""Point"",""coordinates"":[34.9340143822311,1.2206117594411776]}"
3045,7.479708671569824,Trans Nzoia,1892.0,23.23043441772461,0.32840460538864136,1303.348388671875,1.159691381981677,34.960972942564005,0.454388827085495,1049.634765625,1.0,2024,7.479708671569824,"{""type"":""Point"",""coordinates"":[34.960972942564005,1.159691381981677]}"
3053,7.77099609375,Trans Nzoia,1886.0,23.6130428314209,0.35521042346954346,1311.3265380859375,1.049188711380853,35.01451555056713,0.49401333928108215,895.3138427734375,1.0,2024,7.77099609375,"{""type"":""Point"",""coordinates"":[35.01451555056713,1.049188711380853]}"
3055,7.084882736206055,Trans Nzoia,1876.0,22.31739044189453,0.34086546301841736,1653.9757080078125,1.1961823903544861,34.84223345148875,0.5301498174667358,878.5647583007812,1.0,2024,7.084882736206055,"{""type"":""Point"",""coordinates"":[34.84223345148875,1.1961823903544861]}"
3060,7.309892654418945,Trans Nzoia,1771.0,22.46086883544922,0.37325790524482727,1565.9140625,0.9115828128429697,34.94127672838772,0.555713951587677,1008.7112426757812,1.0,2024,7.309892654418945,"{""type"":""Point"",""coordinates"":[34.94127672838772,0.9115828128429697]}"
3061,6.533728122711182,Trans Nzoia,1876.0,22.439130783081055,0.32295405864715576,1327.4505615234375,1.0355938969890643,35.09786160230913,0.4883158504962921,969.0385131835938,1.0,2024,6.533728122711182,"{""type"":""Point"",""coordinates"":[35.09786160230913,1.0355938969890643]}"
3066,6.654689788818359,Trans Nzoia,1940.0,22.604347229003906,0.34844088554382324,1518.2637939453125,1.0085305853076505,35.25120147272671,0.5462179780006409,994.1923217773438,1.0,2024,6.654689788818359,"{""type"":""Point"",""coordinates"":[35.25120147272671,1.0085305853076505]}"
3067,7.071707248687744,Trans Nzoia,1889.0,22.447826385498047,0.30640915036201477,1532.4256591796875,1.1443228983448273,34.84771103378645,0.36127352714538574,853.085205078125,1.0,2024,7.071707248687744,"{""type"":""Point"",""coordinates"":[34.84771103378645,1.1443228983448273]}"
3069,7.0160064697265625,Trans Nzoia,1884.0,20.830434799194336,0.3751244843006134,1640.1566162109375,1.2379305404519039,34.92500356512134,0.49444934725761414,972.9393310546875,4.0,2024,7.0160064697265625,"{""type"":""Point"",""coordinates"":[34.92500356512134,1.2379305404519039]}"
3070,7.4294514656066895,Trans Nzoia,1838.0,22.795652389526367,0.36603525280952454,1327.4505615234375,1.0485399377065245,35.05134703863939,0.5274104475975037,969.0385131835938,1.0,2024,7.4294514656066895,"{""type"":""Point"",""coordinates"":[35.05134703863939,1.0485399377065245]}"
3074,6.6269402503967285,Trans Nzoia,1919.0,26.81739044189453,0.42883291840553284,1303.348388671875,1.1809919029569869,35.024668405987796,0.6685252785682678,860.8521118164062,1.0,2024,6.6269402503967285,"{""type"":""Point"",""coordinates"":[35.024668405987796,1.1809919029569869]}"
3077,5.267381191253662,Trans Nzoia,2087.0,22.61739158630371,0.415123850107193,1518.2637939453125,0.953287858693134,35.34063218384203,0.5590916275978088,1077.1812744140625,4.0,2024,5.267381191253662,"{""type"":""Point"",""coordinates"":[35.34063218384203,0.953287858693134]}"
3081,5.881062030792236,Trans Nzoia,1921.0,22.743478775024414,0.3551539480686188,1362.5670166015625,1.0610174434276232,35.19493238944174,0.538066029548645,1080.9871826171875,1.0,2024,5.881062030792236,"{""type"":""Point"",""coordinates"":[35.19493238944174,1.0610174434276232]}"
3084,7.130135536193848,Trans Nzoia,1820.0,22.917390823364258,0.38571396470069885,1388.3951416015625,0.9473868269341803,35.03478505405406,0.5410098433494568,873.1403198242188,1.0,2024,7.130135536193848,"{""type"":""Point"",""coordinates"":[35.03478505405406,0.9473868269341803]}"
3085,7.113084316253662,Trans Nzoia,1795.0,24.473913192749023,0.321609765291214,1388.3951416015625,0.9318566102614326,35.02134630476096,0.4737023413181305,873.1403198242188,1.0,2024,7.113084316253662,"{""type"":""Point"",""coordinates"":[35.02134630476096,0.9318566102614326]}"
3087,6.832726001739502,Trans Nzoia,1778.0,26.46086883544922,0.35750341415405273,1565.9140625,0.8922463679310688,34.85529497749707,0.5936238765716553,1008.7085571289062,1.0,2024,6.832726001739502,"{""type"":""Point"",""coordinates"":[34.85529497749707,0.8922463679310688]}"
3090,6.631168842315674,Trans Nzoia,2032.0,24.54347801208496,0.32048356533050537,1532.4256591796875,1.0579404249579498,34.81533674827998,0.4712744951248169,813.836669921875,1.0,2024,6.631168842315674,"{""type"":""Point"",""coordinates"":[34.81533674827998,1.0579404249579498]}"
3093,6.887302398681641,Trans Nzoia,1986.0,24.286956787109375,0.36380070447921753,1303.348388671875,1.1593634200799035,35.03208027616085,0.5659782886505127,860.8521118164062,1.0,2024,6.887302398681641,"{""type"":""Point"",""coordinates"":[35.03208027616085,1.1593634200799035]}"
3094,7.152830123901367,Trans Nzoia,1864.0,28.747825622558594,0.3760516047477722,1472.4818115234375,1.0462145371764462,34.91175197667089,0.5182917714118958,963.7658081054688,1.0,2024,7.152830123901367,"{""type"":""Point"",""coordinates"":[34.91175197667089,1.0462145371764462]}"
3102,7.414366722106934,Trans Nzoia,1852.0,24.095651626586914,0.4151276648044586,1587.5098876953125,1.0633293924103118,34.925934935394515,0.4852801561355591,961.76513671875,1.0,2024,7.414366722106934,"{""type"":""Point"",""coordinates"":[34.925934935394515,1.0633293924103118]}"
3105,5.212696075439453,Trans Nzoia,2050.0,21.056522369384766,0.28684520721435547,1518.2637939453125,0.961770062855148,35.340588736898056,0.5008739829063416,1077.1812744140625,1.0,2024,5.212696075439453,"{""type"":""Point"",""coordinates"":[35.340588736898056,0.961770062855148]}"
3110,7.771873950958252,Trans Nzoia,1819.0,22.126087188720703,0.4101390540599823,1372.1785888671875,1.1136132563191807,34.97923618603844,0.6033892631530762,1015.1450805664062,1.0,2024,7.771873950958252,"{""type"":""Point"",""coordinates"":[34.97923618603844,1.1136132563191807]}"
3112,6.135117530822754,Trans Nzoia,1857.0,24.013044357299805,0.41888606548309326,1327.4505615234375,0.9657079714190454,35.13225316818558,0.5720412135124207,1042.0404052734375,1.0,2024,6.135117530822754,"{""type"":""Point"",""coordinates"":[35.13225316818558,0.9657079714190454]}"
3113,6.641650676727295,Trans Nzoia,1913.0,25.569564819335938,0.3204489052295685,1518.2637939453125,0.956342950161569,35.26807742050745,0.47260841727256775,998.7577514648438,1.0,2024,6.641650676727295,"{""type"":""Point"",""coordinates"":[35.26807742050745,0.956342950161569]}"
3116,6.603360652923584,Trans Nzoia,1817.0,24.517391204833984,0.33828794956207275,1327.4505615234375,0.9612412792279194,35.08501549530657,0.5260744094848633,994.4949951171875,1.0,2024,6.603360652923584,"{""type"":""Point"",""coordinates"":[35.08501549530657,0.9612412792279194]}"
3117,7.38911247253418,Trans Nzoia,1843.0,22.7608699798584,0.3922136127948761,1587.5098876953125,1.1237532706180033,34.882112180185835,0.5540339350700378,896.3999633789062,1.0,2024,7.38911247253418,"{""type"":""Point"",""coordinates"":[34.882112180185835,1.1237532706180033]}"
3118,6.437135696411133,Trans Nzoia,1790.0,26.013044357299805,0.46124404668807983,1472.4818115234375,0.9564351856098858,34.861244494372336,0.7017822861671448,941.492431640625,1.0,2024,6.437135696411133,"{""type"":""Point"",""coordinates"":[34.861244494372336,0.9564351856098858]}"
3120,6.384850025177002,Trans Nzoia,1901.0,21.169565200805664,0.3418148159980774,1619.9417724609375,0.9186170926328466,35.29736252855368,0.44746044278144836,978.35693359375,1.0,2024,6.384850025177002,"{""type"":""Point"",""coordinates"":[35.29736252855368,0.9186170926328466]}"
3122,5.761771202087402,Trans Nzoia,1912.0,24.7391300201416,0.4657491445541382,1362.5670166015625,1.0762225719817087,35.21951996874362,0.6775640845298767,1157.1868896484375,1.0,2024,5.761771202087402,"{""type"":""Point"",""coordinates"":[35.21951996874362,1.0762225719817087]}"
3123,7.387284755706787,Trans Nzoia,1858.0,22.743478775024414,-0.19824732840061188,1587.5098876953125,1.145188281256603,34.880174688101626,0.40595242381095886,896.3999633789062,1.0,2024,7.387284755706787,"{""type"":""Point"",""coordinates"":[34.880174688101626,1.145188281256603]}"
3128,6.79643440246582,Trans Nzoia,1972.0,23.57391357421875,0.3818907141685486,1532.4256591796875,1.1348541999254618,34.82598489296272,0.5120688080787659,853.085205078125,4.0,2024,6.79643440246582,"{""type"":""Point"",""coordinates"":[34.82598489296272,1.1348541999254618]}"
3129,7.667598724365234,Trans Nzoia,1848.0,24.821739196777344,0.3723810613155365,1372.1785888671875,1.1303022647882346,34.97944490957099,0.5123418569564819,1015.1450805664062,1.0,2024,7.667598724365234,"{""type"":""Point"",""coordinates"":[34.97944490957099,1.1303022647882346]}"
3132,7.177969932556152,Trans Nzoia,1843.0,19.1130428314209,0.33276522159576416,1653.9757080078125,1.238275081414856,34.84659670852291,0.5118860006332397,881.7891235351562,4.0,2024,7.177969932556152,"{""type"":""Point"",""coordinates"":[34.84659670852291,1.238275081414856]}"
3133,6.813864707946777,Trans Nzoia,1895.0,23.96521759033203,0.3660402297973633,1309.0179443359375,1.0531576951373325,35.08715297447689,0.5279980301856995,961.5752563476562,1.0,2024,6.813864707946777,"{""type"":""Point"",""coordinates"":[35.08715297447689,1.0531576951373325]}"
3136,6.4418487548828125,Trans Nzoia,1939.0,23.560869216918945,0.3881164789199829,1415.5245361328125,0.9576511420932418,34.833852302665754,0.6089228987693787,959.7871704101562,1.0,2024,6.4418487548828125,"{""type"":""Point"",""coordinates"":[34.833852302665754,0.9576511420932418]}"
3143,6.560800552368164,Trans Nzoia,1947.0,22.3869571685791,0.3155130445957184,1448.66259765625,1.023855810847779,35.237357546292536,0.4772791564464569,1040.30517578125,1.0,2024,6.560800552368164,"{""type"":""Point"",""coordinates"":[35.237357546292536,1.023855810847779]}"
3144,6.950826644897461,Trans Nzoia,1895.0,22.73043441772461,0.2516174912452698,1309.0179443359375,1.069265112528402,35.083623995719854,0.4402588903903961,961.5752563476562,1.0,2024,6.950826644897461,"{""type"":""Point"",""coordinates"":[35.083623995719854,1.069265112528402]}"
3145,6.448675155639648,Trans Nzoia,1876.0,22.717391967773438,0.342337965965271,1415.5245361328125,0.966661878294394,34.83352658058671,0.545952320098877,959.7871704101562,1.0,2024,6.448675155639648,"{""type"":""Point"",""coordinates"":[34.83352658058671,0.966661878294394]}"
3146,6.444737911224365,Trans Nzoia,1937.0,22.004348754882812,0.38627535104751587,1303.348388671875,1.1991686454744654,35.02408583120911,0.5229390859603882,860.8521118164062,1.0,2024,6.444737911224365,"{""type"":""Point"",""coordinates"":[35.02408583120911,1.1991686454744654]}"
3147,6.428811550140381,Trans Nzoia,1892.0,23.395652770996094,0.3672102987766266,1415.5245361328125,0.9596499118199392,34.84129638648134,0.5907465815544128,959.7871704101562,1.0,2024,6.428811550140381,"{""type"":""Point"",""coordinates"":[34.84129638648134,0.9596499118199392]}"
3152,7.400278091430664,Trans Nzoia,1989.0,22.92173957824707,0.3902670443058014,1303.348388671875,1.1531704832521874,34.98690447660934,0.502362847328186,1049.634765625,1.0,2024,7.400278091430664,"{""type"":""Point"",""coordinates"":[34.98690447660934,1.1531704832521874]}"
3153,6.396904468536377,Trans Nzoia,1938.0,22.556522369384766,0.3332271873950958,1217.0069580078125,1.1702780173160725,35.05586541913294,0.4636540412902832,1066.3682861328125,1.0,2024,6.396904468536377,"{""type"":""Point"",""coordinates"":[35.05586541913294,1.1702780173160725]}"
3154,7.227075576782227,Trans Nzoia,1821.0,23.060869216918945,0.38977178931236267,1327.4505615234375,1.034808942788654,35.06014280898629,0.5838618874549866,969.0385131835938,1.0,2024,7.227075576782227,"{""type"":""Point"",""coordinates"":[35.06014280898629,1.034808942788654]}"
3158,7.762803077697754,Trans Nzoia,1829.0,24.83478355407715,0.4035312831401825,1372.1785888671875,1.0916480295312834,35.02012904594921,0.5522817969322205,885.8496704101562,1.0,2024,7.762803077697754,"{""type"":""Point"",""coordinates"":[35.02012904594921,1.0916480295312834]}"
3159,6.7258195877075195,Trans Nzoia,1941.0,22.92173957824707,0.3590618371963501,1303.348388671875,1.1948544735263475,35.00399683451441,0.5468453764915466,860.8521118164062,1.0,2024,6.7258195877075195,"{""type"":""Point"",""coordinates"":[35.00399683451441,1.1948544735263475]}"
3162,7.244162559509277,Trans Nzoia,1773.0,21.53478240966797,0.3532226085662842,1565.9140625,0.8909137134473231,34.93126279890444,0.5560195446014404,986.4015502929688,1.0,2024,7.244162559509277,"{""type"":""Point"",""coordinates"":[34.93126279890444,0.8909137134473231]}"
3165,7.1295270919799805,Trans Nzoia,1795.0,22.65217399597168,0.4114537239074707,1472.4818115234375,0.9564400840003855,34.93277044963533,0.5795105695724487,984.7139892578125,1.0,2024,7.1295270919799805,"{""type"":""Point"",""coordinates"":[34.93277044963533,0.9564400840003855]}"
3167,6.642974853515625,Trans Nzoia,2038.0,22.243478775024414,0.3115887939929962,1532.4256591796875,1.1351673034228589,34.81427415838218,0.45973318815231323,853.085205078125,1.0,2024,6.642974853515625,"{""type"":""Point"",""coordinates"":[34.81427415838218,1.1351673034228589]}"
3169,6.954300403594971,Trans Nzoia,1886.0,22.865217208862305,0.4380982220172882,1309.0179443359375,1.1062939583068139,35.08300703563915,0.67563396692276,974.173583984375,1.0,2024,6.954300403594971,"{""type"":""Point"",""coordinates"":[35.08300703563915,1.1062939583068139]}"
3172,6.3415679931640625,Trans Nzoia,1883.0,22.2391300201416,0.3195343017578125,1448.66259765625,1.005693747160591,35.196394403055464,0.5108212232589722,1005.9006958007812,1.0,2024,6.3415679931640625,"{""type"":""Point"",""coordinates"":[35.196394403055464,1.005693747160591]}"
3173,6.987102031707764,Trans Nzoia,1888.0,22.22608757019043,0.39261308312416077,1309.0179443359375,1.0540226803045072,35.07769670721502,0.5441513657569885,961.5752563476562,1.0,2024,6.987102031707764,"{""type"":""Point"",""coordinates"":[35.07769670721502,1.0540226803045072]}"
3177,6.911036968231201,Trans Nzoia,1896.0,19.713043212890625,0.3691430687904358,1303.348388671875,1.2376128663030819,34.966347216496864,0.5297936201095581,1109.6043701171875,6.0,2024,6.911036968231201,"{""type"":""Point"",""coordinates"":[34.966347216496864,1.2376128663030819]}"
3178,7.726768970489502,Trans Nzoia,1830.0,23.056522369384766,0.21448777616024017,1587.5098876953125,1.1189632264442468,34.94943101063203,0.33661046624183655,960.1989135742188,4.0,2024,7.726768970489502,"{""type"":""Point"",""coordinates"":[34.94943101063203,1.1189632264442468]}"
3179,7.331010818481445,Trans Nzoia,1813.0,23.147825241088867,0.3496367931365967,1472.4818115234375,0.9987320078872962,34.94696378879834,0.49528148770332336,984.7139892578125,1.0,2024,7.331010818481445,"{""type"":""Point"",""coordinates"":[34.94696378879834,0.9987320078872962]}"
3182,7.120393753051758,Trans Nzoia,1768.0,25.139129638671875,0.3588738739490509,1388.3951416015625,0.8885668356750489,34.96079584071203,0.5624165534973145,985.6636352539062,1.0,2024,7.120393753051758,"{""type"":""Point"",""coordinates"":[34.96079584071203,0.8885668356750489]}"
3183,6.501976013183594,Trans Nzoia,1991.0,24.082609176635742,0.28979986906051636,1415.5245361328125,0.9752881379604528,34.81140786539765,0.43266505002975464,959.7871704101562,1.0,2024,6.501976013183594,"{""type"":""Point"",""coordinates"":[34.81140786539765,0.9752881379604528]}"
3191,6.438806056976318,Trans Nzoia,1839.0,26.734783172607422,0.4592277705669403,1472.4818115234375,0.9868438245270467,34.86290830892088,0.6312503218650818,941.492431640625,1.0,2024,6.438806056976318,"{""type"":""Point"",""coordinates"":[34.86290830892088,0.9868438245270467]}"
3194,7.369285583496094,Trans Nzoia,1852.0,20.517391204833984,0.4009365141391754,1640.1566162109375,1.1862253860192415,34.91537032267592,0.5175667405128479,964.7963256835938,1.0,2024,7.369285583496094,"{""type"":""Point"",""coordinates"":[34.91537032267592,1.1862253860192415]}"
3195,7.29045295715332,Trans Nzoia,1877.0,24.8869571685791,0.35643404722213745,1640.1566162109375,1.1809983425428436,34.87855009693681,0.48629048466682434,916.169677734375,1.0,2024,7.29045295715332,"{""type"":""Point"",""coordinates"":[34.87855009693681,1.1809983425428436]}"
3202,6.816339492797852,Trans Nzoia,1887.0,25.03913116455078,0.43508750200271606,1532.4256591796875,1.1158917363427536,34.830287639093235,0.5129134058952332,853.085205078125,1.0,2024,6.816339492797852,"{""type"":""Point"",""coordinates"":[34.830287639093235,1.1158917363427536]}"
3206,6.051999092102051,Trans Nzoia,1884.0,22.365217208862305,0.33399534225463867,1448.66259765625,1.0143094026963342,35.1560077501691,0.5526085495948792,1005.9006958007812,1.0,2024,6.051999092102051,"{""type"":""Point"",""coordinates"":[35.1560077501691,1.0143094026963342]}"
3207,5.9662556648254395,Trans Nzoia,2390.0,23.995651245117188,0.41087910532951355,1227.42041015625,0.9411221745872251,34.744024811736594,0.5392873287200928,1105.9439697265625,4.0,2024,5.9662556648254395,"{""type"":""Point"",""coordinates"":[34.744024811736594,0.9411221745872251]}"
3208,7.206183433532715,Trans Nzoia,1924.0,22.991304397583008,0.383914589881897,1640.1566162109375,1.201286315601206,34.943970670499574,0.5151457190513611,972.9393310546875,1.0,2024,7.206183433532715,"{""type"":""Point"",""coordinates"":[34.943970670499574,1.201286315601206]}"
3210,7.364336013793945,Trans Nzoia,1783.0,26.504348754882812,0.40851113200187683,1388.3951416015625,0.9246231828769468,34.962010975521416,0.5603956580162048,1042.5777587890625,1.0,2024,7.364336013793945,"{""type"":""Point"",""coordinates"":[34.962010975521416,0.9246231828769468]}"
3212,6.268866062164307,Trans Nzoia,1871.0,23.626087188720703,0.3643055260181427,1309.0179443359375,1.0547995554445144,35.119610328788525,0.5129945874214172,1033.5059814453125,1.0,2024,6.268866062164307,"{""type"":""Point"",""coordinates"":[35.119610328788525,1.0547995554445144]}"
3220,7.40519905090332,Trans Nzoia,1835.0,22.77391242980957,0.37106749415397644,1311.3265380859375,0.9592216768185385,35.011058807780216,0.5314940214157104,943.7447509765625,1.0,2024,7.40519905090332,"{""type"":""Point"",""coordinates"":[35.011058807780216,0.9592216768185385]}"
3222,6.083901405334473,Trans Nzoia,1895.0,24.68695640563965,0.3590092957019806,1327.4505615234375,0.9835284223192757,35.130262940653466,0.5206485390663147,1042.0404052734375,4.0,2024,6.083901405334473,"{""type"":""Point"",""coordinates"":[35.130262940653466,0.9835284223192757]}"
3223,7.828023910522461,Trans Nzoia,1830.0,23.39130401611328,0.3356354236602783,1372.1785888671875,1.066808570182993,34.990010033917,0.4622381329536438,1014.598876953125,1.0,2024,7.828023910522461,"{""type"":""Point"",""coordinates"":[34.990010033917,1.066808570182993]}"
3224,6.510180950164795,Trans Nzoia,1952.0,24.013044357299805,0.3770056366920471,1518.2637939453125,1.0325286913416505,35.26671589982532,0.5901415348052979,994.1923217773438,1.0,2024,6.510180950164795,"{""type"":""Point"",""coordinates"":[35.26671589982532,1.0325286913416505]}"
3225,6.891023635864258,Trans Nzoia,1800.0,22.53043556213379,0.3704186677932739,1472.4818115234375,0.9975130630657923,34.91397675716219,0.5335650444030762,984.7139892578125,1.0,2024,6.891023635864258,"{""type"":""Point"",""coordinates"":[34.91397675716219,0.9975130630657923]}"
3227,7.430030822753906,Trans Nzoia,1876.0,23.130434036254883,0.40040308237075806,1309.0179443359375,1.0802804296601503,35.05647293741881,0.5813246369361877,961.5752563476562,1.0,2024,7.430030822753906,"{""type"":""Point"",""coordinates"":[35.05647293741881,1.0802804296601503]}"
3229,6.2964911460876465,Trans Nzoia,1864.0,22.717391967773438,0.38765352964401245,1463.1514892578125,0.9362558943120743,35.17335050868243,0.5486057996749878,999.2210693359375,1.0,2024,6.2964911460876465,"{""type"":""Point"",""coordinates"":[35.17335050868243,0.9362558943120743]}"
3231,6.052942752838135,Trans Nzoia,1871.0,23.356521606445312,0.34676146507263184,1327.4505615234375,1.0214112932478139,35.136633040976115,0.49679896235466003,1019.4813842773438,1.0,2024,6.052942752838135,"{""type"":""Point"",""coordinates"":[35.136633040976115,1.0214112932478139]}"
3233,7.0073137283325195,Trans Nzoia,1974.0,22.908695220947266,0.3771527111530304,1303.348388671875,1.214753508174623,34.96363402470133,0.550600528717041,1109.6043701171875,1.0,2024,7.0073137283325195,"{""type"":""Point"",""coordinates"":[34.96363402470133,1.214753508174623]}"
3235,7.414218902587891,Trans Nzoia,1775.0,18.373912811279297,0.2560727596282959,1854.9388427734375,1.2584647581476445,34.82131283914458,0.3677910268306732,855.2916870117188,4.0,2024,7.414218902587891,"{""type"":""Point"",""coordinates"":[34.82131283914458,1.2584647581476445]}"
3237,6.808413982391357,Trans Nzoia,1778.0,23.517391204833984,0.37900927662849426,1687.8226318359375,0.8372289574471118,34.87049640661318,0.5359811186790466,988.6344604492188,1.0,2024,6.808413982391357,"{""type"":""Point"",""coordinates"":[34.87049640661318,0.8372289574471118]}"
3239,6.304085731506348,Trans Nzoia,2196.0,23.54347801208496,0.4310965836048126,1518.2637939453125,1.0309991274460657,35.29047582510629,0.539640486240387,994.1923217773438,1.0,2024,6.304085731506348,"{""type"":""Point"",""coordinates"":[35.29047582510629,1.0309991274460657]}"
3241,7.040460586547852,Trans Nzoia,1844.0,25.091304779052734,0.3262529969215393,1327.4505615234375,0.9915447140810865,35.060813355426376,0.5172791481018066,994.4949951171875,1.0,2024,7.040460586547852,"{""type"":""Point"",""coordinates"":[35.060813355426376,0.9915447140810865]}"
3246,7.14536714553833,Trans Nzoia,1827.0,18.65217399597168,0.3080635666847229,1640.1566162109375,1.2487457864031648,34.85402858482389,0.4158376157283783,915.8572387695312,6.0,2024,7.14536714553833,"{""type"":""Point"",""coordinates"":[34.85402858482389,1.2487457864031648]}"
3249,7.662014484405518,Trans Nzoia,1852.0,20.88260841369629,0.407355397939682,1372.1785888671875,1.135707516465903,34.96072603874279,0.5598387718200684,1015.1450805664062,1.0,2024,7.662014484405518,"{""type"":""Point"",""coordinates"":[34.96072603874279,1.135707516465903]}"
3251,7.070629596710205,Trans Nzoia,1895.0,20.356521606445312,0.37585410475730896,1640.1566162109375,1.2333754785615734,34.89925706323932,0.48334676027297974,915.8572387695312,6.0,2024,7.070629596710205,"{""type"":""Point"",""coordinates"":[34.89925706323932,1.2333754785615734]}"
3252,6.74410343170166,Trans Nzoia,2046.0,23.0,0.4271817207336426,1653.9757080078125,1.175599166346366,34.80133108501232,0.5143133997917175,878.5647583007812,1.0,2024,6.74410343170166,"{""type"":""Point"",""coordinates"":[34.80133108501232,1.175599166346366]}"
3259,6.594052791595459,Trans Nzoia,1791.0,22.45652198791504,0.38533976674079895,1472.4818115234375,0.9641629452982263,34.891532825466385,0.5209300518035889,941.492431640625,1.0,2024,6.594052791595459,"{""type"":""Point"",""coordinates"":[34.891532825466385,0.9641629452982263]}"
3262,7.074096202850342,Trans Nzoia,1799.0,18.704347610473633,0.23773203790187836,1640.1566162109375,1.2359061915264407,34.88300606828003,0.3464299738407135,915.8572387695312,6.0,2024,7.074096202850342,"{""type"":""Point"",""coordinates"":[34.88300606828003,1.2359061915264407]}"
3263,6.823855400085449,Trans Nzoia,1803.0,24.73043441772461,0.41391250491142273,1472.4818115234375,1.0041897310295527,34.907367255898706,0.6499621272087097,963.7658081054688,1.0,2024,6.823855400085449,"{""type"":""Point"",""coordinates"":[34.907367255898706,1.0041897310295527]}"
3267,6.962644577026367,Trans Nzoia,1879.0,24.8869571685791,0.3861876428127289,1472.4818115234375,1.0468063643344858,34.889764458561004,0.5234609246253967,914.8713989257812,1.0,2024,6.962644577026367,"{""type"":""Point"",""coordinates"":[34.889764458561004,1.0468063643344858]}"
3268,7.032102584838867,Trans Nzoia,1843.0,22.552173614501953,0.4336737394332886,1472.4818115234375,1.011326496902915,34.92096762391546,0.5855759978294373,963.7658081054688,1.0,2024,7.032102584838867,"{""type"":""Point"",""coordinates"":[34.92096762391546,1.011326496902915]}"
3270,7.232220649719238,Trans Nzoia,1870.0,21.056522369384766,0.3517276346683502,1653.9757080078125,1.2308146497842904,34.8288050485804,0.4419795274734497,881.7891235351562,1.0,2024,7.232220649719238,"{""type"":""Point"",""coordinates"":[34.8288050485804,1.2308146497842904]}"
3271,6.8717803955078125,Trans Nzoia,1710.0,25.19130516052246,0.32672086358070374,1565.9140625,0.8516279506649798,34.90961706111341,0.4779932200908661,986.4015502929688,1.0,2024,6.8717803955078125,"{""type"":""Point"",""coordinates"":[34.90961706111341,0.8516279506649798]}"
3272,6.420723915100098,Trans Nzoia,2063.0,23.46521759033203,0.4281782805919647,1451.5164794921875,0.9405185461608776,34.802747530289025,0.5203315019607544,1004.1910400390625,1.0,2024,6.420723915100098,"{""type"":""Point"",""coordinates"":[34.802747530289025,0.9405185461608776]}"
3273,6.36086893081665,Trans Nzoia,1830.0,24.004348754882812,0.35996681451797485,1339.5623779296875,0.9358017637061221,35.13983498931739,0.5194714665412903,964.28857421875,1.0,2024,6.36086893081665,"{""type"":""Point"",""coordinates"":[35.13983498931739,0.9358017637061221]}"
3276,7.389923095703125,Trans Nzoia,1844.0,25.604347229003906,0.4262858033180237,1587.5098876953125,1.1084979842911196,34.888530359258965,0.5761458277702332,896.3999633789062,1.0,2024,7.389923095703125,"{""type"":""Point"",""coordinates"":[34.888530359258965,1.1084979842911196]}"
3277,5.524402141571045,Trans Nzoia,1896.0,25.660869598388672,0.3271431028842926,1217.0069580078125,1.1706568718554506,35.12965441871529,0.46196332573890686,1211.0057373046875,1.0,2024,5.524402141571045,"{""type"":""Point"",""coordinates"":[35.12965441871529,1.1706568718554506]}"
3279,4.85753059387207,Trans Nzoia,2592.0,24.217391967773438,0.4302517771720886,897.6917114257812,1.1135377521806105,34.7288594739969,0.6981112957000732,1047.058837890625,4.0,2024,4.85753059387207,"{""type"":""Point"",""coordinates"":[34.7288594739969,1.1135377521806105]}"
3280,6.323781967163086,Trans Nzoia,1864.0,22.160869598388672,0.37065598368644714,1463.1514892578125,0.9322014773534271,35.17428275410758,0.5375530123710632,999.2210693359375,1.0,2024,6.323781967163086,"{""type"":""Point"",""coordinates"":[35.17428275410758,0.9322014773534271]}"
3281,6.872520923614502,Trans Nzoia,1759.0,22.03478240966797,0.4034721553325653,1565.9140625,0.8659623581587063,34.85133872142192,0.5867265462875366,1008.7085571289062,1.0,2024,6.872520923614502,"{""type"":""Point"",""coordinates"":[34.85133872142192,0.8659623581587063]}"
3283,7.150859355926514,Trans Nzoia,1891.0,18.256521224975586,0.30328086018562317,1653.9757080078125,1.2223029835576724,34.845587387985255,0.45888587832450867,881.7891235351562,1.0,2024,7.150859355926514,"{""type"":""Point"",""coordinates"":[34.845587387985255,1.2223029835576724]}"
3285,5.66801118850708,Trans Nzoia,2593.0,28.821739196777344,0.5014524459838867,897.6917114257812,1.1387137859269172,34.74117700119719,0.7046838402748108,1047.058837890625,4.0,2024,5.66801118850708,"{""type"":""Point"",""coordinates"":[34.74117700119719,1.1387137859269172]}"
3286,7.159104347229004,Trans Nzoia,1827.0,21.478260040283203,0.40596428513526917,1388.3951416015625,0.9197906361969985,34.999753100574104,0.5578901171684265,1042.5777587890625,1.0,2024,7.159104347229004,"{""type"":""Point"",""coordinates"":[34.999753100574104,0.9197906361969985]}"
3287,7.127962589263916,Trans Nzoia,1911.0,21.369565963745117,0.42431092262268066,1653.9757080078125,1.2130476736776654,34.81997310593832,0.47320428490638733,881.7891235351562,1.0,2024,7.127962589263916,"{""type"":""Point"",""coordinates"":[34.81997310593832,1.2130476736776654]}"
3289,6.671812534332275,Trans Nzoia,1737.0,23.234783172607422,0.3608172535896301,1605.135986328125,0.8470142630305679,34.830848647958724,0.5118506550788879,968.0701904296875,1.0,2024,6.671812534332275,"{""type"":""Point"",""coordinates"":[34.830848647958724,0.8470142630305679]}"
3290,6.484841346740723,Trans Nzoia,1968.0,26.03043556213379,0.4022198021411896,1415.5245361328125,0.9682303482272077,34.815543192277325,0.5175238847732544,959.7871704101562,1.0,2024,6.484841346740723,"{""type"":""Point"",""coordinates"":[34.815543192277325,0.9682303482272077]}"
3292,6.539148807525635,Trans Nzoia,1864.0,22.96086883544922,0.42841029167175293,1327.4505615234375,1.024549714240099,35.09474227488883,0.5932120084762573,969.0385131835938,1.0,2024,6.539148807525635,"{""type"":""Point"",""coordinates"":[35.09474227488883,1.024549714240099]}"
3297,6.138643264770508,Trans Nzoia,1889.0,25.65217399597168,0.48130449652671814,1309.0179443359375,1.0809478400019916,35.13030317071819,0.6965329051017761,1033.5059814453125,1.0,2024,6.138643264770508,"{""type"":""Point"",""coordinates"":[35.13030317071819,1.0809478400019916]}"
3298,7.578105926513672,Trans Nzoia,1875.0,23.04347801208496,0.32885435223579407,1372.1785888671875,1.1242703442744981,35.01538319748075,0.48384034633636475,862.4269409179688,1.0,2024,7.578105926513672,"{""type"":""Point"",""coordinates"":[35.01538319748075,1.1242703442744981]}"
3302,7.299477577209473,Trans Nzoia,1836.0,21.991304397583008,0.39919254183769226,1472.4818115234375,0.9578539902874469,34.94772509237146,0.5689418315887451,984.7139892578125,1.0,2024,7.299477577209473,"{""type"":""Point"",""coordinates"":[34.94772509237146,0.9578539902874469]}"
3303,7.252649307250977,Trans Nzoia,1852.0,22.895652770996094,0.3841492235660553,1640.1566162109375,1.2021896772354372,34.90086489125463,0.5496332049369812,972.9393310546875,1.0,2024,7.252649307250977,"{""type"":""Point"",""coordinates"":[34.90086489125463,1.2021896772354372]}"
3308,7.370728492736816,Trans Nzoia,1869.0,23.96086883544922,0.3686482310295105,1640.1566162109375,1.1846192963285702,34.93248156484832,0.49744588136672974,964.7963256835938,1.0,2024,7.370728492736816,"{""type"":""Point"",""coordinates"":[34.93248156484832,1.1846192963285702]}"
3309,7.208750247955322,Trans Nzoia,1881.0,26.095651626586914,0.39003893733024597,1640.1566162109375,1.175516564702931,34.86357539223279,0.5094793438911438,916.169677734375,1.0,2024,7.208750247955322,"{""type"":""Point"",""coordinates"":[34.86357539223279,1.175516564702931]}"
3311,7.394554615020752,Trans Nzoia,1836.0,22.600000381469727,0.350197434425354,1587.5098876953125,1.072180097100115,34.91689038132084,0.5358175039291382,961.76513671875,1.0,2024,7.394554615020752,"{""type"":""Point"",""coordinates"":[34.91689038132084,1.072180097100115]}"
3312,7.7457499504089355,Trans Nzoia,1848.0,24.591304779052734,0.33060672879219055,1372.1785888671875,1.0863941147758878,34.957685066239435,0.4966122806072235,1014.598876953125,1.0,2024,7.7457499504089355,"{""type"":""Point"",""coordinates"":[34.957685066239435,1.0863941147758878]}"
3316,6.102870941162109,Trans Nzoia,2250.0,23.33478355407715,0.361085444688797,1518.2637939453125,0.9924505299814996,35.30415237668752,0.5681021213531494,1077.1812744140625,1.0,2024,6.102870941162109,"{""type"":""Point"",""coordinates"":[35.30415237668752,0.9924505299814996]}"
3317,7.577304840087891,Trans Nzoia,1835.0,22.360870361328125,0.3309437930583954,1587.5098876953125,1.109782254660679,34.913998386014164,0.48957380652427673,960.1989135742188,1.0,2024,7.577304840087891,"{""type"":""Point"",""coordinates"":[34.913998386014164,1.109782254660679]}"
3318,6.579242706298828,Trans Nzoia,1734.0,22.18260955810547,0.44786256551742554,1605.135986328125,0.8394543881629274,34.81929191892377,0.6993009448051453,968.0701904296875,1.0,2024,6.579242706298828,"{""type"":""Point"",""coordinates"":[34.81929191892377,0.8394543881629274]}"
3323,7.771873950958252,Trans Nzoia,1819.0,22.126087188720703,0.4101390540599823,1372.1785888671875,1.113858206345765,34.97873776209617,0.6033892631530762,1015.1450805664062,1.0,2024,7.771873950958252,"{""type"":""Point"",""coordinates"":[34.97873776209617,1.113858206345765]}"
3324,6.948966026306152,Trans Nzoia,1878.0,22.22608757019043,0.3120945394039154,1309.0179443359375,1.056815581769817,35.080192556258275,0.47230589389801025,961.5752563476562,1.0,2024,6.948966026306152,"{""type"":""Point"",""coordinates"":[35.080192556258275,1.056815581769817]}"
3326,6.833186626434326,Trans Nzoia,1829.0,23.065217971801758,0.44015854597091675,1388.3951416015625,0.9223078164785975,35.04630312058202,0.5539124608039856,873.1403198242188,1.0,2024,6.833186626434326,"{""type"":""Point"",""coordinates"":[35.04630312058202,0.9223078164785975]}"
3333,6.108699798583984,Trans Nzoia,1968.0,23.413043975830078,0.25565868616104126,1619.9417724609375,0.9243436419234529,35.31633837590953,0.39145228266716003,992.7603759765625,4.0,2024,6.108699798583984,"{""type"":""Point"",""coordinates"":[35.31633837590953,0.9243436419234529]}"
3335,6.999840259552002,Trans Nzoia,1773.0,23.352174758911133,0.4042609632015228,1565.9140625,0.9364115882207906,34.912927795686436,0.5340648293495178,1008.7112426757812,1.0,2024,6.999840259552002,"{""type"":""Point"",""coordinates"":[34.912927795686436,0.9364115882207906]}"
3339,6.92921257019043,Trans Nzoia,1840.0,24.752174377441406,0.34896281361579895,1339.5623779296875,0.9466072598917199,35.05479147854584,0.5276176929473877,951.3497924804688,1.0,2024,6.92921257019043,"{""type"":""Point"",""coordinates"":[35.05479147854584,0.9466072598917199]}"
3342,6.494248390197754,Trans Nzoia,1990.0,24.282608032226562,0.3917718231678009,1518.2637939453125,0.9584416393141454,35.28717589311246,0.5219663381576538,998.7577514648438,1.0,2024,6.494248390197754,"{""type"":""Point"",""coordinates"":[35.28717589311246,0.9584416393141454]}"
3348,7.168204307556152,Trans Nzoia,1789.0,24.62173843383789,0.4492560029029846,1565.9140625,0.908296204610006,34.90950069345762,0.5828486084938049,1008.7112426757812,1.0,2024,7.168204307556152,"{""type"":""Point"",""coordinates"":[34.90950069345762,0.908296204610006]}"
3353,6.083117485046387,Trans Nzoia,1872.0,24.39130401611328,0.3730446994304657,1448.66259765625,1.0132930893261507,35.163293370956964,0.6001962423324585,1005.9006958007812,1.0,2024,6.083117485046387,"{""type"":""Point"",""coordinates"":[35.163293370956964,1.0132930893261507]}"
3355,7.49612283706665,Trans Nzoia,1834.0,24.204347610473633,0.360291451215744,1311.3265380859375,1.0114486462940704,34.958656401542555,0.46119651198387146,1003.5731201171875,1.0,2024,7.49612283706665,"{""type"":""Point"",""coordinates"":[34.958656401542555,1.0114486462940704]}"
3358,6.832379341125488,Trans Nzoia,1759.0,24.147825241088867,0.48631539940834045,1687.8226318359375,0.843955398657959,34.89337110589255,0.6267322301864624,988.6344604492188,1.0,2024,6.832379341125488,"{""type"":""Point"",""coordinates"":[34.89337110589255,0.843955398657959]}"
3361,7.003460884094238,Trans Nzoia,1921.0,22.221738815307617,0.3507891595363617,1532.4256591796875,1.1382035647865691,34.84290379877503,0.45323246717453003,853.085205078125,1.0,2024,7.003460884094238,"{""type"":""Point"",""coordinates"":[34.84290379877503,1.1382035647865691]}"
3363,7.07653284072876,Trans Nzoia,1917.0,22.200000762939453,0.31922003626823425,1640.1566162109375,1.2306850068841702,34.91319734270469,0.45536062121391296,972.9393310546875,4.0,2024,7.07653284072876,"{""type"":""Point"",""coordinates"":[34.91319734270469,1.2306850068841702]}"
3364,7.347188949584961,Trans Nzoia,1893.0,24.008695602416992,0.3990964889526367,1372.1785888671875,1.141523970615653,35.01562206444591,0.4977179765701294,862.4269409179688,1.0,2024,7.347188949584961,"{""type"":""Point"",""coordinates"":[35.01562206444591,1.141523970615653]}"
3365,7.457496643066406,Trans Nzoia,1835.0,24.091304779052734,0.3811842203140259,1587.5098876953125,1.0715328343113697,34.925481108807816,0.5793481469154358,961.76513671875,1.0,2024,7.457496643066406,"{""type"":""Point"",""coordinates"":[34.925481108807816,1.0715328343113697]}"
3368,6.941802024841309,Trans Nzoia,1925.0,24.22608757019043,0.3781733512878418,1309.0179443359375,1.1451664123477472,35.049567890798166,0.5577375292778015,974.173583984375,1.0,2024,6.941802024841309,"{""type"":""Point"",""coordinates"":[35.049567890798166,1.1451664123477472]}"
3370,6.817344665527344,Trans Nzoia,1901.0,24.65217399597168,0.27335208654403687,1532.4256591796875,1.0641819417310798,34.83891717469306,0.44827988743782043,813.836669921875,1.0,2024,6.817344665527344,"{""type"":""Point"",""coordinates"":[34.83891717469306,1.0641819417310798]}"
3379,6.2165374755859375,Trans Nzoia,1864.0,21.873912811279297,0.34584227204322815,1463.1514892578125,0.9481973050596963,35.155929603119155,0.4866189956665039,999.2210693359375,1.0,2024,6.2165374755859375,"{""type"":""Point"",""coordinates"":[35.155929603119155,0.9481973050596963]}"
3382,7.343601703643799,Trans Nzoia,1973.0,21.821739196777344,0.3587852716445923,1653.9757080078125,1.2170125412765687,34.77096629898997,0.5452232956886292,877.1436767578125,1.0,2024,7.343601703643799,"{""type"":""Point"",""coordinates"":[34.77096629898997,1.2170125412765687]}"
3383,7.267836570739746,Trans Nzoia,1761.0,23.16521644592285,0.3592990040779114,1565.9140625,0.9037520792200947,34.92735369747529,0.5382037162780762,1008.7112426757812,1.0,2024,7.267836570739746,"{""type"":""Point"",""coordinates"":[34.92735369747529,0.9037520792200947]}"
3384,6.144819259643555,Trans Nzoia,2330.0,22.947826385498047,0.34029078483581543,1415.5245361328125,0.9530544801823231,34.7601093802806,0.5030854940414429,989.7182006835938,4.0,2024,6.144819259643555,"{""type"":""Point"",""coordinates"":[34.7601093802806,0.9530544801823231]}"
3386,6.387924671173096,Trans Nzoia,2200.0,25.365217208862305,0.3208230137825012,1653.9757080078125,1.1514716886897487,34.78527674280141,0.4870077669620514,878.0504150390625,1.0,2024,6.387924671173096,"{""type"":""Point"",""coordinates"":[34.78527674280141,1.1514716886897487]}"
3391,7.540835857391357,Trans Nzoia,1828.0,23.213043212890625,0.3620239198207855,1372.1785888671875,1.0559687336587071,35.044307470746475,0.5829232335090637,885.8496704101562,1.0,2024,7.540835857391357,"{""type"":""Point"",""coordinates"":[35.044307470746475,1.0559687336587071]}"
3398,5.993287086486816,Trans Nzoia,1897.0,22.45652198791504,0.33460307121276855,1448.66259765625,1.0497002700515372,35.18151045147865,0.5306257605552673,1005.9006958007812,1.0,2024,5.993287086486816,"{""type"":""Point"",""coordinates"":[35.18151045147865,1.0497002700515372]}"
3401,7.063031196594238,Trans Nzoia,1888.0,20.086956024169922,0.333128958940506,1640.1566162109375,1.229821608688336,34.92567626335508,0.47669342160224915,972.9393310546875,1.0,2024,7.063031196594238,"{""type"":""Point"",""coordinates"":[34.92567626335508,1.229821608688336]}"
3402,5.546364784240723,Trans Nzoia,2123.0,21.017391204833984,0.33326488733291626,1518.2637939453125,0.9711235954945799,35.32687657039651,0.4640853703022003,1077.1812744140625,4.0,2024,5.546364784240723,"{""type"":""Point"",""coordinates"":[35.32687657039651,0.9711235954945799]}"
3405,6.068972587585449,Trans Nzoia,1908.0,20.200000762939453,0.31212031841278076,1448.66259765625,0.9838578057375141,35.155722186649236,0.47663187980651855,1027.66796875,1.0,2024,6.068972587585449,"{""type"":""Point"",""coordinates"":[35.155722186649236,0.9838578057375141]}"
3412,6.211476802825928,Trans Nzoia,1905.0,21.943477630615234,0.24304601550102234,1327.4505615234375,1.0147284929737734,35.11483608468189,0.43697550892829895,1019.4813842773438,1.0,2024,6.211476802825928,"{""type"":""Point"",""coordinates"":[35.11483608468189,1.0147284929737734]}"
3419,5.065861225128174,Trans Nzoia,2250.0,21.017391204833984,0.36720168590545654,1518.2637939453125,1.01451943298227,35.34003721665733,0.47752848267555237,1062.2413330078125,1.0,2024,5.065861225128174,"{""type"":""Point"",""coordinates"":[35.34003721665733,1.01451943298227]}"
3420,6.537798881530762,Trans Nzoia,1934.0,21.065217971801758,0.3991306722164154,1303.348388671875,1.23128609186409,35.01559054969013,0.5170470476150513,1020.2589111328125,4.0,2024,6.537798881530762,"{""type"":""Point"",""coordinates"":[35.01559054969013,1.23128609186409]}"
3421,7.1944804191589355,Trans Nzoia,1911.0,21.669565200805664,0.34205546975135803,1640.1566162109375,1.2013306881124861,34.94697889400401,0.5188918709754944,972.9393310546875,1.0,2024,7.1944804191589355,"{""type"":""Point"",""coordinates"":[34.94697889400401,1.2013306881124861]}"
3429,7.527017116546631,Trans Nzoia,1836.0,21.84782600402832,0.412641316652298,1587.5098876953125,1.123408356797242,34.90056239190221,0.557598888874054,960.1989135742188,1.0,2024,7.527017116546631,"{""type"":""Point"",""coordinates"":[34.90056239190221,1.123408356797242]}"
3430,6.785245895385742,Trans Nzoia,1762.0,23.708696365356445,0.3638289272785187,1472.4818115234375,0.9698971798412344,34.909162316215415,0.5743820667266846,984.7139892578125,1.0,2024,6.785245895385742,"{""type"":""Point"",""coordinates"":[34.909162316215415,0.9698971798412344]}"
3431,6.281891822814941,Trans Nzoia,1850.0,24.30434799194336,0.3645037114620209,1448.66259765625,0.9737409517547249,35.190631898355676,0.5339764356613159,1027.66796875,1.0,2024,6.281891822814941,"{""type"":""Point"",""coordinates"":[35.190631898355676,0.9737409517547249]}"
3434,7.531833171844482,Trans Nzoia,1864.0,21.68260955810547,0.34347885847091675,1311.3265380859375,0.9730762707530409,35.00201650346921,0.5236100554466248,943.7447509765625,1.0,2024,7.531833171844482,"{""type"":""Point"",""coordinates"":[35.00201650346921,0.9730762707530409]}"
3437,7.271674156188965,Trans Nzoia,1848.0,22.69565200805664,0.3797636330127716,1309.0179443359375,1.0608751032175145,35.06313198895522,0.5644718408584595,961.5752563476562,1.0,2024,7.271674156188965,"{""type"":""Point"",""coordinates"":[35.06313198895522,1.0608751032175145]}"
3438,7.043936252593994,Trans Nzoia,1897.0,22.30869483947754,0.39856263995170593,1653.9757080078125,1.1949711117990554,34.83330695468884,0.5575788617134094,878.5647583007812,1.0,2024,7.043936252593994,"{""type"":""Point"",""coordinates"":[34.83330695468884,1.1949711117990554]}"
3442,7.237259864807129,Trans Nzoia,1971.0,25.173913955688477,0.42570844292640686,1653.9757080078125,1.215976039466794,34.788999003223964,0.6156033277511597,877.1436767578125,1.0,2024,7.237259864807129,"{""type"":""Point"",""coordinates"":[34.788999003223964,1.215976039466794]}"
3444,7.527973651885986,Trans Nzoia,1863.0,25.18695640563965,0.40358439087867737,1587.5098876953125,1.0972363785423567,34.91441004609867,0.5448265671730042,961.76513671875,1.0,2024,7.527973651885986,"{""type"":""Point"",""coordinates"":[34.91441004609867,1.0972363785423567]}"
3445,6.336599349975586,Trans Nzoia,1853.0,24.360870361328125,0.3392707109451294,1339.5623779296875,0.9388735404534815,35.1365237710464,0.5073949098587036,964.28857421875,1.0,2024,6.336599349975586,"{""type"":""Point"",""coordinates"":[35.1365237710464,0.9388735404534815]}"
3448,6.370004653930664,Trans Nzoia,2125.0,27.10869598388672,0.28490737080574036,1415.5245361328125,1.0338341072847064,34.793452001010905,0.5363348126411438,954.0535278320312,1.0,2024,6.370004653930664,"{""type"":""Point"",""coordinates"":[34.793452001010905,1.0338341072847064]}"
3451,7.724672317504883,Trans Nzoia,1852.0,24.7391300201416,0.36485809087753296,1587.5098876953125,1.0979002182378066,34.9488736838734,0.5048967003822327,961.76513671875,1.0,2024,7.724672317504883,"{""type"":""Point"",""coordinates"":[34.9488736838734,1.0979002182378066]}"
3457,7.681186676025391,Trans Nzoia,1826.0,23.404348373413086,0.392259418964386,1587.5098876953125,1.1239865920398573,34.93382386664307,0.5473925471305847,960.1989135742188,1.0,2024,7.681186676025391,"{""type"":""Point"",""coordinates"":[34.93382386664307,1.1239865920398573]}"
3459,7.1648759841918945,Trans Nzoia,1914.0,22.139129638671875,0.3167509436607361,1640.1566162109375,1.2166886513370083,34.907970006547444,0.48196062445640564,972.9393310546875,1.0,2024,7.1648759841918945,"{""type"":""Point"",""coordinates"":[34.907970006547444,1.2166886513370083]}"
3460,7.494300842285156,Trans Nzoia,1850.0,23.204347610473633,0.2978474497795105,1587.5098876953125,1.0917227175716224,34.91377410759689,0.4222145676612854,961.76513671875,1.0,2024,7.494300842285156,"{""type"":""Point"",""coordinates"":[34.91377410759689,1.0917227175716224]}"
3462,6.954189300537109,Trans Nzoia,1952.0,22.92608642578125,0.390803724527359,1303.348388671875,1.2258171066394485,34.964851591395515,0.5940036177635193,1109.6043701171875,1.0,2024,6.954189300537109,"{""type"":""Point"",""coordinates"":[34.964851591395515,1.2258171066394485]}"
3464,6.8285322189331055,Trans Nzoia,1716.0,23.60869598388672,0.48620471358299255,1565.9140625,0.8520183722843439,34.91649691136412,0.6162794232368469,986.4015502929688,4.0,2024,6.8285322189331055,"{""type"":""Point"",""coordinates"":[34.91649691136412,0.8520183722843439]}"
3465,6.59276008605957,Trans Nzoia,1865.0,23.339130401611328,0.4545271098613739,1619.9417724609375,0.9370471374758539,35.264179853875234,0.6727969646453857,978.35693359375,1.0,2024,6.59276008605957,"{""type"":""Point"",""coordinates"":[35.264179853875234,0.9370471374758539]}"
3469,6.114092826843262,Trans Nzoia,2323.0,23.408695220947266,0.3694150149822235,1415.5245361328125,0.9567906383870846,34.75901376321908,0.4925551116466522,989.7182006835938,1.0,2024,6.114092826843262,"{""type"":""Point"",""coordinates"":[34.75901376321908,0.9567906383870846]}"
3472,7.180096626281738,Trans Nzoia,1880.0,20.27391242980957,0.3187478184700012,1640.1566162109375,1.2063177628227209,34.87245035748405,0.4515354633331299,915.8572387695312,1.0,2024,7.180096626281738,"{""type"":""Point"",""coordinates"":[34.87245035748405,1.2063177628227209]}"
3473,6.395725727081299,Trans Nzoia,1886.0,24.565217971801758,0.39686891436576843,1309.0179443359375,1.0982987061727212,35.11448340052076,0.6226245164871216,1033.5059814453125,1.0,2024,6.395725727081299,"{""type"":""Point"",""coordinates"":[35.11448340052076,1.0982987061727212]}"
3475,7.1423139572143555,Trans Nzoia,1888.0,22.830434799194336,0.3149745762348175,1653.9757080078125,1.2177372327952642,34.84006765203548,0.44319015741348267,881.7891235351562,1.0,2024,7.1423139572143555,"{""type"":""Point"",""coordinates"":[34.84006765203548,1.2177372327952642]}"
3479,5.766107559204102,Trans Nzoia,2274.0,22.478260040283203,0.2395244985818863,1532.4256591796875,1.1132386738365123,34.76635140155513,0.40065592527389526,876.7874755859375,1.0,2024,5.766107559204102,"{""type"":""Point"",""coordinates"":[34.76635140155513,1.1132386738365123]}"
3483,6.222719669342041,Trans Nzoia,1822.0,22.07826042175293,0.329576700925827,1448.66259765625,0.9633289749945266,35.18218005103706,0.4897162616252899,1027.66796875,1.0,2024,6.222719669342041,"{""type"":""Point"",""coordinates"":[35.18218005103706,0.9633289749945266]}"
3484,7.441987037658691,Trans Nzoia,1841.0,27.104347229003906,0.4267793595790863,1587.5098876953125,1.104230181862277,34.89703145006668,0.5602443814277649,896.3999633789062,1.0,2024,7.441987037658691,"{""type"":""Point"",""coordinates"":[34.89703145006668,1.104230181862277]}"
3485,7.483186721801758,Trans Nzoia,1854.0,26.60869598388672,0.32206955552101135,1587.5098876953125,1.0550431309498933,34.93880371957102,0.47710981965065,961.76513671875,1.0,2024,7.483186721801758,"{""type"":""Point"",""coordinates"":[34.93880371957102,1.0550431309498933]}"
3488,5.878042221069336,Trans Nzoia,2148.0,23.68695640563965,0.2998099625110626,1532.4256591796875,1.0982679993931113,34.77499221347474,0.5112149715423584,888.1694946289062,1.0,2024,5.878042221069336,"{""type"":""Point"",""coordinates"":[34.77499221347474,1.0982679993931113]}"
3492,7.034392356872559,Trans Nzoia,1926.0,21.80434799194336,0.9862799644470215,1303.348388671875,1.2021542486207029,34.97032516519736,0.48979729413986206,1109.6043701171875,1.0,2024,7.034392356872559,"{""type"":""Point"",""coordinates"":[34.97032516519736,1.2021542486207029]}"
3493,7.413715362548828,Trans Nzoia,1968.0,22.3869571685791,0.42013296484947205,1372.1785888671875,1.1489092477222071,34.99359211941568,0.5202481150627136,1015.1450805664062,1.0,2024,7.413715362548828,"{""type"":""Point"",""coordinates"":[34.99359211941568,1.1489092477222071]}"
3496,7.333324432373047,Trans Nzoia,1810.0,24.15217399597168,0.1997499316930771,1472.4818115234375,1.0102377182023654,34.94435741104168,0.2908865809440613,963.7658081054688,1.0,2024,7.333324432373047,"{""type"":""Point"",""coordinates"":[34.94435741104168,1.0102377182023654]}"
3497,6.932270050048828,Trans Nzoia,1782.0,23.434782028198242,0.42039185762405396,1472.4818115234375,0.9634683168649059,34.91930423045229,0.5608829855918884,984.7139892578125,1.0,2024,6.932270050048828,"{""type"":""Point"",""coordinates"":[34.91930423045229,0.9634683168649059]}"
3502,6.252109527587891,Trans Nzoia,2169.0,21.76956558227539,0.32356590032577515,1532.4256591796875,1.1417636366239154,34.780686410564265,0.5289878249168396,876.7874755859375,1.0,2024,6.252109527587891,"{""type"":""Point"",""coordinates"":[34.780686410564265,1.1417636366239154]}"
3504,7.056953430175781,Trans Nzoia,1724.0,23.03043556213379,0.4035910964012146,1565.9140625,0.8606344563764653,34.8900485154331,0.5952497720718384,1008.7085571289062,1.0,2024,7.056953430175781,"{""type"":""Point"",""coordinates"":[34.8900485154331,0.8606344563764653]}"
3506,7.33262825012207,Trans Nzoia,1856.0,22.678260803222656,0.3452383577823639,1640.1566162109375,1.1912257336982177,34.913742991461795,0.4626898169517517,964.7963256835938,1.0,2024,7.33262825012207,"{""type"":""Point"",""coordinates"":[34.913742991461795,1.1912257336982177]}"
3509,7.027427673339844,Trans Nzoia,1914.0,21.552173614501953,0.29256367683410645,1653.9757080078125,1.1989502288504688,34.823352934292814,0.4401317834854126,878.5647583007812,1.0,2024,7.027427673339844,"{""type"":""Point"",""coordinates"":[34.823352934292814,1.1989502288504688]}"
3514,7.082333087921143,Trans Nzoia,1907.0,22.447826385498047,0.284675657749176,1309.0179443359375,1.1045864246742563,35.07609690027792,0.42477068305015564,974.173583984375,1.0,2024,7.082333087921143,"{""type"":""Point"",""coordinates"":[35.07609690027792,1.1045864246742563]}"
3516,7.7393317222595215,Trans Nzoia,1845.0,26.12173843383789,0.4239500164985657,1372.1785888671875,1.112829132443375,34.95118718182941,0.5499782562255859,1015.1450805664062,1.0,2024,7.7393317222595215,"{""type"":""Point"",""coordinates"":[34.95118718182941,1.112829132443375]}"
3517,6.359963417053223,Trans Nzoia,1852.0,23.365217208862305,0.2945138216018677,1463.1514892578125,0.9264863809686625,35.205820645975955,0.42864975333213806,1050.580810546875,1.0,2024,6.359963417053223,"{""type"":""Point"",""coordinates"":[35.205820645975955,0.9264863809686625]}"
3519,7.065983772277832,Trans Nzoia,1856.0,24.07826042175293,0.432547003030777,1472.4818115234375,1.0346692064794194,34.91196398789859,0.6058277487754822,963.7658081054688,1.0,2024,7.065983772277832,"{""type"":""Point"",""coordinates"":[34.91196398789859,1.0346692064794194]}"
3521,7.096685886383057,Trans Nzoia,1883.0,18.908695220947266,0.3939499855041504,1653.9757080078125,1.205540293205114,34.837073221839496,0.4988434910774231,881.7891235351562,1.0,2024,7.096685886383057,"{""type"":""Point"",""coordinates"":[34.837073221839496,1.205540293205114]}"
3523,7.231770038604736,Trans Nzoia,1892.0,26.77391242980957,0.353504478931427,1372.1785888671875,1.133326505601982,35.0419140955313,0.5290833115577698,862.4269409179688,1.0,2024,7.231770038604736,"{""type"":""Point"",""coordinates"":[35.0419140955313,1.133326505601982]}"
3529,7.020627975463867,Trans Nzoia,1885.0,22.37826156616211,0.40302810072898865,1309.0179443359375,1.0542750883852323,35.07612101762144,0.5490456223487854,961.5752563476562,1.0,2024,7.020627975463867,"{""type"":""Point"",""coordinates"":[35.07612101762144,1.0542750883852323]}"
3530,7.0885210037231445,Trans Nzoia,1882.0,21.07826042175293,0.3519306480884552,1653.9757080078125,1.190734127810317,34.84530135126218,0.4583226144313812,878.5647583007812,1.0,2024,7.0885210037231445,"{""type"":""Point"",""coordinates"":[34.84530135126218,1.190734127810317]}"
3531,6.731051921844482,Trans Nzoia,1948.0,22.92173957824707,0.3169601261615753,1303.348388671875,1.1930635413237038,35.00508759742954,0.4990164637565613,860.8521118164062,1.0,2024,6.731051921844482,"{""type"":""Point"",""coordinates"":[35.00508759742954,1.1930635413237038]}"
3534,7.1471686363220215,Trans Nzoia,1887.0,22.92173957824707,0.28905951976776123,1653.9757080078125,1.2198877178300491,34.84151500285297,0.3901384770870209,881.7891235351562,1.0,2024,7.1471686363220215,"{""type"":""Point"",""coordinates"":[34.84151500285297,1.2198877178300491]}"
3535,7.060915946960449,Trans Nzoia,1761.0,17.895652770996094,0.2501530349254608,1794.15283203125,1.2661090671986166,34.86351128026033,0.354455828666687,882.4627075195312,6.0,2024,7.060915946960449,"{""type"":""Point"",""coordinates"":[34.86351128026033,1.2661090671986166]}"
3544,7.685037612915039,Trans Nzoia,1835.0,19.639129638671875,0.3753085732460022,1311.3265380859375,1.0090814274794198,34.99383727498392,0.4767957925796509,1003.5731201171875,1.0,2024,7.685037612915039,"{""type"":""Point"",""coordinates"":[34.99383727498392,1.0090814274794198]}"
3545,6.320035457611084,Trans Nzoia,2157.0,20.600000381469727,0.289409875869751,1532.4256591796875,1.1437724759776182,34.78498949909591,0.4414682686328888,876.7874755859375,1.0,2024,6.320035457611084,"{""type"":""Point"",""coordinates"":[34.78498949909591,1.1437724759776182]}"
3550,6.461969375610352,Trans Nzoia,1797.0,24.852174758911133,0.4126921594142914,1472.4818115234375,0.9788021064525995,34.87743563171368,0.6080822348594666,941.492431640625,1.0,2024,6.461969375610352,"{""type"":""Point"",""coordinates"":[34.87743563171368,0.9788021064525995]}"
3553,6.296228885650635,Trans Nzoia,2501.0,25.013044357299805,0.35142436623573303,1086.3765869140625,1.1657888053056167,34.740752525152224,0.6010617017745972,1033.228759765625,4.0,2024,6.296228885650635,"{""type"":""Point"",""coordinates"":[34.740752525152224,1.1657888053056167]}"
3562,6.858950138092041,Trans Nzoia,1776.0,18.547826766967773,0.3240906596183777,1794.15283203125,1.2762238147220788,34.9038962507362,0.4449421465396881,953.6435546875,6.0,2024,6.858950138092041,"{""type"":""Point"",""coordinates"":[34.9038962507362,1.2762238147220788]}"
3565,7.217236518859863,Trans Nzoia,1901.0,22.200000762939453,0.41754212975502014,1653.9757080078125,1.2234804011041904,34.81752456271797,0.4907408058643341,881.7891235351562,1.0,2024,7.217236518859863,"{""type"":""Point"",""coordinates"":[34.81752456271797,1.2234804011041904]}"
3567,6.310189247131348,Trans Nzoia,1865.0,25.04347801208496,0.307677298784256,1463.1514892578125,0.9384955926771656,35.191101221457984,0.459596186876297,999.2210693359375,1.0,2024,6.310189247131348,"{""type"":""Point"",""coordinates"":[35.191101221457984,0.9384955926771656]}"
3568,7.306356430053711,Trans Nzoia,1844.0,22.169565200805664,0.3871348202228546,1388.3951416015625,0.9235174429908108,34.982989094999986,0.5352961421012878,1042.5777587890625,1.0,2024,7.306356430053711,"{""type"":""Point"",""coordinates"":[34.982989094999986,0.9235174429908108]}"
3569,7.517495632171631,Trans Nzoia,1901.0,24.747825622558594,0.3812845051288605,1372.1785888671875,1.1467239029700937,34.97907133141329,0.4862982928752899,1015.1450805664062,1.0,2024,7.517495632171631,"{""type"":""Point"",""coordinates"":[34.97907133141329,1.1467239029700937]}"
3571,6.669888019561768,Trans Nzoia,1816.0,25.669565200805664,0.39383870363235474,1565.9140625,0.9235383853432632,34.86421386794377,0.5823438167572021,1014.7183227539062,1.0,2024,6.669888019561768,"{""type"":""Point"",""coordinates"":[34.86421386794377,0.9235383853432632]}"
3573,6.225729942321777,Trans Nzoia,2078.0,24.765216827392578,0.3372974991798401,1532.4256591796875,1.1084224700355176,34.790863926167134,0.5076379776000977,876.7874755859375,1.0,2024,6.225729942321777,"{""type"":""Point"",""coordinates"":[34.790863926167134,1.1084224700355176]}"
3574,6.487381458282471,Trans Nzoia,1691.0,25.247825622558594,0.4240450859069824,1605.135986328125,0.8405670927023277,34.80772000114666,0.6171198487281799,968.0701904296875,1.0,2024,6.487381458282471,"{""type"":""Point"",""coordinates"":[34.80772000114666,0.8405670927023277]}"
3575,6.402256488800049,Trans Nzoia,2066.0,23.46086883544922,0.3488176763057709,1532.4256591796875,1.1219736886692513,34.800545173933784,0.4996732175350189,853.085205078125,1.0,2024,6.402256488800049,"{""type"":""Point"",""coordinates"":[34.800545173933784,1.1219736886692513]}"
3578,6.986447334289551,Trans Nzoia,1875.0,23.591304779052734,0.26949071884155273,1587.5098876953125,1.0861148030481182,34.851167025837064,0.3958283066749573,908.87646484375,1.0,2024,6.986447334289551,"{""type"":""Point"",""coordinates"":[34.851167025837064,1.0861148030481182]}"
3579,6.279394626617432,Trans Nzoia,2233.0,23.30869483947754,0.4523971974849701,1415.5245361328125,0.9532277609696306,34.77178163480199,0.6420145034790039,989.7182006835938,1.0,2024,6.279394626617432,"{""type"":""Point"",""coordinates"":[34.77178163480199,0.9532277609696306]}"
3584,6.473877906799316,Trans Nzoia,1885.0,24.369565963745117,0.42806553840637207,1415.5245361328125,0.9910429268809616,34.84750824227216,0.6418304443359375,959.7871704101562,1.0,2024,6.473877906799316,"{""type"":""Point"",""coordinates"":[34.84750824227216,0.9910429268809616]}"
3586,6.430882453918457,Trans Nzoia,1827.0,23.673913955688477,0.5016796588897705,1472.4818115234375,0.9836217619135321,34.866286294097456,0.6259990334510803,941.492431640625,1.0,2024,6.430882453918457,"{""type"":""Point"",""coordinates"":[34.866286294097456,0.9836217619135321]}"
3587,6.7412214279174805,Trans Nzoia,1782.0,24.53043556213379,0.4257187843322754,1472.4818115234375,1.011283200542138,34.896028585503466,0.60416579246521,914.8713989257812,1.0,2024,6.7412214279174805,"{""type"":""Point"",""coordinates"":[34.896028585503466,1.011283200542138]}"
3588,7.0611066818237305,Trans Nzoia,1875.0,23.404348373413086,0.36336925625801086,1587.5098876953125,1.0660439050485306,34.881699463758466,0.5091536641120911,908.87646484375,1.0,2024,7.0611066818237305,"{""type"":""Point"",""coordinates"":[34.881699463758466,1.0660439050485306]}"
3591,6.357920169830322,Trans Nzoia,1973.0,25.88260841369629,0.4123166799545288,1451.5164794921875,0.8768663042461312,34.803603423250934,0.5824207663536072,985.6239013671875,1.0,2024,6.357920169830322,"{""type"":""Point"",""coordinates"":[34.803603423250934,0.8768663042461312]}"
3594,6.571647644042969,Trans Nzoia,1797.0,26.065217971801758,0.33259710669517517,1472.4818115234375,1.0040770790819666,34.88097478875194,0.497562050819397,914.8713989257812,1.0,2024,6.571647644042969,"{""type"":""Point"",""coordinates"":[34.88097478875194,1.0040770790819666]}"
3596,6.680014610290527,Trans Nzoia,1740.0,23.234783172607422,0.35062894225120544,1605.135986328125,0.8497906734315188,34.83208485621033,0.5140023231506348,968.0701904296875,1.0,2024,6.680014610290527,"{""type"":""Point"",""coordinates"":[34.83208485621033,0.8497906734315188]}"
3598,6.607369899749756,Trans Nzoia,1929.0,22.88260841369629,0.34035494923591614,1532.4256591796875,1.12498033119743,34.814073473984415,0.47000715136528015,853.085205078125,1.0,2024,6.607369899749756,"{""type"":""Point"",""coordinates"":[34.814073473984415,1.12498033119743]}"
3599,7.427304267883301,Trans Nzoia,1875.0,23.15652084350586,0.3329407870769501,1311.3265380859375,0.989125338115511,35.03246237625276,0.5525566935539246,943.7447509765625,1.0,2024,7.427304267883301,"{""type"":""Point"",""coordinates"":[35.03246237625276,0.989125338115511]}"
3600,6.7945451736450195,Trans Nzoia,1910.0,24.778261184692383,0.36585599184036255,1532.4256591796875,1.08369925159817,34.83123656355004,0.5540757775306702,813.836669921875,1.0,2024,6.7945451736450195,"{""type"":""Point"",""coordinates"":[34.83123656355004,1.08369925159817]}"
3602,6.875763416290283,Trans Nzoia,1943.0,22.5,0.3049868643283844,1309.0179443359375,1.1159204646323135,35.084048358016084,0.4739820957183838,974.173583984375,1.0,2024,6.875763416290283,"{""type"":""Point"",""coordinates"":[35.084048358016084,1.1159204646323135]}"
3604,6.447137832641602,Trans Nzoia,1882.0,25.83478355407715,0.40729808807373047,1619.9417724609375,0.9188443194749378,35.289843682370524,0.6075200438499451,978.35693359375,1.0,2024,6.447137832641602,"{""type"":""Point"",""coordinates"":[35.289843682370524,0.9188443194749378]}"
3605,7.623445510864258,Trans Nzoia,1854.0,25.778261184692383,0.4149744212627411,1587.5098876953125,1.0839628158924686,34.937500281051435,0.5119677186012268,961.76513671875,1.0,2024,7.623445510864258,"{""type"":""Point"",""coordinates"":[34.937500281051435,1.0839628158924686]}"
3606,6.8180437088012695,Trans Nzoia,1920.0,24.243478775024414,0.3319720923900604,1587.5098876953125,1.0525598761123556,34.850504594154586,0.4906025826931,908.87646484375,1.0,2024,6.8180437088012695,"{""type"":""Point"",""coordinates"":[34.850504594154586,1.0525598761123556]}"
3607,6.578063488006592,Trans Nzoia,1938.0,22.126087188720703,0.2785075008869171,1303.348388671875,1.1916572709414202,35.01878213550852,0.36842063069343567,860.8521118164062,1.0,2024,6.578063488006592,"{""type"":""Point"",""coordinates"":[35.01878213550852,1.1916572709414202]}"
3608,6.795158386230469,Trans Nzoia,2020.0,21.856521606445312,0.3794427514076233,1653.9757080078125,1.1682527980380155,34.81511592930852,0.5484126806259155,878.5647583007812,1.0,2024,6.795158386230469,"{""type"":""Point"",""coordinates"":[34.81511592930852,1.1682527980380155]}"
3611,6.400233268737793,Trans Nzoia,2037.0,23.03478240966797,0.30063286423683167,1532.4256591796875,1.1130954178814978,34.80102813270222,0.5014810562133789,853.085205078125,1.0,2024,6.400233268737793,"{""type"":""Point"",""coordinates"":[34.80102813270222,1.1130954178814978]}"
3613,7.150801658630371,Trans Nzoia,1864.0,25.056522369384766,0.3741280734539032,1587.5098876953125,1.0753419229934564,34.88397349388595,0.5291780233383179,908.87646484375,1.0,2024,7.150801658630371,"{""type"":""Point"",""coordinates"":[34.88397349388595,1.0753419229934564]}"
3616,7.186078071594238,Trans Nzoia,1818.0,23.57826042175293,0.3551476299762726,1388.3951416015625,0.9289146959521096,35.009081613438994,0.4836578965187073,873.1403198242188,1.0,2024,7.186078071594238,"{""type"":""Point"",""coordinates"":[35.009081613438994,0.9289146959521096]}"
3619,6.955577850341797,Trans Nzoia,1773.0,21.852174758911133,0.27024030685424805,1472.4818115234375,0.9813159157874977,34.921629920773384,0.4510611593723297,984.7139892578125,1.0,2024,6.955577850341797,"{""type"":""Point"",""coordinates"":[34.921629920773384,0.9813159157874977]}"
3622,6.484060287475586,Trans Nzoia,1937.0,22.434782028198242,0.37948164343833923,1303.348388671875,1.1772294360811066,35.03971416032166,0.5566474199295044,860.8521118164062,1.0,2024,6.484060287475586,"{""type"":""Point"",""coordinates"":[35.03971416032166,1.1772294360811066]}"
3625,7.29937744140625,Trans Nzoia,1839.0,18.791303634643555,0.2742367386817932,1854.9388427734375,1.2501864302875707,34.8317467262445,0.4143795669078827,855.2916870117188,1.0,2024,7.29937744140625,"{""type"":""Point"",""coordinates"":[34.8317467262445,1.2501864302875707]}"
3627,7.384331703186035,Trans Nzoia,1823.0,23.60869598388672,0.3356549143791199,1311.3265380859375,0.9986885521826151,34.95085576341092,0.5096529126167297,1077.162841796875,1.0,2024,7.384331703186035,"{""type"":""Point"",""coordinates"":[34.95085576341092,0.9986885521826151]}"
3629,6.414468288421631,Trans Nzoia,1996.0,24.96521759033203,0.3519028127193451,1451.5164794921875,0.9088802592374843,34.813078930879634,0.5253024101257324,1004.1910400390625,1.0,2024,6.414468288421631,"{""type"":""Point"",""coordinates"":[34.813078930879634,0.9088802592374843]}"
3630,6.774384498596191,Trans Nzoia,1964.0,24.486955642700195,0.43014222383499146,1653.9757080078125,1.1631643912716876,34.8167828891608,0.6189978718757629,878.5647583007812,1.0,2024,6.774384498596191,"{""type"":""Point"",""coordinates"":[34.8167828891608,1.1631643912716876]}"
3633,5.6278395652771,Trans Nzoia,2268.0,22.095651626586914,0.35393014550209045,1532.4256591796875,1.0891112038521618,34.765733812540844,0.451440691947937,888.1694946289062,1.0,2024,5.6278395652771,"{""type"":""Point"",""coordinates"":[34.765733812540844,1.0891112038521618]}"
3637,7.560970306396484,Trans Nzoia,1906.0,20.795652389526367,0.3751503825187683,1311.3265380859375,0.985418320770388,35.0106807929032,0.5129391551017761,943.7447509765625,1.0,2024,7.560970306396484,"{""type"":""Point"",""coordinates"":[35.0106807929032,0.985418320770388]}"
3639,6.426578521728516,Trans Nzoia,2117.0,24.68260955810547,0.39499369263648987,1415.5245361328125,0.9932859930328599,34.7912797763534,0.5772411227226257,989.7182006835938,1.0,2024,6.426578521728516,"{""type"":""Point"",""coordinates"":[34.7912797763534,0.9932859930328599]}"
3641,7.091692924499512,Trans Nzoia,1910.0,23.0,0.3536185026168823,1303.348388671875,1.2024932408669502,34.962833533063396,0.5854191184043884,1109.6043701171875,1.0,2024,7.091692924499512,"{""type"":""Point"",""coordinates"":[34.962833533063396,1.2024932408669502]}"
3642,6.03764533996582,Trans Nzoia,1908.0,22.895652770996094,0.4025164544582367,1327.4505615234375,1.0026441976979743,35.13808454344008,0.5590599775314331,1019.4813842773438,1.0,2024,6.03764533996582,"{""type"":""Point"",""coordinates"":[35.13808454344008,1.0026441976979743]}"
3646,5.194940567016602,Trans Nzoia,2052.0,24.852174758911133,0.3431662917137146,1619.9417724609375,0.9463815446021797,35.34764955811692,0.4859013259410858,992.7603759765625,4.0,2024,5.194940567016602,"{""type"":""Point"",""coordinates"":[35.34764955811692,0.9463815446021797]}"
3647,6.5461225509643555,Trans Nzoia,1914.0,20.243478775024414,0.2591444253921509,1448.66259765625,0.9754283202688185,35.2231766489053,0.40082237124443054,1047.075927734375,1.0,2024,6.5461225509643555,"{""type"":""Point"",""coordinates"":[35.2231766489053,0.9754283202688185]}"
3648,6.83100700378418,Trans Nzoia,1958.0,19.747825622558594,0.30413302779197693,1303.348388671875,1.2268624475936392,34.981413385880884,0.41872039437294006,1109.6043701171875,1.0,2024,6.83100700378418,"{""type"":""Point"",""coordinates"":[34.981413385880884,1.2268624475936392]}"
3649,7.092365264892578,Trans Nzoia,1890.0,24.295652389526367,0.39734137058258057,1653.9757080078125,1.1609047262259469,34.84857393207775,0.5027894377708435,878.5647583007812,1.0,2024,7.092365264892578,"{""type"":""Point"",""coordinates"":[34.84857393207775,1.1609047262259469]}"
3650,7.140817165374756,Trans Nzoia,1898.0,23.60869598388672,0.3318334221839905,1640.1566162109375,1.1769920588287224,34.85383318387006,0.4892214238643646,916.169677734375,1.0,2024,7.140817165374756,"{""type"":""Point"",""coordinates"":[34.85383318387006,1.1769920588287224]}"
3651,7.70137882232666,Trans Nzoia,1840.0,24.595651626586914,0.39082106947898865,1372.1785888671875,1.122804198896073,34.99111128225059,0.5591704249382019,1015.1450805664062,1.0,2024,7.70137882232666,"{""type"":""Point"",""coordinates"":[34.99111128225059,1.122804198896073]}"
3659,6.254240989685059,Trans Nzoia,1835.0,21.73043441772461,0.35868367552757263,1463.1514892578125,0.9439198475818432,35.172612621854526,0.519080638885498,999.2210693359375,1.0,2024,6.254240989685059,"{""type"":""Point"",""coordinates"":[35.172612621854526,0.9439198475818432]}"
3660,6.46500301361084,Trans Nzoia,1940.0,23.217391967773438,0.3819040060043335,1415.5245361328125,0.9682591737598477,34.827576820455626,0.5861126780509949,959.7871704101562,1.0,2024,6.46500301361084,"{""type"":""Point"",""coordinates"":[34.827576820455626,0.9682591737598477]}"
3661,6.266841888427734,Trans Nzoia,2053.0,24.356521606445312,0.35974830389022827,1532.4256591796875,1.0903733699405975,34.79390073648948,0.5480064749717712,888.1694946289062,1.0,2024,6.266841888427734,"{""type"":""Point"",""coordinates"":[34.79390073648948,1.0903733699405975]}"
3662,6.535006523132324,Trans Nzoia,1809.0,24.069564819335938,0.41284096240997314,1472.4818115234375,0.9596061605939799,34.88402546735173,0.5987246036529541,941.492431640625,1.0,2024,6.535006523132324,"{""type"":""Point"",""coordinates"":[34.88402546735173,0.9596061605939799]}"
3664,6.790643215179443,Trans Nzoia,1941.0,24.747825622558594,0.3722133934497833,1303.348388671875,1.176081409900568,35.01704923703582,0.543594241142273,860.8521118164062,1.0,2024,6.790643215179443,"{""type"":""Point"",""coordinates"":[35.01704923703582,1.176081409900568]}"
3673,7.335938930511475,Trans Nzoia,1777.0,24.795652389526367,0.40266430377960205,1388.3951416015625,0.9192662465138778,34.967401449974574,0.5613170266151428,1042.5777587890625,1.0,2024,7.335938930511475,"{""type"":""Point"",""coordinates"":[34.967401449974574,0.9192662465138778]}"
3674,6.737883567810059,Trans Nzoia,2210.0,26.717391967773438,0.48894593119621277,1086.3765869140625,1.18338812200085,34.74022603337967,0.7256413102149963,1033.228759765625,1.0,2024,6.737883567810059,"{""type"":""Point"",""coordinates"":[34.74022603337967,1.18338812200085]}"
3675,6.850293159484863,Trans Nzoia,1952.0,23.069564819335938,0.3094675540924072,1303.348388671875,1.2150650955269053,34.98261044596515,0.5451473593711853,1109.6043701171875,1.0,2024,6.850293159484863,"{""type"":""Point"",""coordinates"":[34.98261044596515,1.2150650955269053]}"
3676,7.686285018920898,Trans Nzoia,1828.0,24.021739959716797,0.3908555805683136,1587.5098876953125,1.1264984942509424,34.937337437673186,0.5554862022399902,960.1989135742188,1.0,2024,7.686285018920898,"{""type"":""Point"",""coordinates"":[34.937337437673186,1.1264984942509424]}"
3683,7.1558990478515625,Trans Nzoia,1875.0,22.143478393554688,0.30942976474761963,1640.1566162109375,1.2040188358974075,34.86163289503507,0.42127498984336853,915.8572387695312,1.0,2024,7.1558990478515625,"{""type"":""Point"",""coordinates"":[34.86163289503507,1.2040188358974075]}"
3688,7.613731384277344,Trans Nzoia,1843.0,22.865217208862305,0.38302183151245117,1372.1785888671875,1.1264316410646587,35.00505663716609,0.5395670533180237,862.4269409179688,1.0,2024,7.613731384277344,"{""type"":""Point"",""coordinates"":[35.00505663716609,1.1264316410646587]}"
3689,7.3690080642700195,Trans Nzoia,1869.0,23.65652084350586,0.35334327816963196,1640.1566162109375,1.184813904509641,34.9336742062281,0.4832686483860016,964.7963256835938,1.0,2024,7.3690080642700195,"{""type"":""Point"",""coordinates"":[34.9336742062281,1.184813904509641]}"
3691,7.604794979095459,Trans Nzoia,1853.0,22.11739158630371,0.4699513912200928,1311.3265380859375,1.0438188988871786,35.03548967162188,0.6606424450874329,895.3138427734375,1.0,2024,7.604794979095459,"{""type"":""Point"",""coordinates"":[35.03548967162188,1.0438188988871786]}"
3695,7.049169063568115,Trans Nzoia,1848.0,18.365217208862305,0.3162384033203125,1640.1566162109375,1.238446538573112,34.892162473974,0.37458398938179016,915.8572387695312,6.0,2024,7.049169063568115,"{""type"":""Point"",""coordinates"":[34.892162473974,1.238446538573112]}"
3699,7.067179203033447,Trans Nzoia,1760.0,20.626087188720703,0.3499239683151245,1640.1566162109375,1.2467068114628885,34.871331743008,0.5024417638778687,915.8572387695312,6.0,2024,7.067179203033447,"{""type"":""Point"",""coordinates"":[34.871331743008,1.2467068114628885]}"
3700,7.27878475189209,Trans Nzoia,1852.0,23.62173843383789,0.3396686613559723,1587.5098876953125,1.129633254980642,34.8683000738213,0.46910253167152405,896.3999633789062,1.0,2024,7.27878475189209,"{""type"":""Point"",""coordinates"":[34.8683000738213,1.129633254980642]}"
3707,7.026654243469238,Trans Nzoia,1928.0,21.65217399597168,0.3955892324447632,1303.348388671875,1.2022293800560604,34.971392228729044,0.49850887060165405,1109.6043701171875,1.0,2024,7.026654243469238,"{""type"":""Point"",""coordinates"":[34.971392228729044,1.2022293800560604]}"
3708,7.032620906829834,Trans Nzoia,1903.0,21.869565963745117,0.3931581676006317,1653.9757080078125,1.1941776886840527,34.831448047897496,0.5169880390167236,878.5647583007812,1.0,2024,7.032620906829834,"{""type"":""Point"",""coordinates"":[34.831448047897496,1.1941776886840527]}"
3709,7.091947078704834,Trans Nzoia,1776.0,18.143478393554688,0.323632150888443,1794.15283203125,1.25441677444934,34.862670408302336,0.4131283164024353,882.4627075195312,6.0,2024,7.091947078704834,"{""type"":""Point"",""coordinates"":[34.862670408302336,1.25441677444934]}"
3713,6.244783878326416,Trans Nzoia,1882.0,22.130434036254883,0.37229660153388977,1448.66259765625,1.0212903053181113,35.18953197088115,0.5187652111053467,1005.9006958007812,1.0,2024,6.244783878326416,"{""type"":""Point"",""coordinates"":[35.18953197088115,1.0212903053181113]}"
3715,6.580610752105713,Trans Nzoia,1907.0,22.76956558227539,0.3604009449481964,1448.66259765625,0.9983412642941752,35.22510180923779,0.5803325772285461,1047.075927734375,1.0,2024,6.580610752105713,"{""type"":""Point"",""coordinates"":[35.22510180923779,0.9983412642941752]}"
3717,7.570198059082031,Trans Nzoia,1873.0,22.173913955688477,0.32372725009918213,1372.1785888671875,1.1419469418080859,34.977581083362146,0.47062793374061584,1015.1450805664062,1.0,2024,7.570198059082031,"{""type"":""Point"",""coordinates"":[34.977581083362146,1.1419469418080859]}"
3718,7.280330181121826,Trans Nzoia,1894.0,25.865217208862305,0.45141932368278503,1372.1785888671875,1.1469439816530713,35.0138246075343,0.5931596755981445,862.4269409179688,1.0,2024,7.280330181121826,"{""type"":""Point"",""coordinates"":[35.0138246075343,1.1469439816530713]}"
3719,7.039565563201904,Trans Nzoia,1933.0,22.326086044311523,0.3845231533050537,1309.0179443359375,1.0996212157361833,35.08007105370598,0.5588161945343018,961.5752563476562,1.0,2024,7.039565563201904,"{""type"":""Point"",""coordinates"":[35.08007105370598,1.0996212157361833]}"
3721,7.094017028808594,Trans Nzoia,1873.0,24.60869598388672,0.39933648705482483,1587.5098876953125,1.067101991068239,34.885903860345806,0.5454615950584412,908.87646484375,1.0,2024,7.094017028808594,"{""type"":""Point"",""coordinates"":[34.885903860345806,1.067101991068239]}"
3729,6.03560209274292,Trans Nzoia,1880.0,21.778261184692383,0.2811475992202759,1327.4505615234375,1.0180641691337895,35.14881091495773,0.4666106402873993,1019.4813842773438,4.0,2024,6.03560209274292,"{""type"":""Point"",""coordinates"":[35.14881091495773,1.0180641691337895]}"
3731,7.249123573303223,Trans Nzoia,1800.0,23.84347915649414,0.42238858342170715,1388.3951416015625,0.9400551730538124,35.01287303135992,0.5970017313957214,873.1403198242188,1.0,2024,7.249123573303223,"{""type"":""Point"",""coordinates"":[35.01287303135992,0.9400551730538124]}"
3733,6.97723913192749,Trans Nzoia,1956.0,21.430435180664062,0.2494909167289734,1303.348388671875,1.1937795240637585,34.98339911866399,0.4013293981552124,1049.634765625,1.0,2024,6.97723913192749,"{""type"":""Point"",""coordinates"":[34.98339911866399,1.1937795240637585]}"
3734,6.646023750305176,Trans Nzoia,1941.0,23.69565200805664,0.3668183386325836,1415.5245361328125,1.0238118399392238,34.830198165764266,0.5414730906486511,849.1492919921875,1.0,2024,6.646023750305176,"{""type"":""Point"",""coordinates"":[34.830198165764266,1.0238118399392238]}"
3736,7.228045463562012,Trans Nzoia,1852.0,22.004348754882812,0.27213016152381897,1640.1566162109375,1.2006213545286277,34.883088124326065,0.507734477519989,915.8572387695312,1.0,2024,7.228045463562012,"{""type"":""Point"",""coordinates"":[34.883088124326065,1.2006213545286277]}"
3739,7.020305633544922,Trans Nzoia,1759.0,24.03913116455078,0.42816033959388733,1565.9140625,0.9060602967508977,34.887251093384755,0.5902824997901917,1014.7183227539062,1.0,2024,7.020305633544922,"{""type"":""Point"",""coordinates"":[34.887251093384755,0.9060602967508977]}"
3741,6.634795188903809,Trans Nzoia,1906.0,24.373912811279297,0.3237893283367157,1451.5164794921875,0.8988152002297768,34.83759719766845,0.5386449694633484,985.6239013671875,1.0,2024,6.634795188903809,"{""type"":""Point"",""coordinates"":[34.83759719766845,0.8988152002297768]}"
3742,6.803699493408203,Trans Nzoia,1806.0,27.930435180664062,0.5074401497840881,1565.9140625,0.930923910143876,34.889641178873404,0.6372911930084229,1014.7183227539062,1.0,2024,6.803699493408203,"{""type"":""Point"",""coordinates"":[34.889641178873404,0.930923910143876]}"
3744,6.377191543579102,Trans Nzoia,1837.0,22.865217208862305,0.4329807162284851,1463.1514892578125,0.9255982791601466,35.16798482233532,0.5982545018196106,999.2210693359375,1.0,2024,6.377191543579102,"{""type"":""Point"",""coordinates"":[35.16798482233532,0.9255982791601466]}"
3745,6.461674690246582,Trans Nzoia,1936.0,25.92173957824707,0.4183632433414459,1451.5164794921875,0.9212357041401718,34.823078426179016,0.5369584560394287,1004.1910400390625,1.0,2024,6.461674690246582,"{""type"":""Point"",""coordinates"":[34.823078426179016,0.9212357041401718]}"
3746,6.4938154220581055,Trans Nzoia,1821.0,24.81304359436035,0.373517781496048,1472.4818115234375,0.9631409833468325,34.88065477146025,0.5119737982749939,941.492431640625,1.0,2024,6.4938154220581055,"{""type"":""Point"",""coordinates"":[34.88065477146025,0.9631409833468325]}"
3750,7.103929042816162,Trans Nzoia,1753.0,24.404348373413086,0.33059585094451904,1565.9140625,0.8676043991535842,34.90411353328009,0.5565937757492065,986.4015502929688,1.0,2024,7.103929042816162,"{""type"":""Point"",""coordinates"":[34.90411353328009,0.8676043991535842]}"
3755,7.578218460083008,Trans Nzoia,1867.0,22.03478240966797,0.3466927409172058,1372.1785888671875,1.0991224541701379,35.04077442461937,0.5087653994560242,885.8496704101562,1.0,2024,7.578218460083008,"{""type"":""Point"",""coordinates"":[35.04077442461937,1.0991224541701379]}"
3759,7.752312660217285,Trans Nzoia,1843.0,23.299999237060547,0.4797891676425934,1372.1785888671875,1.1082034945701176,34.954383489991415,0.6109227538108826,1015.1450805664062,4.0,2024,7.752312660217285,"{""type"":""Point"",""coordinates"":[34.954383489991415,1.1082034945701176]}"
3763,7.286534309387207,Trans Nzoia,1841.0,22.134782791137695,0.3275003731250763,1311.3265380859375,0.9989926744280331,35.047658000294966,0.4642265737056732,943.7447509765625,1.0,2024,7.286534309387207,"{""type"":""Point"",""coordinates"":[35.047658000294966,0.9989926744280331]}"
3765,6.969160556793213,Trans Nzoia,1768.0,22.07391357421875,0.3818458914756775,1472.4818115234375,0.9821055469752457,34.92249913077388,0.5692277550697327,984.7139892578125,1.0,2024,6.969160556793213,"{""type"":""Point"",""coordinates"":[34.92249913077388,0.9821055469752457]}"
3767,6.731195449829102,Trans Nzoia,1804.0,25.513044357299805,0.39113879203796387,1565.9140625,0.9224564000724005,34.870107133805966,0.5890339612960815,1014.7183227539062,1.0,2024,6.731195449829102,"{""type"":""Point"",""coordinates"":[34.870107133805966,0.9224564000724005]}"
3770,6.904445171356201,Trans Nzoia,1944.0,22.15652084350586,0.4087236225605011,1653.9757080078125,1.1545474833605178,34.83184095707781,0.43941348791122437,878.5647583007812,1.0,2024,6.904445171356201,"{""type"":""Point"",""coordinates"":[34.83184095707781,1.1545474833605178]}"
3774,7.752958297729492,Trans Nzoia,1813.0,21.278261184692383,0.4427112936973572,1372.1785888671875,1.0758283175206242,35.02615274489008,0.6032271981239319,885.8496704101562,1.0,2024,7.752958297729492,"{""type"":""Point"",""coordinates"":[35.02615274489008,1.0758283175206242]}"
3775,6.557533264160156,Trans Nzoia,1671.0,23.839130401611328,0.41420143842697144,1605.135986328125,0.8127129418392051,34.81378229366398,0.614949107170105,968.0701904296875,1.0,2024,6.557533264160156,"{""type"":""Point"",""coordinates"":[34.81378229366398,0.8127129418392051]}"
3777,6.941298961639404,Trans Nzoia,1903.0,23.782608032226562,0.43144044280052185,1309.0179443359375,1.117157782497279,35.079810051923566,0.5860026478767395,974.173583984375,1.0,2024,6.941298961639404,"{""type"":""Point"",""coordinates"":[35.079810051923566,1.117157782497279]}"
3783,6.447140693664551,Trans Nzoia,1893.0,24.221738815307617,0.4240410029888153,1309.0179443359375,1.0620196739570138,35.10897967847436,0.608113706111908,1033.5059814453125,1.0,2024,6.447140693664551,"{""type"":""Point"",""coordinates"":[35.10897967847436,1.0620196739570138]}"
3785,6.096463203430176,Trans Nzoia,1918.0,24.004348754882812,0.3810756802558899,1327.4505615234375,1.0296793171943528,35.1302738200949,0.5150533318519592,1019.4813842773438,1.0,2024,6.096463203430176,"{""type"":""Point"",""coordinates"":[35.1302738200949,1.0296793171943528]}"
3791,7.295525550842285,Trans Nzoia,2104.0,24.73043441772461,0.3673686981201172,1086.3765869140625,1.2084836545045774,34.750071643310505,0.5469262003898621,986.7026977539062,1.0,2024,7.295525550842285,"{""type"":""Point"",""coordinates"":[34.750071643310505,1.2084836545045774]}"
3792,6.168856143951416,Trans Nzoia,2173.0,24.15217399597168,0.3809731900691986,1518.2637939453125,1.0002527281345552,35.30076780406648,0.4926307797431946,1062.2413330078125,1.0,2024,6.168856143951416,"{""type"":""Point"",""coordinates"":[35.30076780406648,1.0002527281345552]}"
3794,6.237407207489014,Trans Nzoia,1858.0,21.96521759033203,0.3129052221775055,1327.4505615234375,0.9512138550343924,35.13339460940794,0.46345168352127075,1042.0404052734375,1.0,2024,6.237407207489014,"{""type"":""Point"",""coordinates"":[35.13339460940794,0.9512138550343924]}"
3808,7.528448104858398,Trans Nzoia,1834.0,21.634782791137695,0.3604711890220642,1587.5098876953125,1.1322385318970951,34.90005577111998,0.5239571332931519,896.3999633789062,1.0,2024,7.528448104858398,"{""type"":""Point"",""coordinates"":[34.90005577111998,1.1322385318970951]}"
3816,6.032962799072266,Trans Nzoia,1903.0,24.004348754882812,0.3594251573085785,1362.5670166015625,1.0594566468064675,35.21747673980788,0.5014205574989319,1157.1868896484375,1.0,2024,6.032962799072266,"{""type"":""Point"",""coordinates"":[35.21747673980788,1.0594566468064675]}"
3819,7.387106895446777,Trans Nzoia,1810.0,22.495651245117188,0.562316358089447,1472.4818115234375,1.010602609839137,34.94841020758874,0.7139142155647278,963.7658081054688,1.0,2024,7.387106895446777,"{""type"":""Point"",""coordinates"":[34.94841020758874,1.010602609839137]}"
3820,6.751511573791504,Trans Nzoia,1869.0,25.147825241088867,0.44607874751091003,1309.0179443359375,1.1002013111795415,35.09555917224646,0.6949484944343567,961.5752563476562,1.0,2024,6.751511573791504,"{""type"":""Point"",""coordinates"":[35.09555917224646,1.1002013111795415]}"
3826,6.426332473754883,Trans Nzoia,2043.0,24.57391357421875,0.3697371780872345,1451.5164794921875,0.886940781523002,34.812778503430934,0.557372510433197,985.6239013671875,1.0,2024,6.426332473754883,"{""type"":""Point"",""coordinates"":[34.812778503430934,0.886940781523002]}"
3830,7.569771766662598,Trans Nzoia,1854.0,25.0,0.38783642649650574,1587.5098876953125,1.0832015359495661,34.93033054923558,0.5484578609466553,961.76513671875,1.0,2024,7.569771766662598,"{""type"":""Point"",""coordinates"":[34.93033054923558,1.0832015359495661]}"
3832,6.988471031188965,Trans Nzoia,1797.0,23.252174377441406,0.2958064675331116,1565.9140625,0.8996050265844654,34.87756296354824,0.5047035813331604,1008.7085571289062,1.0,2024,6.988471031188965,"{""type"":""Point"",""coordinates"":[34.87756296354824,0.8996050265844654]}"
3834,6.926333904266357,Trans Nzoia,1722.0,22.89130401611328,0.3402027487754822,1565.9140625,0.8520595895688433,34.89982672751716,0.5194493532180786,1008.7085571289062,1.0,2024,6.926333904266357,"{""type"":""Point"",""coordinates"":[34.89982672751716,0.8520595895688433]}"
3845,6.375035762786865,Trans Nzoia,1951.0,19.352174758911133,0.34637725353240967,1303.348388671875,1.2275237300971746,35.03044187384477,0.4797529876232147,1020.2589111328125,1.0,2024,6.375035762786865,"{""type"":""Point"",""coordinates"":[35.03044187384477,1.2275237300971746]}"
3846,7.084238052368164,Trans Nzoia,1787.0,21.03478240966797,0.3380384147167206,1640.1566162109375,1.237938713118554,34.873406123819116,0.5093328952789307,915.8572387695312,4.0,2024,7.084238052368164,"{""type"":""Point"",""coordinates"":[34.873406123819116,1.237938713118554]}"
3849,6.33966064453125,Trans Nzoia,1907.0,21.778261184692383,0.35168367624282837,1309.0179443359375,1.1329311651853977,35.105026320797585,0.561021089553833,1090.241455078125,1.0,2024,6.33966064453125,"{""type"":""Point"",""coordinates"":[35.105026320797585,1.1329311651853977]}"
3850,6.160445213317871,Trans Nzoia,2072.0,25.278261184692383,0.33887118101119995,1532.4256591796875,1.0926305532393286,34.78825375220161,0.5431433916091919,888.1694946289062,1.0,2024,6.160445213317871,"{""type"":""Point"",""coordinates"":[34.78825375220161,1.0926305532393286]}"
3851,6.219076633453369,Trans Nzoia,2044.0,25.03478240966797,0.33493754267692566,1532.4256591796875,1.127327836881583,34.7869005721737,0.5120294094085693,876.7874755859375,1.0,2024,6.219076633453369,"{""type"":""Point"",""coordinates"":[34.7869005721737,1.127327836881583]}"
3852,7.219897270202637,Trans Nzoia,1844.0,20.104347229003906,0.30684199929237366,1653.9757080078125,1.238954033445492,34.83874074642795,0.42995429039001465,881.7891235351562,1.0,2024,7.219897270202637,"{""type"":""Point"",""coordinates"":[34.83874074642795,1.238954033445492]}"
3853,6.493598937988281,Trans Nzoia,1979.0,24.80434799194336,0.38971641659736633,1415.5245361328125,0.9719931438356274,34.81607083184996,0.5291874408721924,959.7871704101562,1.0,2024,6.493598937988281,"{""type"":""Point"",""coordinates"":[34.81607083184996,0.9719931438356274]}"
3854,7.684463977813721,Trans Nzoia,1848.0,22.7391300201416,0.4158945679664612,1587.5098876953125,1.0934286364389052,34.94212494161088,0.5990042686462402,961.76513671875,1.0,2024,7.684463977813721,"{""type"":""Point"",""coordinates"":[34.94212494161088,1.0934286364389052]}"
3857,6.383846282958984,Trans Nzoia,1852.0,26.204347610473633,0.4363628327846527,1451.5164794921875,0.86173951401851,34.803231995121386,0.6593483090400696,985.6239013671875,1.0,2024,6.383846282958984,"{""type"":""Point"",""coordinates"":[34.803231995121386,0.86173951401851]}"
3862,7.009429931640625,Trans Nzoia,1929.0,22.826086044311523,0.36080634593963623,1653.9757080078125,1.1995185857572233,34.81281451556596,0.4506182372570038,878.5647583007812,1.0,2024,7.009429931640625,"{""type"":""Point"",""coordinates"":[34.81281451556596,1.1995185857572233]}"
3863,7.498602390289307,Trans Nzoia,1856.0,23.743478775024414,0.2723085880279541,1587.5098876953125,1.081903292590332,34.92112646631259,0.4289168119430542,961.76513671875,1.0,2024,7.498602390289307,"{""type"":""Point"",""coordinates"":[34.92112646631259,1.081903292590332]}"
3864,6.746796607971191,Trans Nzoia,1797.0,24.278261184692383,0.342767596244812,1327.4505615234375,0.9911741771723245,35.07806695805113,0.5543674826622009,994.4949951171875,1.0,2024,6.746796607971191,"{""type"":""Point"",""coordinates"":[35.07806695805113,0.9911741771723245]}"
3865,7.142482757568359,Trans Nzoia,1900.0,19.586956024169922,0.3173852860927582,1640.1566162109375,1.2170433046374962,34.86328284104949,0.4510941207408905,915.8572387695312,4.0,2024,7.142482757568359,"{""type"":""Point"",""coordinates"":[34.86328284104949,1.2170433046374962]}"
3866,6.60384464263916,Trans Nzoia,1982.0,24.57391357421875,0.41271501779556274,1415.5245361328125,1.0283936331482721,34.81364275938759,0.5266438722610474,849.1492919921875,1.0,2024,6.60384464263916,"{""type"":""Point"",""coordinates"":[34.81364275938759,1.0283936331482721]}"
3868,6.667747974395752,Trans Nzoia,1951.0,24.19130516052246,0.3030732572078705,1518.2637939453125,1.0037542497110314,35.251376300319826,0.4867199659347534,994.1923217773438,1.0,2024,6.667747974395752,"{""type"":""Point"",""coordinates"":[35.251376300319826,1.0037542497110314]}"
3871,7.504781723022461,Trans Nzoia,1835.0,24.204347610473633,0.3342610001564026,1311.3265380859375,1.010754784780411,34.95918326751781,0.4483867287635803,1003.5731201171875,1.0,2024,7.504781723022461,"{""type"":""Point"",""coordinates"":[34.95918326751781,1.010754784780411]}"
3878,6.256380081176758,Trans Nzoia,1864.0,24.495651245117188,0.3323613405227661,1339.5623779296875,0.9487926817626945,35.13262398316614,0.4947490394115448,964.28857421875,1.0,2024,6.256380081176758,"{""type"":""Point"",""coordinates"":[35.13262398316614,0.9487926817626945]}"
3880,7.200446605682373,Trans Nzoia,1800.0,22.12173843383789,0.3281005918979645,1388.3951416015625,0.9334719169501883,35.012260413667065,0.46663546562194824,873.1403198242188,1.0,2024,7.200446605682373,"{""type"":""Point"",""coordinates"":[35.012260413667065,0.9334719169501883]}"
3882,5.649134635925293,Trans Nzoia,1902.0,24.07391357421875,0.32484596967697144,1309.0179443359375,1.1349053419740431,35.14157451658777,0.5081367492675781,1090.241455078125,1.0,2024,5.649134635925293,"{""type"":""Point"",""coordinates"":[35.14157451658777,1.1349053419740431]}"
3886,6.590633392333984,Trans Nzoia,1852.0,24.982608795166016,0.35376468300819397,1472.4818115234375,1.0144488073036597,34.86860563406873,0.5582424402236938,914.8713989257812,1.0,2024,6.590633392333984,"{""type"":""Point"",""coordinates"":[34.86860563406873,1.0144488073036597]}"
3891,6.669163703918457,Trans Nzoia,1884.0,19.595651626586914,0.3538622558116913,1303.348388671875,1.2342209510273745,35.00198341519463,0.49843063950538635,1020.2589111328125,4.0,2024,6.669163703918457,"{""type"":""Point"",""coordinates"":[35.00198341519463,1.2342209510273745]}"
3892,6.4683027267456055,Trans Nzoia,1879.0,24.413043975830078,0.40135493874549866,1463.1514892578125,0.9336239747510646,35.229396424817025,0.5509161949157715,1050.580810546875,1.0,2024,6.4683027267456055,"{""type"":""Point"",""coordinates"":[35.229396424817025,0.9336239747510646]}"
3899,7.180515289306641,Trans Nzoia,1836.0,19.1130428314209,0.31224966049194336,1653.9757080078125,1.240036650354982,34.84728506603689,0.48765134811401367,881.7891235351562,4.0,2024,7.180515289306641,"{""type"":""Point"",""coordinates"":[34.84728506603689,1.240036650354982]}"
3907,5.237457752227783,Trans Nzoia,2061.0,21.056522369384766,0.349608838558197,1518.2637939453125,0.958990095112736,35.34040596609452,0.5424510836601257,1077.1812744140625,4.0,2024,5.237457752227783,"{""type"":""Point"",""coordinates"":[35.34040596609452,0.958990095112736]}"
3909,7.132389545440674,Trans Nzoia,1833.0,19.92608642578125,0.3348093330860138,1640.1566162109375,1.239487005864303,34.85741425035491,0.477878212928772,915.8572387695312,6.0,2024,7.132389545440674,"{""type"":""Point"",""coordinates"":[34.85741425035491,1.239487005864303]}"
3914,6.112029075622559,Trans Nzoia,1874.0,22.082609176635742,0.3289022743701935,1448.66259765625,0.9927117900068045,35.16665519551083,0.49813464283943176,1027.66796875,1.0,2024,6.112029075622559,"{""type"":""Point"",""coordinates"":[35.16665519551083,0.9927117900068045]}"
3916,6.880335807800293,Trans Nzoia,1967.0,23.069564819335938,0.3494206666946411,1303.348388671875,1.2159896658721427,34.97935514925862,0.4980563819408417,1109.6043701171875,1.0,2024,6.880335807800293,"{""type"":""Point"",""coordinates"":[34.97935514925862,1.2159896658721427]}"
3919,6.87305212020874,Trans Nzoia,1888.0,27.786956787109375,0.34180229902267456,1532.4256591796875,1.0762359716703969,34.8420016972567,0.5380314588546753,813.836669921875,1.0,2024,6.87305212020874,"{""type"":""Point"",""coordinates"":[34.8420016972567,1.0762359716703969]}"
3920,7.564844131469727,Trans Nzoia,1845.0,22.83478355407715,0.425672322511673,1372.1785888671875,1.1297787353692483,35.006820038105296,0.5193420052528381,862.4269409179688,1.0,2024,7.564844131469727,"{""type"":""Point"",""coordinates"":[35.006820038105296,1.1297787353692483]}"
3922,6.61881160736084,Trans Nzoia,2120.0,25.560869216918945,0.2902413308620453,1653.9757080078125,1.1663801614853233,34.79452173601706,0.5014709234237671,878.0504150390625,1.0,2024,6.61881160736084,"{""type"":""Point"",""coordinates"":[34.79452173601706,1.1663801614853233]}"
3928,7.670073986053467,Trans Nzoia,1845.0,23.37826156616211,0.417287141084671,1587.5098876953125,1.095688012705229,34.93872179562269,0.5407375693321228,961.76513671875,4.0,2024,7.670073986053467,"{""type"":""Point"",""coordinates"":[34.93872179562269,1.095688012705229]}"
3930,6.056416034698486,Trans Nzoia,1871.0,22.16521644592285,0.3564707040786743,1448.66259765625,1.0458673121209292,35.18702826208281,0.5214040279388428,1005.9006958007812,1.0,2024,6.056416034698486,"{""type"":""Point"",""coordinates"":[35.18702826208281,1.0458673121209292]}"
3931,6.283726692199707,Trans Nzoia,2461.0,25.208696365356445,0.4788857400417328,1086.3765869140625,1.1631840444441643,34.74792859574691,0.5551578998565674,1033.228759765625,4.0,2024,6.283726692199707,"{""type"":""Point"",""coordinates"":[34.74792859574691,1.1631840444441643]}"
3932,6.789198875427246,Trans Nzoia,1891.0,23.76956558227539,0.42090481519699097,1472.4818115234375,1.0429345137363988,34.86431053536774,0.5890942811965942,914.8713989257812,1.0,2024,6.789198875427246,"{""type"":""Point"",""coordinates"":[34.86431053536774,1.0429345137363988]}"
3933,7.4206647872924805,Trans Nzoia,1846.0,25.547826766967773,0.4012833535671234,1587.5098876953125,1.107015546494393,34.89270657158136,0.5735478401184082,896.3999633789062,1.0,2024,7.4206647872924805,"{""type"":""Point"",""coordinates"":[34.89270657158136,1.107015546494393]}"
3935,6.954660415649414,Trans Nzoia,2285.0,30.495651245117188,0.4957640767097473,1086.3765869140625,1.1925153858369804,34.72483672284585,0.7145220041275024,1033.228759765625,1.0,2024,6.954660415649414,"{""type"":""Point"",""coordinates"":[34.72483672284585,1.1925153858369804]}"
3936,7.074493885040283,Trans Nzoia,1949.0,24.217391967773438,0.34816253185272217,1372.1785888671875,1.1447927542709644,35.038020112313724,0.5168610215187073,862.4269409179688,1.0,2024,7.074493885040283,"{""type"":""Point"",""coordinates"":[35.038020112313724,1.1447927542709644]}"
3940,7.08885383605957,Trans Nzoia,1745.0,23.700000762939453,0.40612390637397766,1565.9140625,0.9347659484387573,34.91942438757838,0.5847002863883972,1008.7112426757812,1.0,2024,7.08885383605957,"{""type"":""Point"",""coordinates"":[34.91942438757838,0.9347659484387573]}"
3941,6.650614261627197,Trans Nzoia,2234.0,30.021739959716797,0.5813722610473633,1086.3765869140625,1.1807577156309834,34.73270677009401,0.7704893946647644,1033.228759765625,4.0,2024,6.650614261627197,"{""type"":""Point"",""coordinates"":[34.73270677009401,1.1807577156309834]}"
3942,6.423393249511719,Trans Nzoia,1889.0,25.978260040283203,0.37721017003059387,1463.1514892578125,0.9319549121945119,35.2219225705243,0.5316609144210815,1050.580810546875,1.0,2024,6.423393249511719,"{""type"":""Point"",""coordinates"":[35.2219225705243,0.9319549121945119]}"
3944,7.038938999176025,Trans Nzoia,1759.0,23.291303634643555,0.4164920449256897,1565.9140625,0.9363450591491004,34.916063242373994,0.5547177195549011,1008.7112426757812,1.0,2024,7.038938999176025,"{""type"":""Point"",""coordinates"":[34.916063242373994,0.9363450591491004]}"
3945,7.438030242919922,Trans Nzoia,1847.0,23.60869598388672,0.37291738390922546,1587.5098876953125,1.139249348667968,34.88675967409407,0.4520055651664734,896.3999633789062,1.0,2024,7.438030242919922,"{""type"":""Point"",""coordinates"":[34.88675967409407,1.139249348667968]}"
3947,6.791200637817383,Trans Nzoia,2164.0,24.056522369384766,0.27132490277290344,1653.9757080078125,1.185659951017505,34.7746190610085,0.4667670726776123,878.0504150390625,1.0,2024,6.791200637817383,"{""type"":""Point"",""coordinates"":[34.7746190610085,1.185659951017505]}"
3950,6.322292327880859,Trans Nzoia,2120.0,24.626087188720703,0.3191131353378296,1532.4256591796875,1.1221255875278782,34.79508099011141,0.4993523061275482,876.7874755859375,1.0,2024,6.322292327880859,"{""type"":""Point"",""coordinates"":[34.79508099011141,1.1221255875278782]}"
3954,6.849329948425293,Trans Nzoia,1851.0,23.630434036254883,0.4565904438495636,1472.4818115234375,1.0322275904361762,34.89137105427403,0.6369674801826477,914.8713989257812,1.0,2024,6.849329948425293,"{""type"":""Point"",""coordinates"":[34.89137105427403,1.0322275904361762]}"
3958,6.899367332458496,Trans Nzoia,1774.0,22.18260955810547,0.4079393148422241,1472.4818115234375,0.9867481296190398,34.917199358492866,0.5779809355735779,984.7139892578125,1.0,2024,6.899367332458496,"{""type"":""Point"",""coordinates"":[34.917199358492866,0.9867481296190398]}"
3960,6.882319450378418,Trans Nzoia,1950.0,22.056522369384766,0.3960602879524231,1653.9757080078125,1.154291634905815,34.82984186287006,0.4326782524585724,878.5647583007812,1.0,2024,6.882319450378418,"{""type"":""Point"",""coordinates"":[34.82984186287006,1.154291634905815]}"
3964,7.303264617919922,Trans Nzoia,1909.0,22.026086807250977,0.4192237854003906,1303.348388671875,1.1736389417149422,34.968687796724375,0.5302409529685974,1049.634765625,1.0,2024,7.303264617919922,"{""type"":""Point"",""coordinates"":[34.968687796724375,1.1736389417149422]}"
3968,7.092799186706543,Trans Nzoia,1894.0,20.439130783081055,0.28524699807167053,1640.1566162109375,1.2290182164178007,34.895787479740044,0.4128674864768982,915.8572387695312,1.0,2024,7.092799186706543,"{""type"":""Point"",""coordinates"":[34.895787479740044,1.2290182164178007]}"
3970,7.698431491851807,Trans Nzoia,1830.0,23.895652770996094,0.4006126821041107,1372.1785888671875,1.0799911051128068,34.95201968718254,0.5461262464523315,1014.598876953125,1.0,2024,7.698431491851807,"{""type"":""Point"",""coordinates"":[34.95201968718254,1.0799911051128068]}"
3972,6.612815856933594,Trans Nzoia,1805.0,27.434782028198242,0.372501939535141,1472.4818115234375,1.0053966423059144,34.88582435752583,0.5353027582168579,914.8713989257812,1.0,2024,6.612815856933594,"{""type"":""Point"",""coordinates"":[34.88582435752583,1.0053966423059144]}"
3976,7.070535659790039,Trans Nzoia,1985.0,24.360870361328125,0.4543657898902893,1303.348388671875,1.1696079133721928,34.99995584399492,0.5495787262916565,1049.634765625,1.0,2024,7.070535659790039,"{""type"":""Point"",""coordinates"":[34.99995584399492,1.1696079133721928]}"
3980,6.533847808837891,Trans Nzoia,2049.0,24.2391300201416,0.2995385229587555,1415.5245361328125,1.0153029160200686,34.80522559147577,0.4817156195640564,849.1492919921875,1.0,2024,6.533847808837891,"{""type"":""Point"",""coordinates"":[34.80522559147577,1.0153029160200686]}"
3981,7.285539627075195,Trans Nzoia,1846.0,23.356521606445312,0.34846651554107666,1640.1566162109375,1.1969157518403464,34.90088398637535,0.47455301880836487,964.7963256835938,1.0,2024,7.285539627075195,"{""type"":""Point"",""coordinates"":[34.90088398637535,1.1969157518403464]}"
3982,6.669567108154297,Trans Nzoia,1921.0,22.869565963745117,0.28747817873954773,1518.2637939453125,0.9622336467271655,35.26238768435125,0.4416566491127014,998.7577514648438,1.0,2024,6.669567108154297,"{""type"":""Point"",""coordinates"":[35.26238768435125,0.9622336467271655]}"
3983,6.422030448913574,Trans Nzoia,2060.0,23.973913192749023,0.34450238943099976,1532.4256591796875,1.0967780368559414,34.80297204684173,0.5471176505088806,813.836669921875,1.0,2024,6.422030448913574,"{""type"":""Point"",""coordinates"":[34.80297204684173,1.0967780368559414]}"
3986,7.151015281677246,Trans Nzoia,2046.0,22.417390823364258,0.2828870117664337,1653.9757080078125,1.2054405311811147,34.76709485227129,0.3825203478336334,877.1436767578125,1.0,2024,7.151015281677246,"{""type"":""Point"",""coordinates"":[34.76709485227129,1.2054405311811147]}"
3988,6.080820083618164,Trans Nzoia,1867.0,22.7608699798584,0.33566468954086304,1327.4505615234375,0.9758473031934493,35.1361191253051,0.482655793428421,1042.0404052734375,1.0,2024,6.080820083618164,"{""type"":""Point"",""coordinates"":[35.1361191253051,0.9758473031934493]}"
3990,6.713879585266113,Trans Nzoia,1832.0,23.013044357299805,0.3936797082424164,1303.348388671875,1.238242389082654,34.99897555838934,0.4974016547203064,1109.6043701171875,1.0,2024,6.713879585266113,"{""type"":""Point"",""coordinates"":[34.99897555838934,1.238242389082654]}"
3992,7.6997528076171875,Trans Nzoia,1824.0,23.521739959716797,0.33316585421562195,1587.5098876953125,1.1251148302203944,34.942128238422974,0.5144809484481812,960.1989135742188,1.0,2024,7.6997528076171875,"{""type"":""Point"",""coordinates"":[34.942128238422974,1.1251148302203944]}"
3994,6.308579921722412,Trans Nzoia,2165.0,22.060869216918945,0.2605702579021454,1532.4256591796875,1.0507536126450805,34.792047501332696,0.44301140308380127,888.1694946289062,1.0,2024,6.308579921722412,"{""type"":""Point"",""coordinates"":[34.792047501332696,1.0507536126450805]}"
3995,7.433180332183838,Trans Nzoia,1825.0,21.452173233032227,0.4136328399181366,1311.3265380859375,0.9779684069197243,34.960068355847,0.5416208505630493,1077.162841796875,1.0,2024,7.433180332183838,"{""type"":""Point"",""coordinates"":[34.960068355847,0.9779684069197243]}"
3997,7.516043663024902,Trans Nzoia,1838.0,21.339130401611328,0.31159621477127075,1587.5098876953125,1.1179865172401857,34.90054164953478,0.4534594714641571,960.1989135742188,1.0,2024,7.516043663024902,"{""type"":""Point"",""coordinates"":[34.90054164953478,1.1179865172401857]}"
4000,7.144658088684082,Trans Nzoia,1896.0,20.917390823364258,0.2643926739692688,1640.1566162109375,1.2223709434287753,34.8507584065456,0.4190850853919983,915.8572387695312,4.0,2024,7.144658088684082,"{""type"":""Point"",""coordinates"":[34.8507584065456,1.2223709434287753]}"
4004,7.680144786834717,Trans Nzoia,1827.0,22.286956787109375,0.4506906270980835,1587.5098876953125,1.1296803314309378,34.93750842562568,0.6467547416687012,960.1989135742188,1.0,2024,7.680144786834717,"{""type"":""Point"",""coordinates"":[34.93750842562568,1.1296803314309378]}"
4008,7.644506454467773,Trans Nzoia,1833.0,22.147825241088867,0.3968467116355896,1587.5098876953125,1.1057666402584565,34.92844108817889,0.5631335377693176,960.1989135742188,1.0,2024,7.644506454467773,"{""type"":""Point"",""coordinates"":[34.92844108817889,1.1057666402584565]}"
4009,6.427995681762695,Trans Nzoia,1808.0,24.96956443786621,0.42596110701560974,1472.4818115234375,0.9809138221948575,34.867846287140665,0.588542103767395,941.492431640625,1.0,2024,6.427995681762695,"{""type"":""Point"",""coordinates"":[34.867846287140665,0.9809138221948575]}"
4012,6.395872116088867,Trans Nzoia,1972.0,22.786956787109375,0.4146351218223572,1532.4256591796875,1.0780942697637514,34.80040594281903,0.5520817637443542,813.836669921875,1.0,2024,6.395872116088867,"{""type"":""Point"",""coordinates"":[34.80040594281903,1.0780942697637514]}"
4016,7.453338623046875,Trans Nzoia,1844.0,23.139129638671875,0.3451409935951233,1640.1566162109375,1.1738520897445737,34.92704492075519,0.46789905428886414,964.7963256835938,1.0,2024,7.453338623046875,"{""type"":""Point"",""coordinates"":[34.92704492075519,1.1738520897445737]}"
4019,6.4095258712768555,Trans Nzoia,2162.0,22.7391300201416,0.3961098790168762,1518.2637939453125,1.0157251280868973,35.285580716535385,0.5244197845458984,994.1923217773438,1.0,2024,6.4095258712768555,"{""type"":""Point"",""coordinates"":[35.285580716535385,1.0157251280868973]}"
4022,6.636712551116943,Trans Nzoia,1885.0,24.486955642700195,0.4245297610759735,1309.0179443359375,1.1364631247897121,35.08290416180008,0.7020981311798096,974.173583984375,1.0,2024,6.636712551116943,"{""type"":""Point"",""coordinates"":[35.08290416180008,1.1364631247897121]}"
4023,6.923916339874268,Trans Nzoia,1908.0,22.326086044311523,0.18812806904315948,1587.5098876953125,1.0628068964918427,34.86111145136143,0.39320313930511475,908.87646484375,1.0,2024,6.923916339874268,"{""type"":""Point"",""coordinates"":[34.86111145136143,1.0628068964918427]}"
4025,7.609517574310303,Trans Nzoia,1842.0,22.630434036254883,0.3646624982357025,1587.5098876953125,1.0947896580993697,34.928703885963806,0.5291348099708557,961.76513671875,1.0,2024,7.609517574310303,"{""type"":""Point"",""coordinates"":[34.928703885963806,1.0947896580993697]}"
4026,7.340986728668213,Trans Nzoia,1848.0,22.12173843383789,0.29536139965057373,1640.1566162109375,1.1897167461923315,34.90899866901185,0.41611388325691223,964.7963256835938,1.0,2024,7.340986728668213,"{""type"":""Point"",""coordinates"":[34.90899866901185,1.1897167461923315]}"
4029,6.6709160804748535,Trans Nzoia,1993.0,22.743478775024414,0.3156421184539795,1532.4256591796875,1.1402912832624985,34.81558651753656,0.42350542545318604,853.085205078125,1.0,2024,6.6709160804748535,"{""type"":""Point"",""coordinates"":[34.81558651753656,1.1402912832624985]}"
4032,6.577905654907227,Trans Nzoia,1996.0,24.221738815307617,0.39241713285446167,1415.5245361328125,1.0083231651631563,34.81545176375337,0.4935336410999298,849.1492919921875,1.0,2024,6.577905654907227,"{""type"":""Point"",""coordinates"":[34.81545176375337,1.0083231651631563]}"
4033,6.5377655029296875,Trans Nzoia,2237.0,21.66521644592285,0.3424838185310364,1653.9757080078125,1.1673159951943477,34.779614476504996,0.5114041566848755,878.0504150390625,1.0,2024,6.5377655029296875,"{""type"":""Point"",""coordinates"":[34.779614476504996,1.1673159951943477]}"
4034,7.097222805023193,Trans Nzoia,1943.0,22.517391204833984,0.3381645381450653,1309.0179443359375,1.1305742305335453,35.056937097108815,0.49960607290267944,974.173583984375,1.0,2024,7.097222805023193,"{""type"":""Point"",""coordinates"":[35.056937097108815,1.1305742305335453]}"
4042,6.818197250366211,Trans Nzoia,1922.0,22.669565200805664,0.38513636589050293,1309.0179443359375,1.075223004877365,35.09162504350946,0.5910243988037109,961.5752563476562,1.0,2024,6.818197250366211,"{""type"":""Point"",""coordinates"":[35.09162504350946,1.075223004877365]}"
4045,6.584986686706543,Trans Nzoia,1863.0,21.134782791137695,0.3885001242160797,1463.1514892578125,0.94633749562316,35.243093711498126,0.5912021398544312,1050.580810546875,4.0,2024,6.584986686706543,"{""type"":""Point"",""coordinates"":[35.243093711498126,0.94633749562316]}"
4048,5.969536304473877,Trans Nzoia,1896.0,25.056522369384766,0.3458746671676636,1309.0179443359375,1.0668984964662114,35.1447970626112,0.5342523455619812,1033.5059814453125,1.0,2024,5.969536304473877,"{""type"":""Point"",""coordinates"":[35.1447970626112,1.0668984964662114]}"
4050,6.114135265350342,Trans Nzoia,1843.0,23.19130516052246,0.41290485858917236,1448.66259765625,1.0166984529330263,35.16945945827366,0.5976550579071045,1005.9006958007812,1.0,2024,6.114135265350342,"{""type"":""Point"",""coordinates"":[35.16945945827366,1.0166984529330263]}"
4052,7.130784511566162,Trans Nzoia,1813.0,19.552173614501953,0.3518146574497223,1640.1566162109375,1.241477554215599,34.85747185862571,0.4481295049190521,915.8572387695312,6.0,2024,7.130784511566162,"{""type"":""Point"",""coordinates"":[34.85747185862571,1.241477554215599]}"
4053,6.591655731201172,Trans Nzoia,1896.0,24.12173843383789,0.39928629994392395,1619.9417724609375,0.9442071268319838,35.27361140556906,0.618032693862915,978.35693359375,1.0,2024,6.591655731201172,"{""type"":""Point"",""coordinates"":[35.27361140556906,0.9442071268319838]}"
4054,7.111387729644775,Trans Nzoia,1846.0,20.299999237060547,0.32743600010871887,1640.1566162109375,1.2271860723426158,34.87816618751877,0.46461746096611023,915.8572387695312,4.0,2024,7.111387729644775,"{""type"":""Point"",""coordinates"":[34.87816618751877,1.2271860723426158]}"
4058,5.554285526275635,Trans Nzoia,2246.0,23.31739044189453,0.30059126019477844,1518.2637939453125,0.9942692661556488,35.32374447644397,0.4422082304954529,1077.1812744140625,1.0,2024,5.554285526275635,"{""type"":""Point"",""coordinates"":[35.32374447644397,0.9942692661556488]}"
4059,7.004203796386719,Trans Nzoia,1857.0,22.086956024169922,0.4057404696941376,1327.4505615234375,1.04654197365856,35.07533350966403,0.578978955745697,969.0385131835938,1.0,2024,7.004203796386719,"{""type"":""Point"",""coordinates"":[35.07533350966403,1.04654197365856]}"
4063,6.036214828491211,Trans Nzoia,2123.0,23.126087188720703,0.3152066767215729,1362.5670166015625,1.0676150794546917,35.23346677281394,0.4692894220352173,1157.1868896484375,1.0,2024,6.036214828491211,"{""type"":""Point"",""coordinates"":[35.23346677281394,1.0676150794546917]}"
4064,7.469959259033203,Trans Nzoia,1815.0,22.278261184692383,0.38048648834228516,1311.3265380859375,0.9558508769386143,34.99049630430805,0.5512896776199341,1077.162841796875,1.0,2024,7.469959259033203,"{""type"":""Point"",""coordinates"":[34.99049630430805,0.9558508769386143]}"
4067,6.788984298706055,Trans Nzoia,2196.0,25.782608032226562,0.4460490047931671,1086.3765869140625,1.1852435405529007,34.749821163442874,0.5664936304092407,1033.228759765625,1.0,2024,6.788984298706055,"{""type"":""Point"",""coordinates"":[34.749821163442874,1.1852435405529007]}"
4072,7.319131851196289,Trans Nzoia,1805.0,24.15217399597168,0.4434637427330017,1472.4818115234375,1.0095582406770796,34.94322676719025,0.5718793869018555,963.7658081054688,1.0,2024,7.319131851196289,"{""type"":""Point"",""coordinates"":[34.94322676719025,1.0095582406770796]}"
4077,5.449920654296875,Trans Nzoia,1925.0,24.88260841369629,0.3302220106124878,1217.0069580078125,1.1865212649285162,35.12847495809762,0.48937350511550903,1211.0057373046875,1.0,2024,5.449920654296875,"{""type"":""Point"",""coordinates"":[35.12847495809762,1.1865212649285162]}"
4079,7.470085620880127,Trans Nzoia,1823.0,22.008695602416992,0.3937329053878784,1311.3265380859375,0.9749344173770831,34.96530842404447,0.5396080613136292,1077.162841796875,1.0,2024,7.470085620880127,"{""type"":""Point"",""coordinates"":[34.96530842404447,0.9749344173770831]}"
4081,6.364495754241943,Trans Nzoia,2154.0,21.795652389526367,0.2573348581790924,1532.4256591796875,1.1382415566254516,34.79251628007578,0.4230915307998657,876.7874755859375,1.0,2024,6.364495754241943,"{""type"":""Point"",""coordinates"":[34.79251628007578,1.1382415566254516]}"
4085,6.064133644104004,Trans Nzoia,1906.0,23.5,0.41900408267974854,1309.0179443359375,1.0817899340913761,35.13485968804269,0.6312623023986816,1033.5059814453125,1.0,2024,6.064133644104004,"{""type"":""Point"",""coordinates"":[35.13485968804269,1.0817899340913761]}"
4087,6.849429130554199,Trans Nzoia,2181.0,25.34347915649414,0.4065801799297333,1086.3765869140625,1.1881323165675972,34.74146927453195,0.5686009526252747,1033.228759765625,1.0,2024,6.849429130554199,"{""type"":""Point"",""coordinates"":[34.74146927453195,1.1881323165675972]}"
4088,5.9826202392578125,Trans Nzoia,1912.0,23.89130401611328,0.34800294041633606,1309.0179443359375,1.0977512141351047,35.13650364657392,0.4868278205394745,1033.5059814453125,1.0,2024,5.9826202392578125,"{""type"":""Point"",""coordinates"":[35.13650364657392,1.0977512141351047]}"
4090,6.958196640014648,Trans Nzoia,1876.0,21.72608757019043,0.3839423656463623,1587.5098876953125,1.0773462503571594,34.853405623109154,0.5367567539215088,908.87646484375,1.0,2024,6.958196640014648,"{""type"":""Point"",""coordinates"":[34.853405623109154,1.0773462503571594]}"
4091,7.430736541748047,Trans Nzoia,1961.0,24.821739196777344,0.399115651845932,1372.1785888671875,1.1192205105861672,35.041060516456305,0.5519191026687622,862.4269409179688,1.0,2024,7.430736541748047,"{""type"":""Point"",""coordinates"":[35.041060516456305,1.1192205105861672]}"
4092,7.486629962921143,Trans Nzoia,1880.0,23.895652770996094,0.31277409195899963,1303.348388671875,1.1627726547643455,34.951277329837474,0.4773746728897095,1049.634765625,1.0,2024,7.486629962921143,"{""type"":""Point"",""coordinates"":[34.951277329837474,1.1627726547643455]}"
4097,7.0884599685668945,Trans Nzoia,1923.0,19.952173233032227,0.35814139246940613,1640.1566162109375,1.2228165225520973,34.93588712645765,0.5251421332359314,972.9393310546875,1.0,2024,7.0884599685668945,"{""type"":""Point"",""coordinates"":[34.93588712645765,1.2228165225520973]}"
4098,7.5235137939453125,Trans Nzoia,1856.0,22.31304359436035,0.3573283851146698,1587.5098876953125,1.086339425186193,34.921146489568606,0.5059459805488586,961.76513671875,1.0,2024,7.5235137939453125,"{""type"":""Point"",""coordinates"":[34.921146489568606,1.086339425186193]}"
4100,7.118622779846191,Trans Nzoia,1758.0,24.217391967773438,0.3890374004840851,1565.9140625,0.8696188125732113,34.88964918955527,0.580146074295044,1008.7085571289062,1.0,2024,7.118622779846191,"{""type"":""Point"",""coordinates"":[34.88964918955527,0.8696188125732113]}"
4105,7.78541374206543,Trans Nzoia,1822.0,22.639129638671875,0.3453142046928406,1372.1785888671875,1.107602174695964,34.99499891415114,0.5163207650184631,1015.1450805664062,1.0,2024,7.78541374206543,"{""type"":""Point"",""coordinates"":[34.99499891415114,1.107602174695964]}"
4106,6.534432888031006,Trans Nzoia,1893.0,22.752174377441406,0.3207204341888428,1415.5245361328125,0.9917705633636801,34.80974756039613,0.4832746088504791,959.7871704101562,1.0,2024,6.534432888031006,"{""type"":""Point"",""coordinates"":[34.80974756039613,0.9917705633636801]}"
4108,6.988685131072998,Trans Nzoia,1831.0,24.630434036254883,0.30350634455680847,1327.4505615234375,1.0284512339350418,35.07113894988409,0.4312436580657959,969.0385131835938,1.0,2024,6.988685131072998,"{""type"":""Point"",""coordinates"":[35.07113894988409,1.0284512339350418]}"
4111,6.470264911651611,Trans Nzoia,1804.0,25.978260040283203,0.36754196882247925,1472.4818115234375,0.9634606734205946,34.876274726385105,0.5325133800506592,941.492431640625,1.0,2024,6.470264911651611,"{""type"":""Point"",""coordinates"":[34.876274726385105,0.9634606734205946]}"
4116,6.110250473022461,Trans Nzoia,1860.0,22.508695602416992,0.3495682179927826,1448.66259765625,1.0103156322624938,35.16778849025337,0.587618887424469,1005.9006958007812,1.0,2024,6.110250473022461,"{""type"":""Point"",""coordinates"":[35.16778849025337,1.0103156322624938]}"
4119,6.016071319580078,Trans Nzoia,1868.0,23.03913116455078,0.3348601460456848,1448.66259765625,1.0419753798791866,35.16456872567512,0.5465360283851624,1005.9006958007812,1.0,2024,6.016071319580078,"{""type"":""Point"",""coordinates"":[35.16456872567512,1.0419753798791866]}"
4120,5.762768268585205,Trans Nzoia,2193.0,25.086956024169922,0.31726935505867004,1532.4256591796875,1.104789651966847,34.76900244734028,0.5190657377243042,876.7874755859375,1.0,2024,5.762768268585205,"{""type"":""Point"",""coordinates"":[34.76900244734028,1.104789651966847]}"
4121,6.758028984069824,Trans Nzoia,1960.0,22.46086883544922,0.36075150966644287,1303.348388671875,1.221628346232736,34.990458551059845,0.5032857656478882,1109.6043701171875,1.0,2024,6.758028984069824,"{""type"":""Point"",""coordinates"":[34.990458551059845,1.221628346232736]}"
4123,5.9351911544799805,Trans Nzoia,2096.0,23.286956787109375,0.30286261439323425,1532.4256591796875,1.1036471319699206,34.776940595749515,0.48925262689590454,876.7874755859375,1.0,2024,5.9351911544799805,"{""type"":""Point"",""coordinates"":[34.776940595749515,1.1036471319699206]}"
4129,6.351292133331299,Trans Nzoia,1916.0,23.056522369384766,0.29560577869415283,1217.0069580078125,1.1701283325461185,35.060255599021055,0.4482558071613312,1066.3682861328125,1.0,2024,6.351292133331299,"{""type"":""Point"",""coordinates"":[35.060255599021055,1.1701283325461185]}"
4132,7.294619560241699,Trans Nzoia,1850.0,25.45652198791504,0.39036890864372253,1587.5098876953125,1.1375354291042619,34.8693379608689,0.5781601667404175,896.3999633789062,1.0,2024,7.294619560241699,"{""type"":""Point"",""coordinates"":[34.8693379608689,1.1375354291042619]}"
4135,6.588899612426758,Trans Nzoia,1941.0,24.234783172607422,0.2719126045703888,1532.4256591796875,1.1089300659171428,34.81416100138362,0.44112247228622437,853.085205078125,1.0,2024,6.588899612426758,"{""type"":""Point"",""coordinates"":[34.81416100138362,1.1089300659171428]}"
4136,6.14318323135376,Trans Nzoia,1863.0,25.717391967773438,0.37217870354652405,1448.66259765625,0.9723860332131942,35.169391144346065,0.5265343189239502,1027.66796875,1.0,2024,6.14318323135376,"{""type"":""Point"",""coordinates"":[35.169391144346065,0.9723860332131942]}"
4139,6.028929233551025,Trans Nzoia,1919.0,23.482608795166016,0.3517685532569885,1309.0179443359375,1.0845002532180301,35.136378283871316,0.48814520239830017,1033.5059814453125,1.0,2024,6.028929233551025,"{""type"":""Point"",""coordinates"":[35.136378283871316,1.0845002532180301]}"
4140,7.1916961669921875,Trans Nzoia,1853.0,24.765216827392578,0.3804628551006317,1587.5098876953125,1.1041204567364291,34.86670007336552,0.5045132637023926,896.3999633789062,1.0,2024,7.1916961669921875,"{""type"":""Point"",""coordinates"":[34.86670007336552,1.1041204567364291]}"
4141,7.037391185760498,Trans Nzoia,1924.0,19.952173233032227,0.3849533200263977,1640.1566162109375,1.2306396629689658,34.939669302325036,0.5445101261138916,972.9393310546875,6.0,2024,7.037391185760498,"{""type"":""Point"",""coordinates"":[34.939669302325036,1.2306396629689658]}"
4143,7.272372722625732,Trans Nzoia,1851.0,23.056522369384766,0.40046170353889465,1640.1566162109375,1.2000292744674004,34.903304141456815,0.5480802059173584,964.7963256835938,1.0,2024,7.272372722625732,"{""type"":""Point"",""coordinates"":[34.903304141456815,1.2000292744674004]}"
4145,6.472315311431885,Trans Nzoia,1959.0,25.013044357299805,0.3749156594276428,1415.5245361328125,0.9629565681848387,34.817729259031836,0.5100703239440918,959.7871704101562,1.0,2024,6.472315311431885,"{""type"":""Point"",""coordinates"":[34.817729259031836,0.9629565681848387]}"
4146,6.753113269805908,Trans Nzoia,1789.0,24.082609176635742,0.20713059604167938,1339.5623779296875,0.899269032962361,35.11011160877661,0.3798329532146454,974.6353759765625,1.0,2024,6.753113269805908,"{""type"":""Point"",""coordinates"":[35.11011160877661,0.899269032962361]}"
4148,7.7498674392700195,Trans Nzoia,1823.0,22.430435180664062,0.39332401752471924,1372.1785888671875,1.1165786262288244,34.95907400519405,0.5869542956352234,1015.1450805664062,4.0,2024,7.7498674392700195,"{""type"":""Point"",""coordinates"":[34.95907400519405,1.1165786262288244]}"
4149,6.261956691741943,Trans Nzoia,1866.0,23.952173233032227,0.3000033497810364,1448.66259765625,0.9506467641617656,35.18562206322824,0.49926117062568665,1027.66796875,1.0,2024,6.261956691741943,"{""type"":""Point"",""coordinates"":[35.18562206322824,0.9506467641617656]}"
4150,7.439606666564941,Trans Nzoia,1951.0,24.821739196777344,0.40266597270965576,1372.1785888671875,1.1186800083574548,35.039745065863244,0.5702403783798218,862.4269409179688,1.0,2024,7.439606666564941,"{""type"":""Point"",""coordinates"":[35.039745065863244,1.1186800083574548]}"
4152,6.507458686828613,Trans Nzoia,1927.0,22.18695640563965,0.39347511529922485,1448.66259765625,1.008842890815576,35.21731953135704,0.6269742846488953,1040.30517578125,1.0,2024,6.507458686828613,"{""type"":""Point"",""coordinates"":[35.21731953135704,1.008842890815576]}"
4155,7.048178195953369,Trans Nzoia,1953.0,23.017391204833984,0.3229730427265167,1303.348388671875,1.2175390631136624,34.955007944182576,0.5012171268463135,1109.6043701171875,1.0,2024,7.048178195953369,"{""type"":""Point"",""coordinates"":[34.955007944182576,1.2175390631136624]}"
4158,7.200003623962402,Trans Nzoia,1776.0,23.04347801208496,0.3864579498767853,1565.9140625,0.8989852622255269,34.90830160176891,0.5834718942642212,986.4015502929688,1.0,2024,7.200003623962402,"{""type"":""Point"",""coordinates"":[34.90830160176891,0.8989852622255269]}"
4159,7.1304731369018555,Trans Nzoia,1876.0,23.265216827392578,0.37303686141967773,1587.5098876953125,1.1425520591850602,34.853163706342684,0.5170130133628845,896.3999633789062,1.0,2024,7.1304731369018555,"{""type"":""Point"",""coordinates"":[34.853163706342684,1.1425520591850602]}"
4161,7.165752410888672,Trans Nzoia,1956.0,23.160869598388672,0.3878585696220398,1640.1566162109375,1.2156770789358722,34.91778388928452,0.5453945994377136,972.9393310546875,1.0,2024,7.165752410888672,"{""type"":""Point"",""coordinates"":[34.91778388928452,1.2156770789358722]}"
4163,6.017857551574707,Trans Nzoia,2297.0,22.143478393554688,0.29816684126853943,1532.4256591796875,1.1239632808158349,34.77537338749542,0.4654650390148163,876.7874755859375,1.0,2024,6.017857551574707,"{""type"":""Point"",""coordinates"":[34.77537338749542,1.1239632808158349]}"
4171,7.104827880859375,Trans Nzoia,1899.0,23.11739158630371,0.3463917672634125,1303.348388671875,1.200130890929914,34.963459531319444,0.5538690686225891,1049.634765625,1.0,2024,7.104827880859375,"{""type"":""Point"",""coordinates"":[34.963459531319444,1.200130890929914]}"
4172,7.194738864898682,Trans Nzoia,1730.0,23.986955642700195,0.411967009305954,1388.3951416015625,0.8918479342146668,34.952989162456625,0.6092490553855896,985.6636352539062,1.0,2024,7.194738864898682,"{""type"":""Point"",""coordinates"":[34.952989162456625,0.8918479342146668]}"
4173,7.6997528076171875,Trans Nzoia,1824.0,23.521739959716797,0.33316585421562195,1587.5098876953125,1.1251073894503922,34.941969307276146,0.5144809484481812,960.1989135742188,1.0,2024,7.6997528076171875,"{""type"":""Point"",""coordinates"":[34.941969307276146,1.1251073894503922]}"
4174,6.94173526763916,Trans Nzoia,1786.0,25.69565200805664,0.4688589572906494,1687.8226318359375,0.8491856739312548,34.882787711945326,0.6300901770591736,988.6344604492188,1.0,2024,6.94173526763916,"{""type"":""Point"",""coordinates"":[34.882787711945326,0.8491856739312548]}"
4176,5.921343803405762,Trans Nzoia,1898.0,21.68695640563965,0.4069792330265045,1309.0179443359375,1.0841624307434747,35.14328424561561,0.6238545179367065,1033.5059814453125,1.0,2024,5.921343803405762,"{""type"":""Point"",""coordinates"":[35.14328424561561,1.0841624307434747]}"
4179,7.059144973754883,Trans Nzoia,2107.0,26.291303634643555,0.38847997784614563,1653.9757080078125,1.1990463952129817,34.759361080701915,0.613042414188385,878.0504150390625,1.0,2024,7.059144973754883,"{""type"":""Point"",""coordinates"":[34.759361080701915,1.1990463952129817]}"
4187,6.180309295654297,Trans Nzoia,1863.0,24.569564819335938,0.3811444640159607,1448.66259765625,1.023903989997077,35.18234683497092,0.522623598575592,1005.9006958007812,1.0,2024,6.180309295654297,"{""type"":""Point"",""coordinates"":[35.18234683497092,1.023903989997077]}"
4188,6.5593671798706055,Trans Nzoia,1966.0,25.565217971801758,0.392800509929657,1415.5245361328125,0.9998448402383007,34.82607287210906,0.5388444662094116,849.1492919921875,1.0,2024,6.5593671798706055,"{""type"":""Point"",""coordinates"":[34.82607287210906,0.9998448402383007]}"
4194,7.701793193817139,Trans Nzoia,1822.0,21.80869483947754,0.33468708395957947,1587.5098876953125,1.121827811432802,34.940040784027886,0.4859367609024048,960.1989135742188,1.0,2024,7.701793193817139,"{""type"":""Point"",""coordinates"":[34.940040784027886,1.121827811432802]}"
4196,7.2603983879089355,Trans Nzoia,1832.0,26.526086807250977,0.371349960565567,1472.4818115234375,1.024327624680356,34.9330088505362,0.504135012626648,963.7658081054688,1.0,2024,7.2603983879089355,"{""type"":""Point"",""coordinates"":[34.9330088505362,1.024327624680356]}"
4198,6.746381759643555,Trans Nzoia,1911.0,22.839130401611328,0.374227911233902,1309.0179443359375,1.0792487816352243,35.095494636597635,0.550155520439148,961.5752563476562,1.0,2024,6.746381759643555,"{""type"":""Point"",""coordinates"":[35.095494636597635,1.0792487816352243]}"
4202,6.632023811340332,Trans Nzoia,2034.0,23.752174377441406,0.47752323746681213,1415.5245361328125,1.03794367026085,34.81657698696821,0.6801965832710266,849.1492919921875,1.0,2024,6.632023811340332,"{""type"":""Point"",""coordinates"":[34.81657698696821,1.03794367026085]}"
4205,6.583304405212402,Trans Nzoia,1856.0,26.18260955810547,0.4182433485984802,1451.5164794921875,0.9127741397293035,34.8394466113741,0.6561721563339233,1004.1910400390625,1.0,2024,6.583304405212402,"{""type"":""Point"",""coordinates"":[34.8394466113741,0.9127741397293035]}"
4206,6.727439880371094,Trans Nzoia,2085.0,23.513044357299805,0.4514246881008148,1653.9757080078125,1.180517730391142,34.77936592967546,0.6207942962646484,878.0504150390625,1.0,2024,6.727439880371094,"{""type"":""Point"",""coordinates"":[34.77936592967546,1.180517730391142]}"
4207,6.522443771362305,Trans Nzoia,1982.0,23.34347915649414,0.34440791606903076,1532.4256591796875,1.1315075824418872,34.807004973365736,0.4644167125225067,853.085205078125,1.0,2024,6.522443771362305,"{""type"":""Point"",""coordinates"":[34.807004973365736,1.1315075824418872]}"
4209,7.255591869354248,Trans Nzoia,1863.0,24.365217208862305,0.37219107151031494,1587.5098876953125,1.0598655182794332,34.91189339999462,0.5313633680343628,961.76513671875,1.0,2024,7.255591869354248,"{""type"":""Point"",""coordinates"":[34.91189339999462,1.0598655182794332]}"
4210,6.801239967346191,Trans Nzoia,1891.0,24.7391300201416,0.4065023362636566,1309.0179443359375,1.0543501278937875,35.08799115160474,0.544284462928772,961.5752563476562,1.0,2024,6.801239967346191,"{""type"":""Point"",""coordinates"":[35.08799115160474,1.0543501278937875]}"
4214,6.918216705322266,Trans Nzoia,1885.0,25.939130783081055,0.34822651743888855,1532.4256591796875,1.0863866428312774,34.8434918105718,0.4919471740722656,813.836669921875,1.0,2024,6.918216705322266,"{""type"":""Point"",""coordinates"":[34.8434918105718,1.0863866428312774]}"
4216,6.772158622741699,Trans Nzoia,1887.0,22.839130401611328,0.3899717628955841,1309.0179443359375,1.0833616114369613,35.09526307317357,0.5969699025154114,961.5752563476562,1.0,2024,6.772158622741699,"{""type"":""Point"",""coordinates"":[35.09526307317357,1.0833616114369613]}"
4217,7.836336135864258,Trans Nzoia,1814.0,24.18695640563965,0.3765433430671692,1372.1785888671875,1.0803977501851754,35.005520582017645,0.5308743119239807,885.8496704101562,1.0,2024,7.836336135864258,"{""type"":""Point"",""coordinates"":[35.005520582017645,1.0803977501851754]}"
4218,7.592118263244629,Trans Nzoia,1852.0,24.782608032226562,0.4078107476234436,1587.5098876953125,1.1446309644183936,34.919235950953734,0.5356742739677429,960.1989135742188,1.0,2024,7.592118263244629,"{""type"":""Point"",""coordinates"":[34.919235950953734,1.1446309644183936]}"
4223,7.31877326965332,Trans Nzoia,1846.0,24.095651626586914,0.36880868673324585,1587.5098876953125,1.1279230818411168,34.87315770708721,0.5108550190925598,896.3999633789062,1.0,2024,7.31877326965332,"{""type"":""Point"",""coordinates"":[34.87315770708721,1.1279230818411168]}"
4224,6.602631092071533,Trans Nzoia,1892.0,23.18260955810547,0.41136160492897034,1619.9417724609375,0.9444477789463391,35.27110912340977,0.5651864409446716,978.35693359375,1.0,2024,6.602631092071533,"{""type"":""Point"",""coordinates"":[35.27110912340977,0.9444477789463391]}"
4225,6.605058670043945,Trans Nzoia,1923.0,25.447826385498047,0.38873445987701416,1451.5164794921875,0.8869759070205089,34.8307932152257,0.5828555226325989,985.6239013671875,1.0,2024,6.605058670043945,"{""type"":""Point"",""coordinates"":[34.8307932152257,0.8869759070205089]}"
4227,5.963244438171387,Trans Nzoia,1934.0,22.282608032226562,0.40623390674591064,1362.5670166015625,1.0581964793044283,35.200747483496905,0.5837597250938416,1157.1868896484375,1.0,2024,5.963244438171387,"{""type"":""Point"",""coordinates"":[35.200747483496905,1.0581964793044283]}"
4229,6.501717567443848,Trans Nzoia,1961.0,19.704347610473633,0.3520343005657196,1303.348388671875,1.2320971533254494,35.020512584422356,0.457183301448822,1020.2589111328125,1.0,2024,6.501717567443848,"{""type"":""Point"",""coordinates"":[35.020512584422356,1.2320971533254494]}"
4230,7.416998863220215,Trans Nzoia,1867.0,22.12173843383789,0.4158179759979248,1640.1566162109375,1.1748457301757453,34.94382473005698,0.5386973023414612,964.7963256835938,1.0,2024,7.416998863220215,"{""type"":""Point"",""coordinates"":[34.94382473005698,1.1748457301757453]}"
4232,7.263491153717041,Trans Nzoia,1882.0,25.908695220947266,0.37397465109825134,1372.1785888671875,1.142547385037293,35.02403277951221,0.4900694489479065,862.4269409179688,1.0,2024,7.263491153717041,"{""type"":""Point"",""coordinates"":[35.02403277951221,1.142547385037293]}"
4234,6.590712547302246,Trans Nzoia,2047.0,26.80869483947754,0.37282389402389526,1532.4256591796875,1.1477427985279451,34.80690831278275,0.4755372703075409,853.085205078125,1.0,2024,6.590712547302246,"{""type"":""Point"",""coordinates"":[34.80690831278275,1.1477427985279451]}"
4235,6.6324567794799805,Trans Nzoia,1896.0,25.37826156616211,0.3705156743526459,1472.4818115234375,1.0216547599417305,34.85179738630252,0.5619765520095825,914.8713989257812,1.0,2024,6.6324567794799805,"{""type"":""Point"",""coordinates"":[34.85179738630252,1.0216547599417305]}"
4238,7.129488468170166,Trans Nzoia,1839.0,22.2391300201416,0.2468838095664978,1327.4505615234375,1.0412498668392756,35.067223712629044,0.38553279638290405,969.0385131835938,1.0,2024,7.129488468170166,"{""type"":""Point"",""coordinates"":[35.067223712629044,1.0412498668392756]}"
4242,7.31634521484375,Trans Nzoia,1906.0,19.7391300201416,0.442647248506546,1640.1566162109375,1.1844184948445449,34.94939802823422,0.5831299424171448,964.7963256835938,1.0,2024,7.31634521484375,"{""type"":""Point"",""coordinates"":[34.94939802823422,1.1844184948445449]}"
4243,7.279389381408691,Trans Nzoia,1825.0,24.16521644592285,0.4124157130718231,1472.4818115234375,1.0188593622314503,34.93721653605378,0.5243189930915833,963.7658081054688,4.0,2024,7.279389381408691,"{""type"":""Point"",""coordinates"":[34.93721653605378,1.0188593622314503]}"
4245,6.383647918701172,Trans Nzoia,2033.0,25.356521606445312,0.38862428069114685,1451.5164794921875,0.9021858425580529,34.807936025525464,0.5595407485961914,1004.1910400390625,1.0,2024,6.383647918701172,"{""type"":""Point"",""coordinates"":[34.807936025525464,0.9021858425580529]}"
4248,7.2332305908203125,Trans Nzoia,1893.0,23.947826385498047,0.4108876585960388,1640.1566162109375,1.2059040807735024,34.9180060850277,0.5257217884063721,972.9393310546875,1.0,2024,7.2332305908203125,"{""type"":""Point"",""coordinates"":[34.9180060850277,1.2059040807735024]}"
4252,6.726913928985596,Trans Nzoia,1840.0,23.056522369384766,0.41726920008659363,1339.5623779296875,0.8970897483753363,35.09585643997952,0.6208873391151428,951.44384765625,1.0,2024,6.726913928985596,"{""type"":""Point"",""coordinates"":[35.09585643997952,0.8970897483753363]}"
4253,6.661061763763428,Trans Nzoia,1776.0,21.952173233032227,0.3159521222114563,1339.5623779296875,0.8899448134988043,35.08186012241859,0.4694477617740631,951.44384765625,1.0,2024,6.661061763763428,"{""type"":""Point"",""coordinates"":[35.08186012241859,0.8899448134988043]}"
4254,7.355019569396973,Trans Nzoia,1863.0,21.895652770996094,0.29916658997535706,1653.9757080078125,1.241249820842896,34.81858525611639,0.4497200548648834,881.7891235351562,1.0,2024,7.355019569396973,"{""type"":""Point"",""coordinates"":[34.81858525611639,1.241249820842896]}"
4256,6.660617828369141,Trans Nzoia,1940.0,23.856521606445312,0.3857690989971161,1303.348388671875,1.2179416231448774,35.00093648215566,0.5733174085617065,1020.2589111328125,1.0,2024,6.660617828369141,"{""type"":""Point"",""coordinates"":[35.00093648215566,1.2179416231448774]}"
4264,6.979952335357666,Trans Nzoia,1807.0,21.282608032226562,0.38312339782714844,1472.4818115234375,0.9724701871942425,34.92343167153889,0.5627415776252747,984.7139892578125,4.0,2024,6.979952335357666,"{""type"":""Point"",""coordinates"":[34.92343167153889,0.9724701871942425]}"
4267,6.057028293609619,Trans Nzoia,2359.0,24.634782791137695,0.332548052072525,1227.42041015625,0.9346110468260077,34.74791355096216,0.5475274920463562,1105.9439697265625,1.0,2024,6.057028293609619,"{""type"":""Point"",""coordinates"":[34.74791355096216,0.9346110468260077]}"
4271,5.717710494995117,Trans Nzoia,2151.0,22.139129638671875,0.28691399097442627,1518.2637939453125,0.9551159764235342,35.324389553744005,0.4952370226383209,1077.1812744140625,4.0,2024,5.717710494995117,"{""type"":""Point"",""coordinates"":[35.324389553744005,0.9551159764235342]}"
4272,7.740768909454346,Trans Nzoia,1813.0,21.256521224975586,0.4303593337535858,1372.1785888671875,1.0755076363940093,35.02729719802416,0.5669137835502625,885.8496704101562,1.0,2024,7.740768909454346,"{""type"":""Point"",""coordinates"":[35.02729719802416,1.0755076363940093]}"
4273,7.740612506866455,Trans Nzoia,1829.0,22.04347801208496,0.34442704916000366,1311.3265380859375,1.0495356678610432,34.97513983667922,0.5348081588745117,1003.5731201171875,1.0,2024,7.740612506866455,"{""type"":""Point"",""coordinates"":[34.97513983667922,1.0495356678610432]}"
4276,7.546443939208984,Trans Nzoia,1868.0,24.052173614501953,0.3834038972854614,1640.1566162109375,1.1560322919485562,34.949849974018804,0.5159283876419067,964.7963256835938,1.0,2024,7.546443939208984,"{""type"":""Point"",""coordinates"":[34.949849974018804,1.1560322919485562]}"
4278,6.557826995849609,Trans Nzoia,1918.0,23.03913116455078,0.4348653554916382,1448.66259765625,1.0028975193110035,35.22290365488099,0.6311085224151611,1040.30517578125,1.0,2024,6.557826995849609,"{""type"":""Point"",""coordinates"":[35.22290365488099,1.0028975193110035]}"
4281,6.355350494384766,Trans Nzoia,2141.0,22.600000381469727,0.35415732860565186,1451.5164794921875,0.9217756156781302,34.79671995856556,0.5810393691062927,1013.508056640625,1.0,2024,6.355350494384766,"{""type"":""Point"",""coordinates"":[34.79671995856556,0.9217756156781302]}"
4286,6.6009087562561035,Trans Nzoia,2019.0,22.243478775024414,0.3010111153125763,1532.4256591796875,1.1367382580077616,34.81119761303315,0.510751485824585,853.085205078125,1.0,2024,6.6009087562561035,"{""type"":""Point"",""coordinates"":[34.81119761303315,1.1367382580077616]}"
4287,7.567399978637695,Trans Nzoia,1806.0,22.42608642578125,0.38311052322387695,1311.3265380859375,1.0114661937185043,34.966432037318356,0.5304444432258606,1003.5731201171875,1.0,2024,7.567399978637695,"{""type"":""Point"",""coordinates"":[34.966432037318356,1.0114661937185043]}"
4288,6.293585300445557,Trans Nzoia,1954.0,25.517391204833984,0.44738680124282837,1451.5164794921875,0.8777226954087533,34.7955022463708,0.6386568546295166,969.8295288085938,1.0,2024,6.293585300445557,"{""type"":""Point"",""coordinates"":[34.7955022463708,0.8777226954087533]}"
4292,7.764214515686035,Trans Nzoia,1822.0,22.126087188720703,0.4066869914531708,1372.1785888671875,1.1153919300463684,34.978351997265705,0.5926321744918823,1015.1450805664062,1.0,2024,7.764214515686035,"{""type"":""Point"",""coordinates"":[34.978351997265705,1.1153919300463684]}"
4293,6.68332576751709,Trans Nzoia,1938.0,23.100000381469727,0.34835487604141235,1518.2637939453125,0.9794953797133643,35.261591124984086,0.5132113099098206,998.7577514648438,1.0,2024,6.68332576751709,"{""type"":""Point"",""coordinates"":[35.261591124984086,0.9794953797133643]}"
4299,6.880349636077881,Trans Nzoia,1937.0,26.013044357299805,0.3779674172401428,1372.1785888671875,1.1496578117559726,35.04865926357543,0.493014931678772,862.4269409179688,1.0,2024,6.880349636077881,"{""type"":""Point"",""coordinates"":[35.04865926357543,1.1496578117559726]}"
4301,6.5450119972229,Trans Nzoia,1867.0,23.77391242980957,0.32789090275764465,1309.0179443359375,1.1248793552076328,35.098908528362784,0.499625563621521,974.173583984375,1.0,2024,6.5450119972229,"{""type"":""Point"",""coordinates"":[35.098908528362784,1.1248793552076328]}"
4302,6.906680107116699,Trans Nzoia,1745.0,23.26956558227539,0.3700474500656128,1565.9140625,0.8606120765291523,34.92836683542054,0.5176421403884888,986.4015502929688,1.0,2024,6.906680107116699,"{""type"":""Point"",""coordinates"":[34.92836683542054,0.8606120765291523]}"
4304,6.80695915222168,Trans Nzoia,2213.0,26.19565200805664,0.27165523171424866,1653.9757080078125,1.185873841076118,34.76226222999556,0.421624094247818,878.0504150390625,1.0,2024,6.80695915222168,"{""type"":""Point"",""coordinates"":[34.76226222999556,1.185873841076118]}"
4305,7.254876613616943,Trans Nzoia,1881.0,23.299999237060547,0.36658039689064026,1303.348388671875,1.1848987507273843,34.959301886096874,0.5266401171684265,1049.634765625,1.0,2024,7.254876613616943,"{""type"":""Point"",""coordinates"":[34.959301886096874,1.1848987507273843]}"
4310,7.143409729003906,Trans Nzoia,1801.0,24.139129638671875,0.4246051013469696,1472.4818115234375,0.97982453737782,34.93529431822224,0.5408704280853271,984.7139892578125,1.0,2024,7.143409729003906,"{""type"":""Point"",""coordinates"":[34.93529431822224,0.97982453737782]}"
4311,6.604588031768799,Trans Nzoia,1824.0,22.756521224975586,0.389004111289978,1327.4505615234375,0.9890594018771891,35.08581414522605,0.6018349528312683,994.4949951171875,1.0,2024,6.604588031768799,"{""type"":""Point"",""coordinates"":[35.08581414522605,0.9890594018771891]}"
4312,7.030849456787109,Trans Nzoia,1829.0,18.365217208862305,0.2730576992034912,1640.1566162109375,1.2409501249955657,34.89572930237819,0.3135424852371216,915.8572387695312,6.0,2024,7.030849456787109,"{""type"":""Point"",""coordinates"":[34.89572930237819,1.2409501249955657]}"
4316,7.586237907409668,Trans Nzoia,1851.0,22.134782791137695,0.3365006148815155,1311.3265380859375,0.9832354805795739,34.987056088408956,0.5399710536003113,1077.162841796875,1.0,2024,7.586237907409668,"{""type"":""Point"",""coordinates"":[34.987056088408956,0.9832354805795739]}"
4319,7.187906265258789,Trans Nzoia,1840.0,19.100000381469727,0.2974081039428711,1653.9757080078125,1.23926806957998,34.84555702394213,0.4491198658943176,881.7891235351562,4.0,2024,7.187906265258789,"{""type"":""Point"",""coordinates"":[34.84555702394213,1.23926806957998]}"
4321,6.490139484405518,Trans Nzoia,1952.0,19.704347610473633,0.3270258605480194,1303.348388671875,1.2302942330118243,35.02020370306021,0.41917431354522705,1020.2589111328125,1.0,2024,6.490139484405518,"{""type"":""Point"",""coordinates"":[35.02020370306021,1.2302942330118243]}"
4323,6.5745086669921875,Trans Nzoia,1774.0,24.53913116455078,0.3699730634689331,1565.9140625,0.9461663494089174,34.87879236076678,0.5235177874565125,1014.7183227539062,1.0,2024,6.5745086669921875,"{""type"":""Point"",""coordinates"":[34.87879236076678,0.9461663494089174]}"
4324,6.034202575683594,Trans Nzoia,2022.0,23.34347915649414,0.2995910346508026,1619.9417724609375,0.9259305288671524,35.319668757229806,0.4376188814640045,992.7603759765625,4.0,2024,6.034202575683594,"{""type"":""Point"",""coordinates"":[35.319668757229806,0.9259305288671524]}"
4328,6.7571539878845215,Trans Nzoia,1960.0,22.46086883544922,0.3219282329082489,1303.348388671875,1.221885901328653,34.9903070637637,0.47624099254608154,1109.6043701171875,1.0,2024,6.7571539878845215,"{""type"":""Point"",""coordinates"":[34.9903070637637,1.221885901328653]}"
4329,6.884799957275391,Trans Nzoia,1720.0,23.408695220947266,0.42515993118286133,1687.8226318359375,0.8490799815880802,34.8997164469075,0.6222660541534424,988.6344604492188,1.0,2024,6.884799957275391,"{""type"":""Point"",""coordinates"":[34.8997164469075,0.8490799815880802]}"
4330,7.38381290435791,Trans Nzoia,1869.0,22.008695602416992,0.41599005460739136,1309.0179443359375,1.0748817798412393,35.05914430062946,0.6112416386604309,961.5752563476562,1.0,2024,7.38381290435791,"{""type"":""Point"",""coordinates"":[35.05914430062946,1.0748817798412393]}"
4331,4.933827877044678,Trans Nzoia,2628.0,26.586956024169922,0.3754309415817261,897.6917114257812,1.1220862272451326,34.7242902708166,0.5835792422294617,1047.058837890625,4.0,2024,4.933827877044678,"{""type"":""Point"",""coordinates"":[34.7242902708166,1.1220862272451326]}"
4333,6.696795463562012,Trans Nzoia,1889.0,19.7391300201416,0.399493932723999,1303.348388671875,1.2302183530657427,34.9983145198081,0.5732452273368835,1109.6043701171875,4.0,2024,6.696795463562012,"{""type"":""Point"",""coordinates"":[34.9983145198081,1.2302183530657427]}"
4336,6.981081485748291,Trans Nzoia,1961.0,20.513044357299805,0.3801543414592743,1303.348388671875,1.223416989641143,34.96169078876073,0.5277622938156128,1109.6043701171875,1.0,2024,6.981081485748291,"{""type"":""Point"",""coordinates"":[34.96169078876073,1.223416989641143]}"
4337,6.613527297973633,Trans Nzoia,1890.0,23.18260955810547,0.42182424664497375,1619.9417724609375,0.9457935281264799,35.26814237590452,0.6053016185760498,978.35693359375,1.0,2024,6.613527297973633,"{""type"":""Point"",""coordinates"":[35.26814237590452,0.9457935281264799]}"
4338,7.123472690582275,Trans Nzoia,1853.0,20.513044357299805,0.2981254756450653,1640.1566162109375,1.225731326880413,34.87023048529818,0.4194267690181732,915.8572387695312,4.0,2024,7.123472690582275,"{""type"":""Point"",""coordinates"":[34.87023048529818,1.225731326880413]}"
4343,7.368710517883301,Trans Nzoia,1864.0,24.560869216918945,0.3966446816921234,1640.1566162109375,1.1833064230597592,34.90260480944583,0.5633066296577454,964.7963256835938,1.0,2024,7.368710517883301,"{""type"":""Point"",""coordinates"":[34.90260480944583,1.1833064230597592]}"
4344,7.123764991760254,Trans Nzoia,1768.0,25.213043212890625,0.3093625605106354,1565.9140625,0.8690958096211486,34.897026208534605,0.5187578201293945,1008.7085571289062,1.0,2024,7.123764991760254,"{""type"":""Point"",""coordinates"":[34.897026208534605,0.8690958096211486]}"
4345,6.987060546875,Trans Nzoia,1814.0,22.33478355407715,0.3434140682220459,1388.3951416015625,0.9315141239383022,35.03526615943448,0.4978472590446472,873.1403198242188,1.0,2024,6.987060546875,"{""type"":""Point"",""coordinates"":[35.03526615943448,0.9315141239383022]}"
4347,6.7403059005737305,Trans Nzoia,1910.0,23.517391204833984,0.36531320214271545,1532.4256591796875,1.1106047327017636,34.82424370339599,0.5330645442008972,853.085205078125,1.0,2024,6.7403059005737305,"{""type"":""Point"",""coordinates"":[34.82424370339599,1.1106047327017636]}"
4348,6.635303974151611,Trans Nzoia,1789.0,22.782608032226562,0.39861735701560974,1472.4818115234375,0.9903389148550545,34.89544049692505,0.5970668792724609,941.492431640625,1.0,2024,6.635303974151611,"{""type"":""Point"",""coordinates"":[34.89544049692505,0.9903389148550545]}"
4350,6.4693803787231445,Trans Nzoia,1939.0,24.973913192749023,0.30988040566444397,1303.348388671875,1.1745907194223593,35.04485351292481,0.44107505679130554,860.8521118164062,1.0,2024,6.4693803787231445,"{""type"":""Point"",""coordinates"":[35.04485351292481,1.1745907194223593]}"
4351,6.70526123046875,Trans Nzoia,1773.0,23.321739196777344,0.3935500383377075,1472.4818115234375,1.0027206852439148,34.897227322434695,0.5989850759506226,914.8713989257812,1.0,2024,6.70526123046875,"{""type"":""Point"",""coordinates"":[34.897227322434695,1.0027206852439148]}"
4354,7.379619598388672,Trans Nzoia,1840.0,22.595651626586914,0.3998633027076721,1309.0179443359375,1.0668400104801585,35.05800176625639,0.5813391208648682,961.5752563476562,1.0,2024,7.379619598388672,"{""type"":""Point"",""coordinates"":[35.05800176625639,1.0668400104801585]}"
4355,6.152334690093994,Trans Nzoia,1912.0,22.495651245117188,0.2715049684047699,1448.66259765625,1.0450201655090405,35.20296421188246,0.437583327293396,1040.30517578125,1.0,2024,6.152334690093994,"{""type"":""Point"",""coordinates"":[35.20296421188246,1.0450201655090405]}"
4362,7.069863796234131,Trans Nzoia,1866.0,23.821739196777344,0.35353952646255493,1587.5098876953125,1.0893150793462596,34.860737312837905,0.473370760679245,908.87646484375,1.0,2024,7.069863796234131,"{""type"":""Point"",""coordinates"":[34.860737312837905,1.0893150793462596]}"
4365,7.09343147277832,Trans Nzoia,1778.0,20.873912811279297,0.2897243797779083,1640.1566162109375,1.2411987195180376,34.86739401955124,0.4109537899494171,915.8572387695312,6.0,2024,7.09343147277832,"{""type"":""Point"",""coordinates"":[34.86739401955124,1.2411987195180376]}"
4377,6.610818386077881,Trans Nzoia,1980.0,22.786956787109375,0.3693337142467499,1518.2637939453125,0.9757911328701899,35.27565062129446,0.5386897921562195,998.7577514648438,1.0,2024,6.610818386077881,"{""type"":""Point"",""coordinates"":[35.27565062129446,0.9757911328701899]}"
4384,7.006868839263916,Trans Nzoia,1923.0,22.81739044189453,0.38784003257751465,1653.9757080078125,1.1883447595008707,34.83197563615319,0.5551933646202087,878.5647583007812,1.0,2024,7.006868839263916,"{""type"":""Point"",""coordinates"":[34.83197563615319,1.1883447595008707]}"
4385,6.568480491638184,Trans Nzoia,2068.0,24.860870361328125,0.32099252939224243,1653.9757080078125,1.1587685599660338,34.79766487416205,0.431537926197052,878.0504150390625,4.0,2024,6.568480491638184,"{""type"":""Point"",""coordinates"":[34.79766487416205,1.1587685599660338]}"
4387,6.097676753997803,Trans Nzoia,1855.0,24.908695220947266,0.4477502405643463,1327.4505615234375,0.9716198991261318,35.13608848732146,0.633907675743103,1042.0404052734375,1.0,2024,6.097676753997803,"{""type"":""Point"",""coordinates"":[35.13608848732146,0.9716198991261318]}"
4388,6.751387119293213,Trans Nzoia,1896.0,24.61739158630371,0.37851133942604065,1309.0179443359375,1.1052847926637959,35.094528115074944,0.5731959342956543,974.173583984375,1.0,2024,6.751387119293213,"{""type"":""Point"",""coordinates"":[35.094528115074944,1.1052847926637959]}"
4392,6.319010257720947,Trans Nzoia,2135.0,25.27391242980957,0.5107230544090271,1415.5245361328125,0.9957039286324526,34.78295324783898,0.6904529929161072,989.7182006835938,1.0,2024,6.319010257720947,"{""type"":""Point"",""coordinates"":[34.78295324783898,0.9957039286324526]}"
4400,7.3354811668396,Trans Nzoia,1889.0,26.560869216918945,0.4045485258102417,1372.1785888671875,1.130751756538814,35.03556917339226,0.5183296203613281,862.4269409179688,1.0,2024,7.3354811668396,"{""type"":""Point"",""coordinates"":[35.03556917339226,1.130751756538814]}"
4402,7.6655144691467285,Trans Nzoia,1857.0,24.46521759033203,0.3742680847644806,1372.1785888671875,1.1128997995400192,35.01844473140733,0.5249329209327698,862.4269409179688,1.0,2024,7.6655144691467285,"{""type"":""Point"",""coordinates"":[35.01844473140733,1.1128997995400192]}"
4404,7.239326477050781,Trans Nzoia,1733.0,24.552173614501953,0.39571478962898254,1565.9140625,0.9156750207472371,34.92577549338138,0.5142996311187744,1008.7112426757812,1.0,2024,7.239326477050781,"{""type"":""Point"",""coordinates"":[34.92577549338138,0.9156750207472371]}"
4408,6.8688764572143555,Trans Nzoia,1888.0,22.34782600402832,0.28924983739852905,1309.0179443359375,1.053742324621096,35.084424823111334,0.4468711018562317,961.5752563476562,1.0,2024,6.8688764572143555,"{""type"":""Point"",""coordinates"":[35.084424823111334,1.053742324621096]}"
4411,6.733170509338379,Trans Nzoia,2291.0,25.556522369384766,0.3726203143596649,1653.9757080078125,1.1828634298246945,34.75421888451083,0.4847775399684906,878.0504150390625,1.0,2024,6.733170509338379,"{""type"":""Point"",""coordinates"":[34.75421888451083,1.1828634298246945]}"
4413,6.843254566192627,Trans Nzoia,1909.0,22.53043556213379,0.37321144342422485,1309.0179443359375,1.1463615290888167,35.0554715839534,0.5397048592567444,974.173583984375,1.0,2024,6.843254566192627,"{""type"":""Point"",""coordinates"":[35.0554715839534,1.1463615290888167]}"
4414,6.449642181396484,Trans Nzoia,1992.0,25.295652389526367,0.36610087752342224,1451.5164794921875,0.9468249365437564,34.82513572185311,0.5478363633155823,1004.1910400390625,1.0,2024,6.449642181396484,"{""type"":""Point"",""coordinates"":[34.82513572185311,0.9468249365437564]}"
4415,7.689917087554932,Trans Nzoia,1850.0,19.639129638671875,0.2970770299434662,1311.3265380859375,1.0101613482570828,34.99602099159959,0.40961378812789917,1003.5731201171875,4.0,2024,7.689917087554932,"{""type"":""Point"",""coordinates"":[34.99602099159959,1.0101613482570828]}"
4416,7.500643730163574,Trans Nzoia,1875.0,23.091304779052734,0.36479267477989197,1303.348388671875,1.15919857886481,34.95550045785838,0.5069020986557007,1049.634765625,1.0,2024,7.500643730163574,"{""type"":""Point"",""coordinates"":[34.95550045785838,1.15919857886481]}"
4426,6.978226184844971,Trans Nzoia,1916.0,21.508695602416992,0.28792405128479004,1653.9757080078125,1.1837521277931566,34.829553859687,0.4660520553588867,878.5647583007812,1.0,2024,6.978226184844971,"{""type"":""Point"",""coordinates"":[34.829553859687,1.1837521277931566]}"
4428,6.397912979125977,Trans Nzoia,1945.0,23.504348754882812,0.35234031081199646,1303.348388671875,1.1986149013258363,35.027157718664796,0.5448290109634399,860.8521118164062,1.0,2024,6.397912979125977,"{""type"":""Point"",""coordinates"":[35.027157718664796,1.1986149013258363]}"
4431,7.319610595703125,Trans Nzoia,1847.0,24.247825622558594,0.39070218801498413,1587.5098876953125,1.1008032273072546,34.883401999565905,0.5174949765205383,896.3999633789062,1.0,2024,7.319610595703125,"{""type"":""Point"",""coordinates"":[34.883401999565905,1.1008032273072546]}"
4435,7.2941484451293945,Trans Nzoia,1866.0,24.139129638671875,0.3108012080192566,1388.3951416015625,0.9295563465506874,34.992220872562825,0.4412810206413269,1042.5777587890625,1.0,2024,7.2941484451293945,"{""type"":""Point"",""coordinates"":[34.992220872562825,0.9295563465506874]}"
4436,6.600285530090332,Trans Nzoia,2000.0,23.92608642578125,0.40041384100914,1532.4256591796875,1.098314428371696,34.81464855319952,0.5158808827400208,813.836669921875,1.0,2024,6.600285530090332,"{""type"":""Point"",""coordinates"":[34.81464855319952,1.098314428371696]}"
4440,5.968189239501953,Trans Nzoia,1898.0,22.095651626586914,0.31719985604286194,1448.66259765625,1.050021014655146,35.16790944343063,0.5349038243293762,1005.9006958007812,1.0,2024,5.968189239501953,"{""type"":""Point"",""coordinates"":[35.16790944343063,1.050021014655146]}"
4442,6.028650283813477,Trans Nzoia,1889.0,24.799999237060547,0.38878998160362244,1309.0179443359375,1.0597589391456275,35.140331378452245,0.5623869895935059,1033.5059814453125,1.0,2024,6.028650283813477,"{""type"":""Point"",""coordinates"":[35.140331378452245,1.0597589391456275]}"
4450,7.417900085449219,Trans Nzoia,1868.0,24.03478240966797,0.37003377079963684,1640.1566162109375,1.1752750246916568,34.90423356099452,0.5020714402198792,964.7963256835938,1.0,2024,7.417900085449219,"{""type"":""Point"",""coordinates"":[34.90423356099452,1.1752750246916568]}"
4455,7.141824722290039,Trans Nzoia,1900.0,21.96521759033203,0.33747541904449463,1653.9757080078125,1.218937603514685,34.8458802009507,0.4850926995277405,881.7891235351562,1.0,2024,7.141824722290039,"{""type"":""Point"",""coordinates"":[34.8458802009507,1.218937603514685]}"
4459,6.700100898742676,Trans Nzoia,1838.0,23.330434799194336,0.48508092761039734,1339.5623779296875,0.9174905183524149,35.07304625212571,0.6310418844223022,951.3497924804688,1.0,2024,6.700100898742676,"{""type"":""Point"",""coordinates"":[35.07304625212571,0.9174905183524149]}"
4460,7.153279781341553,Trans Nzoia,1881.0,25.330434799194336,0.35360267758369446,1640.1566162109375,1.1594895955684932,34.85509435760265,0.5080474019050598,916.169677734375,1.0,2024,7.153279781341553,"{""type"":""Point"",""coordinates"":[34.85509435760265,1.1594895955684932]}"
4462,6.85554313659668,Trans Nzoia,1913.0,22.19565200805664,0.252500981092453,1587.5098876953125,1.0572402197233386,34.85425809022461,0.3579239249229431,908.87646484375,1.0,2024,6.85554313659668,"{""type"":""Point"",""coordinates"":[34.85425809022461,1.0572402197233386]}"
4463,7.372331142425537,Trans Nzoia,1859.0,22.743478775024414,0.49297934770584106,1587.5098876953125,1.145722220222083,34.878210398669424,0.4856503903865814,896.3999633789062,1.0,2024,7.372331142425537,"{""type"":""Point"",""coordinates"":[34.878210398669424,1.145722220222083]}"
4465,7.6964640617370605,Trans Nzoia,1853.0,24.899999618530273,0.37539777159690857,1311.3265380859375,1.0499811197894793,35.02730457242315,0.5487661957740784,895.3138427734375,1.0,2024,7.6964640617370605,"{""type"":""Point"",""coordinates"":[35.02730457242315,1.0499811197894793]}"
4468,6.626620292663574,Trans Nzoia,1957.0,22.743478775024414,0.2822573482990265,1518.2637939453125,0.9734642333779989,35.27351007469416,0.4656992256641388,998.7577514648438,1.0,2024,6.626620292663574,"{""type"":""Point"",""coordinates"":[35.27351007469416,0.9734642333779989]}"
4476,7.053681373596191,Trans Nzoia,1876.0,22.7608699798584,0.3467157781124115,1587.5098876953125,1.069967090635086,34.87588698083235,0.5530909299850464,908.87646484375,1.0,2024,7.053681373596191,"{""type"":""Point"",""coordinates"":[34.87588698083235,1.069967090635086]}"
4479,7.737759590148926,Trans Nzoia,1824.0,24.30869483947754,0.45771780610084534,1372.1785888671875,1.1210467993055888,34.959976031200775,0.5299554467201233,1015.1450805664062,1.0,2024,7.737759590148926,"{""type"":""Point"",""coordinates"":[34.959976031200775,1.1210467993055888]}"
4481,6.512699127197266,Trans Nzoia,1939.0,23.095651626586914,0.39652734994888306,1448.66259765625,1.0153815082447735,35.220403477529,0.5969643592834473,1040.30517578125,1.0,2024,6.512699127197266,"{""type"":""Point"",""coordinates"":[35.220403477529,1.0153815082447735]}"
4487,6.799619674682617,Trans Nzoia,1865.0,23.96086883544922,0.4634799361228943,1339.5623779296875,0.9425971909810028,35.065896234535465,0.6283420324325562,951.3497924804688,1.0,2024,6.799619674682617,"{""type"":""Point"",""coordinates"":[35.065896234535465,0.9425971909810028]}"
4488,5.633342266082764,Trans Nzoia,2266.0,26.169565200805664,0.36845940351486206,1532.4256591796875,1.1137219199113988,34.759498515963635,0.5515486001968384,876.7874755859375,1.0,2024,5.633342266082764,"{""type"":""Point"",""coordinates"":[34.759498515963635,1.1137219199113988]}"
4495,7.470222473144531,Trans Nzoia,1832.0,24.204347610473633,0.36359497904777527,1311.3265380859375,1.0084763139150954,34.95645355355971,0.5351983308792114,1003.5731201171875,1.0,2024,7.470222473144531,"{""type"":""Point"",""coordinates"":[34.95645355355971,1.0084763139150954]}"
4497,7.632488250732422,Trans Nzoia,1832.0,25.213043212890625,0.42128780484199524,1587.5098876953125,1.108193574716066,34.92480830835811,0.5926732420921326,960.1989135742188,1.0,2024,7.632488250732422,"{""type"":""Point"",""coordinates"":[34.92480830835811,1.108193574716066]}"
4499,7.274296283721924,Trans Nzoia,1942.0,19.452173233032227,0.40072101354599,1640.1566162109375,1.1912379881002215,34.9456372471721,0.5207476019859314,964.7963256835938,1.0,2024,7.274296283721924,"{""type"":""Point"",""coordinates"":[34.9456372471721,1.1912379881002215]}"
4501,6.045574188232422,Trans Nzoia,2030.0,23.704347610473633,0.39429640769958496,1619.9417724609375,0.9335508337838131,35.31594033700281,0.5668544173240662,992.7603759765625,4.0,2024,6.045574188232422,"{""type"":""Point"",""coordinates"":[35.31594033700281,0.9335508337838131]}"
4503,6.772136211395264,Trans Nzoia,1791.0,24.42608642578125,0.32637229561805725,1565.9140625,0.9386237322136145,34.892904557759465,0.4774594008922577,1014.7183227539062,1.0,2024,6.772136211395264,"{""type"":""Point"",""coordinates"":[34.892904557759465,0.9386237322136145]}"
4505,5.716844081878662,Trans Nzoia,2251.0,24.747825622558594,0.42781686782836914,1415.5245361328125,1.0089422822035246,34.76009254076003,0.5951586365699768,954.0535278320312,1.0,2024,5.716844081878662,"{""type"":""Point"",""coordinates"":[34.76009254076003,1.0089422822035246]}"
4506,5.330915451049805,Trans Nzoia,1915.0,25.16521644592285,0.467833548784256,1362.5670166015625,1.1172342047459976,35.166873346113114,0.6632174849510193,1263.162353515625,1.0,2024,5.330915451049805,"{""type"":""Point"",""coordinates"":[35.166873346113114,1.1172342047459976]}"
4513,7.4994988441467285,Trans Nzoia,1834.0,24.204347610473633,0.36531519889831543,1311.3265380859375,1.0091919492834447,34.95966571684881,0.48409831523895264,1003.5731201171875,1.0,2024,7.4994988441467285,"{""type"":""Point"",""coordinates"":[34.95966571684881,1.0091919492834447]}"
4515,6.239132404327393,Trans Nzoia,1935.0,24.217391967773438,0.38279256224632263,1303.348388671875,1.2092426906465998,35.03613407644734,0.5917593240737915,1020.2589111328125,1.0,2024,6.239132404327393,"{""type"":""Point"",""coordinates"":[35.03613407644734,1.2092426906465998]}"
4519,5.984129905700684,Trans Nzoia,2136.0,25.052173614501953,0.31933385133743286,1532.4256591796875,1.0799603204393247,34.7802407082182,0.5299442410469055,888.1694946289062,1.0,2024,5.984129905700684,"{""type"":""Point"",""coordinates"":[34.7802407082182,1.0799603204393247]}"
4520,6.722856521606445,Trans Nzoia,1859.0,21.547826766967773,0.3813478946685791,1327.4505615234375,1.0251536746150225,35.08542673641444,0.5755903720855713,969.0385131835938,1.0,2024,6.722856521606445,"{""type"":""Point"",""coordinates"":[35.08542673641444,1.0251536746150225]}"
4521,7.2850847244262695,Trans Nzoia,2024.0,22.7391300201416,0.24424350261688232,1653.9757080078125,1.2130535532127755,34.769406656158814,0.38433530926704407,877.1436767578125,1.0,2024,7.2850847244262695,"{""type"":""Point"",""coordinates"":[34.769406656158814,1.2130535532127755]}"
4528,7.199606895446777,Trans Nzoia,1851.0,21.356521606445312,0.3549726605415344,1653.9757080078125,1.2332976588386426,34.838955768590324,0.5039609670639038,881.7891235351562,1.0,2024,7.199606895446777,"{""type"":""Point"",""coordinates"":[34.838955768590324,1.2332976588386426]}"
4530,6.10042667388916,Trans Nzoia,1893.0,22.930435180664062,0.3002953827381134,1448.66259765625,0.970653004984431,35.1568686171982,0.4621978998184204,1027.66796875,1.0,2024,6.10042667388916,"{""type"":""Point"",""coordinates"":[35.1568686171982,0.970653004984431]}"
4534,6.5174384117126465,Trans Nzoia,1861.0,23.791303634643555,0.4100700616836548,1463.1514892578125,0.9403655722637382,35.235518378038854,0.5825601816177368,1050.580810546875,1.0,2024,6.5174384117126465,"{""type"":""Point"",""coordinates"":[35.235518378038854,0.9403655722637382]}"
4538,6.586549282073975,Trans Nzoia,1952.0,24.630434036254883,0.45519185066223145,1532.4256591796875,1.0783122242391043,34.81280153107555,0.5562407374382019,813.836669921875,1.0,2024,6.586549282073975,"{""type"":""Point"",""coordinates"":[34.81280153107555,1.0783122242391043]}"
4546,6.797661781311035,Trans Nzoia,1910.0,24.65217399597168,0.2930220663547516,1532.4256591796875,1.06478588276887,34.835023645399644,0.43123170733451843,813.836669921875,1.0,2024,6.797661781311035,"{""type"":""Point"",""coordinates"":[34.835023645399644,1.06478588276887]}"
4548,6.470922470092773,Trans Nzoia,1781.0,25.047826766967773,0.3353081941604614,1472.4818115234375,0.9588604754390415,34.87399953760492,0.5256950855255127,941.492431640625,1.0,2024,6.470922470092773,"{""type"":""Point"",""coordinates"":[34.87399953760492,0.9588604754390415]}"
4554,7.6124725341796875,Trans Nzoia,1840.0,22.31739044189453,0.3477802574634552,1587.5098876953125,1.1465343685515708,34.93532821935796,0.46990227699279785,960.1989135742188,1.0,2024,7.6124725341796875,"{""type"":""Point"",""coordinates"":[34.93532821935796,1.1465343685515708]}"
4556,7.677412033081055,Trans Nzoia,1840.0,26.339130401611328,0.3800247013568878,1587.5098876953125,1.0825447374524604,34.946539136514076,0.5745459198951721,961.76513671875,1.0,2024,7.677412033081055,"{""type"":""Point"",""coordinates"":[34.946539136514076,1.0825447374524604]}"
4557,6.556768894195557,Trans Nzoia,2018.0,26.208696365356445,0.3688288629055023,1415.5245361328125,1.0037841450784497,34.81133286385005,0.5518599152565002,849.1492919921875,1.0,2024,6.556768894195557,"{""type"":""Point"",""coordinates"":[34.81133286385005,1.0037841450784497]}"
4559,5.526066780090332,Trans Nzoia,1886.0,25.660869598388672,0.39813318848609924,1217.0069580078125,1.1715912608888115,35.12943399869928,0.5632845163345337,1211.0057373046875,1.0,2024,5.526066780090332,"{""type"":""Point"",""coordinates"":[35.12943399869928,1.1715912608888115]}"
4561,6.468870639801025,Trans Nzoia,1807.0,22.091304779052734,0.35522785782814026,1472.4818115234375,0.9829095662461571,34.87755328881035,0.5609042048454285,941.492431640625,1.0,2024,6.468870639801025,"{""type"":""Point"",""coordinates"":[34.87755328881035,0.9829095662461571]}"
4562,6.273181438446045,Trans Nzoia,2056.0,24.765216827392578,0.2738916575908661,1532.4256591796875,1.108266655722053,34.79432194114525,0.46261441707611084,876.7874755859375,1.0,2024,6.273181438446045,"{""type"":""Point"",""coordinates"":[34.79432194114525,1.108266655722053]}"
4565,6.588714599609375,Trans Nzoia,2055.0,25.569564819335938,0.4264409840106964,1415.5245361328125,1.0476974833730328,34.81089878332163,0.650992751121521,849.1492919921875,1.0,2024,6.588714599609375,"{""type"":""Point"",""coordinates"":[34.81089878332163,1.0476974833730328]}"
4568,6.690184593200684,Trans Nzoia,1816.0,25.669565200805664,0.4083808362483978,1565.9140625,0.9227037631936839,34.866290295528245,0.6041988134384155,1014.7183227539062,1.0,2024,6.690184593200684,"{""type"":""Point"",""coordinates"":[34.866290295528245,0.9227037631936839]}"
4570,6.194362163543701,Trans Nzoia,2124.0,24.291303634643555,0.3850204348564148,1532.4256591796875,1.1186523461332611,34.78753585031283,0.4966910779476166,876.7874755859375,1.0,2024,6.194362163543701,"{""type"":""Point"",""coordinates"":[34.78753585031283,1.1186523461332611]}"
4572,6.415789604187012,Trans Nzoia,1852.0,24.799999237060547,0.4800414443016052,1415.5245361328125,0.9656598989996589,34.84938554637236,0.6488965749740601,959.7871704101562,1.0,2024,6.415789604187012,"{""type"":""Point"",""coordinates"":[34.84938554637236,0.9656598989996589]}"
4574,6.647385597229004,Trans Nzoia,1891.0,22.84782600402832,0.2823891043663025,1448.66259765625,0.9803895094050034,35.23805651985059,0.4228438436985016,1047.075927734375,1.0,2024,6.647385597229004,"{""type"":""Point"",""coordinates"":[35.23805651985059,0.9803895094050034]}"
4577,6.927728652954102,Trans Nzoia,1970.0,22.939130783081055,0.2994335889816284,1303.348388671875,1.1762873606791335,35.004856722654864,0.47836408019065857,860.8521118164062,1.0,2024,6.927728652954102,"{""type"":""Point"",""coordinates"":[35.004856722654864,1.1762873606791335]}"
4580,5.416386127471924,Trans Nzoia,2105.0,24.11739158630371,0.36276042461395264,1518.2637939453125,0.9512418446598557,35.33624241101625,0.4906057119369507,1077.1812744140625,4.0,2024,5.416386127471924,"{""type"":""Point"",""coordinates"":[35.33624241101625,0.9512418446598557]}"
4583,7.338242530822754,Trans Nzoia,1780.0,24.795652389526367,0.5006693005561829,1388.3951416015625,0.9202232694415112,34.96793187503475,0.7219721078872681,1042.5777587890625,1.0,2024,7.338242530822754,"{""type"":""Point"",""coordinates"":[34.96793187503475,0.9202232694415112]}"
4586,7.246165752410889,Trans Nzoia,1922.0,23.221738815307617,0.28289178013801575,1640.1566162109375,1.1985737616400831,34.9386319637986,0.42717888951301575,964.7963256835938,1.0,2024,7.246165752410889,"{""type"":""Point"",""coordinates"":[34.9386319637986,1.1985737616400831]}"
4587,6.531190872192383,Trans Nzoia,1898.0,23.356521606445312,0.3155818581581116,1448.66259765625,0.9553361969410366,35.229206987041316,0.5124273300170898,1047.075927734375,1.0,2024,6.531190872192383,"{""type"":""Point"",""coordinates"":[35.229206987041316,0.9553361969410366]}"
4589,6.212765693664551,Trans Nzoia,1824.0,23.799999237060547,0.3787113130092621,1448.66259765625,0.9689106593878329,35.181523414627925,0.5552457571029663,1027.66796875,1.0,2024,6.212765693664551,"{""type"":""Point"",""coordinates"":[35.181523414627925,0.9689106593878329]}"
4592,7.261318206787109,Trans Nzoia,1848.0,21.77391242980957,0.35090675950050354,1587.5098876953125,1.0917736407058174,34.88286867853959,0.5426669120788574,908.87646484375,1.0,2024,7.261318206787109,"{""type"":""Point"",""coordinates"":[34.88286867853959,1.0917736407058174]}"
4595,7.2178449630737305,Trans Nzoia,1926.0,24.265216827392578,0.3874343931674957,1653.9757080078125,1.2182805049345895,34.80265253752376,0.4618663489818573,881.7891235351562,1.0,2024,7.2178449630737305,"{""type"":""Point"",""coordinates"":[34.80265253752376,1.2182805049345895]}"
4599,7.755830764770508,Trans Nzoia,1830.0,22.430435180664062,0.37830761075019836,1372.1785888671875,1.113121549912825,34.95884446547647,0.5344790816307068,1015.1450805664062,4.0,2024,7.755830764770508,"{""type"":""Point"",""coordinates"":[34.95884446547647,1.113121549912825]}"
4603,6.518507957458496,Trans Nzoia,2104.0,23.630434036254883,0.31931671500205994,1532.4256591796875,1.148014794615345,34.80033278244686,0.409139484167099,853.085205078125,1.0,2024,6.518507957458496,"{""type"":""Point"",""coordinates"":[34.80033278244686,1.148014794615345]}"
4606,6.367576599121094,Trans Nzoia,1909.0,23.6130428314209,0.27646133303642273,1217.0069580078125,1.1583407734071272,35.07503885812915,0.4679800271987915,1066.3682861328125,1.0,2024,6.367576599121094,"{""type"":""Point"",""coordinates"":[35.07503885812915,1.1583407734071272]}"
4609,6.324105262756348,Trans Nzoia,1869.0,23.408695220947266,0.4341870844364166,1448.66259765625,0.9793939583164247,35.19556498116959,0.6097505688667297,1027.66796875,1.0,2024,6.324105262756348,"{""type"":""Point"",""coordinates"":[35.19556498116959,0.9793939583164247]}"
4611,7.279641151428223,Trans Nzoia,1862.0,23.895652770996094,0.36615192890167236,1640.1566162109375,1.1554810174989951,34.86894945648548,0.491300493478775,916.169677734375,1.0,2024,7.279641151428223,"{""type"":""Point"",""coordinates"":[34.86894945648548,1.1554810174989951]}"
4612,7.068216800689697,Trans Nzoia,1951.0,22.904348373413086,0.37524092197418213,1309.0179443359375,1.0939218987489356,35.07899585707395,0.579043447971344,961.5752563476562,1.0,2024,7.068216800689697,"{""type"":""Point"",""coordinates"":[35.07899585707395,1.0939218987489356]}"
4615,6.923831939697266,Trans Nzoia,1889.0,22.34782600402832,0.36569657921791077,1309.0179443359375,1.0548156410827492,35.08108373043311,0.5256432890892029,961.5752563476562,1.0,2024,6.923831939697266,"{""type"":""Point"",""coordinates"":[35.08108373043311,1.0548156410827492]}"
4617,7.587831497192383,Trans Nzoia,1862.0,23.669565200805664,0.39190512895584106,1640.1566162109375,1.1506794390994226,34.92721996836782,0.5038710832595825,964.7963256835938,1.0,2024,7.587831497192383,"{""type"":""Point"",""coordinates"":[34.92721996836782,1.1506794390994226]}"
4619,7.245431900024414,Trans Nzoia,1850.0,25.07391357421875,0.40648552775382996,1587.5098876953125,1.0927044859803061,34.88041646051709,0.6083506345748901,908.87646484375,1.0,2024,7.245431900024414,"{""type"":""Point"",""coordinates"":[34.88041646051709,1.0927044859803061]}"
4620,7.005037307739258,Trans Nzoia,1890.0,19.630434036254883,0.3708038330078125,1640.1566162109375,1.242694743603484,34.909493091040574,0.46307626366615295,972.9393310546875,6.0,2024,7.005037307739258,"{""type"":""Point"",""coordinates"":[34.909493091040574,1.242694743603484]}"
4622,6.853878021240234,Trans Nzoia,1869.0,23.065217971801758,0.40740931034088135,1327.4505615234375,0.9750343457536874,35.06908593449694,0.5797117948532104,994.4949951171875,1.0,2024,6.853878021240234,"{""type"":""Point"",""coordinates"":[35.06908593449694,0.9750343457536874]}"
4624,7.506289005279541,Trans Nzoia,1838.0,21.81739044189453,0.4120309352874756,1587.5098876953125,1.1128237881314493,34.90211782430808,0.5457867383956909,960.1989135742188,1.0,2024,7.506289005279541,"{""type"":""Point"",""coordinates"":[34.90211782430808,1.1128237881314493]}"
4625,7.227391719818115,Trans Nzoia,1922.0,24.265216827392578,0.4687482416629791,1653.9757080078125,1.2189816017740762,34.800234881130876,0.5745563507080078,881.7891235351562,1.0,2024,7.227391719818115,"{""type"":""Point"",""coordinates"":[34.800234881130876,1.2189816017740762]}"
4629,6.8813276290893555,Trans Nzoia,1998.0,22.76956558227539,0.2505769729614258,1303.348388671875,1.1884336667199715,34.997092559058956,0.3958759903907776,1049.634765625,1.0,2024,6.8813276290893555,"{""type"":""Point"",""coordinates"":[34.997092559058956,1.1884336667199715]}"
4638,7.62122106552124,Trans Nzoia,1853.0,24.68260955810547,0.1562781035900116,1587.5098876953125,1.1442414716622828,34.931636867395724,0.505434513092041,960.1989135742188,1.0,2024,7.62122106552124,"{""type"":""Point"",""coordinates"":[34.931636867395724,1.1442414716622828]}"
4639,6.489154815673828,Trans Nzoia,1876.0,24.57391357421875,0.39571696519851685,1415.5245361328125,0.9866609610455064,34.83600579469722,0.6089529395103455,959.7871704101562,1.0,2024,6.489154815673828,"{""type"":""Point"",""coordinates"":[34.83600579469722,0.9866609610455064]}"
4640,6.11146879196167,Trans Nzoia,2145.0,22.256521224975586,0.3199555575847626,1532.4256591796875,1.0999575399075392,34.78634023186842,0.5340098738670349,888.1694946289062,1.0,2024,6.11146879196167,"{""type"":""Point"",""coordinates"":[34.78634023186842,1.0999575399075392]}"
4641,7.091427326202393,Trans Nzoia,1868.0,24.513044357299805,0.33262959122657776,1587.5098876953125,1.125340667726184,34.85170812172614,0.4630025625228882,896.3999633789062,1.0,2024,7.091427326202393,"{""type"":""Point"",""coordinates"":[34.85170812172614,1.125340667726184]}"
4645,6.946166038513184,Trans Nzoia,1963.0,19.278261184692383,0.37217119336128235,1303.348388671875,1.2246157212443531,34.966211935089916,0.5525646805763245,1109.6043701171875,1.0,2024,6.946166038513184,"{""type"":""Point"",""coordinates"":[34.966211935089916,1.2246157212443531]}"
4646,7.1390156745910645,Trans Nzoia,1833.0,23.791303634643555,0.37344980239868164,1311.3265380859375,0.956893447733005,35.04131491178159,0.517428994178772,943.7447509765625,1.0,2024,7.1390156745910645,"{""type"":""Point"",""coordinates"":[35.04131491178159,0.956893447733005]}"
4647,7.6287102699279785,Trans Nzoia,1854.0,24.10869598388672,0.38229134678840637,1372.1785888671875,1.127423588412517,34.997932724211246,0.5314270853996277,1015.1450805664062,1.0,2024,7.6287102699279785,"{""type"":""Point"",""coordinates"":[34.997932724211246,1.127423588412517]}"
4651,7.306344509124756,Trans Nzoia,1821.0,21.69565200805664,0.2983405292034149,1472.4818115234375,0.9661156297992103,34.94887730320932,0.44146114587783813,984.7139892578125,1.0,2024,7.306344509124756,"{""type"":""Point"",""coordinates"":[34.94887730320932,0.9661156297992103]}"
4654,6.649388313293457,Trans Nzoia,1952.0,21.791303634643555,0.2773032784461975,1303.348388671875,1.2020292428457091,35.00580977399571,0.38778361678123474,1020.2589111328125,1.0,2024,6.649388313293457,"{""type"":""Point"",""coordinates"":[35.00580977399571,1.2020292428457091]}"
4655,6.825849533081055,Trans Nzoia,1920.0,24.243478775024414,0.2628360688686371,1587.5098876953125,1.053100761092658,34.85157368383883,0.4082958400249481,908.87646484375,1.0,2024,6.825849533081055,"{""type"":""Point"",""coordinates"":[34.85157368383883,1.053100761092658]}"
4656,6.483092308044434,Trans Nzoia,2082.0,24.352174758911133,0.25646093487739563,1415.5245361328125,1.006754368310606,34.7987566612758,0.4794197380542755,954.0535278320312,1.0,2024,6.483092308044434,"{""type"":""Point"",""coordinates"":[34.7987566612758,1.006754368310606]}"
4657,6.831936836242676,Trans Nzoia,1930.0,22.53043556213379,0.3796561360359192,1309.0179443359375,1.1486161886561312,35.05402739017798,0.5123408436775208,974.173583984375,1.0,2024,6.831936836242676,"{""type"":""Point"",""coordinates"":[35.05402739017798,1.1486161886561312]}"
4660,7.580056190490723,Trans Nzoia,1862.0,24.586956024169922,0.379395455121994,1372.1785888671875,1.116679636218646,35.02555471263852,0.5711038112640381,862.4269409179688,1.0,2024,7.580056190490723,"{""type"":""Point"",""coordinates"":[35.02555471263852,1.116679636218646]}"
4663,7.082061290740967,Trans Nzoia,1812.0,23.752174377441406,0.4017845392227173,1565.9140625,0.8928012309405728,34.88393614119024,0.6018157005310059,1008.7085571289062,1.0,2024,7.082061290740967,"{""type"":""Point"",""coordinates"":[34.88393614119024,0.8928012309405728]}"
4669,6.350119590759277,Trans Nzoia,2142.0,21.53913116455078,0.24076831340789795,1532.4256591796875,1.1409117423825863,34.78913574323323,0.3858146369457245,876.7874755859375,1.0,2024,6.350119590759277,"{""type"":""Point"",""coordinates"":[34.78913574323323,1.1409117423825863]}"
4670,7.051469802856445,Trans Nzoia,1822.0,22.930435180664062,0.33501461148262024,1472.4818115234375,1.0266707694424844,34.91523585113549,0.480461448431015,963.7658081054688,1.0,2024,7.051469802856445,"{""type"":""Point"",""coordinates"":[34.91523585113549,1.0266707694424844]}"
4672,6.935320854187012,Trans Nzoia,1794.0,23.721738815307617,0.39053022861480713,1388.3951416015625,0.918468400738653,35.02650426387045,0.5000146627426147,873.1403198242188,1.0,2024,6.935320854187012,"{""type"":""Point"",""coordinates"":[35.02650426387045,0.918468400738653]}"
4675,7.581596851348877,Trans Nzoia,1857.0,21.413043975830078,0.3737463057041168,1311.3265380859375,0.9811093293919407,34.99696200379809,0.5885732173919678,1077.162841796875,1.0,2024,7.581596851348877,"{""type"":""Point"",""coordinates"":[34.99696200379809,0.9811093293919407]}"
4676,6.420040607452393,Trans Nzoia,1809.0,24.26956558227539,0.33715805411338806,1472.4818115234375,0.9767251013290363,34.853235714350056,0.5245909094810486,941.492431640625,1.0,2024,6.420040607452393,"{""type"":""Point"",""coordinates"":[34.853235714350056,0.9767251013290363]}"
4677,6.8904595375061035,Trans Nzoia,1757.0,18.68695640563965,0.32338637113571167,1794.15283203125,1.2670034569568602,34.905064987213684,0.35298386216163635,953.6435546875,6.0,2024,6.8904595375061035,"{""type"":""Point"",""coordinates"":[34.905064987213684,1.2670034569568602]}"
4681,7.226024150848389,Trans Nzoia,1744.0,24.586956024169922,0.6244091391563416,1565.9140625,0.9146987582553222,34.923612778527705,0.5569354891777039,1008.7112426757812,1.0,2024,7.226024150848389,"{""type"":""Point"",""coordinates"":[34.923612778527705,0.9146987582553222]}"
4688,7.243659496307373,Trans Nzoia,1870.0,23.630434036254883,0.34554219245910645,1640.1566162109375,1.19400571928595,34.879450344416526,0.4574412405490875,916.169677734375,1.0,2024,7.243659496307373,"{""type"":""Point"",""coordinates"":[34.879450344416526,1.19400571928595]}"
4691,6.294925689697266,Trans Nzoia,2253.0,25.03043556213379,0.3073531985282898,1451.5164794921875,0.9379966161995121,34.77430188986838,0.5084494948387146,1013.508056640625,1.0,2024,6.294925689697266,"{""type"":""Point"",""coordinates"":[34.77430188986838,0.9379966161995121]}"
4697,6.788227558135986,Trans Nzoia,1796.0,22.860870361328125,0.35005423426628113,1565.9140625,0.9218939747360726,34.87764233224764,0.5395874977111816,1014.7183227539062,1.0,2024,6.788227558135986,"{""type"":""Point"",""coordinates"":[34.87764233224764,0.9218939747360726]}"
4700,7.089522361755371,Trans Nzoia,1899.0,20.517391204833984,0.35657569766044617,1640.1566162109375,1.229420240283064,34.901916378077935,0.4716268479824066,972.9393310546875,4.0,2024,7.089522361755371,"{""type"":""Point"",""coordinates"":[34.901916378077935,1.229420240283064]}"
4704,7.062631607055664,Trans Nzoia,1820.0,20.87826156616211,0.3819340467453003,1472.4818115234375,0.9654299219467377,34.92917682135834,0.5471091270446777,984.7139892578125,4.0,2024,7.062631607055664,"{""type"":""Point"",""coordinates"":[34.92917682135834,0.9654299219467377]}"
4705,6.68776798248291,Trans Nzoia,1762.0,25.321739196777344,0.4503691494464874,1472.4818115234375,0.9785417366899727,34.90175882298686,0.6540295481681824,984.7139892578125,1.0,2024,6.68776798248291,"{""type"":""Point"",""coordinates"":[34.90175882298686,0.9785417366899727]}"
4710,7.297567367553711,Trans Nzoia,1808.0,21.92608642578125,0.35470613837242126,1472.4818115234375,0.9935405434027927,34.94484284678529,0.5042793154716492,984.7139892578125,1.0,2024,7.297567367553711,"{""type"":""Point"",""coordinates"":[34.94484284678529,0.9935405434027927]}"
4713,7.152268886566162,Trans Nzoia,1822.0,23.434782028198242,0.35625016689300537,1388.3951416015625,0.919053916467664,35.000544893709076,0.4793906807899475,873.1403198242188,1.0,2024,7.152268886566162,"{""type"":""Point"",""coordinates"":[35.000544893709076,0.919053916467664]}"
4715,6.5866827964782715,Trans Nzoia,1878.0,25.134782791137695,0.38554757833480835,1448.66259765625,0.9704634070696584,35.23058263958777,0.5587851405143738,1047.075927734375,1.0,2024,6.5866827964782715,"{""type"":""Point"",""coordinates"":[35.23058263958777,0.9704634070696584]}"
4718,6.70172119140625,Trans Nzoia,1916.0,23.021739959716797,0.30487164855003357,1309.0179443359375,1.1426389221659452,35.07245639856429,0.47764483094215393,974.173583984375,1.0,2024,6.70172119140625,"{""type"":""Point"",""coordinates"":[35.07245639856429,1.1426389221659452]}"
4720,7.417316913604736,Trans Nzoia,1850.0,23.65652084350586,0.372261106967926,1640.1566162109375,1.1673659730646497,34.893918114681036,0.4584971070289612,916.169677734375,1.0,2024,7.417316913604736,"{""type"":""Point"",""coordinates"":[34.893918114681036,1.1673659730646497]}"
4723,7.542187690734863,Trans Nzoia,1846.0,25.734783172607422,0.3502902686595917,1587.5098876953125,1.1021816103183375,34.91370260215859,0.4539123773574829,960.1989135742188,1.0,2024,7.542187690734863,"{""type"":""Point"",""coordinates"":[34.91370260215859,1.1021816103183375]}"
4725,7.469897747039795,Trans Nzoia,1840.0,24.221738815307617,0.3909575045108795,1640.1566162109375,1.1707450811973108,34.92973175015515,0.47034594416618347,964.7963256835938,1.0,2024,7.469897747039795,"{""type"":""Point"",""coordinates"":[34.92973175015515,1.1707450811973108]}"
4730,5.576770782470703,Trans Nzoia,1938.0,24.743478775024414,0.4663468599319458,1362.5670166015625,1.084256753357097,35.214296039930296,0.6740842461585999,1157.1868896484375,1.0,2024,5.576770782470703,"{""type"":""Point"",""coordinates"":[35.214296039930296,1.084256753357097]}"
4731,6.52495002746582,Trans Nzoia,1845.0,23.299999237060547,0.4257580041885376,1327.4505615234375,1.0157205290225886,35.0940324176554,0.568104088306427,969.0385131835938,1.0,2024,6.52495002746582,"{""type"":""Point"",""coordinates"":[35.0940324176554,1.0157205290225886]}"
4733,7.548378944396973,Trans Nzoia,1867.0,23.734783172607422,0.36493751406669617,1640.1566162109375,1.1560701472070931,34.94882796541666,0.4849764108657837,964.7963256835938,1.0,2024,7.548378944396973,"{""type"":""Point"",""coordinates"":[34.94882796541666,1.1560701472070931]}"
4736,6.770837306976318,Trans Nzoia,1985.0,22.008695602416992,0.4296310245990753,1303.348388671875,1.169595320347782,35.027951486986765,0.5657076239585876,860.8521118164062,1.0,2024,6.770837306976318,"{""type"":""Point"",""coordinates"":[35.027951486986765,1.169595320347782]}"
4741,6.70090389251709,Trans Nzoia,1837.0,23.495651245117188,0.377975732088089,1339.5623779296875,0.9080628376858831,35.10000619659661,0.5778706073760986,964.28857421875,4.0,2024,6.70090389251709,"{""type"":""Point"",""coordinates"":[35.10000619659661,0.9080628376858831]}"
4743,6.87142276763916,Trans Nzoia,1882.0,23.18260955810547,0.38622549176216125,1532.4256591796875,1.114572402688778,34.834154321268095,0.46899086236953735,853.085205078125,1.0,2024,6.87142276763916,"{""type"":""Point"",""coordinates"":[34.834154321268095,1.114572402688778]}"
4746,7.164518356323242,Trans Nzoia,1837.0,24.256521224975586,0.3925562798976898,1388.3951416015625,0.9159109358614115,34.99422893020896,0.5373882055282593,1042.5777587890625,1.0,2024,7.164518356323242,"{""type"":""Point"",""coordinates"":[34.99422893020896,0.9159109358614115]}"
4749,7.620456695556641,Trans Nzoia,1869.0,24.45652198791504,0.34991487860679626,1372.1785888671875,1.1120316104633785,35.026988244388505,0.4842745363712311,862.4269409179688,1.0,2024,7.620456695556641,"{""type"":""Point"",""coordinates"":[35.026988244388505,1.1120316104633785]}"
4750,7.66000509262085,Trans Nzoia,1838.0,24.15217399597168,0.38255107402801514,1587.5098876953125,1.1380032509584759,34.94639312770575,0.519294261932373,960.1989135742188,1.0,2024,7.66000509262085,"{""type"":""Point"",""coordinates"":[34.94639312770575,1.1380032509584759]}"
4753,7.739290237426758,Trans Nzoia,1833.0,22.42608642578125,0.32745468616485596,1372.1785888671875,1.0906881849386514,35.02505689536575,0.48440420627593994,885.8496704101562,1.0,2024,7.739290237426758,"{""type"":""Point"",""coordinates"":[35.02505689536575,1.0906881849386514]}"
4759,7.3587822914123535,Trans Nzoia,1774.0,26.504348754882812,0.43254294991493225,1388.3951416015625,0.9231455578976522,34.961503142168,0.5737436413764954,1042.5777587890625,1.0,2024,7.3587822914123535,"{""type"":""Point"",""coordinates"":[34.961503142168,0.9231455578976522]}"
4760,6.491619110107422,Trans Nzoia,1984.0,24.80434799194336,0.398790568113327,1415.5245361328125,0.9711757770663719,34.81641871312943,0.5406474471092224,959.7871704101562,1.0,2024,6.491619110107422,"{""type"":""Point"",""coordinates"":[34.81641871312943,0.9711757770663719]}"
4761,6.947185516357422,Trans Nzoia,1949.0,26.095651626586914,0.43385061621665955,1653.9757080078125,1.1951486948926902,34.802115904333554,0.5545839667320251,878.5647583007812,1.0,2024,6.947185516357422,"{""type"":""Point"",""coordinates"":[34.802115904333554,1.1951486948926902]}"
4762,6.6741790771484375,Trans Nzoia,1928.0,22.895652770996094,0.3838978707790375,1309.0179443359375,1.1307167527023962,35.08715985653723,0.5315829515457153,974.173583984375,1.0,2024,6.6741790771484375,"{""type"":""Point"",""coordinates"":[35.08715985653723,1.1307167527023962]}"
4763,6.295432090759277,Trans Nzoia,1826.0,25.504348754882812,0.35740575194358826,1463.1514892578125,0.9369795689739758,35.16223846577451,0.5450618267059326,999.2210693359375,1.0,2024,6.295432090759277,"{""type"":""Point"",""coordinates"":[35.16223846577451,0.9369795689739758]}"
4764,6.376295566558838,Trans Nzoia,2047.0,23.586956024169922,0.3907230794429779,1327.3070068359375,1.0561778055459854,35.26474330835536,0.5469217300415039,1108.3787841796875,1.0,2024,6.376295566558838,"{""type"":""Point"",""coordinates"":[35.26474330835536,1.0561778055459854]}"
4765,6.438778877258301,Trans Nzoia,1952.0,23.865217208862305,0.3998396396636963,1415.5245361328125,0.9525374160159029,34.83924950841883,0.56593918800354,959.7871704101562,1.0,2024,6.438778877258301,"{""type"":""Point"",""coordinates"":[34.83924950841883,0.9525374160159029]}"
4766,5.671477317810059,Trans Nzoia,2243.0,21.100000381469727,0.2747032046318054,1532.4256591796875,1.0948158966253148,34.767291597064975,0.4284276068210602,888.1694946289062,1.0,2024,5.671477317810059,"{""type"":""Point"",""coordinates"":[34.767291597064975,1.0948158966253148]}"
4768,6.942932605743408,Trans Nzoia,1837.0,19.443477630615234,0.3883272707462311,1640.1566162109375,1.2452872491091225,34.94955762983693,0.5611985921859741,972.9393310546875,4.0,2024,6.942932605743408,"{""type"":""Point"",""coordinates"":[34.94955762983693,1.2452872491091225]}"
4770,6.381289482116699,Trans Nzoia,2130.0,27.72608757019043,0.38688647747039795,1415.5245361328125,1.0476751935087212,34.79588953192304,0.4857637882232666,954.0535278320312,1.0,2024,6.381289482116699,"{""type"":""Point"",""coordinates"":[34.79588953192304,1.0476751935087212]}"
4773,7.148074150085449,Trans Nzoia,1906.0,20.600000381469727,0.351959228515625,1640.1566162109375,1.2194215552960512,34.90645729801035,0.47067680954933167,972.9393310546875,1.0,2024,7.148074150085449,"{""type"":""Point"",""coordinates"":[34.90645729801035,1.2194215552960512]}"
4774,6.753550052642822,Trans Nzoia,1918.0,23.582609176635742,0.32509666681289673,1309.0179443359375,1.1160025982304915,35.09099125594843,0.5330743789672852,974.173583984375,1.0,2024,6.753550052642822,"{""type"":""Point"",""coordinates"":[35.09099125594843,1.1160025982304915]}"
4781,7.350711822509766,Trans Nzoia,1793.0,18.6130428314209,0.27887481451034546,1854.9388427734375,1.2555683618593414,34.82719964019164,0.4033381938934326,855.2916870117188,4.0,2024,7.350711822509766,"{""type"":""Point"",""coordinates"":[34.82719964019164,1.2555683618593414]}"
4782,6.598401069641113,Trans Nzoia,1827.0,22.88260841369629,0.38731855154037476,1565.9140625,0.9370166084796442,34.871489086886704,0.5302238464355469,1014.7183227539062,1.0,2024,6.598401069641113,"{""type"":""Point"",""coordinates"":[34.871489086886704,0.9370166084796442]}"
4786,6.069850444793701,Trans Nzoia,1990.0,23.53043556213379,0.313772588968277,1619.9417724609375,0.9214527017619607,35.319219717076656,0.45306891202926636,992.7603759765625,4.0,2024,6.069850444793701,"{""type"":""Point"",""coordinates"":[35.319219717076656,0.9214527017619607]}"
4788,7.193991661071777,Trans Nzoia,1828.0,23.299999237060547,0.4156339466571808,1472.4818115234375,1.0241833583518238,34.92784008579487,0.5563569068908691,963.7658081054688,1.0,2024,7.193991661071777,"{""type"":""Point"",""coordinates"":[34.92784008579487,1.0241833583518238]}"
4790,7.569717884063721,Trans Nzoia,1834.0,22.92608642578125,0.3897605836391449,1587.5098876953125,1.116753860757747,34.90944968100696,0.6029149293899536,960.1989135742188,1.0,2024,7.569717884063721,"{""type"":""Point"",""coordinates"":[34.90944968100696,1.116753860757747]}"
4791,7.072188854217529,Trans Nzoia,1906.0,21.23043441772461,0.34739652276039124,1653.9757080078125,1.168758086681082,34.84589829697757,0.4643910825252533,878.5647583007812,1.0,2024,7.072188854217529,"{""type"":""Point"",""coordinates"":[34.84589829697757,1.168758086681082]}"
4793,6.518874168395996,Trans Nzoia,2047.0,24.365217208862305,0.34006813168525696,1415.5245361328125,1.0069284007364196,34.80305130764746,0.5559850335121155,849.1492919921875,1.0,2024,6.518874168395996,"{""type"":""Point"",""coordinates"":[34.80305130764746,1.0069284007364196]}"
4796,7.082968711853027,Trans Nzoia,2053.0,20.76956558227539,0.23631490767002106,1653.9757080078125,1.2024169675091765,34.77256422244959,0.4602377116680145,877.1436767578125,1.0,2024,7.082968711853027,"{""type"":""Point"",""coordinates"":[34.77256422244959,1.2024169675091765]}"
4797,7.000783920288086,Trans Nzoia,1777.0,23.395652770996094,0.43200066685676575,1565.9140625,0.8718867689269713,34.86588495094239,0.6020306944847107,1008.7085571289062,1.0,2024,7.000783920288086,"{""type"":""Point"",""coordinates"":[34.86588495094239,0.8718867689269713]}"
4807,7.442249774932861,Trans Nzoia,1832.0,24.091304779052734,0.34456223249435425,1587.5098876953125,1.0708056443481178,34.92318530335692,0.5228378772735596,961.76513671875,1.0,2024,7.442249774932861,"{""type"":""Point"",""coordinates"":[34.92318530335692,1.0708056443481178]}"
4808,6.97205924987793,Trans Nzoia,1798.0,24.81304359436035,0.38353797793388367,1565.9140625,0.9338364920983159,34.90809396598403,0.5280098915100098,1008.7112426757812,1.0,2024,6.97205924987793,"{""type"":""Point"",""coordinates"":[34.90809396598403,0.9338364920983159]}"
4809,7.243945121765137,Trans Nzoia,1919.0,20.486955642700195,0.3758879005908966,1640.1566162109375,1.2017798672639908,34.93214318489957,0.47982537746429443,972.9393310546875,1.0,2024,7.243945121765137,"{""type"":""Point"",""coordinates"":[34.93214318489957,1.2017798672639908]}"
4813,6.769872665405273,Trans Nzoia,1965.0,25.095651626586914,0.40675976872444153,1653.9757080078125,1.161598719074003,34.81671014212473,0.5684144496917725,878.5647583007812,1.0,2024,6.769872665405273,"{""type"":""Point"",""coordinates"":[34.81671014212473,1.161598719074003]}"
4814,6.699369430541992,Trans Nzoia,1979.0,22.96521759033203,0.382108598947525,1532.4256591796875,1.1418906188446476,34.81749005396131,0.4370618164539337,853.085205078125,1.0,2024,6.699369430541992,"{""type"":""Point"",""coordinates"":[34.81749005396131,1.1418906188446476]}"
4815,6.4471845626831055,Trans Nzoia,1887.0,27.004348754882812,0.36907249689102173,1463.1514892578125,0.931250805249964,35.226581260223455,0.5569689869880676,1050.580810546875,1.0,2024,6.4471845626831055,"{""type"":""Point"",""coordinates"":[35.226581260223455,0.931250805249964]}"
4818,6.598447799682617,Trans Nzoia,1811.0,27.61739158630371,0.41368529200553894,1472.4818115234375,1.0083536881893558,34.881106140992294,0.5828742980957031,914.8713989257812,1.0,2024,6.598447799682617,"{""type"":""Point"",""coordinates"":[34.881106140992294,1.0083536881893558]}"
4819,5.267381191253662,Trans Nzoia,2087.0,22.61739158630371,0.415123850107193,1518.2637939453125,0.9536356398459283,35.34141202813604,0.5590916275978088,1077.1812744140625,4.0,2024,5.267381191253662,"{""type"":""Point"",""coordinates"":[35.34141202813604,0.9536356398459283]}"
4823,7.189383506774902,Trans Nzoia,1752.0,27.234783172607422,0.3506450951099396,1565.9140625,0.9205737808657346,34.92122622717173,0.4756644070148468,1008.7112426757812,1.0,2024,7.189383506774902,"{""type"":""Point"",""coordinates"":[34.92122622717173,0.9205737808657346]}"
4824,5.846591472625732,Trans Nzoia,1930.0,22.756521224975586,0.39227283000946045,1362.5670166015625,1.0626332490423889,35.174915851712655,0.5663490891456604,1080.9871826171875,1.0,2024,5.846591472625732,"{""type"":""Point"",""coordinates"":[35.174915851712655,1.0626332490423889]}"
4825,6.982362747192383,Trans Nzoia,1944.0,26.22608757019043,0.3712069094181061,1372.1785888671875,1.1462888974128063,35.04330506354079,0.5112091898918152,862.4269409179688,1.0,2024,6.982362747192383,"{""type"":""Point"",""coordinates"":[35.04330506354079,1.1462888974128063]}"
4826,7.707566261291504,Trans Nzoia,1829.0,22.23043441772461,0.42401912808418274,1587.5098876953125,1.1093105639588943,34.94127866013876,0.5707927942276001,960.1989135742188,1.0,2024,7.707566261291504,"{""type"":""Point"",""coordinates"":[34.94127866013876,1.1093105639588943]}"
4827,5.502573013305664,Trans Nzoia,2003.0,24.07826042175293,0.3889349699020386,1619.9417724609375,0.9309572192150599,35.34378890705329,0.5838006734848022,992.7603759765625,4.0,2024,5.502573013305664,"{""type"":""Point"",""coordinates"":[35.34378890705329,0.9309572192150599]}"
4828,7.550065517425537,Trans Nzoia,1836.0,21.982608795166016,0.40769854187965393,1587.5098876953125,1.1118352476397977,34.90939912498489,0.5770619511604309,960.1989135742188,1.0,2024,7.550065517425537,"{""type"":""Point"",""coordinates"":[34.90939912498489,1.1118352476397977]}"
4830,7.079722881317139,Trans Nzoia,1935.0,23.31739044189453,0.34668633341789246,1303.348388671875,1.211119609134604,34.95606546810834,0.5281023979187012,1109.6043701171875,1.0,2024,7.079722881317139,"{""type"":""Point"",""coordinates"":[34.95606546810834,1.211119609134604]}"
4832,6.329159259796143,Trans Nzoia,2018.0,25.908695220947266,0.3650243282318115,1532.4256591796875,1.08051750684458,34.796918887735416,0.5585065484046936,888.1694946289062,1.0,2024,6.329159259796143,"{""type"":""Point"",""coordinates"":[34.796918887735416,1.08051750684458]}"
4836,7.163762092590332,Trans Nzoia,1790.0,26.295652389526367,0.3902904689311981,1565.9140625,0.9049750010946762,34.906440127179124,0.5795279145240784,1008.7112426757812,1.0,2024,7.163762092590332,"{""type"":""Point"",""coordinates"":[34.906440127179124,0.9049750010946762]}"
4840,6.37955904006958,Trans Nzoia,1928.0,24.326086044311523,0.35871613025665283,1303.348388671875,1.1948580776694737,35.031201898376125,0.4500800371170044,860.8521118164062,1.0,2024,6.37955904006958,"{""type"":""Point"",""coordinates"":[35.031201898376125,1.1948580776694737]}"
4841,7.155607223510742,Trans Nzoia,1863.0,23.200000762939453,0.39058035612106323,1472.4818115234375,1.0327358200837766,34.92057369968164,0.48759156465530396,963.7658081054688,1.0,2024,7.155607223510742,"{""type"":""Point"",""coordinates"":[34.92057369968164,1.0327358200837766]}"
4842,6.43674898147583,Trans Nzoia,2055.0,23.973913192749023,0.2982684373855591,1532.4256591796875,1.0967259987249478,34.80421262785169,0.4828604757785797,813.836669921875,1.0,2024,6.43674898147583,"{""type"":""Point"",""coordinates"":[34.80421262785169,1.0967259987249478]}"
4843,7.18043327331543,Trans Nzoia,1732.0,23.821739196777344,0.4197871685028076,1565.9140625,0.9250977605499885,34.92365483426773,0.5894117951393127,1008.7112426757812,1.0,2024,7.18043327331543,"{""type"":""Point"",""coordinates"":[34.92365483426773,0.9250977605499885]}"
4844,7.444625377655029,Trans Nzoia,1855.0,22.952173233032227,0.37130963802337646,1587.5098876953125,1.0856647740952303,34.911602972925664,0.4979058802127838,961.76513671875,1.0,2024,7.444625377655029,"{""type"":""Point"",""coordinates"":[34.911602972925664,1.0856647740952303]}"
4847,7.178184509277344,Trans Nzoia,1855.0,22.582609176635742,0.328990638256073,1587.5098876953125,1.1100385259668477,34.86347667220761,0.45583224296569824,896.3999633789062,1.0,2024,7.178184509277344,"{""type"":""Point"",""coordinates"":[34.86347667220761,1.1100385259668477]}"
4848,7.160885810852051,Trans Nzoia,1898.0,22.973913192749023,0.38662189245224,1303.348388671875,1.202714132282901,34.952252694475376,0.5480119585990906,1109.6043701171875,1.0,2024,7.160885810852051,"{""type"":""Point"",""coordinates"":[34.952252694475376,1.202714132282901]}"
4849,6.982461929321289,Trans Nzoia,1789.0,23.221738815307617,0.3579317033290863,1565.9140625,0.9015947249971411,34.87867051762144,0.521422266960144,1014.7183227539062,1.0,2024,6.982461929321289,"{""type"":""Point"",""coordinates"":[34.87867051762144,0.9015947249971411]}"
4850,7.083616733551025,Trans Nzoia,1788.0,25.495651245117188,0.3967999815940857,1472.4818115234375,0.9822697070069119,34.93033476758426,0.5338923335075378,984.7139892578125,4.0,2024,7.083616733551025,"{""type"":""Point"",""coordinates"":[34.93033476758426,0.9822697070069119]}"
4851,7.226602554321289,Trans Nzoia,1853.0,25.39130401611328,0.3531630039215088,1587.5098876953125,1.1202626532784319,34.86460643477511,0.5251051187515259,896.3999633789062,1.0,2024,7.226602554321289,"{""type"":""Point"",""coordinates"":[34.86460643477511,1.1202626532784319]}"
4853,7.221879005432129,Trans Nzoia,1863.0,21.056522369384766,0.41523945331573486,1653.9757080078125,1.2292652005862006,34.829440890468604,0.471314936876297,881.7891235351562,1.0,2024,7.221879005432129,"{""type"":""Point"",""coordinates"":[34.829440890468604,1.2292652005862006]}"
4858,6.697516918182373,Trans Nzoia,1808.0,25.991304397583008,0.4236248731613159,1565.9140625,0.9259316616906932,34.86992892660256,0.6617416143417358,1014.7183227539062,1.0,2024,6.697516918182373,"{""type"":""Point"",""coordinates"":[34.86992892660256,0.9259316616906932]}"
4859,6.695291519165039,Trans Nzoia,1807.0,23.934782028198242,0.4053475260734558,1565.9140625,0.930089537176557,34.87612173019119,0.5568526983261108,1014.7183227539062,1.0,2024,6.695291519165039,"{""type"":""Point"",""coordinates"":[34.87612173019119,0.930089537176557]}"
4865,7.762618064880371,Trans Nzoia,1827.0,24.865217208862305,0.4352942705154419,1372.1785888671875,1.0970757968092555,35.0169232208211,0.549211859703064,885.8496704101562,1.0,2024,7.762618064880371,"{""type"":""Point"",""coordinates"":[35.0169232208211,1.0970757968092555]}"
4866,6.280827522277832,Trans Nzoia,1886.0,21.952173233032227,0.3720335066318512,1448.66259765625,1.0206256086284782,35.19389488852399,0.5137818455696106,1005.9006958007812,1.0,2024,6.280827522277832,"{""type"":""Point"",""coordinates"":[35.19389488852399,1.0206256086284782]}"
4871,7.259943008422852,Trans Nzoia,1859.0,24.7391300201416,0.4290461540222168,1388.3951416015625,0.925886684189421,34.9931441826647,0.6072691082954407,1042.5777587890625,1.0,2024,7.259943008422852,"{""type"":""Point"",""coordinates"":[34.9931441826647,0.925886684189421]}"
4873,7.18082332611084,Trans Nzoia,1994.0,21.234783172607422,0.4109492301940918,1303.348388671875,1.1708958633623487,34.98755651339405,0.5127655863761902,1049.634765625,1.0,2024,7.18082332611084,"{""type"":""Point"",""coordinates"":[34.98755651339405,1.1708958633623487]}"
4875,5.930876731872559,Trans Nzoia,1904.0,21.68695640563965,0.3219597637653351,1309.0179443359375,1.084493457139255,35.14237159269235,0.5326001048088074,1033.5059814453125,1.0,2024,5.930876731872559,"{""type"":""Point"",""coordinates"":[35.14237159269235,1.084493457139255]}"
4876,6.191580772399902,Trans Nzoia,1888.0,24.065217971801758,0.3658251464366913,1327.4505615234375,1.0402001677922637,35.121667029538024,0.5651962757110596,1019.4813842773438,1.0,2024,6.191580772399902,"{""type"":""Point"",""coordinates"":[35.121667029538024,1.0402001677922637]}"
4877,6.905000686645508,Trans Nzoia,1777.0,18.056522369384766,0.2955423891544342,1794.15283203125,1.2645261633394178,34.90348933055618,0.3985830545425415,953.6435546875,6.0,2024,6.905000686645508,"{""type"":""Point"",""coordinates"":[34.90348933055618,1.2645261633394178]}"
4878,6.634765625,Trans Nzoia,1860.0,21.15652084350586,0.3389526903629303,1339.5623779296875,0.9364775431503938,35.086273406929145,0.5378183126449585,951.3497924804688,1.0,2024,6.634765625,"{""type"":""Point"",""coordinates"":[35.086273406929145,0.9364775431503938]}"
4881,7.034689903259277,Trans Nzoia,1915.0,22.173913955688477,0.3654188811779022,1653.9757080078125,1.2006645520846828,34.82172949263519,0.4944055378437042,881.7891235351562,1.0,2024,7.034689903259277,"{""type"":""Point"",""coordinates"":[34.82172949263519,1.2006645520846828]}"
4885,6.434054374694824,Trans Nzoia,1951.0,27.77391242980957,0.4675672650337219,1451.5164794921875,0.9195331537188504,34.81663370686363,0.6127503514289856,1004.1910400390625,1.0,2024,6.434054374694824,"{""type"":""Point"",""coordinates"":[34.81663370686363,0.9195331537188504]}"
4886,6.465616226196289,Trans Nzoia,2035.0,23.917390823364258,0.4618121087551117,1448.66259765625,1.0403697905988698,35.248510565328196,0.6385207176208496,1040.30517578125,4.0,2024,6.465616226196289,"{""type"":""Point"",""coordinates"":[35.248510565328196,1.0403697905988698]}"
4887,6.339531898498535,Trans Nzoia,1847.0,23.217391967773438,0.3391910195350647,1463.1514892578125,0.9314913047678437,35.1655997591108,0.5249908566474915,999.2210693359375,1.0,2024,6.339531898498535,"{""type"":""Point"",""coordinates"":[35.1655997591108,0.9314913047678437]}"
4889,6.74819278717041,Trans Nzoia,1768.0,24.752174377441406,0.4079085886478424,1472.4818115234375,0.9829092477119546,34.90634605545871,0.6461898684501648,984.7139892578125,1.0,2024,6.74819278717041,"{""type"":""Point"",""coordinates"":[34.90634605545871,0.9829092477119546]}"
4891,6.987299919128418,Trans Nzoia,1976.0,20.713043212890625,0.39560675621032715,1303.348388671875,1.2202198108209283,34.96320696780434,0.5770493745803833,1109.6043701171875,1.0,2024,6.987299919128418,"{""type"":""Point"",""coordinates"":[34.96320696780434,1.2202198108209283]}"
4894,7.106480121612549,Trans Nzoia,1912.0,25.126087188720703,0.4282832443714142,1653.9757080078125,1.176407897632207,34.849740843306975,0.521445631980896,878.5647583007812,1.0,2024,7.106480121612549,"{""type"":""Point"",""coordinates"":[34.849740843306975,1.176407897632207]}"
4895,7.6353068351745605,Trans Nzoia,1849.0,24.247825622558594,0.39658910036087036,1587.5098876953125,1.1420196476242466,34.949668164583095,0.4894120991230011,960.1989135742188,1.0,2024,7.6353068351745605,"{""type"":""Point"",""coordinates"":[34.949668164583095,1.1420196476242466]}"
4899,6.490126609802246,Trans Nzoia,1969.0,23.478260040283203,0.42162153124809265,1451.5164794921875,0.8752314169853799,34.81700314795686,0.6397980451583862,985.6239013671875,1.0,2024,6.490126609802246,"{""type"":""Point"",""coordinates"":[34.81700314795686,0.8752314169853799]}"
4907,6.4049458503723145,Trans Nzoia,1904.0,22.2391300201416,0.3210749328136444,1448.66259765625,1.0191995171611687,35.20809813518297,0.4626641571521759,1040.30517578125,1.0,2024,6.4049458503723145,"{""type"":""Point"",""coordinates"":[35.20809813518297,1.0191995171611687]}"
4909,6.395398139953613,Trans Nzoia,2114.0,24.81304359436035,0.36510446667671204,1415.5245361328125,1.022986052350541,34.79273445446009,0.5101662874221802,954.0535278320312,1.0,2024,6.395398139953613,"{""type"":""Point"",""coordinates"":[34.79273445446009,1.022986052350541]}"
4910,6.678399085998535,Trans Nzoia,1793.0,25.30869483947754,0.34075549244880676,1565.9140625,0.9404647700382817,34.884319156491046,0.49938639998435974,1014.7183227539062,1.0,2024,6.678399085998535,"{""type"":""Point"",""coordinates"":[34.884319156491046,0.9404647700382817]}"
4911,7.070803165435791,Trans Nzoia,1765.0,18.326086044311523,0.26552900671958923,1794.15283203125,1.2673622282300572,34.861094190971805,0.37889888882637024,882.4627075195312,6.0,2024,7.070803165435791,"{""type"":""Point"",""coordinates"":[34.861094190971805,1.2673622282300572]}"
4916,7.2006425857543945,Trans Nzoia,1865.0,25.021739959716797,0.42158737778663635,1653.9757080078125,1.2260287268877603,34.82868700422743,0.47921454906463623,881.7891235351562,1.0,2024,7.2006425857543945,"{""type"":""Point"",""coordinates"":[34.82868700422743,1.2260287268877603]}"
4917,6.882319450378418,Trans Nzoia,1950.0,22.056522369384766,0.3960602879524231,1653.9757080078125,1.1540052740042681,34.83029906503918,0.4326782524585724,878.5647583007812,1.0,2024,6.882319450378418,"{""type"":""Point"",""coordinates"":[34.83029906503918,1.1540052740042681]}"
4918,6.9948906898498535,Trans Nzoia,1758.0,23.33478355407715,0.37772783637046814,1565.9140625,0.8830539132790773,34.86758282568618,0.5800241231918335,1008.7085571289062,1.0,2024,6.9948906898498535,"{""type"":""Point"",""coordinates"":[34.86758282568618,0.8830539132790773]}"
4921,7.6905012130737305,Trans Nzoia,1812.0,22.46086883544922,0.3262903392314911,1372.1785888671875,1.0620737869350996,35.03248761870321,0.5189350843429565,885.8496704101562,1.0,2024,7.6905012130737305,"{""type"":""Point"",""coordinates"":[35.03248761870321,1.0620737869350996]}"
4922,6.532970428466797,Trans Nzoia,1888.0,24.734783172607422,0.28423434495925903,1415.5245361328125,1.001160602543635,34.84152120176369,0.4787067770957947,849.1492919921875,1.0,2024,6.532970428466797,"{""type"":""Point"",""coordinates"":[34.84152120176369,1.001160602543635]}"
4928,7.015933036804199,Trans Nzoia,1821.0,23.11739158630371,0.43724265694618225,1388.3951416015625,0.9189913054427826,35.0180489126186,0.5650500059127808,873.1403198242188,1.0,2024,7.015933036804199,"{""type"":""Point"",""coordinates"":[35.0180489126186,0.9189913054427826]}"
4933,5.743119716644287,Trans Nzoia,2497.0,23.556522369384766,0.3120458424091339,898.4467163085938,0.9634987548993363,34.741903822904014,0.4499123990535736,1086.8260498046875,4.0,2024,5.743119716644287,"{""type"":""Point"",""coordinates"":[34.741903822904014,0.9634987548993363]}"
4934,7.136597156524658,Trans Nzoia,1801.0,26.295652389526367,0.40495720505714417,1565.9140625,0.9079901517058111,34.9040894453139,0.5091713666915894,1008.7112426757812,4.0,2024,7.136597156524658,"{""type"":""Point"",""coordinates"":[34.9040894453139,0.9079901517058111]}"
4940,7.152320861816406,Trans Nzoia,1899.0,19.38260841369629,0.24537529051303864,1640.1566162109375,1.2170540814769992,34.878647114853365,0.33093202114105225,915.8572387695312,1.0,2024,7.152320861816406,"{""type"":""Point"",""coordinates"":[34.878647114853365,1.2170540814769992]}"
4943,7.1796417236328125,Trans Nzoia,1872.0,22.852174758911133,0.4267350137233734,1587.5098876953125,1.1440910247843747,34.858206441921155,0.5883992910385132,896.3999633789062,1.0,2024,7.1796417236328125,"{""type"":""Point"",""coordinates"":[34.858206441921155,1.1440910247843747]}"
4944,6.473130702972412,Trans Nzoia,1823.0,23.443477630615234,0.3754008412361145,1472.4818115234375,0.9891815841000606,34.87520837327913,0.5800124406814575,941.492431640625,1.0,2024,6.473130702972412,"{""type"":""Point"",""coordinates"":[34.87520837327913,0.9891815841000606]}"
4945,7.020961761474609,Trans Nzoia,1722.0,23.756521224975586,0.4114670157432556,1565.9140625,0.8733467247536735,34.9435762646564,0.5237897634506226,986.4015502929688,1.0,2024,7.020961761474609,"{""type"":""Point"",""coordinates"":[34.9435762646564,0.8733467247536735]}"
4948,7.787586212158203,Trans Nzoia,1888.0,21.939130783081055,0.29779860377311707,1311.3265380859375,1.0477792628347578,35.00816362999017,0.5062127709388733,895.3138427734375,1.0,2024,7.787586212158203,"{""type"":""Point"",""coordinates"":[35.00816362999017,1.0477792628347578]}"
4951,6.269223690032959,Trans Nzoia,1855.0,23.53043556213379,0.40291112661361694,1327.4505615234375,0.9705750906140734,35.11085020843614,0.6074610352516174,1042.0404052734375,1.0,2024,6.269223690032959,"{""type"":""Point"",""coordinates"":[35.11085020843614,0.9705750906140734]}"
4953,6.21772575378418,Trans Nzoia,1824.0,22.07826042175293,0.3555813431739807,1448.66259765625,0.9636044912933904,35.18112937381974,0.5151668787002563,1027.66796875,4.0,2024,6.21772575378418,"{""type"":""Point"",""coordinates"":[35.18112937381974,0.9636044912933904]}"
4959,7.366052627563477,Trans Nzoia,1846.0,23.482608795166016,0.3637394905090332,1388.3951416015625,0.9473310372760305,34.95468524222765,0.5890863537788391,1042.5777587890625,1.0,2024,7.366052627563477,"{""type"":""Point"",""coordinates"":[34.95468524222765,0.9473310372760305]}"
4967,6.726511001586914,Trans Nzoia,1768.0,25.591304779052734,0.4275195598602295,1472.4818115234375,0.9845128914909255,34.90412548120087,0.6497515439987183,984.7139892578125,1.0,2024,6.726511001586914,"{""type"":""Point"",""coordinates"":[34.90412548120087,0.9845128914909255]}"
4974,6.054612159729004,Trans Nzoia,2180.0,22.552173614501953,0.3365381062030792,1532.4256591796875,1.0630785679138193,34.782230652517654,0.4840773642063141,888.1694946289062,4.0,2024,6.054612159729004,"{""type"":""Point"",""coordinates"":[34.782230652517654,1.0630785679138193]}"
4977,6.989621639251709,Trans Nzoia,1884.0,19.917390823364258,0.36013513803482056,1640.1566162109375,1.2428706297940737,34.92613144531731,0.47097161412239075,972.9393310546875,4.0,2024,6.989621639251709,"{""type"":""Point"",""coordinates"":[34.92613144531731,1.2428706297940737]}"
4981,7.805295467376709,Trans Nzoia,1872.0,21.560869216918945,0.363254189491272,1372.1785888671875,1.052638119263793,34.994405807882586,0.5289518237113953,1014.598876953125,1.0,2024,7.805295467376709,"{""type"":""Point"",""coordinates"":[34.994405807882586,1.052638119263793]}"
4982,7.226264476776123,Trans Nzoia,1803.0,23.047826766967773,0.4047756791114807,1327.4505615234375,1.0376950211389375,35.06094563690596,0.5829927921295166,969.0385131835938,1.0,2024,7.226264476776123,"{""type"":""Point"",""coordinates"":[35.06094563690596,1.0376950211389375]}"
4983,7.209592342376709,Trans Nzoia,1919.0,24.8869571685791,0.40440258383750916,1372.1785888671875,1.1471654107499236,35.02077392052146,0.5639014840126038,862.4269409179688,1.0,2024,7.209592342376709,"{""type"":""Point"",""coordinates"":[35.02077392052146,1.1471654107499236]}"
4984,6.551732063293457,Trans Nzoia,1899.0,24.299999237060547,0.28545254468917847,1448.66259765625,0.9645130342179034,35.228028928832096,0.3952171802520752,1047.075927734375,1.0,2024,6.551732063293457,"{""type"":""Point"",""coordinates"":[35.228028928832096,0.9645130342179034]}"
4987,6.380676746368408,Trans Nzoia,2142.0,24.15217399597168,0.4097292125225067,1415.5245361328125,1.0170748492922554,34.79164803716186,0.43687230348587036,954.0535278320312,1.0,2024,6.380676746368408,"{""type"":""Point"",""coordinates"":[34.79164803716186,1.0170748492922554]}"
4991,6.8918280601501465,Trans Nzoia,1988.0,24.026086807250977,0.39557844400405884,1303.348388671875,1.1535090620877089,35.03984671800375,0.5134411454200745,860.8521118164062,1.0,2024,6.8918280601501465,"{""type"":""Point"",""coordinates"":[35.03984671800375,1.1535090620877089]}"
4994,6.57656717300415,Trans Nzoia,1907.0,24.81304359436035,0.41135427355766296,1415.5245361328125,1.0118102929660606,34.84770588763406,0.6358451247215271,849.1492919921875,1.0,2024,6.57656717300415,"{""type"":""Point"",""coordinates"":[34.84770588763406,1.0118102929660606]}"
4997,6.215761184692383,Trans Nzoia,1873.0,23.80869483947754,0.33069074153900146,1448.66259765625,1.0166490046784697,35.18427365016085,0.4732520580291748,1005.9006958007812,1.0,2024,6.215761184692383,"{""type"":""Point"",""coordinates"":[35.18427365016085,1.0166490046784697]}"
4999,7.572495460510254,Trans Nzoia,1870.0,25.295652389526367,0.35372382402420044,1372.1785888671875,1.1065052624665497,35.03728603988537,0.5859628319740295,862.4269409179688,1.0,2024,7.572495460510254,"{""type"":""Point"",""coordinates"":[35.03728603988537,1.1065052624665497]}"
